
/home/harmenon/ferric-asrock-42/evidence/finite-resident-integration-v220/guarded-mlp-interleaved-native-cpu-v228-v1/target/debug/deps/fe2o3_kfd-11448a9880d552d9:     file format elf64-x86-64


Disassembly of section .text:

0000000000555100 <fe2o3_kfd::engineering_gfx950::peer::combined_mlp_state_v1::tests::native::paired::interleaved::interleaved_exercise>:
  555100:	55                   	push   %rbp
  555101:	41 57                	push   %r15
  555103:	41 56                	push   %r14
  555105:	41 55                	push   %r13
  555107:	41 54                	push   %r12
  555109:	53                   	push   %rbx
  55510a:	48 81 ec 00 10 00 00 	sub    $0x1000,%rsp
  555111:	48 c7 04 24 00 00 00 	movq   $0x0,(%rsp)
  555118:	00 
  555119:	48 81 ec 00 10 00 00 	sub    $0x1000,%rsp
  555120:	48 c7 04 24 00 00 00 	movq   $0x0,(%rsp)
  555127:	00 
  555128:	48 81 ec 00 10 00 00 	sub    $0x1000,%rsp
  55512f:	48 c7 04 24 00 00 00 	movq   $0x0,(%rsp)
  555136:	00 
  555137:	48 81 ec 00 10 00 00 	sub    $0x1000,%rsp
  55513e:	48 c7 04 24 00 00 00 	movq   $0x0,(%rsp)
  555145:	00 
  555146:	48 81 ec 00 10 00 00 	sub    $0x1000,%rsp
  55514d:	48 c7 04 24 00 00 00 	movq   $0x0,(%rsp)
  555154:	00 
  555155:	48 81 ec 00 10 00 00 	sub    $0x1000,%rsp
  55515c:	48 c7 04 24 00 00 00 	movq   $0x0,(%rsp)
  555163:	00 
  555164:	48 81 ec e8 07 00 00 	sub    $0x7e8,%rsp
  55516b:	4d 89 c7             	mov    %r8,%r15
  55516e:	48 89 94 24 b8 00 00 	mov    %rdx,0xb8(%rsp)
  555175:	00 
  555176:	48 89 74 24 18       	mov    %rsi,0x18(%rsp)
  55517b:	48 89 fd             	mov    %rdi,%rbp
  55517e:	48 c7 84 24 00 01 00 	movq   $0x0,0x100(%rsp)
  555185:	00 00 00 00 00 
  55518a:	48 c7 84 24 08 01 00 	movq   $0x8,0x108(%rsp)
  555191:	00 08 00 00 00 
  555196:	48 c7 84 24 10 01 00 	movq   $0x0,0x110(%rsp)
  55519d:	00 00 00 00 00 
  5551a2:	48 c7 84 24 98 01 00 	movq   $0x0,0x198(%rsp)
  5551a9:	00 00 00 00 00 
  5551ae:	48 c7 84 24 a0 01 00 	movq   $0x8,0x1a0(%rsp)
  5551b5:	00 08 00 00 00 
  5551ba:	48 c7 84 24 a8 01 00 	movq   $0x0,0x1a8(%rsp)
  5551c1:	00 00 00 00 00 
  5551c6:	b0 01                	mov    $0x1,%al
  5551c8:	89 84 24 f0 00 00 00 	mov    %eax,0xf0(%rsp)
  5551cf:	48 c7 44 24 68 00 00 	movq   $0x0,0x68(%rsp)
  5551d6:	00 00 
  5551d8:	48 8d 15 71 21 c9 ff 	lea    -0x36de8f(%rip),%rdx        # 1e7350 <anon.8b450354eb9abf3bd4876638ac5342ab.343.llvm.14258636651103868718+0x3f7>
  5551df:	48 8d 05 cc 17 c9 ff 	lea    -0x36e834(%rip),%rax        # 1e69b2 <anon.8b450354eb9abf3bd4876638ac5342ab.241.llvm.14258636651103868718>
  5551e6:	48 8d 35 97 21 c9 ff 	lea    -0x36de69(%rip),%rsi        # 1e7384 <anon.8b450354eb9abf3bd4876638ac5342ab.343.llvm.14258636651103868718+0x42b>
  5551ed:	48 8d 3d af 21 c9 ff 	lea    -0x36de51(%rip),%rdi        # 1e73a3 <anon.8b450354eb9abf3bd4876638ac5342ab.343.llvm.14258636651103868718+0x44a>
  5551f4:	4c 8b 25 6d 66 35 00 	mov    0x35666d(%rip),%r12        # 8ab868 <memcpy@GLIBC_2.14>
  5551fb:	48 c7 44 24 70 00 00 	movq   $0x0,0x70(%rsp)
  555202:	00 00 
  555204:	48 c7 44 24 78 08 00 	movq   $0x8,0x78(%rsp)
  55520b:	00 00 
  55520d:	48 c7 84 24 80 00 00 	movq   $0x0,0x80(%rsp)
  555214:	00 00 00 00 00 
  555219:	48 c7 84 24 f0 22 00 	movq   $0x0,0x22f0(%rsp)
  555220:	00 00 00 00 00 
  555225:	48 c7 84 24 f8 22 00 	movq   $0x4,0x22f8(%rsp)
  55522c:	00 04 00 00 00 
  555231:	48 c7 84 24 00 23 00 	movq   $0x0,0x2300(%rsp)
  555238:	00 00 00 00 00 
  55523d:	48 89 94 24 08 23 00 	mov    %rdx,0x2308(%rsp)
  555244:	00 
  555245:	48 c7 84 24 10 23 00 	movq   $0x34,0x2310(%rsp)
  55524c:	00 34 00 00 00 
  555251:	48 c7 84 24 18 23 00 	movq   $0x1,0x2318(%rsp)
  555258:	00 01 00 00 00 
  55525d:	48 89 84 24 20 23 00 	mov    %rax,0x2320(%rsp)
  555264:	00 
  555265:	48 c7 84 24 28 23 00 	movq   $0x2a,0x2328(%rsp)
  55526c:	00 2a 00 00 00 
  555271:	48 c7 84 24 30 23 00 	movq   $0x2,0x2330(%rsp)
  555278:	00 02 00 00 00 
  55527d:	48 89 b4 24 38 23 00 	mov    %rsi,0x2338(%rsp)
  555284:	00 
  555285:	48 c7 84 24 40 23 00 	movq   $0x1f,0x2340(%rsp)
  55528c:	00 1f 00 00 00 
  555291:	48 c7 84 24 48 23 00 	movq   $0x2,0x2348(%rsp)
  555298:	00 02 00 00 00 
  55529d:	48 89 bc 24 50 23 00 	mov    %rdi,0x2350(%rsp)
  5552a4:	00 
  5552a5:	48 c7 84 24 58 23 00 	movq   $0x34,0x2358(%rsp)
  5552ac:	00 34 00 00 00 
  5552b1:	ba 20 00 00 00       	mov    $0x20,%edx
  5552b6:	48 8b 9c 14 e8 22 00 	mov    0x22e8(%rsp,%rdx,1),%rbx
  5552bd:	00 
  5552be:	48 85 db             	test   %rbx,%rbx
  5552c1:	0f 84 a4 02 00 00    	je     55556b <fe2o3_kfd::engineering_gfx950::peer::combined_mlp_state_v1::tests::native::paired::interleaved::interleaved_exercise+0x46b>
  5552c7:	4c 8b b4 14 e0 22 00 	mov    0x22e0(%rsp,%rdx,1),%r14
  5552ce:	00 
  5552cf:	49 83 fe 03          	cmp    $0x3,%r14
  5552d3:	0f 83 f8 17 00 00    	jae    556ad1 <fe2o3_kfd::engineering_gfx950::peer::combined_mlp_state_v1::tests::native::paired::interleaved::interleaved_exercise+0x19d1>
  5552d9:	4b 8d 04 76          	lea    (%r14,%r14,2),%rax
  5552dd:	4c 8b 6c c1 10       	mov    0x10(%rcx,%rax,8),%r13
  5552e2:	4d 85 ed             	test   %r13,%r13
  5552e5:	0f 88 c8 07 00 00    	js     555ab3 <fe2o3_kfd::engineering_gfx950::peer::combined_mlp_state_v1::tests::native::paired::interleaved::interleaved_exercise+0x9b3>
  5552eb:	48 8b b4 14 f0 22 00 	mov    0x22f0(%rsp,%rdx,1),%rsi
  5552f2:	00 
  5552f3:	48 89 6c 24 10       	mov    %rbp,0x10(%rsp)
  5552f8:	48 89 8c 24 b0 00 00 	mov    %rcx,0xb0(%rsp)
  5552ff:	00 
  555300:	0f 84 8c 00 00 00    	je     555392 <fe2o3_kfd::engineering_gfx950::peer::combined_mlp_state_v1::tests::native::paired::interleaved::interleaved_exercise+0x292>
  555306:	48 89 b4 24 e8 00 00 	mov    %rsi,0xe8(%rsp)
  55530d:	00 
  55530e:	48 89 94 24 50 01 00 	mov    %rdx,0x150(%rsp)
  555315:	00 
  555316:	4d 89 fc             	mov    %r15,%r12
  555319:	48 8b 6c c1 08       	mov    0x8(%rcx,%rax,8),%rbp
  55531e:	ff 15 4c 66 35 00    	call   *0x35664c(%rip)        # 8ab970 <_DYNAMIC+0x3a0>
  555324:	41 bf 01 00 00 00    	mov    $0x1,%r15d
  55532a:	be 01 00 00 00       	mov    $0x1,%esi
  55532f:	4c 89 ef             	mov    %r13,%rdi
  555332:	ff 15 40 66 35 00    	call   *0x356640(%rip)        # 8ab978 <_DYNAMIC+0x3a8>
  555338:	48 85 c0             	test   %rax,%rax
  55533b:	0f 84 75 07 00 00    	je     555ab6 <fe2o3_kfd::engineering_gfx950::peer::combined_mlp_state_v1::tests::native::paired::interleaved::interleaved_exercise+0x9b6>
  555341:	4c 89 ac 24 78 08 00 	mov    %r13,0x878(%rsp)
  555348:	00 
  555349:	48 89 84 24 80 08 00 	mov    %rax,0x880(%rsp)
  555350:	00 
  555351:	48 89 e9             	mov    %rbp,%rcx
  555354:	48 29 c1             	sub    %rax,%rcx
  555357:	48 89 c2             	mov    %rax,%rdx
  55535a:	48 29 ea             	sub    %rbp,%rdx
  55535d:	48 0f 42 d1          	cmovb  %rcx,%rdx
  555361:	4c 39 ea             	cmp    %r13,%rdx
  555364:	0f 82 b6 0b 00 00    	jb     555f20 <fe2o3_kfd::engineering_gfx950::peer::combined_mlp_state_v1::tests::native::paired::interleaved::interleaved_exercise+0xe20>
  55536a:	4d 89 e7             	mov    %r12,%r15
  55536d:	48 89 c7             	mov    %rax,%rdi
  555370:	48 89 ee             	mov    %rbp,%rsi
  555373:	4c 89 ea             	mov    %r13,%rdx
  555376:	4c 8b 25 eb 64 35 00 	mov    0x3564eb(%rip),%r12        # 8ab868 <memcpy@GLIBC_2.14>
  55537d:	41 ff d4             	call   *%r12
  555380:	48 8b 94 24 50 01 00 	mov    0x150(%rsp),%rdx
  555387:	00 
  555388:	48 8b b4 24 e8 00 00 	mov    0xe8(%rsp),%rsi
  55538f:	00 
  555390:	eb 18                	jmp    5553aa <fe2o3_kfd::engineering_gfx950::peer::combined_mlp_state_v1::tests::native::paired::interleaved::interleaved_exercise+0x2aa>
  555392:	48 c7 84 24 78 08 00 	movq   $0x0,0x878(%rsp)
  555399:	00 00 00 00 00 
  55539e:	48 c7 84 24 80 08 00 	movq   $0x1,0x880(%rsp)
  5553a5:	00 01 00 00 00 
  5553aa:	4c 89 ac 24 88 08 00 	mov    %r13,0x888(%rsp)
  5553b1:	00 
  5553b2:	49 c1 e6 05          	shl    $0x5,%r14
  5553b6:	43 0f 10 04 37       	movups (%r15,%r14,1),%xmm0
  5553bb:	43 0f 10 4c 37 10    	movups 0x10(%r15,%r14,1),%xmm1
  5553c1:	0f 29 8c 24 f0 34 00 	movaps %xmm1,0x34f0(%rsp)
  5553c8:	00 
  5553c9:	0f 29 84 24 e0 34 00 	movaps %xmm0,0x34e0(%rsp)
  5553d0:	00 
  5553d1:	48 85 f6             	test   %rsi,%rsi
  5553d4:	0f 88 ed 06 00 00    	js     555ac7 <fe2o3_kfd::engineering_gfx950::peer::combined_mlp_state_v1::tests::native::paired::interleaved::interleaved_exercise+0x9c7>
  5553da:	49 89 d5             	mov    %rdx,%r13
  5553dd:	74 4d                	je     55542c <fe2o3_kfd::engineering_gfx950::peer::combined_mlp_state_v1::tests::native::paired::interleaved::interleaved_exercise+0x32c>
  5553df:	49 89 f6             	mov    %rsi,%r14
  5553e2:	ff 15 88 65 35 00    	call   *0x356588(%rip)        # 8ab970 <_DYNAMIC+0x3a0>
  5553e8:	be 01 00 00 00       	mov    $0x1,%esi
  5553ed:	4c 89 f7             	mov    %r14,%rdi
  5553f0:	ff 15 82 65 35 00    	call   *0x356582(%rip)        # 8ab978 <_DYNAMIC+0x3a8>
  5553f6:	48 85 c0             	test   %rax,%rax
  5553f9:	0f 84 ec 16 00 00    	je     556aeb <fe2o3_kfd::engineering_gfx950::peer::combined_mlp_state_v1::tests::native::paired::interleaved::interleaved_exercise+0x19eb>
  5553ff:	48 89 c5             	mov    %rax,%rbp
  555402:	48 89 d8             	mov    %rbx,%rax
  555405:	48 29 e8             	sub    %rbp,%rax
  555408:	48 89 e9             	mov    %rbp,%rcx
  55540b:	48 29 d9             	sub    %rbx,%rcx
  55540e:	48 0f 42 c8          	cmovb  %rax,%rcx
  555412:	4c 39 f1             	cmp    %r14,%rcx
  555415:	0f 82 7f 0b 00 00    	jb     555f9a <fe2o3_kfd::engineering_gfx950::peer::combined_mlp_state_v1::tests::native::paired::interleaved::interleaved_exercise+0xe9a>
  55541b:	48 89 ef             	mov    %rbp,%rdi
  55541e:	48 89 de             	mov    %rbx,%rsi
  555421:	4c 89 f2             	mov    %r14,%rdx
  555424:	41 ff d4             	call   *%r12
  555427:	4c 89 f6             	mov    %r14,%rsi
  55542a:	eb 05                	jmp    555431 <fe2o3_kfd::engineering_gfx950::peer::combined_mlp_state_v1::tests::native::paired::interleaved::interleaved_exercise+0x331>
  55542c:	bd 01 00 00 00       	mov    $0x1,%ebp
  555431:	48 89 b4 24 d0 03 00 	mov    %rsi,0x3d0(%rsp)
  555438:	00 
  555439:	48 89 ac 24 d8 03 00 	mov    %rbp,0x3d8(%rsp)
  555440:	00 
  555441:	48 89 b4 24 e0 03 00 	mov    %rsi,0x3e0(%rsp)
  555448:	00 
  555449:	48 8d bc 24 80 09 00 	lea    0x980(%rsp),%rdi
  555450:	00 
  555451:	48 8b 74 24 18       	mov    0x18(%rsp),%rsi
  555456:	48 8b 54 24 68       	mov    0x68(%rsp),%rdx
  55545b:	48 8d 8c 24 78 08 00 	lea    0x878(%rsp),%rcx
  555462:	00 
  555463:	4c 8d 84 24 e0 34 00 	lea    0x34e0(%rsp),%r8
  55546a:	00 
  55546b:	4c 8d 8c 24 d0 03 00 	lea    0x3d0(%rsp),%r9
  555472:	00 
  555473:	e8 48 43 f4 ff       	call   4997c0 <<fe2o3_kfd::engineering_gfx950::peer::Gfx950EngineeringPeerGroupV1>::load_kernel>
  555478:	48 8d 94 24 88 09 00 	lea    0x988(%rsp),%rdx
  55547f:	00 
  555480:	48 8b 84 24 80 09 00 	mov    0x980(%rsp),%rax
  555487:	00 
  555488:	48 89 c1             	mov    %rax,%rcx
  55548b:	48 f7 d9             	neg    %rcx
  55548e:	0f 10 02             	movups (%rdx),%xmm0
  555491:	0f 29 44 24 40       	movaps %xmm0,0x40(%rsp)
  555496:	48 8b 4a 10          	mov    0x10(%rdx),%rcx
  55549a:	48 89 4c 24 50       	mov    %rcx,0x50(%rsp)
  55549f:	0f 80 f2 06 00 00    	jo     555b97 <fe2o3_kfd::engineering_gfx950::peer::combined_mlp_state_v1::tests::native::paired::interleaved::interleaved_exercise+0xa97>
  5554a5:	48 89 ac 24 40 01 00 	mov    %rbp,0x140(%rsp)
  5554ac:	00 
  5554ad:	48 8b 4a 78          	mov    0x78(%rdx),%rcx
  5554b1:	48 8d b4 24 60 34 00 	lea    0x3460(%rsp),%rsi
  5554b8:	00 
  5554b9:	48 89 4e 78          	mov    %rcx,0x78(%rsi)
  5554bd:	0f 10 42 68          	movups 0x68(%rdx),%xmm0
  5554c1:	0f 11 46 68          	movups %xmm0,0x68(%rsi)
  5554c5:	0f 10 42 58          	movups 0x58(%rdx),%xmm0
  5554c9:	0f 11 46 58          	movups %xmm0,0x58(%rsi)
  5554cd:	0f 10 42 18          	movups 0x18(%rdx),%xmm0
  5554d1:	0f 10 4a 28          	movups 0x28(%rdx),%xmm1
  5554d5:	0f 10 52 38          	movups 0x38(%rdx),%xmm2
  5554d9:	0f 10 5a 48          	movups 0x48(%rdx),%xmm3
  5554dd:	0f 11 5e 48          	movups %xmm3,0x48(%rsi)
  5554e1:	0f 11 56 38          	movups %xmm2,0x38(%rsi)
  5554e5:	0f 11 4e 28          	movups %xmm1,0x28(%rsi)
  5554e9:	0f 11 46 18          	movups %xmm0,0x18(%rsi)
  5554ed:	48 89 84 24 58 34 00 	mov    %rax,0x3458(%rsp)
  5554f4:	00 
  5554f5:	48 8b 44 24 50       	mov    0x50(%rsp),%rax
  5554fa:	48 89 46 10          	mov    %rax,0x10(%rsi)
  5554fe:	0f 28 44 24 40       	movaps 0x40(%rsp),%xmm0
  555503:	0f 11 06             	movups %xmm0,(%rsi)
  555506:	48 8b 9c 24 80 00 00 	mov    0x80(%rsp),%rbx
  55550d:	00 
  55550e:	48 3b 5c 24 70       	cmp    0x70(%rsp),%rbx
  555513:	75 0a                	jne    55551f <fe2o3_kfd::engineering_gfx950::peer::combined_mlp_state_v1::tests::native::paired::interleaved::interleaved_exercise+0x41f>
  555515:	48 8d 7c 24 70       	lea    0x70(%rsp),%rdi
  55551a:	e8 01 0f 0b 00       	call   606420 <<alloc::raw_vec::RawVec<fe2o3_kfd::engineering_gfx950::peer::Gfx950EngineeringPeerKernelV1>>::grow_one>
  55551f:	48 89 d8             	mov    %rbx,%rax
  555522:	48 c1 e0 07          	shl    $0x7,%rax
  555526:	48 8d 3c d8          	lea    (%rax,%rbx,8),%rdi
  55552a:	48 03 7c 24 78       	add    0x78(%rsp),%rdi
  55552f:	ba 88 00 00 00       	mov    $0x88,%edx
  555534:	48 8d b4 24 58 34 00 	lea    0x3458(%rsp),%rsi
  55553b:	00 
  55553c:	41 ff d4             	call   *%r12
  55553f:	48 ff c3             	inc    %rbx
  555542:	48 89 9c 24 80 00 00 	mov    %rbx,0x80(%rsp)
  555549:	00 
  55554a:	4c 89 ea             	mov    %r13,%rdx
  55554d:	48 83 c2 18          	add    $0x18,%rdx
  555551:	48 81 fa 80 00 00 00 	cmp    $0x80,%rdx
  555558:	48 8b 8c 24 b0 00 00 	mov    0xb0(%rsp),%rcx
  55555f:	00 
  555560:	48 8b 6c 24 10       	mov    0x10(%rsp),%rbp
  555565:	0f 85 4b fd ff ff    	jne    5552b6 <fe2o3_kfd::engineering_gfx950::peer::combined_mlp_state_v1::tests::native::paired::interleaved::interleaved_exercise+0x1b6>
  55556b:	49 89 cd             	mov    %rcx,%r13
  55556e:	48 8b 84 24 80 00 00 	mov    0x80(%rsp),%rax
  555575:	00 
  555576:	48 89 84 24 00 23 00 	mov    %rax,0x2300(%rsp)
  55557d:	00 
  55557e:	0f 10 44 24 70       	movups 0x70(%rsp),%xmm0
  555583:	0f 29 84 24 f0 22 00 	movaps %xmm0,0x22f0(%rsp)
  55558a:	00 
  55558b:	48 8d bc 24 80 09 00 	lea    0x980(%rsp),%rdi
  555592:	00 
  555593:	48 8d b4 24 f0 22 00 	lea    0x22f0(%rsp),%rsi
  55559a:	00 
  55559b:	e8 60 9d f6 ff       	call   4bf300 <<[fe2o3_kfd::engineering_gfx950::peer::Gfx950EngineeringPeerKernelV1; 4] as core::convert::TryFrom<alloc::vec::Vec<fe2o3_kfd::engineering_gfx950::peer::Gfx950EngineeringPeerKernelV1>>>::try_from>
  5555a0:	48 8b 9c 24 80 09 00 	mov    0x980(%rsp),%rbx
  5555a7:	00 
  5555a8:	48 89 d8             	mov    %rbx,%rax
  5555ab:	48 f7 d8             	neg    %rax
  5555ae:	0f 80 0b 08 00 00    	jo     555dbf <fe2o3_kfd::engineering_gfx950::peer::combined_mlp_state_v1::tests::native::paired::interleaved::interleaved_exercise+0xcbf>
  5555b4:	0f 10 84 24 88 09 00 	movups 0x988(%rsp),%xmm0
  5555bb:	00 
  5555bc:	0f 29 84 24 50 01 00 	movaps %xmm0,0x150(%rsp)
  5555c3:	00 
  5555c4:	ba 08 02 00 00       	mov    $0x208,%edx
  5555c9:	48 8d bc 24 60 46 00 	lea    0x4660(%rsp),%rdi
  5555d0:	00 
  5555d1:	48 8d b4 24 98 09 00 	lea    0x998(%rsp),%rsi
  5555d8:	00 
  5555d9:	41 ff d4             	call   *%r12
  5555dc:	48 89 9c 24 48 46 00 	mov    %rbx,0x4648(%rsp)
  5555e3:	00 
  5555e4:	0f 28 84 24 50 01 00 	movaps 0x150(%rsp),%xmm0
  5555eb:	00 
  5555ec:	0f 11 84 24 50 46 00 	movups %xmm0,0x4650(%rsp)
  5555f3:	00 
  5555f4:	48 8b 9c 24 10 01 00 	mov    0x110(%rsp),%rbx
  5555fb:	00 
  5555fc:	48 3b 9c 24 00 01 00 	cmp    0x100(%rsp),%rbx
  555603:	00 
  555604:	75 0d                	jne    555613 <fe2o3_kfd::engineering_gfx950::peer::combined_mlp_state_v1::tests::native::paired::interleaved::interleaved_exercise+0x513>
  555606:	48 8d bc 24 00 01 00 	lea    0x100(%rsp),%rdi
  55560d:	00 
  55560e:	e8 5d 01 0b 00       	call   605770 <<alloc::raw_vec::RawVec<[fe2o3_kfd::engineering_gfx950::peer::Gfx950EngineeringPeerKernelV1; 4]>>::grow_one>
  555613:	48 69 fb 20 02 00 00 	imul   $0x220,%rbx,%rdi
  55561a:	48 03 bc 24 08 01 00 	add    0x108(%rsp),%rdi
  555621:	00 
  555622:	ba 20 02 00 00       	mov    $0x220,%edx
  555627:	48 8d b4 24 48 46 00 	lea    0x4648(%rsp),%rsi
  55562e:	00 
  55562f:	41 ff d4             	call   *%r12
  555632:	48 ff c3             	inc    %rbx
  555635:	48 89 9c 24 10 01 00 	mov    %rbx,0x110(%rsp)
  55563c:	00 
  55563d:	48 c7 84 24 d0 03 00 	movq   $0x0,0x3d0(%rsp)
  555644:	00 00 00 00 00 
  555649:	48 c7 84 24 d8 03 00 	movq   $0x8,0x3d8(%rsp)
  555650:	00 08 00 00 00 
  555655:	48 c7 84 24 e0 03 00 	movq   $0x0,0x3e0(%rsp)
  55565c:	00 00 00 00 00 
  555661:	41 bc 01 00 00 00    	mov    $0x1,%r12d
  555667:	4c 89 bc 24 e0 01 00 	mov    %r15,0x1e0(%rsp)
  55566e:	00 
  55566f:	90                   	nop
  555670:	4d 8d 74 24 01       	lea    0x1(%r12),%r14
  555675:	49 83 fc 04          	cmp    $0x4,%r12
  555679:	4d 0f 44 f4          	cmove  %r12,%r14
  55567d:	48 8d 05 c4 0f c9 ff 	lea    -0x36f03c(%rip),%rax        # 1e6648 <anon.8b450354eb9abf3bd4876638ac5342ab.144.llvm.14258636651103868718>
  555684:	4e 8b 0c e0          	mov    (%rax,%r12,8),%r9
  555688:	b9 08 00 00 00       	mov    $0x8,%ecx
  55568d:	48 8d bc 24 80 09 00 	lea    0x980(%rsp),%rdi
  555694:	00 
  555695:	48 8b 74 24 18       	mov    0x18(%rsp),%rsi
  55569a:	48 8b 54 24 68       	mov    0x68(%rsp),%rdx
  55569f:	45 31 c0             	xor    %r8d,%r8d
  5556a2:	e8 79 79 f4 ff       	call   49d020 <<fe2o3_kfd::engineering_gfx950::peer::Gfx950EngineeringPeerGroupV1>::allocate>
  5556a7:	83 bc 24 80 09 00 00 	cmpl   $0x1,0x980(%rsp)
  5556ae:	01 
  5556af:	0f 84 27 04 00 00    	je     555adc <fe2o3_kfd::engineering_gfx950::peer::combined_mlp_state_v1::tests::native::paired::interleaved::interleaved_exercise+0x9dc>
  5556b5:	48 8d 84 24 88 09 00 	lea    0x988(%rsp),%rax
  5556bc:	00 
  5556bd:	0f 10 00             	movups (%rax),%xmm0
  5556c0:	0f 10 48 10          	movups 0x10(%rax),%xmm1
  5556c4:	0f 29 84 24 70 03 00 	movaps %xmm0,0x370(%rsp)
  5556cb:	00 
  5556cc:	0f 29 8c 24 80 03 00 	movaps %xmm1,0x380(%rsp)
  5556d3:	00 
  5556d4:	48 8d bc 24 80 09 00 	lea    0x980(%rsp),%rdi
  5556db:	00 
  5556dc:	48 8b 74 24 68       	mov    0x68(%rsp),%rsi
  5556e1:	4c 89 e2             	mov    %r12,%rdx
  5556e4:	e8 97 dd f5 ff       	call   4b3480 <fe2o3_kfd::engineering_gfx950::peer::combined_mlp_state_v1::tests::native::paired::expected_root>
  5556e9:	8b 84 24 80 09 00 00 	mov    0x980(%rsp),%eax
  5556f0:	48 8d 8c 24 88 09 00 	lea    0x988(%rsp),%rcx
  5556f7:	00 
  5556f8:	0f 10 01             	movups (%rcx),%xmm0
  5556fb:	0f 29 84 24 f0 22 00 	movaps %xmm0,0x22f0(%rsp)
  555702:	00 
  555703:	48 8b 49 10          	mov    0x10(%rcx),%rcx
  555707:	48 89 8c 24 00 23 00 	mov    %rcx,0x2300(%rsp)
  55570e:	00 
  55570f:	83 f8 01             	cmp    $0x1,%eax
  555712:	0f 84 e9 03 00 00    	je     555b01 <fe2o3_kfd::engineering_gfx950::peer::combined_mlp_state_v1::tests::native::paired::interleaved::interleaved_exercise+0xa01>
  555718:	4c 8b bc 24 f0 22 00 	mov    0x22f0(%rsp),%r15
  55571f:	00 
  555720:	48 8b 9c 24 f8 22 00 	mov    0x22f8(%rsp),%rbx
  555727:	00 
  555728:	4c 8b 84 24 00 23 00 	mov    0x2300(%rsp),%r8
  55572f:	00 
  555730:	48 8d bc 24 e0 34 00 	lea    0x34e0(%rsp),%rdi
  555737:	00 
  555738:	48 8b 74 24 18       	mov    0x18(%rsp),%rsi
  55573d:	48 8d 94 24 70 03 00 	lea    0x370(%rsp),%rdx
  555744:	00 
  555745:	48 89 d9             	mov    %rbx,%rcx
  555748:	e8 43 46 f6 ff       	call   4b9d90 <fe2o3_kfd::engineering_gfx950::peer::combined_mlp_state_v1::tests::native::paired::write_all>
  55574d:	48 b8 00 00 00 00 00 	movabs $0x8000000000000000,%rax
  555754:	00 00 80 
  555757:	48 39 84 24 e0 34 00 	cmp    %rax,0x34e0(%rsp)
  55575e:	00 
  55575f:	0f 85 f4 03 00 00    	jne    555b59 <fe2o3_kfd::engineering_gfx950::peer::combined_mlp_state_v1::tests::native::paired::interleaved::interleaved_exercise+0xa59>
  555765:	48 8d 84 24 80 09 00 	lea    0x980(%rsp),%rax
  55576c:	00 
  55576d:	4d 85 ff             	test   %r15,%r15
  555770:	74 14                	je     555786 <fe2o3_kfd::engineering_gfx950::peer::combined_mlp_state_v1::tests::native::paired::interleaved::interleaved_exercise+0x686>
  555772:	48 c7 84 24 80 09 00 	movq   $0x1,0x980(%rsp)
  555779:	00 01 00 00 00 
  55577e:	48 8d 84 24 e0 34 00 	lea    0x34e0(%rsp),%rax
  555785:	00 
  555786:	4c 89 38             	mov    %r15,(%rax)
  555789:	48 8b 94 24 80 09 00 	mov    0x980(%rsp),%rdx
  555790:	00 
  555791:	48 85 d2             	test   %rdx,%rdx
  555794:	74 16                	je     5557ac <fe2o3_kfd::engineering_gfx950::peer::combined_mlp_state_v1::tests::native::paired::interleaved::interleaved_exercise+0x6ac>
  555796:	48 8b b4 24 e0 34 00 	mov    0x34e0(%rsp),%rsi
  55579d:	00 
  55579e:	48 85 f6             	test   %rsi,%rsi
  5557a1:	74 09                	je     5557ac <fe2o3_kfd::engineering_gfx950::peer::combined_mlp_state_v1::tests::native::paired::interleaved::interleaved_exercise+0x6ac>
  5557a3:	48 89 df             	mov    %rbx,%rdi
  5557a6:	ff 15 c4 60 35 00    	call   *0x3560c4(%rip)        # 8ab870 <_DYNAMIC+0x2a0>
  5557ac:	48 8b 9c 24 e0 03 00 	mov    0x3e0(%rsp),%rbx
  5557b3:	00 
  5557b4:	48 3b 9c 24 d0 03 00 	cmp    0x3d0(%rsp),%rbx
  5557bb:	00 
  5557bc:	75 0d                	jne    5557cb <fe2o3_kfd::engineering_gfx950::peer::combined_mlp_state_v1::tests::native::paired::interleaved::interleaved_exercise+0x6cb>
  5557be:	48 8d bc 24 d0 03 00 	lea    0x3d0(%rsp),%rdi
  5557c5:	00 
  5557c6:	e8 65 08 0b 00       	call   606030 <<alloc::raw_vec::RawVec<fe2o3_kfd::engineering_wire::PointerFixupV1>>::grow_one>
  5557cb:	48 89 d8             	mov    %rbx,%rax
  5557ce:	48 c1 e0 05          	shl    $0x5,%rax
  5557d2:	48 8b bc 24 d8 03 00 	mov    0x3d8(%rsp),%rdi
  5557d9:	00 
  5557da:	0f 28 84 24 70 03 00 	movaps 0x370(%rsp),%xmm0
  5557e1:	00 
  5557e2:	0f 28 8c 24 80 03 00 	movaps 0x380(%rsp),%xmm1
  5557e9:	00 
  5557ea:	0f 11 4c 07 10       	movups %xmm1,0x10(%rdi,%rax,1)
  5557ef:	0f 11 04 07          	movups %xmm0,(%rdi,%rax,1)
  5557f3:	48 ff c3             	inc    %rbx
  5557f6:	48 89 9c 24 e0 03 00 	mov    %rbx,0x3e0(%rsp)
  5557fd:	00 
  5557fe:	49 83 fc 04          	cmp    $0x4,%r12
  555802:	74 0d                	je     555811 <fe2o3_kfd::engineering_gfx950::peer::combined_mlp_state_v1::tests::native::paired::interleaved::interleaved_exercise+0x711>
  555804:	4d 89 f4             	mov    %r14,%r12
  555807:	49 83 fe 04          	cmp    $0x4,%r14
  55580b:	0f 86 5f fe ff ff    	jbe    555670 <fe2o3_kfd::engineering_gfx950::peer::combined_mlp_state_v1::tests::native::paired::interleaved::interleaved_exercise+0x570>
  555811:	48 8b 84 24 d0 03 00 	mov    0x3d0(%rsp),%rax
  555818:	00 
  555819:	48 83 fb 04          	cmp    $0x4,%rbx
  55581d:	0f 85 a6 06 00 00    	jne    555ec9 <fe2o3_kfd::engineering_gfx950::peer::combined_mlp_state_v1::tests::native::paired::interleaved::interleaved_exercise+0xdc9>
  555823:	48 8b 1f             	mov    (%rdi),%rbx
  555826:	4c 8b 77 08          	mov    0x8(%rdi),%r14
  55582a:	4c 8b 7f 10          	mov    0x10(%rdi),%r15
  55582e:	48 8b 4f 78          	mov    0x78(%rdi),%rcx
  555832:	48 89 8c 24 e0 09 00 	mov    %rcx,0x9e0(%rsp)
  555839:	00 
  55583a:	0f 10 47 68          	movups 0x68(%rdi),%xmm0
  55583e:	0f 29 84 24 d0 09 00 	movaps %xmm0,0x9d0(%rsp)
  555845:	00 
  555846:	0f 10 47 58          	movups 0x58(%rdi),%xmm0
  55584a:	0f 29 84 24 c0 09 00 	movaps %xmm0,0x9c0(%rsp)
  555851:	00 
  555852:	0f 10 47 48          	movups 0x48(%rdi),%xmm0
  555856:	0f 29 84 24 b0 09 00 	movaps %xmm0,0x9b0(%rsp)
  55585d:	00 
  55585e:	0f 10 47 38          	movups 0x38(%rdi),%xmm0
  555862:	0f 29 84 24 a0 09 00 	movaps %xmm0,0x9a0(%rsp)
  555869:	00 
  55586a:	0f 10 47 28          	movups 0x28(%rdi),%xmm0
  55586e:	0f 29 84 24 90 09 00 	movaps %xmm0,0x990(%rsp)
  555875:	00 
  555876:	0f 10 47 18          	movups 0x18(%rdi),%xmm0
  55587a:	0f 29 84 24 80 09 00 	movaps %xmm0,0x980(%rsp)
  555881:	00 
  555882:	48 85 c0             	test   %rax,%rax
  555885:	74 3a                	je     5558c1 <fe2o3_kfd::engineering_gfx950::peer::combined_mlp_state_v1::tests::native::paired::interleaved::interleaved_exercise+0x7c1>
  555887:	48 89 c1             	mov    %rax,%rcx
  55588a:	48 c1 e9 3b          	shr    $0x3b,%rcx
  55588e:	0f 85 c5 07 00 00    	jne    556059 <fe2o3_kfd::engineering_gfx950::peer::combined_mlp_state_v1::tests::native::paired::interleaved::interleaved_exercise+0xf59>
  555894:	48 b9 ff ff ff ff ff 	movabs $0x3ffffffffffffff,%rcx
  55589b:	ff ff 03 
  55589e:	48 39 c8             	cmp    %rcx,%rax
  5558a1:	0f 87 0e 07 00 00    	ja     555fb5 <fe2o3_kfd::engineering_gfx950::peer::combined_mlp_state_v1::tests::native::paired::interleaved::interleaved_exercise+0xeb5>
  5558a7:	48 c1 e0 05          	shl    $0x5,%rax
  5558ab:	48 c7 84 24 f0 22 00 	movq   $0x8,0x22f0(%rsp)
  5558b2:	00 08 00 00 00 
  5558b7:	48 8d 8c 24 e0 34 00 	lea    0x34e0(%rsp),%rcx
  5558be:	00 
  5558bf:	eb 0a                	jmp    5558cb <fe2o3_kfd::engineering_gfx950::peer::combined_mlp_state_v1::tests::native::paired::interleaved::interleaved_exercise+0x7cb>
  5558c1:	48 8d 8c 24 f0 22 00 	lea    0x22f0(%rsp),%rcx
  5558c8:	00 
  5558c9:	31 c0                	xor    %eax,%eax
  5558cb:	48 89 01             	mov    %rax,(%rcx)
  5558ce:	48 8b 94 24 f0 22 00 	mov    0x22f0(%rsp),%rdx
  5558d5:	00 
  5558d6:	48 85 d2             	test   %rdx,%rdx
  5558d9:	74 13                	je     5558ee <fe2o3_kfd::engineering_gfx950::peer::combined_mlp_state_v1::tests::native::paired::interleaved::interleaved_exercise+0x7ee>
  5558db:	48 8b b4 24 e0 34 00 	mov    0x34e0(%rsp),%rsi
  5558e2:	00 
  5558e3:	48 85 f6             	test   %rsi,%rsi
  5558e6:	74 06                	je     5558ee <fe2o3_kfd::engineering_gfx950::peer::combined_mlp_state_v1::tests::native::paired::interleaved::interleaved_exercise+0x7ee>
  5558e8:	ff 15 82 5f 35 00    	call   *0x355f82(%rip)        # 8ab870 <_DYNAMIC+0x2a0>
  5558ee:	0f 28 84 24 80 09 00 	movaps 0x980(%rsp),%xmm0
  5558f5:	00 
  5558f6:	0f 28 8c 24 90 09 00 	movaps 0x990(%rsp),%xmm1
  5558fd:	00 
  5558fe:	0f 28 94 24 a0 09 00 	movaps 0x9a0(%rsp),%xmm2
  555905:	00 
  555906:	0f 28 9c 24 b0 09 00 	movaps 0x9b0(%rsp),%xmm3
  55590d:	00 
  55590e:	0f 29 84 24 10 08 00 	movaps %xmm0,0x810(%rsp)
  555915:	00 
  555916:	0f 29 8c 24 20 08 00 	movaps %xmm1,0x820(%rsp)
  55591d:	00 
  55591e:	0f 29 94 24 30 08 00 	movaps %xmm2,0x830(%rsp)
  555925:	00 
  555926:	0f 29 9c 24 40 08 00 	movaps %xmm3,0x840(%rsp)
  55592d:	00 
  55592e:	0f 28 84 24 c0 09 00 	movaps 0x9c0(%rsp),%xmm0
  555935:	00 
  555936:	0f 29 84 24 50 08 00 	movaps %xmm0,0x850(%rsp)
  55593d:	00 
  55593e:	0f 28 84 24 d0 09 00 	movaps 0x9d0(%rsp),%xmm0
  555945:	00 
  555946:	0f 29 84 24 60 08 00 	movaps %xmm0,0x860(%rsp)
  55594d:	00 
  55594e:	48 8b 84 24 e0 09 00 	mov    0x9e0(%rsp),%rax
  555955:	00 
  555956:	48 89 84 24 70 08 00 	mov    %rax,0x870(%rsp)
  55595d:	00 
  55595e:	4c 8b a4 24 a8 01 00 	mov    0x1a8(%rsp),%r12
  555965:	00 
  555966:	4c 3b a4 24 98 01 00 	cmp    0x198(%rsp),%r12
  55596d:	00 
  55596e:	75 0d                	jne    55597d <fe2o3_kfd::engineering_gfx950::peer::combined_mlp_state_v1::tests::native::paired::interleaved::interleaved_exercise+0x87d>
  555970:	48 8d bc 24 98 01 00 	lea    0x198(%rsp),%rdi
  555977:	00 
  555978:	e8 13 fd 0a 00       	call   605690 <<alloc::raw_vec::RawVec<[fe2o3_kfd::engineering_gfx950::peer::Gfx950EngineeringPeerBufferV1; 4]>>::grow_one>
  55597d:	48 8b 84 24 a0 01 00 	mov    0x1a0(%rsp),%rax
  555984:	00 
  555985:	4c 89 e1             	mov    %r12,%rcx
  555988:	48 c1 e1 07          	shl    $0x7,%rcx
  55598c:	48 89 1c 08          	mov    %rbx,(%rax,%rcx,1)
  555990:	4c 89 74 08 08       	mov    %r14,0x8(%rax,%rcx,1)
  555995:	4c 89 7c 08 10       	mov    %r15,0x10(%rax,%rcx,1)
  55599a:	0f 28 84 24 10 08 00 	movaps 0x810(%rsp),%xmm0
  5559a1:	00 
  5559a2:	0f 28 8c 24 20 08 00 	movaps 0x820(%rsp),%xmm1
  5559a9:	00 
  5559aa:	0f 28 94 24 30 08 00 	movaps 0x830(%rsp),%xmm2
  5559b1:	00 
  5559b2:	0f 28 9c 24 40 08 00 	movaps 0x840(%rsp),%xmm3
  5559b9:	00 
  5559ba:	0f 11 44 08 18       	movups %xmm0,0x18(%rax,%rcx,1)
  5559bf:	0f 11 4c 08 28       	movups %xmm1,0x28(%rax,%rcx,1)
  5559c4:	0f 11 54 08 38       	movups %xmm2,0x38(%rax,%rcx,1)
  5559c9:	0f 11 5c 08 48       	movups %xmm3,0x48(%rax,%rcx,1)
  5559ce:	0f 28 84 24 50 08 00 	movaps 0x850(%rsp),%xmm0
  5559d5:	00 
  5559d6:	0f 11 44 08 58       	movups %xmm0,0x58(%rax,%rcx,1)
  5559db:	0f 28 84 24 60 08 00 	movaps 0x860(%rsp),%xmm0
  5559e2:	00 
  5559e3:	0f 11 44 08 68       	movups %xmm0,0x68(%rax,%rcx,1)
  5559e8:	48 8b 94 24 70 08 00 	mov    0x870(%rsp),%rdx
  5559ef:	00 
  5559f0:	48 89 54 08 78       	mov    %rdx,0x78(%rax,%rcx,1)
  5559f5:	49 ff c4             	inc    %r12
  5559f8:	4c 89 a4 24 a8 01 00 	mov    %r12,0x1a8(%rsp)
  5559ff:	00 
  555a00:	b8 01 00 00 00       	mov    $0x1,%eax
  555a05:	48 89 44 24 68       	mov    %rax,0x68(%rsp)
  555a0a:	f6 84 24 f0 00 00 00 	testb  $0x1,0xf0(%rsp)
  555a11:	01 
  555a12:	c7 84 24 f0 00 00 00 	movl   $0x0,0xf0(%rsp)
  555a19:	00 00 00 00 
  555a1d:	4c 8b bc 24 e0 01 00 	mov    0x1e0(%rsp),%r15
  555a24:	00 
  555a25:	48 8d 9c 24 b0 07 00 	lea    0x7b0(%rsp),%rbx
  555a2c:	00 
  555a2d:	4c 8b 25 34 5e 35 00 	mov    0x355e34(%rip),%r12        # 8ab868 <memcpy@GLIBC_2.14>
  555a34:	4c 89 e9             	mov    %r13,%rcx
  555a37:	48 8d 15 12 19 c9 ff 	lea    -0x36e6ee(%rip),%rdx        # 1e7350 <anon.8b450354eb9abf3bd4876638ac5342ab.343.llvm.14258636651103868718+0x3f7>
  555a3e:	48 8d 05 6d 0f c9 ff 	lea    -0x36f093(%rip),%rax        # 1e69b2 <anon.8b450354eb9abf3bd4876638ac5342ab.241.llvm.14258636651103868718>
  555a45:	48 8d 35 38 19 c9 ff 	lea    -0x36e6c8(%rip),%rsi        # 1e7384 <anon.8b450354eb9abf3bd4876638ac5342ab.343.llvm.14258636651103868718+0x42b>
  555a4c:	48 8d 3d 50 19 c9 ff 	lea    -0x36e6b0(%rip),%rdi        # 1e73a3 <anon.8b450354eb9abf3bd4876638ac5342ab.343.llvm.14258636651103868718+0x44a>
  555a53:	0f 85 a2 f7 ff ff    	jne    5551fb <fe2o3_kfd::engineering_gfx950::peer::combined_mlp_state_v1::tests::native::paired::interleaved::interleaved_exercise+0xfb>
  555a59:	48 8d 0d d8 05 b5 ff 	lea    -0x4afa28(%rip),%rcx        # a6038 <anon.2406fbb7b358ed33b49c7914ab0281a4.423.llvm.7674273607031023430>
  555a60:	48 8d bc 24 80 09 00 	lea    0x980(%rsp),%rdi
  555a67:	00 
  555a68:	41 b8 01 00 00 00    	mov    $0x1,%r8d
  555a6e:	41 b9 00 40 00 00    	mov    $0x4000,%r9d
  555a74:	48 8b 74 24 18       	mov    0x18(%rsp),%rsi
  555a79:	31 d2                	xor    %edx,%edx
  555a7b:	e8 a0 75 f4 ff       	call   49d020 <<fe2o3_kfd::engineering_gfx950::peer::Gfx950EngineeringPeerGroupV1>::allocate>
  555a80:	4c 8d b4 24 88 09 00 	lea    0x988(%rsp),%r14
  555a87:	00 
  555a88:	83 bc 24 80 09 00 00 	cmpl   $0x1,0x980(%rsp)
  555a8f:	01 
  555a90:	0f 85 9a 04 00 00    	jne    555f30 <fe2o3_kfd::engineering_gfx950::peer::combined_mlp_state_v1::tests::native::paired::interleaved::interleaved_exercise+0xe30>
  555a96:	49 8b 46 10          	mov    0x10(%r14),%rax
  555a9a:	48 89 84 24 40 03 00 	mov    %rax,0x340(%rsp)
  555aa1:	00 
  555aa2:	41 0f 10 06          	movups (%r14),%xmm0
  555aa6:	0f 29 84 24 30 03 00 	movaps %xmm0,0x330(%rsp)
  555aad:	00 
  555aae:	e9 32 06 00 00       	jmp    5560e5 <fe2o3_kfd::engineering_gfx950::peer::combined_mlp_state_v1::tests::native::paired::interleaved::interleaved_exercise+0xfe5>
  555ab3:	45 31 ff             	xor    %r15d,%r15d
  555ab6:	4c 89 ff             	mov    %r15,%rdi
  555ab9:	4c 89 ee             	mov    %r13,%rsi
  555abc:	ff 15 c6 5e 35 00    	call   *0x355ec6(%rip)        # 8ab988 <_DYNAMIC+0x3b8>
  555ac2:	e9 bd 4b 00 00       	jmp    55a684 <fe2o3_kfd::engineering_gfx950::peer::combined_mlp_state_v1::tests::native::paired::interleaved::interleaved_exercise+0x5584>
  555ac7:	31 ff                	xor    %edi,%edi
  555ac9:	48 8b b4 24 40 01 00 	mov    0x140(%rsp),%rsi
  555ad0:	00 
  555ad1:	ff 15 b1 5e 35 00    	call   *0x355eb1(%rip)        # 8ab988 <_DYNAMIC+0x3b8>
  555ad7:	e9 a8 4b 00 00       	jmp    55a684 <fe2o3_kfd::engineering_gfx950::peer::combined_mlp_state_v1::tests::native::paired::interleaved::interleaved_exercise+0x5584>
  555adc:	48 8d 8c 24 88 09 00 	lea    0x988(%rsp),%rcx
  555ae3:	00 
  555ae4:	48 8b 41 10          	mov    0x10(%rcx),%rax
  555ae8:	48 89 84 24 00 23 00 	mov    %rax,0x2300(%rsp)
  555aef:	00 
  555af0:	0f 10 01             	movups (%rcx),%xmm0
  555af3:	0f 29 84 24 f0 22 00 	movaps %xmm0,0x22f0(%rsp)
  555afa:	00 
  555afb:	48 89 45 18          	mov    %rax,0x18(%rbp)
  555aff:	eb 14                	jmp    555b15 <fe2o3_kfd::engineering_gfx950::peer::combined_mlp_state_v1::tests::native::paired::interleaved::interleaved_exercise+0xa15>
  555b01:	48 8b 84 24 00 23 00 	mov    0x2300(%rsp),%rax
  555b08:	00 
  555b09:	48 89 45 18          	mov    %rax,0x18(%rbp)
  555b0d:	0f 28 84 24 f0 22 00 	movaps 0x22f0(%rsp),%xmm0
  555b14:	00 
  555b15:	0f 11 45 08          	movups %xmm0,0x8(%rbp)
  555b19:	c6 45 00 06          	movb   $0x6,0x0(%rbp)
  555b1d:	48 8b 84 24 d0 03 00 	mov    0x3d0(%rsp),%rax
  555b24:	00 
  555b25:	48 85 c0             	test   %rax,%rax
  555b28:	0f 84 e4 00 00 00    	je     555c12 <fe2o3_kfd::engineering_gfx950::peer::combined_mlp_state_v1::tests::native::paired::interleaved::interleaved_exercise+0xb12>
  555b2e:	48 89 c1             	mov    %rax,%rcx
  555b31:	48 c1 e9 3b          	shr    $0x3b,%rcx
  555b35:	0f 85 1e 05 00 00    	jne    556059 <fe2o3_kfd::engineering_gfx950::peer::combined_mlp_state_v1::tests::native::paired::interleaved::interleaved_exercise+0xf59>
  555b3b:	48 89 c1             	mov    %rax,%rcx
  555b3e:	48 c1 e9 3a          	shr    $0x3a,%rcx
  555b42:	0f 85 6d 04 00 00    	jne    555fb5 <fe2o3_kfd::engineering_gfx950::peer::combined_mlp_state_v1::tests::native::paired::interleaved::interleaved_exercise+0xeb5>
  555b48:	48 c1 e0 05          	shl    $0x5,%rax
  555b4c:	48 8b bc 24 d8 03 00 	mov    0x3d8(%rsp),%rdi
  555b53:	00 
  555b54:	e9 a3 00 00 00       	jmp    555bfc <fe2o3_kfd::engineering_gfx950::peer::combined_mlp_state_v1::tests::native::paired::interleaved::interleaved_exercise+0xafc>
  555b59:	48 8b 84 24 f0 34 00 	mov    0x34f0(%rsp),%rax
  555b60:	00 
  555b61:	48 89 45 18          	mov    %rax,0x18(%rbp)
  555b65:	0f 10 84 24 e0 34 00 	movups 0x34e0(%rsp),%xmm0
  555b6c:	00 
  555b6d:	0f 11 45 08          	movups %xmm0,0x8(%rbp)
  555b71:	c6 45 00 06          	movb   $0x6,0x0(%rbp)
  555b75:	4d 85 ff             	test   %r15,%r15
  555b78:	0f 84 06 02 00 00    	je     555d84 <fe2o3_kfd::engineering_gfx950::peer::combined_mlp_state_v1::tests::native::paired::interleaved::interleaved_exercise+0xc84>
  555b7e:	48 c7 84 24 80 09 00 	movq   $0x1,0x980(%rsp)
  555b85:	00 01 00 00 00 
  555b8a:	48 8d 84 24 e0 34 00 	lea    0x34e0(%rsp),%rax
  555b91:	00 
  555b92:	e9 f5 01 00 00       	jmp    555d8c <fe2o3_kfd::engineering_gfx950::peer::combined_mlp_state_v1::tests::native::paired::interleaved::interleaved_exercise+0xc8c>
  555b97:	48 8b 44 24 50       	mov    0x50(%rsp),%rax
  555b9c:	48 8b 6c 24 10       	mov    0x10(%rsp),%rbp
  555ba1:	48 89 45 18          	mov    %rax,0x18(%rbp)
  555ba5:	0f 28 44 24 40       	movaps 0x40(%rsp),%xmm0
  555baa:	0f 11 45 08          	movups %xmm0,0x8(%rbp)
  555bae:	c6 45 00 06          	movb   $0x6,0x0(%rbp)
  555bb2:	48 8d 7c 24 70       	lea    0x70(%rsp),%rdi
  555bb7:	e8 74 73 f2 ff       	call   47cf30 <<alloc::vec::Vec<fe2o3_kfd::engineering_gfx950::peer::Gfx950EngineeringPeerKernelV1> as core::ops::drop::Drop>::drop>
  555bbc:	48 8b 44 24 70       	mov    0x70(%rsp),%rax
  555bc1:	48 85 c0             	test   %rax,%rax
  555bc4:	74 4c                	je     555c12 <fe2o3_kfd::engineering_gfx950::peer::combined_mlp_state_v1::tests::native::paired::interleaved::interleaved_exercise+0xb12>
  555bc6:	48 b9 e1 e1 e1 e1 e1 	movabs $0x1e1e1e1e1e1e1e1,%rcx
  555bcd:	e1 e1 01 
  555bd0:	48 39 c8             	cmp    %rcx,%rax
  555bd3:	0f 87 80 04 00 00    	ja     556059 <fe2o3_kfd::engineering_gfx950::peer::combined_mlp_state_v1::tests::native::paired::interleaved::interleaved_exercise+0xf59>
  555bd9:	48 b9 f0 f0 f0 f0 f0 	movabs $0xf0f0f0f0f0f0f0,%rcx
  555be0:	f0 f0 00 
  555be3:	48 39 c8             	cmp    %rcx,%rax
  555be6:	0f 87 c9 03 00 00    	ja     555fb5 <fe2o3_kfd::engineering_gfx950::peer::combined_mlp_state_v1::tests::native::paired::interleaved::interleaved_exercise+0xeb5>
  555bec:	48 89 c1             	mov    %rax,%rcx
  555bef:	48 c1 e1 07          	shl    $0x7,%rcx
  555bf3:	48 8d 04 c1          	lea    (%rcx,%rax,8),%rax
  555bf7:	48 8b 7c 24 78       	mov    0x78(%rsp),%rdi
  555bfc:	48 c7 84 24 80 09 00 	movq   $0x8,0x980(%rsp)
  555c03:	00 08 00 00 00 
  555c08:	48 8d 8c 24 f0 22 00 	lea    0x22f0(%rsp),%rcx
  555c0f:	00 
  555c10:	eb 0a                	jmp    555c1c <fe2o3_kfd::engineering_gfx950::peer::combined_mlp_state_v1::tests::native::paired::interleaved::interleaved_exercise+0xb1c>
  555c12:	48 8d 8c 24 80 09 00 	lea    0x980(%rsp),%rcx
  555c19:	00 
  555c1a:	31 c0                	xor    %eax,%eax
  555c1c:	48 89 01             	mov    %rax,(%rcx)
  555c1f:	48 8b 94 24 80 09 00 	mov    0x980(%rsp),%rdx
  555c26:	00 
  555c27:	48 85 d2             	test   %rdx,%rdx
  555c2a:	74 13                	je     555c3f <fe2o3_kfd::engineering_gfx950::peer::combined_mlp_state_v1::tests::native::paired::interleaved::interleaved_exercise+0xb3f>
  555c2c:	48 8b b4 24 f0 22 00 	mov    0x22f0(%rsp),%rsi
  555c33:	00 
  555c34:	48 85 f6             	test   %rsi,%rsi
  555c37:	74 06                	je     555c3f <fe2o3_kfd::engineering_gfx950::peer::combined_mlp_state_v1::tests::native::paired::interleaved::interleaved_exercise+0xb3f>
  555c39:	ff 15 31 5c 35 00    	call   *0x355c31(%rip)        # 8ab870 <_DYNAMIC+0x2a0>
  555c3f:	48 8b 84 24 98 01 00 	mov    0x198(%rsp),%rax
  555c46:	00 
  555c47:	48 85 c0             	test   %rax,%rax
  555c4a:	74 3c                	je     555c88 <fe2o3_kfd::engineering_gfx950::peer::combined_mlp_state_v1::tests::native::paired::interleaved::interleaved_exercise+0xb88>
  555c4c:	48 89 c1             	mov    %rax,%rcx
  555c4f:	48 c1 e9 39          	shr    $0x39,%rcx
  555c53:	0f 85 00 04 00 00    	jne    556059 <fe2o3_kfd::engineering_gfx950::peer::combined_mlp_state_v1::tests::native::paired::interleaved::interleaved_exercise+0xf59>
  555c59:	48 89 c1             	mov    %rax,%rcx
  555c5c:	48 c1 e9 38          	shr    $0x38,%rcx
  555c60:	0f 85 4f 03 00 00    	jne    555fb5 <fe2o3_kfd::engineering_gfx950::peer::combined_mlp_state_v1::tests::native::paired::interleaved::interleaved_exercise+0xeb5>
  555c66:	48 c1 e0 07          	shl    $0x7,%rax
  555c6a:	48 8b bc 24 a0 01 00 	mov    0x1a0(%rsp),%rdi
  555c71:	00 
  555c72:	48 c7 84 24 80 09 00 	movq   $0x8,0x980(%rsp)
  555c79:	00 08 00 00 00 
  555c7e:	48 8d 8c 24 f0 22 00 	lea    0x22f0(%rsp),%rcx
  555c85:	00 
  555c86:	eb 0a                	jmp    555c92 <fe2o3_kfd::engineering_gfx950::peer::combined_mlp_state_v1::tests::native::paired::interleaved::interleaved_exercise+0xb92>
  555c88:	48 8d 8c 24 80 09 00 	lea    0x980(%rsp),%rcx
  555c8f:	00 
  555c90:	31 c0                	xor    %eax,%eax
  555c92:	48 89 01             	mov    %rax,(%rcx)
  555c95:	48 8b 94 24 80 09 00 	mov    0x980(%rsp),%rdx
  555c9c:	00 
  555c9d:	48 85 d2             	test   %rdx,%rdx
  555ca0:	74 13                	je     555cb5 <fe2o3_kfd::engineering_gfx950::peer::combined_mlp_state_v1::tests::native::paired::interleaved::interleaved_exercise+0xbb5>
  555ca2:	48 8b b4 24 f0 22 00 	mov    0x22f0(%rsp),%rsi
  555ca9:	00 
  555caa:	48 85 f6             	test   %rsi,%rsi
  555cad:	74 06                	je     555cb5 <fe2o3_kfd::engineering_gfx950::peer::combined_mlp_state_v1::tests::native::paired::interleaved::interleaved_exercise+0xbb5>
  555caf:	ff 15 bb 5b 35 00    	call   *0x355bbb(%rip)        # 8ab870 <_DYNAMIC+0x2a0>
  555cb5:	48 8b bc 24 08 01 00 	mov    0x108(%rsp),%rdi
  555cbc:	00 
  555cbd:	4c 8b bc 24 10 01 00 	mov    0x110(%rsp),%r15
  555cc4:	00 
  555cc5:	49 ff c7             	inc    %r15
  555cc8:	0f 1f 84 00 00 00 00 	nopl   0x0(%rax,%rax,1)
  555ccf:	00 
  555cd0:	49 83 ff 01          	cmp    $0x1,%r15
  555cd4:	74 14                	je     555cea <fe2o3_kfd::engineering_gfx950::peer::combined_mlp_state_v1::tests::native::paired::interleaved::interleaved_exercise+0xbea>
  555cd6:	4c 8d b7 20 02 00 00 	lea    0x220(%rdi),%r14
  555cdd:	49 ff cf             	dec    %r15
  555ce0:	e8 4b 80 f0 ff       	call   45dd30 <core::ptr::drop_in_place::<[fe2o3_kfd::engineering_gfx950::peer::Gfx950EngineeringPeerKernelV1; 4]>>
  555ce5:	4c 89 f7             	mov    %r14,%rdi
  555ce8:	eb e6                	jmp    555cd0 <fe2o3_kfd::engineering_gfx950::peer::combined_mlp_state_v1::tests::native::paired::interleaved::interleaved_exercise+0xbd0>
  555cea:	48 8b 84 24 00 01 00 	mov    0x100(%rsp),%rax
  555cf1:	00 
  555cf2:	48 85 c0             	test   %rax,%rax
  555cf5:	74 4b                	je     555d42 <fe2o3_kfd::engineering_gfx950::peer::combined_mlp_state_v1::tests::native::paired::interleaved::interleaved_exercise+0xc42>
  555cf7:	48 b9 79 78 78 78 78 	movabs $0x78787878787879,%rcx
  555cfe:	78 78 00 
  555d01:	48 39 c8             	cmp    %rcx,%rax
  555d04:	0f 83 4f 03 00 00    	jae    556059 <fe2o3_kfd::engineering_gfx950::peer::combined_mlp_state_v1::tests::native::paired::interleaved::interleaved_exercise+0xf59>
  555d0a:	48 b9 3d 3c 3c 3c 3c 	movabs $0x3c3c3c3c3c3c3d,%rcx
  555d11:	3c 3c 00 
  555d14:	48 39 c8             	cmp    %rcx,%rax
  555d17:	0f 83 98 02 00 00    	jae    555fb5 <fe2o3_kfd::engineering_gfx950::peer::combined_mlp_state_v1::tests::native::paired::interleaved::interleaved_exercise+0xeb5>
  555d1d:	48 69 c0 20 02 00 00 	imul   $0x220,%rax,%rax
  555d24:	48 8b bc 24 08 01 00 	mov    0x108(%rsp),%rdi
  555d2b:	00 
  555d2c:	48 c7 84 24 80 09 00 	movq   $0x8,0x980(%rsp)
  555d33:	00 08 00 00 00 
  555d38:	48 8d 8c 24 f0 22 00 	lea    0x22f0(%rsp),%rcx
  555d3f:	00 
  555d40:	eb 0a                	jmp    555d4c <fe2o3_kfd::engineering_gfx950::peer::combined_mlp_state_v1::tests::native::paired::interleaved::interleaved_exercise+0xc4c>
  555d42:	48 8d 8c 24 80 09 00 	lea    0x980(%rsp),%rcx
  555d49:	00 
  555d4a:	31 c0                	xor    %eax,%eax
  555d4c:	48 89 01             	mov    %rax,(%rcx)
  555d4f:	48 8b 94 24 80 09 00 	mov    0x980(%rsp),%rdx
  555d56:	00 
  555d57:	48 85 d2             	test   %rdx,%rdx
  555d5a:	74 13                	je     555d6f <fe2o3_kfd::engineering_gfx950::peer::combined_mlp_state_v1::tests::native::paired::interleaved::interleaved_exercise+0xc6f>
  555d5c:	48 8b b4 24 f0 22 00 	mov    0x22f0(%rsp),%rsi
  555d63:	00 
  555d64:	48 85 f6             	test   %rsi,%rsi
  555d67:	74 06                	je     555d6f <fe2o3_kfd::engineering_gfx950::peer::combined_mlp_state_v1::tests::native::paired::interleaved::interleaved_exercise+0xc6f>
  555d69:	ff 15 01 5b 35 00    	call   *0x355b01(%rip)        # 8ab870 <_DYNAMIC+0x2a0>
  555d6f:	48 89 e8             	mov    %rbp,%rax
  555d72:	48 81 c4 e8 67 00 00 	add    $0x67e8,%rsp
  555d79:	5b                   	pop    %rbx
  555d7a:	41 5c                	pop    %r12
  555d7c:	41 5d                	pop    %r13
  555d7e:	41 5e                	pop    %r14
  555d80:	41 5f                	pop    %r15
  555d82:	5d                   	pop    %rbp
  555d83:	c3                   	ret
  555d84:	48 8d 84 24 80 09 00 	lea    0x980(%rsp),%rax
  555d8b:	00 
  555d8c:	4c 89 38             	mov    %r15,(%rax)
  555d8f:	48 8b 94 24 80 09 00 	mov    0x980(%rsp),%rdx
  555d96:	00 
  555d97:	48 85 d2             	test   %rdx,%rdx
  555d9a:	0f 84 7d fd ff ff    	je     555b1d <fe2o3_kfd::engineering_gfx950::peer::combined_mlp_state_v1::tests::native::paired::interleaved::interleaved_exercise+0xa1d>
  555da0:	48 8b b4 24 e0 34 00 	mov    0x34e0(%rsp),%rsi
  555da7:	00 
  555da8:	48 85 f6             	test   %rsi,%rsi
  555dab:	0f 84 6c fd ff ff    	je     555b1d <fe2o3_kfd::engineering_gfx950::peer::combined_mlp_state_v1::tests::native::paired::interleaved::interleaved_exercise+0xa1d>
  555db1:	48 89 df             	mov    %rbx,%rdi
  555db4:	ff 15 b6 5a 35 00    	call   *0x355ab6(%rip)        # 8ab870 <_DYNAMIC+0x2a0>
  555dba:	e9 5e fd ff ff       	jmp    555b1d <fe2o3_kfd::engineering_gfx950::peer::combined_mlp_state_v1::tests::native::paired::interleaved::interleaved_exercise+0xa1d>
  555dbf:	4c 8b b4 24 88 09 00 	mov    0x988(%rsp),%r14
  555dc6:	00 
  555dc7:	48 8b 9c 24 90 09 00 	mov    0x990(%rsp),%rbx
  555dce:	00 
  555dcf:	4c 8d bc 24 88 09 00 	lea    0x988(%rsp),%r15
  555dd6:	00 
  555dd7:	4c 89 ff             	mov    %r15,%rdi
  555dda:	e8 51 71 f2 ff       	call   47cf30 <<alloc::vec::Vec<fe2o3_kfd::engineering_gfx950::peer::Gfx950EngineeringPeerKernelV1> as core::ops::drop::Drop>::drop>
  555ddf:	4d 85 f6             	test   %r14,%r14
  555de2:	74 47                	je     555e2b <fe2o3_kfd::engineering_gfx950::peer::combined_mlp_state_v1::tests::native::paired::interleaved::interleaved_exercise+0xd2b>
  555de4:	48 b8 e1 e1 e1 e1 e1 	movabs $0x1e1e1e1e1e1e1e1,%rax
  555deb:	e1 e1 01 
  555dee:	49 39 c6             	cmp    %rax,%r14
  555df1:	0f 87 62 02 00 00    	ja     556059 <fe2o3_kfd::engineering_gfx950::peer::combined_mlp_state_v1::tests::native::paired::interleaved::interleaved_exercise+0xf59>
  555df7:	48 b8 f0 f0 f0 f0 f0 	movabs $0xf0f0f0f0f0f0f0,%rax
  555dfe:	f0 f0 00 
  555e01:	49 39 c6             	cmp    %rax,%r14
  555e04:	0f 87 ab 01 00 00    	ja     555fb5 <fe2o3_kfd::engineering_gfx950::peer::combined_mlp_state_v1::tests::native::paired::interleaved::interleaved_exercise+0xeb5>
  555e0a:	4c 89 f0             	mov    %r14,%rax
  555e0d:	48 c1 e0 07          	shl    $0x7,%rax
  555e11:	4a 8d 04 f0          	lea    (%rax,%r14,8),%rax
  555e15:	48 c7 84 24 f0 22 00 	movq   $0x8,0x22f0(%rsp)
  555e1c:	00 08 00 00 00 
  555e21:	48 8d 8c 24 e0 34 00 	lea    0x34e0(%rsp),%rcx
  555e28:	00 
  555e29:	eb 0a                	jmp    555e35 <fe2o3_kfd::engineering_gfx950::peer::combined_mlp_state_v1::tests::native::paired::interleaved::interleaved_exercise+0xd35>
  555e2b:	48 8d 8c 24 f0 22 00 	lea    0x22f0(%rsp),%rcx
  555e32:	00 
  555e33:	31 c0                	xor    %eax,%eax
  555e35:	48 89 01             	mov    %rax,(%rcx)
  555e38:	48 8b 94 24 f0 22 00 	mov    0x22f0(%rsp),%rdx
  555e3f:	00 
  555e40:	48 85 d2             	test   %rdx,%rdx
  555e43:	74 16                	je     555e5b <fe2o3_kfd::engineering_gfx950::peer::combined_mlp_state_v1::tests::native::paired::interleaved::interleaved_exercise+0xd5b>
  555e45:	48 8b b4 24 e0 34 00 	mov    0x34e0(%rsp),%rsi
  555e4c:	00 
  555e4d:	48 85 f6             	test   %rsi,%rsi
  555e50:	74 09                	je     555e5b <fe2o3_kfd::engineering_gfx950::peer::combined_mlp_state_v1::tests::native::paired::interleaved::interleaved_exercise+0xd5b>
  555e52:	48 89 df             	mov    %rbx,%rdi
  555e55:	ff 15 15 5a 35 00    	call   *0x355a15(%rip)        # 8ab870 <_DYNAMIC+0x2a0>
  555e5b:	ff 15 0f 5b 35 00    	call   *0x355b0f(%rip)        # 8ab970 <_DYNAMIC+0x3a0>
  555e61:	bf 18 00 00 00       	mov    $0x18,%edi
  555e66:	be 01 00 00 00       	mov    $0x1,%esi
  555e6b:	ff 15 07 5b 35 00    	call   *0x355b07(%rip)        # 8ab978 <_DYNAMIC+0x3a8>
  555e71:	48 85 c0             	test   %rax,%rax
  555e74:	0f 84 dd 0d 00 00    	je     556c57 <fe2o3_kfd::engineering_gfx950::peer::combined_mlp_state_v1::tests::native::paired::interleaved::interleaved_exercise+0x1b57>
  555e7a:	48 8d 0d 97 08 c9 ff 	lea    -0x36f769(%rip),%rcx        # 1e6718 <anon.8b450354eb9abf3bd4876638ac5342ab.148.llvm.14258636651103868718+0x78>
  555e81:	48 89 c2             	mov    %rax,%rdx
  555e84:	48 29 ca             	sub    %rcx,%rdx
  555e87:	48 29 c1             	sub    %rax,%rcx
  555e8a:	48 0f 42 ca          	cmovb  %rdx,%rcx
  555e8e:	48 83 f9 17          	cmp    $0x17,%rcx
  555e92:	0f 86 02 01 00 00    	jbe    555f9a <fe2o3_kfd::engineering_gfx950::peer::combined_mlp_state_v1::tests::native::paired::interleaved::interleaved_exercise+0xe9a>
  555e98:	0f 10 05 79 08 c9 ff 	movups -0x36f787(%rip),%xmm0        # 1e6718 <anon.8b450354eb9abf3bd4876638ac5342ab.148.llvm.14258636651103868718+0x78>
  555e9f:	0f 11 00             	movups %xmm0,(%rax)
  555ea2:	48 b9 65 6c 20 63 6f 	movabs $0x746e756f63206c65,%rcx
  555ea9:	75 6e 74 
  555eac:	48 89 48 10          	mov    %rcx,0x10(%rax)
  555eb0:	48 c7 45 08 18 00 00 	movq   $0x18,0x8(%rbp)
  555eb7:	00 
  555eb8:	48 89 45 10          	mov    %rax,0x10(%rbp)
  555ebc:	48 c7 45 18 18 00 00 	movq   $0x18,0x18(%rbp)
  555ec3:	00 
  555ec4:	e9 24 02 00 00       	jmp    5560ed <fe2o3_kfd::engineering_gfx950::peer::combined_mlp_state_v1::tests::native::paired::interleaved::interleaved_exercise+0xfed>
  555ec9:	48 89 84 24 f0 22 00 	mov    %rax,0x22f0(%rsp)
  555ed0:	00 
  555ed1:	48 89 bc 24 f8 22 00 	mov    %rdi,0x22f8(%rsp)
  555ed8:	00 
  555ed9:	48 89 9c 24 00 23 00 	mov    %rbx,0x2300(%rsp)
  555ee0:	00 
  555ee1:	48 8d bc 24 f0 22 00 	lea    0x22f0(%rsp),%rdi
  555ee8:	00 
  555ee9:	e8 f2 d3 fe ff       	call   5432e0 <fe2o3_kfd::engineering_gfx950::peer::combined_mlp_state_v1::tests::native::paired::interleaved::interleaved_exercise::{closure#2}>
  555eee:	48 8d 35 87 08 c9 ff 	lea    -0x36f779(%rip),%rsi        # 1e677c <anon.8b450354eb9abf3bd4876638ac5342ab.148.llvm.14258636651103868718+0xdc>
  555ef5:	48 8d bc 24 80 09 00 	lea    0x980(%rsp),%rdi
  555efc:	00 
  555efd:	ba 1d 00 00 00       	mov    $0x1d,%edx
  555f02:	e8 99 c9 fe ff       	call   5428a0 <<u8 as <[_]>::to_vec_in::ConvertVec>::to_vec::<alloc::alloc::Global>>
  555f07:	48 8b 84 24 90 09 00 	mov    0x990(%rsp),%rax
  555f0e:	00 
  555f0f:	48 89 45 18          	mov    %rax,0x18(%rbp)
  555f13:	0f 10 84 24 80 09 00 	movups 0x980(%rsp),%xmm0
  555f1a:	00 
  555f1b:	e9 c9 01 00 00       	jmp    5560e9 <fe2o3_kfd::engineering_gfx950::peer::combined_mlp_state_v1::tests::native::paired::interleaved::interleaved_exercise+0xfe9>
  555f20:	48 8d 3d 02 f8 c2 ff 	lea    -0x3d07fe(%rip),%rdi        # 185729 <anon.0a5bad4674fdf10050ebb7c9e1516729.53.llvm.13671472922381355981>
  555f27:	48 8d 0d 72 94 2f 00 	lea    0x2f9472(%rip),%rcx        # 84f3a0 <anon.0a5bad4674fdf10050ebb7c9e1516729.3.llvm.13671472922381355981>
  555f2e:	eb 78                	jmp    555fa8 <fe2o3_kfd::engineering_gfx950::peer::combined_mlp_state_v1::tests::native::paired::interleaved::interleaved_exercise+0xea8>
  555f30:	41 0f 10 06          	movups (%r14),%xmm0
  555f34:	41 0f 10 4e 10       	movups 0x10(%r14),%xmm1
  555f39:	0f 29 8c 24 40 03 00 	movaps %xmm1,0x340(%rsp)
  555f40:	00 
  555f41:	0f 29 84 24 30 03 00 	movaps %xmm0,0x330(%rsp)
  555f48:	00 
  555f49:	48 8d 0d 38 01 b5 ff 	lea    -0x4afec8(%rip),%rcx        # a6088 <anon.2406fbb7b358ed33b49c7914ab0281a4.531.llvm.7674273607031023430>
  555f50:	48 8d bc 24 80 09 00 	lea    0x980(%rsp),%rdi
  555f57:	00 
  555f58:	ba 01 00 00 00       	mov    $0x1,%edx
  555f5d:	41 b8 01 00 00 00    	mov    $0x1,%r8d
  555f63:	41 b9 00 40 00 00    	mov    $0x4000,%r9d
  555f69:	48 8b 74 24 18       	mov    0x18(%rsp),%rsi
  555f6e:	e8 ad 70 f4 ff       	call   49d020 <<fe2o3_kfd::engineering_gfx950::peer::Gfx950EngineeringPeerGroupV1>::allocate>
  555f73:	83 bc 24 80 09 00 00 	cmpl   $0x1,0x980(%rsp)
  555f7a:	01 
  555f7b:	75 53                	jne    555fd0 <fe2o3_kfd::engineering_gfx950::peer::combined_mlp_state_v1::tests::native::paired::interleaved::interleaved_exercise+0xed0>
  555f7d:	49 8b 46 10          	mov    0x10(%r14),%rax
  555f81:	48 89 84 24 00 23 00 	mov    %rax,0x2300(%rsp)
  555f88:	00 
  555f89:	41 0f 10 06          	movups (%r14),%xmm0
  555f8d:	0f 29 84 24 f0 22 00 	movaps %xmm0,0x22f0(%rsp)
  555f94:	00 
  555f95:	e9 4b 01 00 00       	jmp    5560e5 <fe2o3_kfd::engineering_gfx950::peer::combined_mlp_state_v1::tests::native::paired::interleaved::interleaved_exercise+0xfe5>
  555f9a:	48 8d 3d 9c 22 c9 ff 	lea    -0x36dd64(%rip),%rdi        # 1e823d <anon.8b450354eb9abf3bd4876638ac5342ab.553.llvm.14258636651103868718>
  555fa1:	48 8d 0d b0 45 30 00 	lea    0x3045b0(%rip),%rcx        # 85a558 <anon.8b450354eb9abf3bd4876638ac5342ab.9.llvm.14258636651103868718>
  555fa8:	be 37 02 00 00       	mov    $0x237,%esi
  555fad:	31 d2                	xor    %edx,%edx
  555faf:	ff 15 c3 58 35 00    	call   *0x3558c3(%rip)        # 8ab878 <_DYNAMIC+0x2a8>
  555fb5:	48 8d 3d 4b 30 cd ff 	lea    -0x32cfb5(%rip),%rdi        # 229007 <anon.74df14c9366245fb7f8cc182c4c94256.161.llvm.13877769798289706683>
  555fbc:	48 8d 0d 1d 5e 33 00 	lea    0x335e1d(%rip),%rcx        # 88bde0 <anon.74df14c9366245fb7f8cc182c4c94256.84.llvm.13877769798289706683>
  555fc3:	be 33 02 00 00       	mov    $0x233,%esi
  555fc8:	31 d2                	xor    %edx,%edx
  555fca:	ff 15 a8 58 35 00    	call   *0x3558a8(%rip)        # 8ab878 <_DYNAMIC+0x2a8>
  555fd0:	41 0f 10 06          	movups (%r14),%xmm0
  555fd4:	41 0f 10 4e 10       	movups 0x10(%r14),%xmm1
  555fd9:	0f 29 8c 24 00 23 00 	movaps %xmm1,0x2300(%rsp)
  555fe0:	00 
  555fe1:	0f 29 84 24 f0 22 00 	movaps %xmm0,0x22f0(%rsp)
  555fe8:	00 
  555fe9:	0f 11 4b 10          	movups %xmm1,0x10(%rbx)
  555fed:	0f 11 03             	movups %xmm0,(%rbx)
  555ff0:	0f 28 84 24 30 03 00 	movaps 0x330(%rsp),%xmm0
  555ff7:	00 
  555ff8:	0f 28 8c 24 40 03 00 	movaps 0x340(%rsp),%xmm1
  555fff:	00 
  556000:	0f 29 84 24 90 07 00 	movaps %xmm0,0x790(%rsp)
  556007:	00 
  556008:	0f 29 8c 24 a0 07 00 	movaps %xmm1,0x7a0(%rsp)
  55600f:	00 
  556010:	48 8d bc 24 80 09 00 	lea    0x980(%rsp),%rdi
  556017:	00 
  556018:	b9 08 00 00 00       	mov    $0x8,%ecx
  55601d:	41 b9 00 20 00 00    	mov    $0x2000,%r9d
  556023:	48 8b 74 24 18       	mov    0x18(%rsp),%rsi
  556028:	31 d2                	xor    %edx,%edx
  55602a:	45 31 c0             	xor    %r8d,%r8d
  55602d:	e8 ee 6f f4 ff       	call   49d020 <<fe2o3_kfd::engineering_gfx950::peer::Gfx950EngineeringPeerGroupV1>::allocate>
  556032:	83 bc 24 80 09 00 00 	cmpl   $0x1,0x980(%rsp)
  556039:	01 
  55603a:	75 38                	jne    556074 <fe2o3_kfd::engineering_gfx950::peer::combined_mlp_state_v1::tests::native::paired::interleaved::interleaved_exercise+0xf74>
  55603c:	49 8b 46 10          	mov    0x10(%r14),%rax
  556040:	48 89 84 24 60 03 00 	mov    %rax,0x360(%rsp)
  556047:	00 
  556048:	41 0f 10 06          	movups (%r14),%xmm0
  55604c:	0f 29 84 24 50 03 00 	movaps %xmm0,0x350(%rsp)
  556053:	00 
  556054:	e9 8c 00 00 00       	jmp    5560e5 <fe2o3_kfd::engineering_gfx950::peer::combined_mlp_state_v1::tests::native::paired::interleaved::interleaved_exercise+0xfe5>
  556059:	48 8d 3d 95 32 cd ff 	lea    -0x32cd6b(%rip),%rdi        # 2292f5 <anon.74df14c9366245fb7f8cc182c4c94256.164.llvm.13877769798289706683>
  556060:	48 8d 0d 61 5d 33 00 	lea    0x335d61(%rip),%rcx        # 88bdc8 <anon.74df14c9366245fb7f8cc182c4c94256.83.llvm.13877769798289706683>
  556067:	be 75 01 00 00       	mov    $0x175,%esi
  55606c:	31 d2                	xor    %edx,%edx
  55606e:	ff 15 04 58 35 00    	call   *0x355804(%rip)        # 8ab878 <_DYNAMIC+0x2a8>
  556074:	41 0f 10 06          	movups (%r14),%xmm0
  556078:	41 0f 10 4e 10       	movups 0x10(%r14),%xmm1
  55607d:	0f 29 8c 24 60 03 00 	movaps %xmm1,0x360(%rsp)
  556084:	00 
  556085:	0f 29 84 24 50 03 00 	movaps %xmm0,0x350(%rsp)
  55608c:	00 
  55608d:	48 8d bc 24 80 09 00 	lea    0x980(%rsp),%rdi
  556094:	00 
  556095:	ba 01 00 00 00       	mov    $0x1,%edx
  55609a:	b9 08 00 00 00       	mov    $0x8,%ecx
  55609f:	41 b9 00 20 00 00    	mov    $0x2000,%r9d
  5560a5:	48 8b 74 24 18       	mov    0x18(%rsp),%rsi
  5560aa:	45 31 c0             	xor    %r8d,%r8d
  5560ad:	e8 6e 6f f4 ff       	call   49d020 <<fe2o3_kfd::engineering_gfx950::peer::Gfx950EngineeringPeerGroupV1>::allocate>
  5560b2:	48 89 6c 24 10       	mov    %rbp,0x10(%rsp)
  5560b7:	83 bc 24 80 09 00 00 	cmpl   $0x1,0x980(%rsp)
  5560be:	01 
  5560bf:	75 35                	jne    5560f6 <fe2o3_kfd::engineering_gfx950::peer::combined_mlp_state_v1::tests::native::paired::interleaved::interleaved_exercise+0xff6>
  5560c1:	48 8d 8c 24 88 09 00 	lea    0x988(%rsp),%rcx
  5560c8:	00 
  5560c9:	48 8b 41 10          	mov    0x10(%rcx),%rax
  5560cd:	48 89 84 24 00 23 00 	mov    %rax,0x2300(%rsp)
  5560d4:	00 
  5560d5:	0f 10 01             	movups (%rcx),%xmm0
  5560d8:	0f 29 84 24 f0 22 00 	movaps %xmm0,0x22f0(%rsp)
  5560df:	00 
  5560e0:	48 8b 6c 24 10       	mov    0x10(%rsp),%rbp
  5560e5:	48 89 45 18          	mov    %rax,0x18(%rbp)
  5560e9:	0f 11 45 08          	movups %xmm0,0x8(%rbp)
  5560ed:	c6 45 00 06          	movb   $0x6,0x0(%rbp)
  5560f1:	e9 49 fb ff ff       	jmp    555c3f <fe2o3_kfd::engineering_gfx950::peer::combined_mlp_state_v1::tests::native::paired::interleaved::interleaved_exercise+0xb3f>
  5560f6:	48 8d 84 24 88 09 00 	lea    0x988(%rsp),%rax
  5560fd:	00 
  5560fe:	0f 10 00             	movups (%rax),%xmm0
  556101:	0f 10 48 10          	movups 0x10(%rax),%xmm1
  556105:	0f 29 8c 24 00 23 00 	movaps %xmm1,0x2300(%rsp)
  55610c:	00 
  55610d:	0f 29 84 24 f0 22 00 	movaps %xmm0,0x22f0(%rsp)
  556114:	00 
  556115:	48 8d 84 24 f0 07 00 	lea    0x7f0(%rsp),%rax
  55611c:	00 
  55611d:	0f 11 48 10          	movups %xmm1,0x10(%rax)
  556121:	0f 11 00             	movups %xmm0,(%rax)
  556124:	0f 28 84 24 50 03 00 	movaps 0x350(%rsp),%xmm0
  55612b:	00 
  55612c:	0f 28 8c 24 60 03 00 	movaps 0x360(%rsp),%xmm1
  556133:	00 
  556134:	0f 29 84 24 d0 07 00 	movaps %xmm0,0x7d0(%rsp)
  55613b:	00 
  55613c:	0f 29 8c 24 e0 07 00 	movaps %xmm1,0x7e0(%rsp)
  556143:	00 
  556144:	48 8d bc 24 80 09 00 	lea    0x980(%rsp),%rdi
  55614b:	00 
  55614c:	31 f6                	xor    %esi,%esi
  55614e:	e8 8d 2e f6 ff       	call   4b8fe0 <fe2o3_kfd::engineering_gfx950::peer::combined_mlp_state_v1::tests::native::paired::original_partial>
  556153:	48 8b 8c 24 88 09 00 	mov    0x988(%rsp),%rcx
  55615a:	00 
  55615b:	4c 8b 84 24 90 09 00 	mov    0x990(%rsp),%r8
  556162:	00 
  556163:	48 8d bc 24 f0 22 00 	lea    0x22f0(%rsp),%rdi
  55616a:	00 
  55616b:	48 8d 94 24 90 07 00 	lea    0x790(%rsp),%rdx
  556172:	00 
  556173:	48 8b 74 24 18       	mov    0x18(%rsp),%rsi
  556178:	e8 13 3c f6 ff       	call   4b9d90 <fe2o3_kfd::engineering_gfx950::peer::combined_mlp_state_v1::tests::native::paired::write_all>
  55617d:	48 b8 00 00 00 00 00 	movabs $0x8000000000000000,%rax
  556184:	00 00 80 
  556187:	48 39 84 24 f0 22 00 	cmp    %rax,0x22f0(%rsp)
  55618e:	00 
  55618f:	0f 85 d6 08 00 00    	jne    556a6b <fe2o3_kfd::engineering_gfx950::peer::combined_mlp_state_v1::tests::native::paired::interleaved::interleaved_exercise+0x196b>
  556195:	48 8d bc 24 80 09 00 	lea    0x980(%rsp),%rdi
  55619c:	00 
  55619d:	e8 4e e3 fd ff       	call   5344f0 <core::ptr::drop_in_place::<alloc::vec::Vec<u8>>>
  5561a2:	48 8d bc 24 80 09 00 	lea    0x980(%rsp),%rdi
  5561a9:	00 
  5561aa:	31 f6                	xor    %esi,%esi
  5561ac:	e8 8f 2e f6 ff       	call   4b9040 <fe2o3_kfd::engineering_gfx950::peer::combined_mlp_state_v1::tests::native::paired::original_residual>
  5561b1:	83 bc 24 80 09 00 00 	cmpl   $0x1,0x980(%rsp)
  5561b8:	01 
  5561b9:	0f 84 02 ff ff ff    	je     5560c1 <fe2o3_kfd::engineering_gfx950::peer::combined_mlp_state_v1::tests::native::paired::interleaved::interleaved_exercise+0xfc1>
  5561bf:	48 8d 84 24 88 09 00 	lea    0x988(%rsp),%rax
  5561c6:	00 
  5561c7:	4c 8b 40 10          	mov    0x10(%rax),%r8
  5561cb:	4c 89 84 24 00 23 00 	mov    %r8,0x2300(%rsp)
  5561d2:	00 
  5561d3:	0f 10 00             	movups (%rax),%xmm0
  5561d6:	0f 29 84 24 f0 22 00 	movaps %xmm0,0x22f0(%rsp)
  5561dd:	00 
  5561de:	0f 29 84 24 e0 34 00 	movaps %xmm0,0x34e0(%rsp)
  5561e5:	00 
  5561e6:	4c 89 84 24 f0 34 00 	mov    %r8,0x34f0(%rsp)
  5561ed:	00 
  5561ee:	48 8b 8c 24 e8 34 00 	mov    0x34e8(%rsp),%rcx
  5561f5:	00 
  5561f6:	48 8d bc 24 d0 03 00 	lea    0x3d0(%rsp),%rdi
  5561fd:	00 
  5561fe:	48 8d 94 24 d0 07 00 	lea    0x7d0(%rsp),%rdx
  556205:	00 
  556206:	48 8b 74 24 18       	mov    0x18(%rsp),%rsi
  55620b:	e8 80 3b f6 ff       	call   4b9d90 <fe2o3_kfd::engineering_gfx950::peer::combined_mlp_state_v1::tests::native::paired::write_all>
  556210:	48 b8 00 00 00 00 00 	movabs $0x8000000000000000,%rax
  556217:	00 00 80 
  55621a:	48 39 84 24 d0 03 00 	cmp    %rax,0x3d0(%rsp)
  556221:	00 
  556222:	0f 85 76 08 00 00    	jne    556a9e <fe2o3_kfd::engineering_gfx950::peer::combined_mlp_state_v1::tests::native::paired::interleaved::interleaved_exercise+0x199e>
  556228:	48 8d bc 24 f0 22 00 	lea    0x22f0(%rsp),%rdi
  55622f:	00 
  556230:	e8 bb e2 fd ff       	call   5344f0 <core::ptr::drop_in_place::<alloc::vec::Vec<u8>>>
  556235:	48 8d bc 24 80 09 00 	lea    0x980(%rsp),%rdi
  55623c:	00 
  55623d:	be 01 00 00 00       	mov    $0x1,%esi
  556242:	e8 99 2d f6 ff       	call   4b8fe0 <fe2o3_kfd::engineering_gfx950::peer::combined_mlp_state_v1::tests::native::paired::original_partial>
  556247:	48 8b 8c 24 88 09 00 	mov    0x988(%rsp),%rcx
  55624e:	00 
  55624f:	4c 8b 84 24 90 09 00 	mov    0x990(%rsp),%r8
  556256:	00 
  556257:	48 8d bc 24 f0 22 00 	lea    0x22f0(%rsp),%rdi
  55625e:	00 
  55625f:	48 8b 74 24 18       	mov    0x18(%rsp),%rsi
  556264:	48 8d 94 24 b0 07 00 	lea    0x7b0(%rsp),%rdx
  55626b:	00 
  55626c:	e8 1f 3b f6 ff       	call   4b9d90 <fe2o3_kfd::engineering_gfx950::peer::combined_mlp_state_v1::tests::native::paired::write_all>
  556271:	48 b8 00 00 00 00 00 	movabs $0x8000000000000000,%rax
  556278:	00 00 80 
  55627b:	48 39 84 24 f0 22 00 	cmp    %rax,0x22f0(%rsp)
  556282:	00 
  556283:	0f 85 e2 07 00 00    	jne    556a6b <fe2o3_kfd::engineering_gfx950::peer::combined_mlp_state_v1::tests::native::paired::interleaved::interleaved_exercise+0x196b>
  556289:	48 8d bc 24 80 09 00 	lea    0x980(%rsp),%rdi
  556290:	00 
  556291:	e8 5a e2 fd ff       	call   5344f0 <core::ptr::drop_in_place::<alloc::vec::Vec<u8>>>
  556296:	48 8d bc 24 80 09 00 	lea    0x980(%rsp),%rdi
  55629d:	00 
  55629e:	be 01 00 00 00       	mov    $0x1,%esi
  5562a3:	e8 98 2d f6 ff       	call   4b9040 <fe2o3_kfd::engineering_gfx950::peer::combined_mlp_state_v1::tests::native::paired::original_residual>
  5562a8:	80 bc 24 80 09 00 00 	cmpb   $0x0,0x980(%rsp)
  5562af:	00 
  5562b0:	0f 85 0b fe ff ff    	jne    5560c1 <fe2o3_kfd::engineering_gfx950::peer::combined_mlp_state_v1::tests::native::paired::interleaved::interleaved_exercise+0xfc1>
  5562b6:	48 8d 84 24 88 09 00 	lea    0x988(%rsp),%rax
  5562bd:	00 
  5562be:	4c 8b 40 10          	mov    0x10(%rax),%r8
  5562c2:	4c 89 84 24 00 23 00 	mov    %r8,0x2300(%rsp)
  5562c9:	00 
  5562ca:	0f 10 00             	movups (%rax),%xmm0
  5562cd:	0f 29 84 24 f0 22 00 	movaps %xmm0,0x22f0(%rsp)
  5562d4:	00 
  5562d5:	0f 29 84 24 e0 34 00 	movaps %xmm0,0x34e0(%rsp)
  5562dc:	00 
  5562dd:	4c 89 84 24 f0 34 00 	mov    %r8,0x34f0(%rsp)
  5562e4:	00 
  5562e5:	48 8b 8c 24 e8 34 00 	mov    0x34e8(%rsp),%rcx
  5562ec:	00 
  5562ed:	48 8d bc 24 d0 03 00 	lea    0x3d0(%rsp),%rdi
  5562f4:	00 
  5562f5:	48 8b 74 24 18       	mov    0x18(%rsp),%rsi
  5562fa:	48 8d 94 24 f0 07 00 	lea    0x7f0(%rsp),%rdx
  556301:	00 
  556302:	e8 89 3a f6 ff       	call   4b9d90 <fe2o3_kfd::engineering_gfx950::peer::combined_mlp_state_v1::tests::native::paired::write_all>
  556307:	48 b8 00 00 00 00 00 	movabs $0x8000000000000000,%rax
  55630e:	00 00 80 
  556311:	48 39 84 24 d0 03 00 	cmp    %rax,0x3d0(%rsp)
  556318:	00 
  556319:	0f 85 7f 07 00 00    	jne    556a9e <fe2o3_kfd::engineering_gfx950::peer::combined_mlp_state_v1::tests::native::paired::interleaved::interleaved_exercise+0x199e>
  55631f:	4c 8d ac 24 f0 22 00 	lea    0x22f0(%rsp),%r13
  556326:	00 
  556327:	4c 89 ef             	mov    %r13,%rdi
  55632a:	e8 c1 e1 fd ff       	call   5344f0 <core::ptr::drop_in_place::<alloc::vec::Vec<u8>>>
  55632f:	48 c7 84 24 80 01 00 	movq   $0x0,0x180(%rsp)
  556336:	00 00 00 00 00 
  55633b:	48 c7 84 24 88 01 00 	movq   $0x8,0x188(%rsp)
  556342:	00 08 00 00 00 
  556347:	48 c7 84 24 90 01 00 	movq   $0x0,0x190(%rsp)
  55634e:	00 00 00 00 00 
  556353:	48 c7 84 24 18 01 00 	movq   $0x0,0x118(%rsp)
  55635a:	00 00 00 00 00 
  55635f:	48 c7 84 24 20 01 00 	movq   $0x8,0x120(%rsp)
  556366:	00 08 00 00 00 
  55636b:	48 c7 84 24 28 01 00 	movq   $0x0,0x128(%rsp)
  556372:	00 00 00 00 00 
  556377:	48 8b 84 24 b8 00 00 	mov    0xb8(%rsp),%rax
  55637e:	00 
  55637f:	8b 80 b8 00 00 00    	mov    0xb8(%rax),%eax
  556385:	89 84 24 b8 00 00 00 	mov    %eax,0xb8(%rsp)
  55638c:	48 c7 44 24 68 00 00 	movq   $0x0,0x68(%rsp)
  556393:	00 00 
  556395:	48 8b 44 24 68       	mov    0x68(%rsp),%rax
  55639a:	ff c0                	inc    %eax
  55639c:	48 89 44 24 68       	mov    %rax,0x68(%rsp)
  5563a1:	48 c7 44 24 40 00 00 	movq   $0x0,0x40(%rsp)
  5563a8:	00 00 
  5563aa:	48 c7 44 24 48 08 00 	movq   $0x8,0x48(%rsp)
  5563b1:	00 00 
  5563b3:	48 c7 44 24 50 00 00 	movq   $0x0,0x50(%rsp)
  5563ba:	00 00 
  5563bc:	48 c7 84 24 78 08 00 	movq   $0x0,0x878(%rsp)
  5563c3:	00 00 00 00 00 
  5563c8:	48 c7 84 24 80 08 00 	movq   $0x8,0x880(%rsp)
  5563cf:	00 08 00 00 00 
  5563d4:	48 c7 84 24 88 08 00 	movq   $0x0,0x888(%rsp)
  5563db:	00 00 00 00 00 
  5563e0:	b0 01                	mov    $0x1,%al
  5563e2:	89 84 24 f0 00 00 00 	mov    %eax,0xf0(%rsp)
  5563e9:	31 ed                	xor    %ebp,%ebp
  5563eb:	48 c7 84 24 d0 03 00 	movq   $0x0,0x3d0(%rsp)
  5563f2:	00 00 00 00 00 
  5563f7:	48 c7 84 24 d8 03 00 	movq   $0x8,0x3d8(%rsp)
  5563fe:	00 08 00 00 00 
  556403:	48 c7 84 24 e0 03 00 	movq   $0x0,0x3e0(%rsp)
  55640a:	00 00 00 00 00 
  55640f:	49 89 ef             	mov    %rbp,%r15
  556412:	49 83 f7 01          	xor    $0x1,%r15
  556416:	45 31 e4             	xor    %r12d,%r12d
  556419:	31 db                	xor    %ebx,%ebx
  55641b:	45 31 f6             	xor    %r14d,%r14d
  55641e:	eb 44                	jmp    556464 <fe2o3_kfd::engineering_gfx950::peer::combined_mlp_state_v1::tests::native::paired::interleaved::interleaved_exercise+0x1364>
  556420:	49 ff c6             	inc    %r14
  556423:	48 8b 84 24 d8 03 00 	mov    0x3d8(%rsp),%rax
  55642a:	00 
  55642b:	48 89 d9             	mov    %rbx,%rcx
  55642e:	48 c1 e1 05          	shl    $0x5,%rcx
  556432:	0f 28 84 24 b0 02 00 	movaps 0x2b0(%rsp),%xmm0
  556439:	00 
  55643a:	0f 28 8c 24 c0 02 00 	movaps 0x2c0(%rsp),%xmm1
  556441:	00 
  556442:	0f 11 4c 08 10       	movups %xmm1,0x10(%rax,%rcx,1)
  556447:	0f 11 04 08          	movups %xmm0,(%rax,%rcx,1)
  55644b:	48 ff c3             	inc    %rbx
  55644e:	48 89 9c 24 e0 03 00 	mov    %rbx,0x3e0(%rsp)
  556455:	00 
  556456:	49 83 c4 08          	add    $0x8,%r12
  55645a:	49 83 fe 0a          	cmp    $0xa,%r14
  55645e:	0f 84 6a 01 00 00    	je     5565ce <fe2o3_kfd::engineering_gfx950::peer::combined_mlp_state_v1::tests::native::paired::interleaved::interleaved_exercise+0x14ce>
  556464:	49 8d 46 ff          	lea    -0x1(%r14),%rax
  556468:	48 83 f8 04          	cmp    $0x4,%rax
  55646c:	73 43                	jae    5564b1 <fe2o3_kfd::engineering_gfx950::peer::combined_mlp_state_v1::tests::native::paired::interleaved::interleaved_exercise+0x13b1>
  55646e:	48 8b b4 24 a8 01 00 	mov    0x1a8(%rsp),%rsi
  556475:	00 
  556476:	48 39 f5             	cmp    %rsi,%rbp
  556479:	0f 83 63 38 00 00    	jae    559ce2 <fe2o3_kfd::engineering_gfx950::peer::combined_mlp_state_v1::tests::native::paired::interleaved::interleaved_exercise+0x4be2>
  55647f:	48 8b 84 24 a0 01 00 	mov    0x1a0(%rsp),%rax
  556486:	00 
  556487:	48 c7 c1 e0 ff ff ff 	mov    $0xffffffffffffffe0,%rcx
  55648e:	48 01 c8             	add    %rcx,%rax
  556491:	42 0f 10 04 a0       	movups (%rax,%r12,4),%xmm0
  556496:	42 0f 10 4c a0 10    	movups 0x10(%rax,%r12,4),%xmm1
  55649c:	0f 29 84 24 b0 02 00 	movaps %xmm0,0x2b0(%rsp)
  5564a3:	00 
  5564a4:	0f 29 8c 24 c0 02 00 	movaps %xmm1,0x2c0(%rsp)
  5564ab:	00 
  5564ac:	e9 fd 00 00 00       	jmp    5565ae <fe2o3_kfd::engineering_gfx950::peer::combined_mlp_state_v1::tests::native::paired::interleaved::interleaved_exercise+0x14ae>
  5564b1:	49 83 fe 09          	cmp    $0x9,%r14
  5564b5:	75 18                	jne    5564cf <fe2o3_kfd::engineering_gfx950::peer::combined_mlp_state_v1::tests::native::paired::interleaved::interleaved_exercise+0x13cf>
  5564b7:	e8 d4 e4 fe ff       	call   544990 <alloc::boxed::box_new_uninit>
  5564bc:	a8 07                	test   $0x7,%al
  5564be:	0f 85 7f 38 00 00    	jne    559d43 <fe2o3_kfd::engineering_gfx950::peer::combined_mlp_state_v1::tests::native::paired::interleaved::interleaved_exercise+0x4c43>
  5564c4:	4c 89 38             	mov    %r15,(%rax)
  5564c7:	41 b8 01 00 00 00    	mov    $0x1,%r8d
  5564cd:	eb 08                	jmp    5564d7 <fe2o3_kfd::engineering_gfx950::peer::combined_mlp_state_v1::tests::native::paired::interleaved::interleaved_exercise+0x13d7>
  5564cf:	b8 08 00 00 00       	mov    $0x8,%eax
  5564d4:	45 31 c0             	xor    %r8d,%r8d
  5564d7:	4c 89 84 24 e0 34 00 	mov    %r8,0x34e0(%rsp)
  5564de:	00 
  5564df:	48 89 84 24 e8 34 00 	mov    %rax,0x34e8(%rsp)
  5564e6:	00 
  5564e7:	4c 89 84 24 f0 34 00 	mov    %r8,0x34f0(%rsp)
  5564ee:	00 
  5564ef:	48 8d 0d 52 01 c9 ff 	lea    -0x36feae(%rip),%rcx        # 1e6648 <anon.8b450354eb9abf3bd4876638ac5342ab.144.llvm.14258636651103868718>
  5564f6:	4d 8b 0c 0c          	mov    (%r12,%rcx,1),%r9
  5564fa:	48 8d bc 24 80 09 00 	lea    0x980(%rsp),%rdi
  556501:	00 
  556502:	48 8b 74 24 18       	mov    0x18(%rsp),%rsi
  556507:	48 89 ea             	mov    %rbp,%rdx
  55650a:	48 89 c1             	mov    %rax,%rcx
  55650d:	e8 0e 6b f4 ff       	call   49d020 <<fe2o3_kfd::engineering_gfx950::peer::Gfx950EngineeringPeerGroupV1>::allocate>
  556512:	83 bc 24 80 09 00 00 	cmpl   $0x1,0x980(%rsp)
  556519:	01 
  55651a:	0f 84 dd 05 00 00    	je     556afd <fe2o3_kfd::engineering_gfx950::peer::combined_mlp_state_v1::tests::native::paired::interleaved::interleaved_exercise+0x19fd>
  556520:	48 8d 84 24 88 09 00 	lea    0x988(%rsp),%rax
  556527:	00 
  556528:	0f 10 00             	movups (%rax),%xmm0
  55652b:	0f 10 48 10          	movups 0x10(%rax),%xmm1
  55652f:	0f 29 84 24 b0 02 00 	movaps %xmm0,0x2b0(%rsp)
  556536:	00 
  556537:	0f 29 8c 24 c0 02 00 	movaps %xmm1,0x2c0(%rsp)
  55653e:	00 
  55653f:	48 8d bc 24 80 09 00 	lea    0x980(%rsp),%rdi
  556546:	00 
  556547:	4c 89 f6             	mov    %r14,%rsi
  55654a:	e8 f1 32 f6 ff       	call   4b9840 <fe2o3_kfd::engineering_gfx950::peer::combined_mlp_state_v1::tests::native::paired::poison>
  55654f:	48 8b 8c 24 88 09 00 	mov    0x988(%rsp),%rcx
  556556:	00 
  556557:	4c 8b 84 24 90 09 00 	mov    0x990(%rsp),%r8
  55655e:	00 
  55655f:	4c 89 ef             	mov    %r13,%rdi
  556562:	48 8b 74 24 18       	mov    0x18(%rsp),%rsi
  556567:	48 8d 94 24 b0 02 00 	lea    0x2b0(%rsp),%rdx
  55656e:	00 
  55656f:	e8 1c 38 f6 ff       	call   4b9d90 <fe2o3_kfd::engineering_gfx950::peer::combined_mlp_state_v1::tests::native::paired::write_all>
  556574:	48 b8 00 00 00 00 00 	movabs $0x8000000000000000,%rax
  55657b:	00 00 80 
  55657e:	48 39 84 24 f0 22 00 	cmp    %rax,0x22f0(%rsp)
  556585:	00 
  556586:	0f 85 a2 05 00 00    	jne    556b2e <fe2o3_kfd::engineering_gfx950::peer::combined_mlp_state_v1::tests::native::paired::interleaved::interleaved_exercise+0x1a2e>
  55658c:	48 8d bc 24 80 09 00 	lea    0x980(%rsp),%rdi
  556593:	00 
  556594:	e8 57 df fd ff       	call   5344f0 <core::ptr::drop_in_place::<alloc::vec::Vec<u8>>>
  556599:	48 8d bc 24 e0 34 00 	lea    0x34e0(%rsp),%rdi
  5565a0:	00 
  5565a1:	e8 8a df fd ff       	call   534530 <core::ptr::drop_in_place::<alloc::vec::Vec<usize>>>
  5565a6:	48 8b 9c 24 e0 03 00 	mov    0x3e0(%rsp),%rbx
  5565ad:	00 
  5565ae:	48 3b 9c 24 d0 03 00 	cmp    0x3d0(%rsp),%rbx
  5565b5:	00 
  5565b6:	0f 85 64 fe ff ff    	jne    556420 <fe2o3_kfd::engineering_gfx950::peer::combined_mlp_state_v1::tests::native::paired::interleaved::interleaved_exercise+0x1320>
  5565bc:	48 8d bc 24 d0 03 00 	lea    0x3d0(%rsp),%rdi
  5565c3:	00 
  5565c4:	e8 67 fa 0a 00       	call   606030 <<alloc::raw_vec::RawVec<fe2o3_kfd::engineering_wire::PointerFixupV1>>::grow_one>
  5565c9:	e9 52 fe ff ff       	jmp    556420 <fe2o3_kfd::engineering_gfx950::peer::combined_mlp_state_v1::tests::native::paired::interleaved::interleaved_exercise+0x1320>
  5565ce:	48 8b 84 24 e0 03 00 	mov    0x3e0(%rsp),%rax
  5565d5:	00 
  5565d6:	48 89 84 24 00 23 00 	mov    %rax,0x2300(%rsp)
  5565dd:	00 
  5565de:	0f 10 84 24 d0 03 00 	movups 0x3d0(%rsp),%xmm0
  5565e5:	00 
  5565e6:	0f 29 84 24 f0 22 00 	movaps %xmm0,0x22f0(%rsp)
  5565ed:	00 
  5565ee:	48 8d bc 24 80 09 00 	lea    0x980(%rsp),%rdi
  5565f5:	00 
  5565f6:	4c 89 ee             	mov    %r13,%rsi
  5565f9:	e8 12 8c f6 ff       	call   4bf210 <<[fe2o3_kfd::engineering_gfx950::peer::Gfx950EngineeringPeerBufferV1; 10] as core::convert::TryFrom<alloc::vec::Vec<fe2o3_kfd::engineering_gfx950::peer::Gfx950EngineeringPeerBufferV1>>>::try_from>
  5565fe:	83 bc 24 80 09 00 00 	cmpl   $0x1,0x980(%rsp)
  556605:	01 
  556606:	0f 84 a4 05 00 00    	je     556bb0 <fe2o3_kfd::engineering_gfx950::peer::combined_mlp_state_v1::tests::native::paired::interleaved::interleaved_exercise+0x1ab0>
  55660c:	4c 8b b4 24 88 09 00 	mov    0x988(%rsp),%r14
  556613:	00 
  556614:	4c 8b a4 24 90 09 00 	mov    0x990(%rsp),%r12
  55661b:	00 
  55661c:	ba 30 01 00 00       	mov    $0x130,%edx
  556621:	48 8d bc 24 28 4b 00 	lea    0x4b28(%rsp),%rdi
  556628:	00 
  556629:	48 8d b4 24 98 09 00 	lea    0x998(%rsp),%rsi
  556630:	00 
  556631:	ff 15 31 52 35 00    	call   *0x355231(%rip)        # 8ab868 <memcpy@GLIBC_2.14>
  556637:	48 8b 5c 24 50       	mov    0x50(%rsp),%rbx
  55663c:	48 3b 5c 24 40       	cmp    0x40(%rsp),%rbx
  556641:	75 0a                	jne    55664d <fe2o3_kfd::engineering_gfx950::peer::combined_mlp_state_v1::tests::native::paired::interleaved::interleaved_exercise+0x154d>
  556643:	48 8d 7c 24 40       	lea    0x40(%rsp),%rdi
  556648:	e8 b3 f0 0a 00       	call   605700 <<alloc::raw_vec::RawVec<[fe2o3_kfd::engineering_gfx950::peer::Gfx950EngineeringPeerBufferV1; 10]>>::grow_one>
  55664d:	48 8b 44 24 48       	mov    0x48(%rsp),%rax
  556652:	48 8d 0c 9b          	lea    (%rbx,%rbx,4),%rcx
  556656:	48 c1 e1 06          	shl    $0x6,%rcx
  55665a:	4c 89 34 08          	mov    %r14,(%rax,%rcx,1)
  55665e:	4c 89 64 08 08       	mov    %r12,0x8(%rax,%rcx,1)
  556663:	48 8d 3c 08          	lea    (%rax,%rcx,1),%rdi
  556667:	48 83 c7 10          	add    $0x10,%rdi
  55666b:	ba 30 01 00 00       	mov    $0x130,%edx
  556670:	48 8d b4 24 28 4b 00 	lea    0x4b28(%rsp),%rsi
  556677:	00 
  556678:	ff 15 ea 51 35 00    	call   *0x3551ea(%rip)        # 8ab868 <memcpy@GLIBC_2.14>
  55667e:	48 ff c3             	inc    %rbx
  556681:	48 89 5c 24 50       	mov    %rbx,0x50(%rsp)
  556686:	b9 08 00 00 00       	mov    $0x8,%ecx
  55668b:	41 b9 00 20 00 00    	mov    $0x2000,%r9d
  556691:	48 8d bc 24 80 09 00 	lea    0x980(%rsp),%rdi
  556698:	00 
  556699:	48 8b 74 24 18       	mov    0x18(%rsp),%rsi
  55669e:	48 89 ea             	mov    %rbp,%rdx
  5566a1:	45 31 c0             	xor    %r8d,%r8d
  5566a4:	e8 77 69 f4 ff       	call   49d020 <<fe2o3_kfd::engineering_gfx950::peer::Gfx950EngineeringPeerGroupV1>::allocate>
  5566a9:	83 bc 24 80 09 00 00 	cmpl   $0x1,0x980(%rsp)
  5566b0:	01 
  5566b1:	0f 84 3a 05 00 00    	je     556bf1 <fe2o3_kfd::engineering_gfx950::peer::combined_mlp_state_v1::tests::native::paired::interleaved::interleaved_exercise+0x1af1>
  5566b7:	48 8d 84 24 88 09 00 	lea    0x988(%rsp),%rax
  5566be:	00 
  5566bf:	0f 10 00             	movups (%rax),%xmm0
  5566c2:	0f 10 48 10          	movups 0x10(%rax),%xmm1
  5566c6:	0f 29 84 24 90 03 00 	movaps %xmm0,0x390(%rsp)
  5566cd:	00 
  5566ce:	0f 29 8c 24 a0 03 00 	movaps %xmm1,0x3a0(%rsp)
  5566d5:	00 
  5566d6:	48 8d bc 24 80 09 00 	lea    0x980(%rsp),%rdi
  5566dd:	00 
  5566de:	31 f6                	xor    %esi,%esi
  5566e0:	e8 5b 31 f6 ff       	call   4b9840 <fe2o3_kfd::engineering_gfx950::peer::combined_mlp_state_v1::tests::native::paired::poison>
  5566e5:	48 8b 8c 24 88 09 00 	mov    0x988(%rsp),%rcx
  5566ec:	00 
  5566ed:	4c 8b 84 24 90 09 00 	mov    0x990(%rsp),%r8
  5566f4:	00 
  5566f5:	4c 89 ef             	mov    %r13,%rdi
  5566f8:	48 8b 74 24 18       	mov    0x18(%rsp),%rsi
  5566fd:	48 8d 94 24 90 03 00 	lea    0x390(%rsp),%rdx
  556704:	00 
  556705:	e8 86 36 f6 ff       	call   4b9d90 <fe2o3_kfd::engineering_gfx950::peer::combined_mlp_state_v1::tests::native::paired::write_all>
  55670a:	48 b8 00 00 00 00 00 	movabs $0x8000000000000000,%rax
  556711:	00 00 80 
  556714:	48 39 84 24 f0 22 00 	cmp    %rax,0x22f0(%rsp)
  55671b:	00 
  55671c:	0f 85 03 05 00 00    	jne    556c25 <fe2o3_kfd::engineering_gfx950::peer::combined_mlp_state_v1::tests::native::paired::interleaved::interleaved_exercise+0x1b25>
  556722:	48 8d bc 24 80 09 00 	lea    0x980(%rsp),%rdi
  556729:	00 
  55672a:	e8 c1 dd fd ff       	call   5344f0 <core::ptr::drop_in_place::<alloc::vec::Vec<u8>>>
  55672f:	48 8b 9c 24 88 08 00 	mov    0x888(%rsp),%rbx
  556736:	00 
  556737:	48 3b 9c 24 78 08 00 	cmp    0x878(%rsp),%rbx
  55673e:	00 
  55673f:	75 0d                	jne    55674e <fe2o3_kfd::engineering_gfx950::peer::combined_mlp_state_v1::tests::native::paired::interleaved::interleaved_exercise+0x164e>
  556741:	48 8d bc 24 78 08 00 	lea    0x878(%rsp),%rdi
  556748:	00 
  556749:	e8 e2 f8 0a 00       	call   606030 <<alloc::raw_vec::RawVec<fe2o3_kfd::engineering_wire::PointerFixupV1>>::grow_one>
  55674e:	48 8b 84 24 80 08 00 	mov    0x880(%rsp),%rax
  556755:	00 
  556756:	48 89 d9             	mov    %rbx,%rcx
  556759:	48 c1 e1 05          	shl    $0x5,%rcx
  55675d:	0f 28 84 24 90 03 00 	movaps 0x390(%rsp),%xmm0
  556764:	00 
  556765:	0f 28 8c 24 a0 03 00 	movaps 0x3a0(%rsp),%xmm1
  55676c:	00 
  55676d:	0f 11 4c 08 10       	movups %xmm1,0x10(%rax,%rcx,1)
  556772:	0f 11 04 08          	movups %xmm0,(%rax,%rcx,1)
  556776:	48 ff c3             	inc    %rbx
  556779:	48 89 9c 24 88 08 00 	mov    %rbx,0x888(%rsp)
  556780:	00 
  556781:	bd 01 00 00 00       	mov    $0x1,%ebp
  556786:	f6 84 24 f0 00 00 00 	testb  $0x1,0xf0(%rsp)
  55678d:	01 
  55678e:	c7 84 24 f0 00 00 00 	movl   $0x0,0xf0(%rsp)
  556795:	00 00 00 00 
  556799:	0f 85 4c fc ff ff    	jne    5563eb <fe2o3_kfd::engineering_gfx950::peer::combined_mlp_state_v1::tests::native::paired::interleaved::interleaved_exercise+0x12eb>
  55679f:	48 8b 44 24 50       	mov    0x50(%rsp),%rax
  5567a4:	48 89 84 24 00 23 00 	mov    %rax,0x2300(%rsp)
  5567ab:	00 
  5567ac:	0f 10 44 24 40       	movups 0x40(%rsp),%xmm0
  5567b1:	0f 29 84 24 f0 22 00 	movaps %xmm0,0x22f0(%rsp)
  5567b8:	00 
  5567b9:	48 8d bc 24 80 09 00 	lea    0x980(%rsp),%rdi
  5567c0:	00 
  5567c1:	4c 89 ee             	mov    %r13,%rsi
  5567c4:	e8 67 87 f6 ff       	call   4bef30 <<[[fe2o3_kfd::engineering_gfx950::peer::Gfx950EngineeringPeerBufferV1; 10]; 2] as core::convert::TryFrom<alloc::vec::Vec<[fe2o3_kfd::engineering_gfx950::peer::Gfx950EngineeringPeerBufferV1; 10]>>>::try_from>
  5567c9:	83 bc 24 80 09 00 00 	cmpl   $0x1,0x980(%rsp)
  5567d0:	01 
  5567d1:	0f 84 95 04 00 00    	je     556c6c <fe2o3_kfd::engineering_gfx950::peer::combined_mlp_state_v1::tests::native::paired::interleaved::interleaved_exercise+0x1b6c>
  5567d7:	48 8b 9c 24 88 09 00 	mov    0x988(%rsp),%rbx
  5567de:	00 
  5567df:	4c 8b b4 24 90 09 00 	mov    0x990(%rsp),%r14
  5567e6:	00 
  5567e7:	ba 70 02 00 00       	mov    $0x270,%edx
  5567ec:	48 8d bc 24 58 4c 00 	lea    0x4c58(%rsp),%rdi
  5567f3:	00 
  5567f4:	48 8d b4 24 98 09 00 	lea    0x998(%rsp),%rsi
  5567fb:	00 
  5567fc:	ff 15 66 50 35 00    	call   *0x355066(%rip)        # 8ab868 <memcpy@GLIBC_2.14>
  556802:	48 8b 84 24 88 08 00 	mov    0x888(%rsp),%rax
  556809:	00 
  55680a:	48 89 84 24 00 23 00 	mov    %rax,0x2300(%rsp)
  556811:	00 
  556812:	0f 10 84 24 78 08 00 	movups 0x878(%rsp),%xmm0
  556819:	00 
  55681a:	0f 29 84 24 f0 22 00 	movaps %xmm0,0x22f0(%rsp)
  556821:	00 
  556822:	48 8d bc 24 80 09 00 	lea    0x980(%rsp),%rdi
  556829:	00 
  55682a:	4c 89 ee             	mov    %r13,%rsi
  55682d:	e8 ee 88 f6 ff       	call   4bf120 <<[fe2o3_kfd::engineering_gfx950::peer::Gfx950EngineeringPeerBufferV1; 2] as core::convert::TryFrom<alloc::vec::Vec<fe2o3_kfd::engineering_gfx950::peer::Gfx950EngineeringPeerBufferV1>>>::try_from>
  556832:	83 bc 24 80 09 00 00 	cmpl   $0x1,0x980(%rsp)
  556839:	01 
  55683a:	0f 84 84 04 00 00    	je     556cc4 <fe2o3_kfd::engineering_gfx950::peer::combined_mlp_state_v1::tests::native::paired::interleaved::interleaved_exercise+0x1bc4>
  556840:	0f 10 84 24 88 09 00 	movups 0x988(%rsp),%xmm0
  556847:	00 
  556848:	0f 29 84 24 f0 00 00 	movaps %xmm0,0xf0(%rsp)
  55684f:	00 
  556850:	48 8d 84 24 98 09 00 	lea    0x998(%rsp),%rax
  556857:	00 
  556858:	0f 10 00             	movups (%rax),%xmm0
  55685b:	0f 10 48 10          	movups 0x10(%rax),%xmm1
  55685f:	0f 10 50 20          	movups 0x20(%rax),%xmm2
  556863:	48 8d bc 24 78 48 00 	lea    0x4878(%rsp),%rdi
  55686a:	00 
  55686b:	0f 11 87 80 02 00 00 	movups %xmm0,0x280(%rdi)
  556872:	0f 11 8f 90 02 00 00 	movups %xmm1,0x290(%rdi)
  556879:	0f 11 97 a0 02 00 00 	movups %xmm2,0x2a0(%rdi)
  556880:	48 89 9c 24 68 48 00 	mov    %rbx,0x4868(%rsp)
  556887:	00 
  556888:	4c 89 b4 24 70 48 00 	mov    %r14,0x4870(%rsp)
  55688f:	00 
  556890:	ba 70 02 00 00       	mov    $0x270,%edx
  556895:	48 8d b4 24 58 4c 00 	lea    0x4c58(%rsp),%rsi
  55689c:	00 
  55689d:	ff 15 c5 4f 35 00    	call   *0x354fc5(%rip)        # 8ab868 <memcpy@GLIBC_2.14>
  5568a3:	0f 28 84 24 f0 00 00 	movaps 0xf0(%rsp),%xmm0
  5568aa:	00 
  5568ab:	0f 11 84 24 e8 4a 00 	movups %xmm0,0x4ae8(%rsp)
  5568b2:	00 
  5568b3:	48 8b b4 24 08 01 00 	mov    0x108(%rsp),%rsi
  5568ba:	00 
  5568bb:	48 8b 94 24 10 01 00 	mov    0x110(%rsp),%rdx
  5568c2:	00 
  5568c3:	48 8b 84 24 e0 01 00 	mov    0x1e0(%rsp),%rax
  5568ca:	00 
  5568cb:	48 89 04 24          	mov    %rax,(%rsp)
  5568cf:	4c 89 ef             	mov    %r13,%rdi
  5568d2:	48 8d 8c 24 68 48 00 	lea    0x4868(%rsp),%rcx
  5568d9:	00 
  5568da:	4c 8d 84 24 90 07 00 	lea    0x790(%rsp),%r8
  5568e1:	00 
  5568e2:	4c 8d 8c 24 d0 07 00 	lea    0x7d0(%rsp),%r9
  5568e9:	00 
  5568ea:	e8 b1 45 00 00       	call   55aea0 <fe2o3_kfd::engineering_gfx950::peer::combined_mlp_state_v1::tests::native::paired::interleaved::inputs>
  5568ef:	48 8d bc 24 80 09 00 	lea    0x980(%rsp),%rdi
  5568f6:	00 
  5568f7:	48 8b 74 24 18       	mov    0x18(%rsp),%rsi
  5568fc:	4c 89 ea             	mov    %r13,%rdx
  5568ff:	8b 8c 24 b8 00 00 00 	mov    0xb8(%rsp),%ecx
  556906:	e8 c5 0b f4 ff       	call   4974d0 <<fe2o3_kfd::engineering_gfx950::peer::combined_mlp_state_v1::paired::retained::RetainedPair>::allocate>
  55690b:	48 8b 9c 24 80 09 00 	mov    0x980(%rsp),%rbx
  556912:	00 
  556913:	48 8d 84 24 88 09 00 	lea    0x988(%rsp),%rax
  55691a:	00 
  55691b:	0f 10 00             	movups (%rax),%xmm0
  55691e:	0f 29 84 24 e0 34 00 	movaps %xmm0,0x34e0(%rsp)
  556925:	00 
  556926:	48 8b 40 10          	mov    0x10(%rax),%rax
  55692a:	48 89 84 24 f0 34 00 	mov    %rax,0x34f0(%rsp)
  556931:	00 
  556932:	48 83 fb 03          	cmp    $0x3,%rbx
  556936:	0f 84 c9 03 00 00    	je     556d05 <fe2o3_kfd::engineering_gfx950::peer::combined_mlp_state_v1::tests::native::paired::interleaved::interleaved_exercise+0x1c05>
  55693c:	ba e8 18 00 00       	mov    $0x18e8,%edx
  556941:	48 8d bc 24 e8 4e 00 	lea    0x4ee8(%rsp),%rdi
  556948:	00 
  556949:	48 8d b4 24 a0 09 00 	lea    0x9a0(%rsp),%rsi
  556950:	00 
  556951:	ff 15 11 4f 35 00    	call   *0x354f11(%rip)        # 8ab868 <memcpy@GLIBC_2.14>
  556957:	48 89 9c 24 c8 4e 00 	mov    %rbx,0x4ec8(%rsp)
  55695e:	00 
  55695f:	48 8b 84 24 f0 34 00 	mov    0x34f0(%rsp),%rax
  556966:	00 
  556967:	48 8d 8c 24 d0 4e 00 	lea    0x4ed0(%rsp),%rcx
  55696e:	00 
  55696f:	48 89 41 10          	mov    %rax,0x10(%rcx)
  556973:	0f 28 84 24 e0 34 00 	movaps 0x34e0(%rsp),%xmm0
  55697a:	00 
  55697b:	0f 11 01             	movups %xmm0,(%rcx)
  55697e:	48 8d bc 24 18 01 00 	lea    0x118(%rsp),%rdi
  556985:	00 
  556986:	48 8d b4 24 c8 4e 00 	lea    0x4ec8(%rsp),%rsi
  55698d:	00 
  55698e:	e8 9d df fe ff       	call   544930 <<alloc::vec::Vec<fe2o3_kfd::engineering_gfx950::peer::combined_mlp_state_v1::paired::retained::RetainedPair>>::push_mut>
  556993:	48 8b 9c 24 90 01 00 	mov    0x190(%rsp),%rbx
  55699a:	00 
  55699b:	48 3b 9c 24 80 01 00 	cmp    0x180(%rsp),%rbx
  5569a2:	00 
  5569a3:	75 0d                	jne    5569b2 <fe2o3_kfd::engineering_gfx950::peer::combined_mlp_state_v1::tests::native::paired::interleaved::interleaved_exercise+0x18b2>
  5569a5:	48 8d bc 24 80 01 00 	lea    0x180(%rsp),%rdi
  5569ac:	00 
  5569ad:	e8 7e fd 0a 00       	call   606730 <<alloc::raw_vec::RawVec<fe2o3_kfd::engineering_gfx950::peer::combined_mlp_state_v1::tests::native::paired::interleaved::Payloads>>::grow_one>
  5569b2:	48 69 fb c0 02 00 00 	imul   $0x2c0,%rbx,%rdi
  5569b9:	48 03 bc 24 88 01 00 	add    0x188(%rsp),%rdi
  5569c0:	00 
  5569c1:	ba c0 02 00 00       	mov    $0x2c0,%edx
  5569c6:	48 8d b4 24 68 48 00 	lea    0x4868(%rsp),%rsi
  5569cd:	00 
  5569ce:	ff 15 94 4e 35 00    	call   *0x354e94(%rip)        # 8ab868 <memcpy@GLIBC_2.14>
  5569d4:	48 ff c3             	inc    %rbx
  5569d7:	48 89 9c 24 90 01 00 	mov    %rbx,0x190(%rsp)
  5569de:	00 
  5569df:	83 7c 24 68 04       	cmpl   $0x4,0x68(%rsp)
  5569e4:	0f 85 ab f9 ff ff    	jne    556395 <fe2o3_kfd::engineering_gfx950::peer::combined_mlp_state_v1::tests::native::paired::interleaved::interleaved_exercise+0x1295>
  5569ea:	48 c7 84 24 78 08 00 	movq   $0x0,0x878(%rsp)
  5569f1:	00 00 00 00 00 
  5569f6:	48 8b 94 24 20 01 00 	mov    0x120(%rsp),%rdx
  5569fd:	00 
  5569fe:	48 8b 8c 24 28 01 00 	mov    0x128(%rsp),%rcx
  556a05:	00 
  556a06:	8b 84 24 b8 00 00 00 	mov    0xb8(%rsp),%eax
  556a0d:	89 04 24             	mov    %eax,(%rsp)
  556a10:	48 8d bc 24 80 09 00 	lea    0x980(%rsp),%rdi
  556a17:	00 
  556a18:	4c 8d 84 24 78 08 00 	lea    0x878(%rsp),%r8
  556a1f:	00 
  556a20:	48 8b 74 24 18       	mov    0x18(%rsp),%rsi
  556a25:	45 31 c9             	xor    %r9d,%r9d
  556a28:	e8 93 c0 ff ff       	call   552ac0 <fe2o3_kfd::engineering_gfx950::peer::combined_mlp_state_v1::tests::native::paired::interleaved::observe_pairs>
  556a2d:	0f b6 84 24 80 09 00 	movzbl 0x980(%rsp),%eax
  556a34:	00 
  556a35:	3c 06                	cmp    $0x6,%al
  556a37:	0f 85 ed 02 00 00    	jne    556d2a <fe2o3_kfd::engineering_gfx950::peer::combined_mlp_state_v1::tests::native::paired::interleaved::interleaved_exercise+0x1c2a>
  556a3d:	48 8b 84 24 98 09 00 	mov    0x998(%rsp),%rax
  556a44:	00 
  556a45:	48 89 84 24 07 23 00 	mov    %rax,0x2307(%rsp)
  556a4c:	00 
  556a4d:	0f 10 84 24 88 09 00 	movups 0x988(%rsp),%xmm0
  556a54:	00 
  556a55:	0f 11 84 24 f7 22 00 	movups %xmm0,0x22f7(%rsp)
  556a5c:	00 
  556a5d:	48 8b 4c 24 10       	mov    0x10(%rsp),%rcx
  556a62:	48 89 41 18          	mov    %rax,0x18(%rcx)
  556a66:	e9 b3 02 00 00       	jmp    556d1e <fe2o3_kfd::engineering_gfx950::peer::combined_mlp_state_v1::tests::native::paired::interleaved::interleaved_exercise+0x1c1e>
  556a6b:	48 8b 84 24 00 23 00 	mov    0x2300(%rsp),%rax
  556a72:	00 
  556a73:	48 8b 6c 24 10       	mov    0x10(%rsp),%rbp
  556a78:	48 89 45 18          	mov    %rax,0x18(%rbp)
  556a7c:	0f 10 84 24 f0 22 00 	movups 0x22f0(%rsp),%xmm0
  556a83:	00 
  556a84:	0f 11 45 08          	movups %xmm0,0x8(%rbp)
  556a88:	c6 45 00 06          	movb   $0x6,0x0(%rbp)
  556a8c:	48 8d bc 24 80 09 00 	lea    0x980(%rsp),%rdi
  556a93:	00 
  556a94:	e8 57 da fd ff       	call   5344f0 <core::ptr::drop_in_place::<alloc::vec::Vec<u8>>>
  556a99:	e9 a1 f1 ff ff       	jmp    555c3f <fe2o3_kfd::engineering_gfx950::peer::combined_mlp_state_v1::tests::native::paired::interleaved::interleaved_exercise+0xb3f>
  556a9e:	48 8b 84 24 e0 03 00 	mov    0x3e0(%rsp),%rax
  556aa5:	00 
  556aa6:	48 8b 6c 24 10       	mov    0x10(%rsp),%rbp
  556aab:	48 89 45 18          	mov    %rax,0x18(%rbp)
  556aaf:	0f 10 84 24 d0 03 00 	movups 0x3d0(%rsp),%xmm0
  556ab6:	00 
  556ab7:	0f 11 45 08          	movups %xmm0,0x8(%rbp)
  556abb:	c6 45 00 06          	movb   $0x6,0x0(%rbp)
  556abf:	48 8d bc 24 e0 34 00 	lea    0x34e0(%rsp),%rdi
  556ac6:	00 
  556ac7:	e8 24 da fd ff       	call   5344f0 <core::ptr::drop_in_place::<alloc::vec::Vec<u8>>>
  556acc:	e9 6e f1 ff ff       	jmp    555c3f <fe2o3_kfd::engineering_gfx950::peer::combined_mlp_state_v1::tests::native::paired::interleaved::interleaved_exercise+0xb3f>
  556ad1:	48 8d 15 a8 52 30 00 	lea    0x3052a8(%rip),%rdx        # 85bd80 <anon.8b450354eb9abf3bd4876638ac5342ab.389.llvm.14258636651103868718+0x228>
  556ad8:	be 03 00 00 00       	mov    $0x3,%esi
  556add:	4c 89 f7             	mov    %r14,%rdi
  556ae0:	ff 15 5a 4d 35 00    	call   *0x354d5a(%rip)        # 8ab840 <_DYNAMIC+0x270>
  556ae6:	e9 99 3b 00 00       	jmp    55a684 <fe2o3_kfd::engineering_gfx950::peer::combined_mlp_state_v1::tests::native::paired::interleaved::interleaved_exercise+0x5584>
  556aeb:	4c 89 b4 24 40 01 00 	mov    %r14,0x140(%rsp)
  556af2:	00 
  556af3:	bf 01 00 00 00       	mov    $0x1,%edi
  556af8:	e9 cc ef ff ff       	jmp    555ac9 <fe2o3_kfd::engineering_gfx950::peer::combined_mlp_state_v1::tests::native::paired::interleaved::interleaved_exercise+0x9c9>
  556afd:	48 8d 8c 24 88 09 00 	lea    0x988(%rsp),%rcx
  556b04:	00 
  556b05:	48 8b 41 10          	mov    0x10(%rcx),%rax
  556b09:	48 89 84 24 00 23 00 	mov    %rax,0x2300(%rsp)
  556b10:	00 
  556b11:	0f 10 01             	movups (%rcx),%xmm0
  556b14:	0f 29 84 24 f0 22 00 	movaps %xmm0,0x22f0(%rsp)
  556b1b:	00 
  556b1c:	48 8b 4c 24 10       	mov    0x10(%rsp),%rcx
  556b21:	48 89 41 18          	mov    %rax,0x18(%rcx)
  556b25:	0f 11 41 08          	movups %xmm0,0x8(%rcx)
  556b29:	c6 01 06             	movb   $0x6,(%rcx)
  556b2c:	eb 2d                	jmp    556b5b <fe2o3_kfd::engineering_gfx950::peer::combined_mlp_state_v1::tests::native::paired::interleaved::interleaved_exercise+0x1a5b>
  556b2e:	48 8b 84 24 00 23 00 	mov    0x2300(%rsp),%rax
  556b35:	00 
  556b36:	48 8b 4c 24 10       	mov    0x10(%rsp),%rcx
  556b3b:	48 89 41 18          	mov    %rax,0x18(%rcx)
  556b3f:	0f 10 84 24 f0 22 00 	movups 0x22f0(%rsp),%xmm0
  556b46:	00 
  556b47:	0f 11 41 08          	movups %xmm0,0x8(%rcx)
  556b4b:	c6 01 06             	movb   $0x6,(%rcx)
  556b4e:	48 8d bc 24 80 09 00 	lea    0x980(%rsp),%rdi
  556b55:	00 
  556b56:	e8 95 d9 fd ff       	call   5344f0 <core::ptr::drop_in_place::<alloc::vec::Vec<u8>>>
  556b5b:	48 8d bc 24 e0 34 00 	lea    0x34e0(%rsp),%rdi
  556b62:	00 
  556b63:	e8 c8 d9 fd ff       	call   534530 <core::ptr::drop_in_place::<alloc::vec::Vec<usize>>>
  556b68:	48 8d bc 24 d0 03 00 	lea    0x3d0(%rsp),%rdi
  556b6f:	00 
  556b70:	e8 fb d6 fd ff       	call   534270 <core::ptr::drop_in_place::<alloc::vec::Vec<fe2o3_kfd::queue::dispatch_binding::CompletedSnapshotRangeV1>>>
  556b75:	48 8d bc 24 78 08 00 	lea    0x878(%rsp),%rdi
  556b7c:	00 
  556b7d:	e8 ee d6 fd ff       	call   534270 <core::ptr::drop_in_place::<alloc::vec::Vec<fe2o3_kfd::queue::dispatch_binding::CompletedSnapshotRangeV1>>>
  556b82:	48 8d 7c 24 40       	lea    0x40(%rsp),%rdi
  556b87:	e8 34 d2 fd ff       	call   533dc0 <core::ptr::drop_in_place::<alloc::vec::Vec<[fe2o3_kfd::engineering_gfx950::peer::Gfx950EngineeringPeerBufferV1; 10]>>>
  556b8c:	48 8d bc 24 18 01 00 	lea    0x118(%rsp),%rdi
  556b93:	00 
  556b94:	e8 77 d7 fd ff       	call   534310 <core::ptr::drop_in_place::<alloc::vec::Vec<fe2o3_kfd::engineering_gfx950::peer::combined_mlp_state_v1::paired::retained::RetainedPair>>>
  556b99:	48 8d bc 24 80 01 00 	lea    0x180(%rsp),%rdi
  556ba0:	00 
  556ba1:	e8 9a d8 fd ff       	call   534440 <core::ptr::drop_in_place::<alloc::vec::Vec<fe2o3_kfd::engineering_gfx950::peer::combined_mlp_state_v1::tests::native::paired::interleaved::Payloads>>>
  556ba6:	48 8b 6c 24 10       	mov    0x10(%rsp),%rbp
  556bab:	e9 8f f0 ff ff       	jmp    555c3f <fe2o3_kfd::engineering_gfx950::peer::combined_mlp_state_v1::tests::native::paired::interleaved::interleaved_exercise+0xb3f>
  556bb0:	48 8d bc 24 88 09 00 	lea    0x988(%rsp),%rdi
  556bb7:	00 
  556bb8:	e8 23 c7 fe ff       	call   5432e0 <fe2o3_kfd::engineering_gfx950::peer::combined_mlp_state_v1::tests::native::paired::interleaved::interleaved_exercise::{closure#2}>
  556bbd:	48 8d 35 6c fb c8 ff 	lea    -0x370494(%rip),%rsi        # 1e6730 <anon.8b450354eb9abf3bd4876638ac5342ab.148.llvm.14258636651103868718+0x90>
  556bc4:	48 8d bc 24 80 09 00 	lea    0x980(%rsp),%rdi
  556bcb:	00 
  556bcc:	ba 1e 00 00 00       	mov    $0x1e,%edx
  556bd1:	e8 ca bc fe ff       	call   5428a0 <<u8 as <[_]>::to_vec_in::ConvertVec>::to_vec::<alloc::alloc::Global>>
  556bd6:	48 8b 84 24 90 09 00 	mov    0x990(%rsp),%rax
  556bdd:	00 
  556bde:	48 8b 4c 24 10       	mov    0x10(%rsp),%rcx
  556be3:	48 89 41 18          	mov    %rax,0x18(%rcx)
  556be7:	0f 10 84 24 80 09 00 	movups 0x980(%rsp),%xmm0
  556bee:	00 
  556bef:	eb 28                	jmp    556c19 <fe2o3_kfd::engineering_gfx950::peer::combined_mlp_state_v1::tests::native::paired::interleaved::interleaved_exercise+0x1b19>
  556bf1:	48 8d 8c 24 88 09 00 	lea    0x988(%rsp),%rcx
  556bf8:	00 
  556bf9:	48 8b 41 10          	mov    0x10(%rcx),%rax
  556bfd:	48 89 84 24 00 23 00 	mov    %rax,0x2300(%rsp)
  556c04:	00 
  556c05:	0f 10 01             	movups (%rcx),%xmm0
  556c08:	0f 29 84 24 f0 22 00 	movaps %xmm0,0x22f0(%rsp)
  556c0f:	00 
  556c10:	48 8b 4c 24 10       	mov    0x10(%rsp),%rcx
  556c15:	48 89 41 18          	mov    %rax,0x18(%rcx)
  556c19:	0f 11 41 08          	movups %xmm0,0x8(%rcx)
  556c1d:	c6 01 06             	movb   $0x6,(%rcx)
  556c20:	e9 50 ff ff ff       	jmp    556b75 <fe2o3_kfd::engineering_gfx950::peer::combined_mlp_state_v1::tests::native::paired::interleaved::interleaved_exercise+0x1a75>
  556c25:	48 8b 84 24 00 23 00 	mov    0x2300(%rsp),%rax
  556c2c:	00 
  556c2d:	48 8b 4c 24 10       	mov    0x10(%rsp),%rcx
  556c32:	48 89 41 18          	mov    %rax,0x18(%rcx)
  556c36:	0f 10 84 24 f0 22 00 	movups 0x22f0(%rsp),%xmm0
  556c3d:	00 
  556c3e:	0f 11 41 08          	movups %xmm0,0x8(%rcx)
  556c42:	c6 01 06             	movb   $0x6,(%rcx)
  556c45:	48 8d bc 24 80 09 00 	lea    0x980(%rsp),%rdi
  556c4c:	00 
  556c4d:	e8 9e d8 fd ff       	call   5344f0 <core::ptr::drop_in_place::<alloc::vec::Vec<u8>>>
  556c52:	e9 1e ff ff ff       	jmp    556b75 <fe2o3_kfd::engineering_gfx950::peer::combined_mlp_state_v1::tests::native::paired::interleaved::interleaved_exercise+0x1a75>
  556c57:	bf 01 00 00 00       	mov    $0x1,%edi
  556c5c:	be 18 00 00 00       	mov    $0x18,%esi
  556c61:	ff 15 21 4d 35 00    	call   *0x354d21(%rip)        # 8ab988 <_DYNAMIC+0x3b8>
  556c67:	e9 18 3a 00 00       	jmp    55a684 <fe2o3_kfd::engineering_gfx950::peer::combined_mlp_state_v1::tests::native::paired::interleaved::interleaved_exercise+0x5584>
  556c6c:	48 8d bc 24 88 09 00 	lea    0x988(%rsp),%rdi
  556c73:	00 
  556c74:	e8 07 c7 fe ff       	call   543380 <fe2o3_kfd::engineering_gfx950::peer::combined_mlp_state_v1::tests::native::paired::interleaved::interleaved_exercise::{closure#3}>
  556c79:	48 8d 35 ce fa c8 ff 	lea    -0x370532(%rip),%rsi        # 1e674e <anon.8b450354eb9abf3bd4876638ac5342ab.148.llvm.14258636651103868718+0xae>
  556c80:	48 8d bc 24 80 09 00 	lea    0x980(%rsp),%rdi
  556c87:	00 
  556c88:	ba 16 00 00 00       	mov    $0x16,%edx
  556c8d:	e8 0e bc fe ff       	call   5428a0 <<u8 as <[_]>::to_vec_in::ConvertVec>::to_vec::<alloc::alloc::Global>>
  556c92:	48 8b 84 24 90 09 00 	mov    0x990(%rsp),%rax
  556c99:	00 
  556c9a:	48 8b 4c 24 10       	mov    0x10(%rsp),%rcx
  556c9f:	48 89 41 18          	mov    %rax,0x18(%rcx)
  556ca3:	0f 10 84 24 80 09 00 	movups 0x980(%rsp),%xmm0
  556caa:	00 
  556cab:	0f 11 41 08          	movups %xmm0,0x8(%rcx)
  556caf:	c6 01 06             	movb   $0x6,(%rcx)
  556cb2:	48 8d bc 24 78 08 00 	lea    0x878(%rsp),%rdi
  556cb9:	00 
  556cba:	e8 b1 d5 fd ff       	call   534270 <core::ptr::drop_in_place::<alloc::vec::Vec<fe2o3_kfd::queue::dispatch_binding::CompletedSnapshotRangeV1>>>
  556cbf:	e9 c8 fe ff ff       	jmp    556b8c <fe2o3_kfd::engineering_gfx950::peer::combined_mlp_state_v1::tests::native::paired::interleaved::interleaved_exercise+0x1a8c>
  556cc4:	48 8d bc 24 88 09 00 	lea    0x988(%rsp),%rdi
  556ccb:	00 
  556ccc:	e8 0f c6 fe ff       	call   5432e0 <fe2o3_kfd::engineering_gfx950::peer::combined_mlp_state_v1::tests::native::paired::interleaved::interleaved_exercise::{closure#2}>
  556cd1:	48 8d 35 8c fa c8 ff 	lea    -0x370574(%rip),%rsi        # 1e6764 <anon.8b450354eb9abf3bd4876638ac5342ab.148.llvm.14258636651103868718+0xc4>
  556cd8:	48 8d bc 24 80 09 00 	lea    0x980(%rsp),%rdi
  556cdf:	00 
  556ce0:	ba 18 00 00 00       	mov    $0x18,%edx
  556ce5:	e8 b6 bb fe ff       	call   5428a0 <<u8 as <[_]>::to_vec_in::ConvertVec>::to_vec::<alloc::alloc::Global>>
  556cea:	48 8b 84 24 90 09 00 	mov    0x990(%rsp),%rax
  556cf1:	00 
  556cf2:	48 8b 4c 24 10       	mov    0x10(%rsp),%rcx
  556cf7:	48 89 41 18          	mov    %rax,0x18(%rcx)
  556cfb:	0f 10 84 24 80 09 00 	movups 0x980(%rsp),%xmm0
  556d02:	00 
  556d03:	eb 19                	jmp    556d1e <fe2o3_kfd::engineering_gfx950::peer::combined_mlp_state_v1::tests::native::paired::interleaved::interleaved_exercise+0x1c1e>
  556d05:	48 8b 84 24 f0 34 00 	mov    0x34f0(%rsp),%rax
  556d0c:	00 
  556d0d:	48 8b 4c 24 10       	mov    0x10(%rsp),%rcx
  556d12:	48 89 41 18          	mov    %rax,0x18(%rcx)
  556d16:	0f 28 84 24 e0 34 00 	movaps 0x34e0(%rsp),%xmm0
  556d1d:	00 
  556d1e:	0f 11 41 08          	movups %xmm0,0x8(%rcx)
  556d22:	c6 01 06             	movb   $0x6,(%rcx)
  556d25:	e9 62 fe ff ff       	jmp    556b8c <fe2o3_kfd::engineering_gfx950::peer::combined_mlp_state_v1::tests::native::paired::interleaved::interleaved_exercise+0x1a8c>
  556d2a:	0f 10 84 24 81 09 00 	movups 0x981(%rsp),%xmm0
  556d31:	00 
  556d32:	0f 10 8c 24 90 09 00 	movups 0x990(%rsp),%xmm1
  556d39:	00 
  556d3a:	0f 11 8c 24 ff 22 00 	movups %xmm1,0x22ff(%rsp)
  556d41:	00 
  556d42:	0f 29 84 24 f0 22 00 	movaps %xmm0,0x22f0(%rsp)
  556d49:	00 
  556d4a:	0f 28 84 24 f0 22 00 	movaps 0x22f0(%rsp),%xmm0
  556d51:	00 
  556d52:	0f 11 84 24 d1 02 00 	movups %xmm0,0x2d1(%rsp)
  556d59:	00 
  556d5a:	0f 10 84 24 ff 22 00 	movups 0x22ff(%rsp),%xmm0
  556d61:	00 
  556d62:	0f 11 84 24 e0 02 00 	movups %xmm0,0x2e0(%rsp)
  556d69:	00 
  556d6a:	88 84 24 d0 02 00 00 	mov    %al,0x2d0(%rsp)
  556d71:	c7 84 24 10 03 00 00 	movl   $0x0,0x310(%rsp)
  556d78:	00 00 00 00 
  556d7c:	c7 84 24 18 03 00 00 	movl   $0x0,0x318(%rsp)
  556d83:	00 00 00 00 
  556d87:	c7 84 24 20 03 00 00 	movl   $0x0,0x320(%rsp)
  556d8e:	00 00 00 00 
  556d92:	c7 84 24 28 03 00 00 	movl   $0x0,0x328(%rsp)
  556d99:	00 00 00 00 
  556d9d:	48 c7 84 24 f8 01 00 	movq   $0x0,0x1f8(%rsp)
  556da4:	00 00 00 00 00 
  556da9:	48 c7 84 24 00 02 00 	movq   $0x8,0x200(%rsp)
  556db0:	00 08 00 00 00 
  556db5:	48 c7 84 24 08 02 00 	movq   $0x0,0x208(%rsp)
  556dbc:	00 00 00 00 00 
  556dc1:	48 c7 44 24 68 00 00 	movq   $0x0,0x68(%rsp)
  556dc8:	00 00 
  556dca:	4c 8d bc 24 f0 22 00 	lea    0x22f0(%rsp),%r15
  556dd1:	00 
  556dd2:	48 8d 05 8f 4e 30 00 	lea    0x304e8f(%rip),%rax        # 85bc68 <anon.8b450354eb9abf3bd4876638ac5342ab.389.llvm.14258636651103868718+0x110>
  556dd9:	48 89 84 24 e8 01 00 	mov    %rax,0x1e8(%rsp)
  556de0:	00 
  556de1:	48 8d 84 24 90 00 00 	lea    0x90(%rsp),%rax
  556de8:	00 
  556de9:	48 89 84 24 f0 01 00 	mov    %rax,0x1f0(%rsp)
  556df0:	00 
  556df1:	48 c7 84 24 38 01 00 	movq   $0x0,0x138(%rsp)
  556df8:	00 00 00 00 00 
  556dfd:	48 8d bc 24 80 09 00 	lea    0x980(%rsp),%rdi
  556e04:	00 
  556e05:	48 8b 74 24 68       	mov    0x68(%rsp),%rsi
  556e0a:	31 d2                	xor    %edx,%edx
  556e0c:	e8 9f 42 00 00       	call   55b0b0 <fe2o3_kfd::engineering_gfx950::peer::combined_mlp_state_v1::tests::native::paired::interleaved::schedule>
  556e11:	48 8b 84 24 88 09 00 	mov    0x988(%rsp),%rax
  556e18:	00 
  556e19:	48 89 84 24 b0 00 00 	mov    %rax,0xb0(%rsp)
  556e20:	00 
  556e21:	48 8b 84 24 90 09 00 	mov    0x990(%rsp),%rax
  556e28:	00 
  556e29:	48 89 84 24 30 01 00 	mov    %rax,0x130(%rsp)
  556e30:	00 
  556e31:	83 bc 24 80 09 00 00 	cmpl   $0x1,0x980(%rsp)
  556e38:	01 
  556e39:	0f 84 b8 2e 00 00    	je     559cf7 <fe2o3_kfd::engineering_gfx950::peer::combined_mlp_state_v1::tests::native::paired::interleaved::interleaved_exercise+0x4bf7>
  556e3f:	48 83 7c 24 68 01    	cmpq   $0x1,0x68(%rsp)
  556e45:	0f 86 c9 05 00 00    	jbe    557414 <fe2o3_kfd::engineering_gfx950::peer::combined_mlp_state_v1::tests::native::paired::interleaved::interleaved_exercise+0x2314>
  556e4b:	48 8b 94 24 20 01 00 	mov    0x120(%rsp),%rdx
  556e52:	00 
  556e53:	48 8b 8c 24 28 01 00 	mov    0x128(%rsp),%rcx
  556e5a:	00 
  556e5b:	8b 84 24 b8 00 00 00 	mov    0xb8(%rsp),%eax
  556e62:	89 04 24             	mov    %eax,(%rsp)
  556e65:	48 8d bc 24 80 09 00 	lea    0x980(%rsp),%rdi
  556e6c:	00 
  556e6d:	48 8b 74 24 18       	mov    0x18(%rsp),%rsi
  556e72:	4c 8d 84 24 78 08 00 	lea    0x878(%rsp),%r8
  556e79:	00 
  556e7a:	4c 8b 8c 24 38 01 00 	mov    0x138(%rsp),%r9
  556e81:	00 
  556e82:	e8 39 bc ff ff       	call   552ac0 <fe2o3_kfd::engineering_gfx950::peer::combined_mlp_state_v1::tests::native::paired::interleaved::observe_pairs>
  556e87:	0f b6 84 24 80 09 00 	movzbl 0x980(%rsp),%eax
  556e8e:	00 
  556e8f:	3c 06                	cmp    $0x6,%al
  556e91:	0f 84 0b 2f 00 00    	je     559da2 <fe2o3_kfd::engineering_gfx950::peer::combined_mlp_state_v1::tests::native::paired::interleaved::interleaved_exercise+0x4ca2>
  556e97:	48 8d 8c 24 81 09 00 	lea    0x981(%rsp),%rcx
  556e9e:	00 
  556e9f:	0f 10 01             	movups (%rcx),%xmm0
  556ea2:	0f 10 49 0f          	movups 0xf(%rcx),%xmm1
  556ea6:	0f 11 8c 24 ff 22 00 	movups %xmm1,0x22ff(%rsp)
  556ead:	00 
  556eae:	0f 29 84 24 f0 22 00 	movaps %xmm0,0x22f0(%rsp)
  556eb5:	00 
  556eb6:	0f 10 84 24 ff 22 00 	movups 0x22ff(%rsp),%xmm0
  556ebd:	00 
  556ebe:	48 8d 4c 24 41       	lea    0x41(%rsp),%rcx
  556ec3:	0f 11 41 0f          	movups %xmm0,0xf(%rcx)
  556ec7:	0f 28 84 24 f0 22 00 	movaps 0x22f0(%rsp),%xmm0
  556ece:	00 
  556ecf:	0f 11 01             	movups %xmm0,(%rcx)
  556ed2:	88 44 24 40          	mov    %al,0x40(%rsp)
  556ed6:	48 83 bc 24 b0 00 00 	cmpq   $0x0,0xb0(%rsp)
  556edd:	00 00 
  556edf:	0f 88 31 35 00 00    	js     55a416 <fe2o3_kfd::engineering_gfx950::peer::combined_mlp_state_v1::tests::native::paired::interleaved::interleaved_exercise+0x5316>
  556ee5:	48 8b 84 24 b0 00 00 	mov    0xb0(%rsp),%rax
  556eec:	00 
  556eed:	48 01 c0             	add    %rax,%rax
  556ef0:	48 89 84 24 50 01 00 	mov    %rax,0x150(%rsp)
  556ef7:	00 
  556ef8:	48 83 f8 fe          	cmp    $0xfffffffffffffffe,%rax
  556efc:	0f 84 26 35 00 00    	je     55a428 <fe2o3_kfd::engineering_gfx950::peer::combined_mlp_state_v1::tests::native::paired::interleaved::interleaved_exercise+0x5328>
  556f02:	48 8b 84 24 50 01 00 	mov    0x150(%rsp),%rax
  556f09:	00 
  556f0a:	48 8d 70 02          	lea    0x2(%rax),%rsi
  556f0e:	48 8b 94 24 28 01 00 	mov    0x128(%rsp),%rdx
  556f15:	00 
  556f16:	48 39 d6             	cmp    %rdx,%rsi
  556f19:	0f 87 77 31 00 00    	ja     55a096 <fe2o3_kfd::engineering_gfx950::peer::combined_mlp_state_v1::tests::native::paired::interleaved::interleaved_exercise+0x4f96>
  556f1f:	48 69 94 24 50 01 00 	imul   $0x1908,0x150(%rsp),%rdx
  556f26:	00 08 19 00 00 
  556f2b:	48 03 94 24 20 01 00 	add    0x120(%rsp),%rdx
  556f32:	00 
  556f33:	b9 02 00 00 00       	mov    $0x2,%ecx
  556f38:	48 8d bc 24 80 09 00 	lea    0x980(%rsp),%rdi
  556f3f:	00 
  556f40:	48 8b 74 24 18       	mov    0x18(%rsp),%rsi
  556f45:	44 8b 84 24 b8 00 00 	mov    0xb8(%rsp),%r8d
  556f4c:	00 
  556f4d:	e8 3e af f5 ff       	call   4b1e90 <fe2o3_kfd::engineering_gfx950::peer::combined_mlp_state_v1::paired::retained::rearm_pairs>
  556f52:	48 8b 8c 24 80 09 00 	mov    0x980(%rsp),%rcx
  556f59:	00 
  556f5a:	48 8b 84 24 88 09 00 	mov    0x988(%rsp),%rax
  556f61:	00 
  556f62:	48 ba 00 00 00 00 00 	movabs $0x8000000000000000,%rdx
  556f69:	00 00 80 
  556f6c:	48 39 d1             	cmp    %rdx,%rcx
  556f6f:	0f 85 5b 2e 00 00    	jne    559dd0 <fe2o3_kfd::engineering_gfx950::peer::combined_mlp_state_v1::tests::native::paired::interleaved::interleaved_exercise+0x4cd0>
  556f75:	48 3b 84 24 30 01 00 	cmp    0x130(%rsp),%rax
  556f7c:	00 
  556f7d:	0f 85 6b 2e 00 00    	jne    559dee <fe2o3_kfd::engineering_gfx950::peer::combined_mlp_state_v1::tests::native::paired::interleaved::interleaved_exercise+0x4cee>
  556f83:	48 8b 94 24 20 01 00 	mov    0x120(%rsp),%rdx
  556f8a:	00 
  556f8b:	48 8b 8c 24 28 01 00 	mov    0x128(%rsp),%rcx
  556f92:	00 
  556f93:	8b 84 24 b8 00 00 00 	mov    0xb8(%rsp),%eax
  556f9a:	89 04 24             	mov    %eax,(%rsp)
  556f9d:	48 8d bc 24 80 09 00 	lea    0x980(%rsp),%rdi
  556fa4:	00 
  556fa5:	48 8b 74 24 18       	mov    0x18(%rsp),%rsi
  556faa:	4c 8d 84 24 78 08 00 	lea    0x878(%rsp),%r8
  556fb1:	00 
  556fb2:	4c 8b 8c 24 38 01 00 	mov    0x138(%rsp),%r9
  556fb9:	00 
  556fba:	e8 01 bb ff ff       	call   552ac0 <fe2o3_kfd::engineering_gfx950::peer::combined_mlp_state_v1::tests::native::paired::interleaved::observe_pairs>
  556fbf:	0f b6 84 24 80 09 00 	movzbl 0x980(%rsp),%eax
  556fc6:	00 
  556fc7:	3c 06                	cmp    $0x6,%al
  556fc9:	0f 84 53 2e 00 00    	je     559e22 <fe2o3_kfd::engineering_gfx950::peer::combined_mlp_state_v1::tests::native::paired::interleaved::interleaved_exercise+0x4d22>
  556fcf:	48 8d 8c 24 81 09 00 	lea    0x981(%rsp),%rcx
  556fd6:	00 
  556fd7:	0f 10 01             	movups (%rcx),%xmm0
  556fda:	0f 10 49 0f          	movups 0xf(%rcx),%xmm1
  556fde:	0f 11 8c 24 ff 22 00 	movups %xmm1,0x22ff(%rsp)
  556fe5:	00 
  556fe6:	0f 29 84 24 f0 22 00 	movaps %xmm0,0x22f0(%rsp)
  556fed:	00 
  556fee:	0f 10 84 24 ff 22 00 	movups 0x22ff(%rsp),%xmm0
  556ff5:	00 
  556ff6:	48 8d 8c 24 d1 03 00 	lea    0x3d1(%rsp),%rcx
  556ffd:	00 
  556ffe:	0f 11 41 0f          	movups %xmm0,0xf(%rcx)
  557002:	0f 28 84 24 f0 22 00 	movaps 0x22f0(%rsp),%xmm0
  557009:	00 
  55700a:	0f 11 01             	movups %xmm0,(%rcx)
  55700d:	88 84 24 d0 03 00 00 	mov    %al,0x3d0(%rsp)
  557014:	48 c7 44 24 20 00 00 	movq   $0x0,0x20(%rsp)
  55701b:	00 00 
  55701d:	48 c7 44 24 30 00 00 	movq   $0x0,0x30(%rsp)
  557024:	00 00 
  557026:	ba 04 00 00 00       	mov    $0x4,%edx
  55702b:	48 8d bc 24 80 09 00 	lea    0x980(%rsp),%rdi
  557032:	00 
  557033:	48 8d 35 ae 01 b5 ff 	lea    -0x4afe52(%rip),%rsi        # a71e8 <anon.2406fbb7b358ed33b49c7914ab0281a4.1238.llvm.7674273607031023430+0x24>
  55703a:	e8 61 b8 fe ff       	call   5428a0 <<u8 as <[_]>::to_vec_in::ConvertVec>::to_vec::<alloc::alloc::Global>>
  55703f:	48 8b 84 24 90 09 00 	mov    0x990(%rsp),%rax
  557046:	00 
  557047:	48 89 84 24 80 00 00 	mov    %rax,0x80(%rsp)
  55704e:	00 
  55704f:	0f 10 84 24 80 09 00 	movups 0x980(%rsp),%xmm0
  557056:	00 
  557057:	0f 29 44 24 70       	movaps %xmm0,0x70(%rsp)
  55705c:	48 8d bc 24 80 09 00 	lea    0x980(%rsp),%rdi
  557063:	00 
  557064:	48 8d 35 bd 4b 30 00 	lea    0x304bbd(%rip),%rsi        # 85bc28 <anon.8b450354eb9abf3bd4876638ac5342ab.389.llvm.14258636651103868718+0xd0>
  55706b:	e8 70 9b e4 ff       	call   3a0be0 <serde_json::value::to_value::<&&str>>
  557070:	80 bc 24 80 09 00 00 	cmpb   $0x6,0x980(%rsp)
  557077:	06 
  557078:	0f 84 32 30 00 00    	je     55a0b0 <fe2o3_kfd::engineering_gfx950::peer::combined_mlp_state_v1::tests::native::paired::interleaved::interleaved_exercise+0x4fb0>
  55707e:	0f 10 84 24 80 09 00 	movups 0x980(%rsp),%xmm0
  557085:	00 
  557086:	0f 10 8c 24 90 09 00 	movups 0x990(%rsp),%xmm1
  55708d:	00 
  55708e:	0f 29 8c 24 00 23 00 	movaps %xmm1,0x2300(%rsp)
  557095:	00 
  557096:	0f 29 84 24 f0 22 00 	movaps %xmm0,0x22f0(%rsp)
  55709d:	00 
  55709e:	48 8d bc 24 80 09 00 	lea    0x980(%rsp),%rdi
  5570a5:	00 
  5570a6:	48 8d 74 24 20       	lea    0x20(%rsp),%rsi
  5570ab:	48 8d 54 24 70       	lea    0x70(%rsp),%rdx
  5570b0:	4c 89 f9             	mov    %r15,%rcx
  5570b3:	e8 d8 96 f7 ff       	call   4d0790 <<alloc::collections::btree::map::BTreeMap<alloc::string::String, serde_json::value::Value>>::insert>
  5570b8:	80 bc 24 80 09 00 00 	cmpb   $0x6,0x980(%rsp)
  5570bf:	06 
  5570c0:	74 0d                	je     5570cf <fe2o3_kfd::engineering_gfx950::peer::combined_mlp_state_v1::tests::native::paired::interleaved::interleaved_exercise+0x1fcf>
  5570c2:	48 8d bc 24 80 09 00 	lea    0x980(%rsp),%rdi
  5570c9:	00 
  5570ca:	e8 a1 e0 fd ff       	call   535170 <core::ptr::drop_in_place::<serde_json::value::Value>>
  5570cf:	ba 07 00 00 00       	mov    $0x7,%edx
  5570d4:	48 8d bc 24 80 09 00 	lea    0x980(%rsp),%rdi
  5570db:	00 
  5570dc:	48 8d 35 a5 01 c9 ff 	lea    -0x36fe5b(%rip),%rsi        # 1e7288 <anon.8b450354eb9abf3bd4876638ac5342ab.343.llvm.14258636651103868718+0x32f>
  5570e3:	e8 b8 b7 fe ff       	call   5428a0 <<u8 as <[_]>::to_vec_in::ConvertVec>::to_vec::<alloc::alloc::Global>>
  5570e8:	48 8b 84 24 90 09 00 	mov    0x990(%rsp),%rax
  5570ef:	00 
  5570f0:	48 89 84 24 80 00 00 	mov    %rax,0x80(%rsp)
  5570f7:	00 
  5570f8:	0f 10 84 24 80 09 00 	movups 0x980(%rsp),%xmm0
  5570ff:	00 
  557100:	0f 29 44 24 70       	movaps %xmm0,0x70(%rsp)
  557105:	c6 84 24 80 09 00 00 	movb   $0x2,0x980(%rsp)
  55710c:	02 
  55710d:	48 c7 84 24 88 09 00 	movq   $0x0,0x988(%rsp)
  557114:	00 00 00 00 00 
  557119:	48 8b 44 24 68       	mov    0x68(%rsp),%rax
  55711e:	48 89 84 24 90 09 00 	mov    %rax,0x990(%rsp)
  557125:	00 
  557126:	4c 89 ff             	mov    %r15,%rdi
  557129:	48 8d 74 24 20       	lea    0x20(%rsp),%rsi
  55712e:	48 8d 54 24 70       	lea    0x70(%rsp),%rdx
  557133:	48 8d 8c 24 80 09 00 	lea    0x980(%rsp),%rcx
  55713a:	00 
  55713b:	e8 50 96 f7 ff       	call   4d0790 <<alloc::collections::btree::map::BTreeMap<alloc::string::String, serde_json::value::Value>>::insert>
  557140:	80 bc 24 f0 22 00 00 	cmpb   $0x6,0x22f0(%rsp)
  557147:	06 
  557148:	74 08                	je     557152 <fe2o3_kfd::engineering_gfx950::peer::combined_mlp_state_v1::tests::native::paired::interleaved::interleaved_exercise+0x2052>
  55714a:	4c 89 ff             	mov    %r15,%rdi
  55714d:	e8 1e e0 fd ff       	call   535170 <core::ptr::drop_in_place::<serde_json::value::Value>>
  557152:	ba 04 00 00 00       	mov    $0x4,%edx
  557157:	48 8d bc 24 80 09 00 	lea    0x980(%rsp),%rdi
  55715e:	00 
  55715f:	48 8d 35 ca 02 b5 ff 	lea    -0x4afd36(%rip),%rsi        # a7430 <anon.6888113950bfde655f8a37dd98af0301.223.llvm.18072420750023720124+0x48>
  557166:	e8 35 b7 fe ff       	call   5428a0 <<u8 as <[_]>::to_vec_in::ConvertVec>::to_vec::<alloc::alloc::Global>>
  55716b:	48 8b 84 24 90 09 00 	mov    0x990(%rsp),%rax
  557172:	00 
  557173:	48 89 84 24 80 00 00 	mov    %rax,0x80(%rsp)
  55717a:	00 
  55717b:	0f 10 84 24 80 09 00 	movups 0x980(%rsp),%xmm0
  557182:	00 
  557183:	0f 29 44 24 70       	movaps %xmm0,0x70(%rsp)
  557188:	c6 84 24 80 09 00 00 	movb   $0x2,0x980(%rsp)
  55718f:	02 
  557190:	48 c7 84 24 88 09 00 	movq   $0x0,0x988(%rsp)
  557197:	00 00 00 00 00 
  55719c:	48 8b 84 24 b0 00 00 	mov    0xb0(%rsp),%rax
  5571a3:	00 
  5571a4:	48 89 84 24 90 09 00 	mov    %rax,0x990(%rsp)
  5571ab:	00 
  5571ac:	4c 89 ff             	mov    %r15,%rdi
  5571af:	48 8d 74 24 20       	lea    0x20(%rsp),%rsi
  5571b4:	48 8d 54 24 70       	lea    0x70(%rsp),%rdx
  5571b9:	48 8d 8c 24 80 09 00 	lea    0x980(%rsp),%rcx
  5571c0:	00 
  5571c1:	e8 ca 95 f7 ff       	call   4d0790 <<alloc::collections::btree::map::BTreeMap<alloc::string::String, serde_json::value::Value>>::insert>
  5571c6:	80 bc 24 f0 22 00 00 	cmpb   $0x6,0x22f0(%rsp)
  5571cd:	06 
  5571ce:	74 08                	je     5571d8 <fe2o3_kfd::engineering_gfx950::peer::combined_mlp_state_v1::tests::native::paired::interleaved::interleaved_exercise+0x20d8>
  5571d0:	4c 89 ff             	mov    %r15,%rdi
  5571d3:	e8 98 df fd ff       	call   535170 <core::ptr::drop_in_place::<serde_json::value::Value>>
  5571d8:	ba 0f 00 00 00       	mov    $0xf,%edx
  5571dd:	48 8d bc 24 80 09 00 	lea    0x980(%rsp),%rdi
  5571e4:	00 
  5571e5:	48 8d 35 a3 00 c9 ff 	lea    -0x36ff5d(%rip),%rsi        # 1e728f <anon.8b450354eb9abf3bd4876638ac5342ab.343.llvm.14258636651103868718+0x336>
  5571ec:	e8 af b6 fe ff       	call   5428a0 <<u8 as <[_]>::to_vec_in::ConvertVec>::to_vec::<alloc::alloc::Global>>
  5571f1:	48 8b 84 24 90 09 00 	mov    0x990(%rsp),%rax
  5571f8:	00 
  5571f9:	48 89 84 24 80 00 00 	mov    %rax,0x80(%rsp)
  557200:	00 
  557201:	0f 10 84 24 80 09 00 	movups 0x980(%rsp),%xmm0
  557208:	00 
  557209:	0f 29 44 24 70       	movaps %xmm0,0x70(%rsp)
  55720e:	c6 84 24 80 09 00 00 	movb   $0x2,0x980(%rsp)
  557215:	02 
  557216:	48 c7 84 24 88 09 00 	movq   $0x0,0x988(%rsp)
  55721d:	00 00 00 00 00 
  557222:	48 8b 84 24 30 01 00 	mov    0x130(%rsp),%rax
  557229:	00 
  55722a:	48 89 84 24 90 09 00 	mov    %rax,0x990(%rsp)
  557231:	00 
  557232:	4c 89 ff             	mov    %r15,%rdi
  557235:	48 8d 74 24 20       	lea    0x20(%rsp),%rsi
  55723a:	48 8d 54 24 70       	lea    0x70(%rsp),%rdx
  55723f:	48 8d 8c 24 80 09 00 	lea    0x980(%rsp),%rcx
  557246:	00 
  557247:	e8 44 95 f7 ff       	call   4d0790 <<alloc::collections::btree::map::BTreeMap<alloc::string::String, serde_json::value::Value>>::insert>
  55724c:	80 bc 24 f0 22 00 00 	cmpb   $0x6,0x22f0(%rsp)
  557253:	06 
  557254:	74 08                	je     55725e <fe2o3_kfd::engineering_gfx950::peer::combined_mlp_state_v1::tests::native::paired::interleaved::interleaved_exercise+0x215e>
  557256:	4c 89 ff             	mov    %r15,%rdi
  557259:	e8 12 df fd ff       	call   535170 <core::ptr::drop_in_place::<serde_json::value::Value>>
  55725e:	ba 06 00 00 00       	mov    $0x6,%edx
  557263:	48 8d bc 24 80 09 00 	lea    0x980(%rsp),%rdi
  55726a:	00 
  55726b:	48 8d 35 ed fc c8 ff 	lea    -0x370313(%rip),%rsi        # 1e6f5f <anon.8b450354eb9abf3bd4876638ac5342ab.343.llvm.14258636651103868718+0x6>
  557272:	e8 29 b6 fe ff       	call   5428a0 <<u8 as <[_]>::to_vec_in::ConvertVec>::to_vec::<alloc::alloc::Global>>
  557277:	48 8b 84 24 90 09 00 	mov    0x990(%rsp),%rax
  55727e:	00 
  55727f:	48 89 84 24 80 00 00 	mov    %rax,0x80(%rsp)
  557286:	00 
  557287:	0f 10 84 24 80 09 00 	movups 0x980(%rsp),%xmm0
  55728e:	00 
  55728f:	0f 29 44 24 70       	movaps %xmm0,0x70(%rsp)
  557294:	48 8d 44 24 40       	lea    0x40(%rsp),%rax
  557299:	48 89 84 24 f0 22 00 	mov    %rax,0x22f0(%rsp)
  5572a0:	00 
  5572a1:	48 8d bc 24 80 09 00 	lea    0x980(%rsp),%rdi
  5572a8:	00 
  5572a9:	4c 89 fe             	mov    %r15,%rsi
  5572ac:	e8 2f 6e e5 ff       	call   3ae0e0 <<&serde_json::value::Value as serde_core::ser::Serialize>::serialize::<serde_json::value::ser::Serializer>>
  5572b1:	80 bc 24 80 09 00 00 	cmpb   $0x6,0x980(%rsp)
  5572b8:	06 
  5572b9:	0f 84 2e 2e 00 00    	je     55a0ed <fe2o3_kfd::engineering_gfx950::peer::combined_mlp_state_v1::tests::native::paired::interleaved::interleaved_exercise+0x4fed>
  5572bf:	0f 10 84 24 80 09 00 	movups 0x980(%rsp),%xmm0
  5572c6:	00 
  5572c7:	0f 10 8c 24 90 09 00 	movups 0x990(%rsp),%xmm1
  5572ce:	00 
  5572cf:	0f 29 8c 24 00 23 00 	movaps %xmm1,0x2300(%rsp)
  5572d6:	00 
  5572d7:	0f 29 84 24 f0 22 00 	movaps %xmm0,0x22f0(%rsp)
  5572de:	00 
  5572df:	48 8d bc 24 80 09 00 	lea    0x980(%rsp),%rdi
  5572e6:	00 
  5572e7:	48 8d 74 24 20       	lea    0x20(%rsp),%rsi
  5572ec:	48 8d 54 24 70       	lea    0x70(%rsp),%rdx
  5572f1:	4c 89 f9             	mov    %r15,%rcx
  5572f4:	e8 97 94 f7 ff       	call   4d0790 <<alloc::collections::btree::map::BTreeMap<alloc::string::String, serde_json::value::Value>>::insert>
  5572f9:	80 bc 24 80 09 00 00 	cmpb   $0x6,0x980(%rsp)
  557300:	06 
  557301:	74 0d                	je     557310 <fe2o3_kfd::engineering_gfx950::peer::combined_mlp_state_v1::tests::native::paired::interleaved::interleaved_exercise+0x2210>
  557303:	48 8d bc 24 80 09 00 	lea    0x980(%rsp),%rdi
  55730a:	00 
  55730b:	e8 60 de fd ff       	call   535170 <core::ptr::drop_in_place::<serde_json::value::Value>>
  557310:	ba 05 00 00 00       	mov    $0x5,%edx
  557315:	48 8d bc 24 80 09 00 	lea    0x980(%rsp),%rdi
  55731c:	00 
  55731d:	48 8d 35 41 fc c8 ff 	lea    -0x3703bf(%rip),%rsi        # 1e6f65 <anon.8b450354eb9abf3bd4876638ac5342ab.343.llvm.14258636651103868718+0xc>
  557324:	e8 77 b5 fe ff       	call   5428a0 <<u8 as <[_]>::to_vec_in::ConvertVec>::to_vec::<alloc::alloc::Global>>
  557329:	48 8b 84 24 90 09 00 	mov    0x990(%rsp),%rax
  557330:	00 
  557331:	48 89 84 24 80 00 00 	mov    %rax,0x80(%rsp)
  557338:	00 
  557339:	0f 10 84 24 80 09 00 	movups 0x980(%rsp),%xmm0
  557340:	00 
  557341:	0f 29 44 24 70       	movaps %xmm0,0x70(%rsp)
  557346:	48 8d 84 24 d0 03 00 	lea    0x3d0(%rsp),%rax
  55734d:	00 
  55734e:	48 89 84 24 f0 22 00 	mov    %rax,0x22f0(%rsp)
  557355:	00 
  557356:	48 8d bc 24 80 09 00 	lea    0x980(%rsp),%rdi
  55735d:	00 
  55735e:	4c 89 fe             	mov    %r15,%rsi
  557361:	e8 7a 6d e5 ff       	call   3ae0e0 <<&serde_json::value::Value as serde_core::ser::Serialize>::serialize::<serde_json::value::ser::Serializer>>
  557366:	80 bc 24 80 09 00 00 	cmpb   $0x6,0x980(%rsp)
  55736d:	06 
  55736e:	0f 84 b6 2d 00 00    	je     55a12a <fe2o3_kfd::engineering_gfx950::peer::combined_mlp_state_v1::tests::native::paired::interleaved::interleaved_exercise+0x502a>
  557374:	0f 10 84 24 80 09 00 	movups 0x980(%rsp),%xmm0
  55737b:	00 
  55737c:	0f 10 8c 24 90 09 00 	movups 0x990(%rsp),%xmm1
  557383:	00 
  557384:	0f 29 8c 24 00 23 00 	movaps %xmm1,0x2300(%rsp)
  55738b:	00 
  55738c:	0f 29 84 24 f0 22 00 	movaps %xmm0,0x22f0(%rsp)
  557393:	00 
  557394:	48 8d bc 24 80 09 00 	lea    0x980(%rsp),%rdi
  55739b:	00 
  55739c:	48 8d 74 24 20       	lea    0x20(%rsp),%rsi
  5573a1:	48 8d 54 24 70       	lea    0x70(%rsp),%rdx
  5573a6:	4c 89 f9             	mov    %r15,%rcx
  5573a9:	e8 e2 93 f7 ff       	call   4d0790 <<alloc::collections::btree::map::BTreeMap<alloc::string::String, serde_json::value::Value>>::insert>
  5573ae:	80 bc 24 80 09 00 00 	cmpb   $0x6,0x980(%rsp)
  5573b5:	06 
  5573b6:	74 0d                	je     5573c5 <fe2o3_kfd::engineering_gfx950::peer::combined_mlp_state_v1::tests::native::paired::interleaved::interleaved_exercise+0x22c5>
  5573b8:	48 8d bc 24 80 09 00 	lea    0x980(%rsp),%rdi
  5573bf:	00 
  5573c0:	e8 ab dd fd ff       	call   535170 <core::ptr::drop_in_place::<serde_json::value::Value>>
  5573c5:	48 8b 44 24 30       	mov    0x30(%rsp),%rax
  5573ca:	48 8d 8c 24 e8 34 00 	lea    0x34e8(%rsp),%rcx
  5573d1:	00 
  5573d2:	48 89 41 10          	mov    %rax,0x10(%rcx)
  5573d6:	0f 10 44 24 20       	movups 0x20(%rsp),%xmm0
  5573db:	0f 11 01             	movups %xmm0,(%rcx)
  5573de:	c6 84 24 e0 34 00 00 	movb   $0x5,0x34e0(%rsp)
  5573e5:	05 
  5573e6:	48 8d bc 24 f8 01 00 	lea    0x1f8(%rsp),%rdi
  5573ed:	00 
  5573ee:	48 8d b4 24 e0 34 00 	lea    0x34e0(%rsp),%rsi
  5573f5:	00 
  5573f6:	e8 d5 d4 fe ff       	call   5448d0 <<alloc::vec::Vec<serde_json::value::Value>>::push_mut>
  5573fb:	48 8d bc 24 d0 03 00 	lea    0x3d0(%rsp),%rdi
  557402:	00 
  557403:	e8 68 dd fd ff       	call   535170 <core::ptr::drop_in_place::<serde_json::value::Value>>
  557408:	48 8d 7c 24 40       	lea    0x40(%rsp),%rdi
  55740d:	e8 5e dd fd ff       	call   535170 <core::ptr::drop_in_place::<serde_json::value::Value>>
  557412:	eb 13                	jmp    557427 <fe2o3_kfd::engineering_gfx950::peer::combined_mlp_state_v1::tests::native::paired::interleaved::interleaved_exercise+0x2327>
  557414:	48 8b 84 24 b0 00 00 	mov    0xb0(%rsp),%rax
  55741b:	00 
  55741c:	48 01 c0             	add    %rax,%rax
  55741f:	48 89 84 24 50 01 00 	mov    %rax,0x150(%rsp)
  557426:	00 
  557427:	48 8b 44 24 68       	mov    0x68(%rsp),%rax
  55742c:	48 ff c0             	inc    %rax
  55742f:	48 89 84 24 a8 02 00 	mov    %rax,0x2a8(%rsp)
  557436:	00 
  557437:	b0 01                	mov    $0x1,%al
  557439:	89 84 24 4c 01 00 00 	mov    %eax,0x14c(%rsp)
  557440:	48 c7 84 24 e8 00 00 	movq   $0x0,0xe8(%rsp)
  557447:	00 00 00 00 00 
  55744c:	48 8d bc 24 80 09 00 	lea    0x980(%rsp),%rdi
  557453:	00 
  557454:	48 8b 74 24 68       	mov    0x68(%rsp),%rsi
  557459:	48 8b 94 24 e8 00 00 	mov    0xe8(%rsp),%rdx
  557460:	00 
  557461:	e8 4a 3c 00 00       	call   55b0b0 <fe2o3_kfd::engineering_gfx950::peer::combined_mlp_state_v1::tests::native::paired::interleaved::schedule>
  557466:	83 bc 24 80 09 00 00 	cmpl   $0x1,0x980(%rsp)
  55746d:	01 
  55746e:	0f 84 aa 28 00 00    	je     559d1e <fe2o3_kfd::engineering_gfx950::peer::combined_mlp_state_v1::tests::native::paired::interleaved::interleaved_exercise+0x4c1e>
  557474:	48 83 bc 24 b0 00 00 	cmpq   $0x0,0xb0(%rsp)
  55747b:	00 00 
  55747d:	0f 88 b7 2f 00 00    	js     55a43a <fe2o3_kfd::engineering_gfx950::peer::combined_mlp_state_v1::tests::native::paired::interleaved::interleaved_exercise+0x533a>
  557483:	48 8b 84 24 e8 00 00 	mov    0xe8(%rsp),%rax
  55748a:	00 
  55748b:	48 0b 84 24 50 01 00 	or     0x150(%rsp),%rax
  557492:	00 
  557493:	48 8b b4 24 90 01 00 	mov    0x190(%rsp),%rsi
  55749a:	00 
  55749b:	48 89 84 24 e0 00 00 	mov    %rax,0xe0(%rsp)
  5574a2:	00 
  5574a3:	48 39 f0             	cmp    %rsi,%rax
  5574a6:	0f 83 af 2f 00 00    	jae    55a45b <fe2o3_kfd::engineering_gfx950::peer::combined_mlp_state_v1::tests::native::paired::interleaved::interleaved_exercise+0x535b>
  5574ac:	8b 84 24 98 09 00 00 	mov    0x998(%rsp),%eax
  5574b3:	89 84 24 f0 00 00 00 	mov    %eax,0xf0(%rsp)
  5574ba:	48 98                	cltq
  5574bc:	48 89 84 24 a0 02 00 	mov    %rax,0x2a0(%rsp)
  5574c3:	00 
  5574c4:	48 8b 84 24 88 01 00 	mov    0x188(%rsp),%rax
  5574cb:	00 
  5574cc:	48 69 8c 24 e0 00 00 	imul   $0x2c0,0xe0(%rsp),%rcx
  5574d3:	00 c0 02 00 00 
  5574d8:	4c 8d 24 08          	lea    (%rax,%rcx,1),%r12
  5574dc:	48 01 c8             	add    %rcx,%rax
  5574df:	48 05 80 02 00 00    	add    $0x280,%rax
  5574e5:	48 89 84 24 40 01 00 	mov    %rax,0x140(%rsp)
  5574ec:	00 
  5574ed:	41 b6 01             	mov    $0x1,%r14b
  5574f0:	31 db                	xor    %ebx,%ebx
  5574f2:	48 8d 2c 9b          	lea    (%rbx,%rbx,4),%rbp
  5574f6:	48 c1 e5 06          	shl    $0x6,%rbp
  5574fa:	41 0f 10 44 2c 60    	movups 0x60(%r12,%rbp,1),%xmm0
  557500:	41 0f 10 4c 2c 70    	movups 0x70(%r12,%rbp,1),%xmm1
  557506:	0f 29 8c 24 00 23 00 	movaps %xmm1,0x2300(%rsp)
  55750d:	00 
  55750e:	0f 29 84 24 f0 22 00 	movaps %xmm0,0x22f0(%rsp)
  557515:	00 
  557516:	ba 03 00 00 00       	mov    $0x3,%edx
  55751b:	48 8d bc 24 80 09 00 	lea    0x980(%rsp),%rdi
  557522:	00 
  557523:	48 89 de             	mov    %rbx,%rsi
  557526:	8b 8c 24 f0 00 00 00 	mov    0xf0(%rsp),%ecx
  55752d:	e8 2e af ff ff       	call   552460 <fe2o3_kfd::engineering_gfx950::peer::combined_mlp_state_v1::tests::native::paired::interleaved::scaled_root>
  557532:	8b 84 24 80 09 00 00 	mov    0x980(%rsp),%eax
  557539:	48 8d 8c 24 88 09 00 	lea    0x988(%rsp),%rcx
  557540:	00 
  557541:	0f 10 01             	movups (%rcx),%xmm0
  557544:	0f 29 84 24 e0 34 00 	movaps %xmm0,0x34e0(%rsp)
  55754b:	00 
  55754c:	48 8b 49 10          	mov    0x10(%rcx),%rcx
  557550:	48 89 8c 24 f0 34 00 	mov    %rcx,0x34f0(%rsp)
  557557:	00 
  557558:	83 f8 01             	cmp    $0x1,%eax
  55755b:	0f 84 35 27 00 00    	je     559c96 <fe2o3_kfd::engineering_gfx950::peer::combined_mlp_state_v1::tests::native::paired::interleaved::interleaved_exercise+0x4b96>
  557561:	48 8b 8c 24 e8 34 00 	mov    0x34e8(%rsp),%rcx
  557568:	00 
  557569:	4c 8b 84 24 f0 34 00 	mov    0x34f0(%rsp),%r8
  557570:	00 
  557571:	48 8d bc 24 d0 03 00 	lea    0x3d0(%rsp),%rdi
  557578:	00 
  557579:	48 8b 74 24 18       	mov    0x18(%rsp),%rsi
  55757e:	4c 89 fa             	mov    %r15,%rdx
  557581:	e8 0a 28 f6 ff       	call   4b9d90 <fe2o3_kfd::engineering_gfx950::peer::combined_mlp_state_v1::tests::native::paired::write_all>
  557586:	48 b8 00 00 00 00 00 	movabs $0x8000000000000000,%rax
  55758d:	00 00 80 
  557590:	48 39 84 24 d0 03 00 	cmp    %rax,0x3d0(%rsp)
  557597:	00 
  557598:	0f 85 ac 26 00 00    	jne    559c4a <fe2o3_kfd::engineering_gfx950::peer::combined_mlp_state_v1::tests::native::paired::interleaved::interleaved_exercise+0x4b4a>
  55759e:	48 8d bc 24 e0 34 00 	lea    0x34e0(%rsp),%rdi
  5575a5:	00 
  5575a6:	e8 45 cf fd ff       	call   5344f0 <core::ptr::drop_in_place::<alloc::vec::Vec<u8>>>
  5575ab:	48 c7 84 24 80 09 00 	movq   $0x0,0x980(%rsp)
  5575b2:	00 00 00 00 00 
  5575b7:	48 c7 84 24 88 09 00 	movq   $0x6,0x988(%rsp)
  5575be:	00 06 00 00 00 
  5575c3:	0f 10 05 6e fb c8 ff 	movups -0x370492(%rip),%xmm0        # 1e7138 <anon.8b450354eb9abf3bd4876638ac5342ab.343.llvm.14258636651103868718+0x1df>
  5575ca:	48 8d 84 24 81 09 00 	lea    0x981(%rsp),%rax
  5575d1:	00 
  5575d2:	0f 11 40 2f          	movups %xmm0,0x2f(%rax)
  5575d6:	0f 10 05 4b fb c8 ff 	movups -0x3704b5(%rip),%xmm0        # 1e7128 <anon.8b450354eb9abf3bd4876638ac5342ab.343.llvm.14258636651103868718+0x1cf>
  5575dd:	0f 11 40 1f          	movups %xmm0,0x1f(%rax)
  5575e1:	0f 10 05 30 fb c8 ff 	movups -0x3704d0(%rip),%xmm0        # 1e7118 <anon.8b450354eb9abf3bd4876638ac5342ab.343.llvm.14258636651103868718+0x1bf>
  5575e8:	0f 11 40 0f          	movups %xmm0,0xf(%rax)
  5575ec:	48 8d bc 24 80 09 00 	lea    0x980(%rsp),%rdi
  5575f3:	00 
  5575f4:	e8 67 d2 fe ff       	call   544860 <<core::array::iter::iter_inner::PolymorphicIter<[core::mem::maybe_uninit::MaybeUninit<usize>]>>::next>
  5575f9:	48 83 f8 01          	cmp    $0x1,%rax
  5575fd:	0f 85 9d 00 00 00    	jne    5576a0 <fe2o3_kfd::engineering_gfx950::peer::combined_mlp_state_v1::tests::native::paired::interleaved::interleaved_exercise+0x25a0>
  557603:	4c 01 e5             	add    %r12,%rbp
  557606:	48 83 fa 0a          	cmp    $0xa,%rdx
  55760a:	0f 83 57 2b 00 00    	jae    55a167 <fe2o3_kfd::engineering_gfx950::peer::combined_mlp_state_v1::tests::native::paired::interleaved::interleaved_exercise+0x5067>
  557610:	48 89 d0             	mov    %rdx,%rax
  557613:	48 c1 e0 05          	shl    $0x5,%rax
  557617:	0f 10 44 05 00       	movups 0x0(%rbp,%rax,1),%xmm0
  55761c:	0f 10 4c 05 10       	movups 0x10(%rbp,%rax,1),%xmm1
  557621:	0f 29 8c 24 00 23 00 	movaps %xmm1,0x2300(%rsp)
  557628:	00 
  557629:	0f 29 84 24 f0 22 00 	movaps %xmm0,0x22f0(%rsp)
  557630:	00 
  557631:	48 8d bc 24 e0 34 00 	lea    0x34e0(%rsp),%rdi
  557638:	00 
  557639:	48 89 d6             	mov    %rdx,%rsi
  55763c:	e8 ff 21 f6 ff       	call   4b9840 <fe2o3_kfd::engineering_gfx950::peer::combined_mlp_state_v1::tests::native::paired::poison>
  557641:	48 8b 8c 24 e8 34 00 	mov    0x34e8(%rsp),%rcx
  557648:	00 
  557649:	4c 8b 84 24 f0 34 00 	mov    0x34f0(%rsp),%r8
  557650:	00 
  557651:	48 8d bc 24 d0 03 00 	lea    0x3d0(%rsp),%rdi
  557658:	00 
  557659:	48 8b 74 24 18       	mov    0x18(%rsp),%rsi
  55765e:	4c 89 fa             	mov    %r15,%rdx
  557661:	e8 2a 27 f6 ff       	call   4b9d90 <fe2o3_kfd::engineering_gfx950::peer::combined_mlp_state_v1::tests::native::paired::write_all>
  557666:	48 b8 00 00 00 00 00 	movabs $0x8000000000000000,%rax
  55766d:	00 00 80 
  557670:	48 39 84 24 d0 03 00 	cmp    %rax,0x3d0(%rsp)
  557677:	00 
  557678:	0f 85 cc 25 00 00    	jne    559c4a <fe2o3_kfd::engineering_gfx950::peer::combined_mlp_state_v1::tests::native::paired::interleaved::interleaved_exercise+0x4b4a>
  55767e:	48 8d bc 24 e0 34 00 	lea    0x34e0(%rsp),%rdi
  557685:	00 
  557686:	e8 65 ce fd ff       	call   5344f0 <core::ptr::drop_in_place::<alloc::vec::Vec<u8>>>
  55768b:	48 8d bc 24 80 09 00 	lea    0x980(%rsp),%rdi
  557692:	00 
  557693:	e8 c8 d1 fe ff       	call   544860 <<core::array::iter::iter_inner::PolymorphicIter<[core::mem::maybe_uninit::MaybeUninit<usize>]>>::next>
  557698:	a8 01                	test   $0x1,%al
  55769a:	0f 85 66 ff ff ff    	jne    557606 <fe2o3_kfd::engineering_gfx950::peer::combined_mlp_state_v1::tests::native::paired::interleaved::interleaved_exercise+0x2506>
  5576a0:	48 c1 e3 05          	shl    $0x5,%rbx
  5576a4:	48 8b 84 24 40 01 00 	mov    0x140(%rsp),%rax
  5576ab:	00 
  5576ac:	0f 10 04 18          	movups (%rax,%rbx,1),%xmm0
  5576b0:	0f 10 4c 18 10       	movups 0x10(%rax,%rbx,1),%xmm1
  5576b5:	0f 29 8c 24 90 09 00 	movaps %xmm1,0x990(%rsp)
  5576bc:	00 
  5576bd:	0f 29 84 24 80 09 00 	movaps %xmm0,0x980(%rsp)
  5576c4:	00 
  5576c5:	4c 89 ff             	mov    %r15,%rdi
  5576c8:	31 f6                	xor    %esi,%esi
  5576ca:	e8 71 21 f6 ff       	call   4b9840 <fe2o3_kfd::engineering_gfx950::peer::combined_mlp_state_v1::tests::native::paired::poison>
  5576cf:	48 8b 8c 24 f8 22 00 	mov    0x22f8(%rsp),%rcx
  5576d6:	00 
  5576d7:	4c 8b 84 24 00 23 00 	mov    0x2300(%rsp),%r8
  5576de:	00 
  5576df:	48 8d bc 24 e0 34 00 	lea    0x34e0(%rsp),%rdi
  5576e6:	00 
  5576e7:	48 8b 74 24 18       	mov    0x18(%rsp),%rsi
  5576ec:	48 8d 94 24 80 09 00 	lea    0x980(%rsp),%rdx
  5576f3:	00 
  5576f4:	e8 97 26 f6 ff       	call   4b9d90 <fe2o3_kfd::engineering_gfx950::peer::combined_mlp_state_v1::tests::native::paired::write_all>
  5576f9:	48 b8 00 00 00 00 00 	movabs $0x8000000000000000,%rax
  557700:	00 00 80 
  557703:	48 39 84 24 e0 34 00 	cmp    %rax,0x34e0(%rsp)
  55770a:	00 
  55770b:	0f 85 a7 25 00 00    	jne    559cb8 <fe2o3_kfd::engineering_gfx950::peer::combined_mlp_state_v1::tests::native::paired::interleaved::interleaved_exercise+0x4bb8>
  557711:	4c 89 ff             	mov    %r15,%rdi
  557714:	e8 d7 cd fd ff       	call   5344f0 <core::ptr::drop_in_place::<alloc::vec::Vec<u8>>>
  557719:	bb 01 00 00 00       	mov    $0x1,%ebx
  55771e:	41 f6 c6 01          	test   $0x1,%r14b
  557722:	41 be 00 00 00 00    	mov    $0x0,%r14d
  557728:	0f 85 c4 fd ff ff    	jne    5574f2 <fe2o3_kfd::engineering_gfx950::peer::combined_mlp_state_v1::tests::native::paired::interleaved::interleaved_exercise+0x23f2>
  55772e:	48 8b b4 24 28 01 00 	mov    0x128(%rsp),%rsi
  557735:	00 
  557736:	48 39 b4 24 e0 00 00 	cmp    %rsi,0xe0(%rsp)
  55773d:	00 
  55773e:	0f 83 08 2d 00 00    	jae    55a44c <fe2o3_kfd::engineering_gfx950::peer::combined_mlp_state_v1::tests::native::paired::interleaved::interleaved_exercise+0x534c>
  557744:	48 8b 9c 24 20 01 00 	mov    0x120(%rsp),%rbx
  55774b:	00 
  55774c:	48 8b b4 24 08 01 00 	mov    0x108(%rsp),%rsi
  557753:	00 
  557754:	48 8b 94 24 10 01 00 	mov    0x110(%rsp),%rdx
  55775b:	00 
  55775c:	48 8b 84 24 e0 01 00 	mov    0x1e0(%rsp),%rax
  557763:	00 
  557764:	48 89 04 24          	mov    %rax,(%rsp)
  557768:	48 8d bc 24 d0 03 00 	lea    0x3d0(%rsp),%rdi
  55776f:	00 
  557770:	4c 89 e1             	mov    %r12,%rcx
  557773:	4c 8d 84 24 90 07 00 	lea    0x790(%rsp),%r8
  55777a:	00 
  55777b:	4c 8d 8c 24 d0 07 00 	lea    0x7d0(%rsp),%r9
  557782:	00 
  557783:	e8 18 37 00 00       	call   55aea0 <fe2o3_kfd::engineering_gfx950::peer::combined_mlp_state_v1::tests::native::paired::interleaved::inputs>
  557788:	48 69 84 24 e0 00 00 	imul   $0x1908,0xe0(%rsp),%rax
  55778f:	00 08 19 00 00 
  557794:	48 01 c3             	add    %rax,%rbx
  557797:	48 8d bc 24 80 09 00 	lea    0x980(%rsp),%rdi
  55779e:	00 
  55779f:	48 89 de             	mov    %rbx,%rsi
  5577a2:	48 8b 54 24 18       	mov    0x18(%rsp),%rdx
  5577a7:	48 8d 8c 24 d0 03 00 	lea    0x3d0(%rsp),%rcx
  5577ae:	00 
  5577af:	44 8b 84 24 b8 00 00 	mov    0xb8(%rsp),%r8d
  5577b6:	00 
  5577b7:	e8 f4 f0 f3 ff       	call   4968b0 <<fe2o3_kfd::engineering_gfx950::peer::combined_mlp_state_v1::paired::retained::RetainedPair>::run>
  5577bc:	83 bc 24 80 09 00 00 	cmpl   $0x1,0x980(%rsp)
  5577c3:	01 
  5577c4:	0f 84 12 27 00 00    	je     559edc <fe2o3_kfd::engineering_gfx950::peer::combined_mlp_state_v1::tests::native::paired::interleaved::interleaved_exercise+0x4ddc>
  5577ca:	ba 68 11 00 00       	mov    $0x1168,%edx
  5577cf:	4c 89 ff             	mov    %r15,%rdi
  5577d2:	48 8d b4 24 88 09 00 	lea    0x988(%rsp),%rsi
  5577d9:	00 
  5577da:	48 8b 1d 87 40 35 00 	mov    0x354087(%rip),%rbx        # 8ab868 <memcpy@GLIBC_2.14>
  5577e1:	ff d3                	call   *%rbx
  5577e3:	ba 68 11 00 00       	mov    $0x1168,%edx
  5577e8:	48 8d bc 24 e0 34 00 	lea    0x34e0(%rsp),%rdi
  5577ef:	00 
  5577f0:	4c 89 fe             	mov    %r15,%rsi
  5577f3:	ff d3                	call   *%rbx
  5577f5:	48 83 bc 24 38 01 00 	cmpq   $0xfffffffffffffffa,0x138(%rsp)
  5577fc:	00 fa 
  5577fe:	0f 87 72 2c 00 00    	ja     55a476 <fe2o3_kfd::engineering_gfx950::peer::combined_mlp_state_v1::tests::native::paired::interleaved::interleaved_exercise+0x5376>
  557804:	48 83 84 24 38 01 00 	addq   $0x5,0x138(%rsp)
  55780b:	00 05 
  55780d:	48 c7 84 24 10 02 00 	movq   $0x0,0x210(%rsp)
  557814:	00 00 00 00 00 
  557819:	48 c7 84 24 18 02 00 	movq   $0x8,0x218(%rsp)
  557820:	00 08 00 00 00 
  557825:	48 c7 84 24 20 02 00 	movq   $0x0,0x220(%rsp)
  55782c:	00 00 00 00 00 
  557831:	b0 01                	mov    $0x1,%al
  557833:	89 84 24 48 01 00 00 	mov    %eax,0x148(%rsp)
  55783a:	48 8d 84 24 90 07 00 	lea    0x790(%rsp),%rax
  557841:	00 
  557842:	48 89 84 24 d8 01 00 	mov    %rax,0x1d8(%rsp)
  557849:	00 
  55784a:	48 8d 84 24 d0 07 00 	lea    0x7d0(%rsp),%rax
  557851:	00 
  557852:	48 89 84 24 d0 01 00 	mov    %rax,0x1d0(%rsp)
  557859:	00 
  55785a:	48 8d 84 24 e0 34 00 	lea    0x34e0(%rsp),%rax
  557861:	00 
  557862:	48 89 84 24 78 01 00 	mov    %rax,0x178(%rsp)
  557869:	00 
  55786a:	45 31 ed             	xor    %r13d,%r13d
  55786d:	48 8d bc 24 80 09 00 	lea    0x980(%rsp),%rdi
  557874:	00 
  557875:	48 8b b4 24 78 01 00 	mov    0x178(%rsp),%rsi
  55787c:	00 
  55787d:	48 8b 94 24 30 01 00 	mov    0x130(%rsp),%rdx
  557884:	00 
  557885:	e8 06 02 ef ff       	call   447a90 <fe2o3_kfd::engineering_gfx950::peer::combined_mlp_state_v1::require_terminal>
  55788a:	48 b8 00 00 00 00 00 	movabs $0x8000000000000000,%rax
  557891:	00 00 80 
  557894:	48 39 84 24 80 09 00 	cmp    %rax,0x980(%rsp)
  55789b:	00 
  55789c:	0f 85 18 26 00 00    	jne    559eba <fe2o3_kfd::engineering_gfx950::peer::combined_mlp_state_v1::tests::native::paired::interleaved::interleaved_exercise+0x4dba>
  5578a2:	48 c7 84 24 28 02 00 	movq   $0x0,0x228(%rsp)
  5578a9:	00 00 00 00 00 
  5578ae:	48 c7 84 24 30 02 00 	movq   $0x8,0x230(%rsp)
  5578b5:	00 08 00 00 00 
  5578ba:	48 c7 84 24 38 02 00 	movq   $0x0,0x238(%rsp)
  5578c1:	00 00 00 00 00 
  5578c6:	4a 8d 1c ad 00 00 00 	lea    0x0(,%r13,4),%rbx
  5578cd:	00 
  5578ce:	4c 01 eb             	add    %r13,%rbx
  5578d1:	48 c1 e3 06          	shl    $0x6,%rbx
  5578d5:	4c 01 e3             	add    %r12,%rbx
  5578d8:	45 31 f6             	xor    %r14d,%r14d
  5578db:	48 8d bc 24 80 09 00 	lea    0x980(%rsp),%rdi
  5578e2:	00 
  5578e3:	4c 89 ee             	mov    %r13,%rsi
  5578e6:	4c 89 f2             	mov    %r14,%rdx
  5578e9:	8b 8c 24 f0 00 00 00 	mov    0xf0(%rsp),%ecx
  5578f0:	e8 6b ab ff ff       	call   552460 <fe2o3_kfd::engineering_gfx950::peer::combined_mlp_state_v1::tests::native::paired::interleaved::scaled_root>
  5578f5:	8b 84 24 80 09 00 00 	mov    0x980(%rsp),%eax
  5578fc:	48 8d 8c 24 88 09 00 	lea    0x988(%rsp),%rcx
  557903:	00 
  557904:	0f 10 01             	movups (%rcx),%xmm0
  557907:	0f 29 84 24 f0 22 00 	movaps %xmm0,0x22f0(%rsp)
  55790e:	00 
  55790f:	48 8b 49 10          	mov    0x10(%rcx),%rcx
  557913:	48 89 8c 24 00 23 00 	mov    %rcx,0x2300(%rsp)
  55791a:	00 
  55791b:	83 f8 01             	cmp    $0x1,%eax
  55791e:	0f 84 34 24 00 00    	je     559d58 <fe2o3_kfd::engineering_gfx950::peer::combined_mlp_state_v1::tests::native::paired::interleaved::interleaved_exercise+0x4c58>
  557924:	48 8b ac 24 00 23 00 	mov    0x2300(%rsp),%rbp
  55792b:	00 
  55792c:	48 89 ac 24 d0 00 00 	mov    %rbp,0xd0(%rsp)
  557933:	00 
  557934:	0f 28 84 24 f0 22 00 	movaps 0x22f0(%rsp),%xmm0
  55793b:	00 
  55793c:	0f 29 84 24 c0 00 00 	movaps %xmm0,0xc0(%rsp)
  557943:	00 
  557944:	0f 10 03             	movups (%rbx),%xmm0
  557947:	0f 10 4b 10          	movups 0x10(%rbx),%xmm1
  55794b:	0f 29 84 24 90 22 00 	movaps %xmm0,0x2290(%rsp)
  557952:	00 
  557953:	0f 29 8c 24 a0 22 00 	movaps %xmm1,0x22a0(%rsp)
  55795a:	00 
  55795b:	48 8b 8c 24 c8 00 00 	mov    0xc8(%rsp),%rcx
  557962:	00 
  557963:	0f 10 03             	movups (%rbx),%xmm0
  557966:	0f 10 4b 10          	movups 0x10(%rbx),%xmm1
  55796a:	0f 29 8c 24 90 09 00 	movaps %xmm1,0x990(%rsp)
  557971:	00 
  557972:	0f 29 84 24 80 09 00 	movaps %xmm0,0x980(%rsp)
  557979:	00 
  55797a:	4c 89 ff             	mov    %r15,%rdi
  55797d:	48 8b 74 24 18       	mov    0x18(%rsp),%rsi
  557982:	48 8d 94 24 80 09 00 	lea    0x980(%rsp),%rdx
  557989:	00 
  55798a:	49 89 e8             	mov    %rbp,%r8
  55798d:	e8 6e 1f f6 ff       	call   4b9900 <fe2o3_kfd::engineering_gfx950::peer::combined_mlp_state_v1::tests::native::paired::check_all>
  557992:	8b 84 24 f0 22 00 00 	mov    0x22f0(%rsp),%eax
  557999:	48 8d 8c 24 f8 22 00 	lea    0x22f8(%rsp),%rcx
  5579a0:	00 
  5579a1:	0f 10 01             	movups (%rcx),%xmm0
  5579a4:	0f 29 84 24 d0 03 00 	movaps %xmm0,0x3d0(%rsp)
  5579ab:	00 
  5579ac:	48 8b 49 10          	mov    0x10(%rcx),%rcx
  5579b0:	48 89 8c 24 e0 03 00 	mov    %rcx,0x3e0(%rsp)
  5579b7:	00 
  5579b8:	83 f8 01             	cmp    $0x1,%eax
  5579bb:	0f 84 bc 23 00 00    	je     559d7d <fe2o3_kfd::engineering_gfx950::peer::combined_mlp_state_v1::tests::native::paired::interleaved::interleaved_exercise+0x4c7d>
  5579c1:	48 8b 84 24 e0 03 00 	mov    0x3e0(%rsp),%rax
  5579c8:	00 
  5579c9:	48 89 84 24 a0 00 00 	mov    %rax,0xa0(%rsp)
  5579d0:	00 
  5579d1:	0f 28 84 24 d0 03 00 	movaps 0x3d0(%rsp),%xmm0
  5579d8:	00 
  5579d9:	0f 29 84 24 90 00 00 	movaps %xmm0,0x90(%rsp)
  5579e0:	00 
  5579e1:	49 83 c6 fe          	add    $0xfffffffffffffffe,%r14
  5579e5:	49 83 fe 03          	cmp    $0x3,%r14
  5579e9:	73 14                	jae    5579ff <fe2o3_kfd::engineering_gfx950::peer::combined_mlp_state_v1::tests::native::paired::interleaved::interleaved_exercise+0x28ff>
  5579eb:	48 b8 00 00 00 00 00 	movabs $0x8000000000000000,%rax
  5579f2:	00 00 80 
  5579f5:	48 89 44 24 20       	mov    %rax,0x20(%rsp)
  5579fa:	e9 90 00 00 00       	jmp    557a8f <fe2o3_kfd::engineering_gfx950::peer::combined_mlp_state_v1::tests::native::paired::interleaved::interleaved_exercise+0x298f>
  5579ff:	48 8d bc 24 80 09 00 	lea    0x980(%rsp),%rdi
  557a06:	00 
  557a07:	48 8b 74 24 18       	mov    0x18(%rsp),%rsi
  557a0c:	48 8d 94 24 90 22 00 	lea    0x2290(%rsp),%rdx
  557a13:	00 
  557a14:	31 c9                	xor    %ecx,%ecx
  557a16:	41 89 e8             	mov    %ebp,%r8d
  557a19:	e8 02 3f f4 ff       	call   49b920 <<fe2o3_kfd::engineering_gfx950::peer::Gfx950EngineeringPeerGroupV1>::read>
  557a1e:	8b 84 24 80 09 00 00 	mov    0x980(%rsp),%eax
  557a25:	48 8d 8c 24 88 09 00 	lea    0x988(%rsp),%rcx
  557a2c:	00 
  557a2d:	0f 10 01             	movups (%rcx),%xmm0
  557a30:	0f 29 84 24 f0 22 00 	movaps %xmm0,0x22f0(%rsp)
  557a37:	00 
  557a38:	48 8b 49 10          	mov    0x10(%rcx),%rcx
  557a3c:	48 89 8c 24 00 23 00 	mov    %rcx,0x2300(%rsp)
  557a43:	00 
  557a44:	83 f8 01             	cmp    $0x1,%eax
  557a47:	0f 84 14 24 00 00    	je     559e61 <fe2o3_kfd::engineering_gfx950::peer::combined_mlp_state_v1::tests::native::paired::interleaved::interleaved_exercise+0x4d61>
  557a4d:	48 8b b4 24 f8 22 00 	mov    0x22f8(%rsp),%rsi
  557a54:	00 
  557a55:	48 8b 94 24 00 23 00 	mov    0x2300(%rsp),%rdx
  557a5c:	00 
  557a5d:	48 01 f2             	add    %rsi,%rdx
  557a60:	48 8d bc 24 d0 03 00 	lea    0x3d0(%rsp),%rdi
  557a67:	00 
  557a68:	e8 c3 a7 fe ff       	call   542230 <<alloc::string::String as core::iter::traits::collect::FromIterator<alloc::string::String>>::from_iter::<core::iter::adapters::map::Map<core::slice::iter::Iter<u8>, fe2o3_kfd::debug_trap::tests::debug_session_manifest_is_frozen::{closure#0}>>>
  557a6d:	48 8b 84 24 e0 03 00 	mov    0x3e0(%rsp),%rax
  557a74:	00 
  557a75:	48 89 44 24 30       	mov    %rax,0x30(%rsp)
  557a7a:	0f 10 84 24 d0 03 00 	movups 0x3d0(%rsp),%xmm0
  557a81:	00 
  557a82:	0f 29 44 24 20       	movaps %xmm0,0x20(%rsp)
  557a87:	4c 89 ff             	mov    %r15,%rdi
  557a8a:	e8 61 ca fd ff       	call   5344f0 <core::ptr::drop_in_place::<alloc::vec::Vec<u8>>>
  557a8f:	48 c7 44 24 70 00 00 	movq   $0x0,0x70(%rsp)
  557a96:	00 00 
  557a98:	48 c7 84 24 80 00 00 	movq   $0x0,0x80(%rsp)
  557a9f:	00 00 00 00 00 
  557aa4:	ba 04 00 00 00       	mov    $0x4,%edx
  557aa9:	48 8d bc 24 80 09 00 	lea    0x980(%rsp),%rdi
  557ab0:	00 
  557ab1:	48 8d 35 34 f9 b4 ff 	lea    -0x4b06cc(%rip),%rsi        # a73ec <anon.6888113950bfde655f8a37dd98af0301.223.llvm.18072420750023720124+0x4>
  557ab8:	e8 e3 ad fe ff       	call   5428a0 <<u8 as <[_]>::to_vec_in::ConvertVec>::to_vec::<alloc::alloc::Global>>
  557abd:	48 8b 84 24 90 09 00 	mov    0x990(%rsp),%rax
  557ac4:	00 
  557ac5:	48 89 44 24 50       	mov    %rax,0x50(%rsp)
  557aca:	0f 10 84 24 80 09 00 	movups 0x980(%rsp),%xmm0
  557ad1:	00 
  557ad2:	0f 29 44 24 40       	movaps %xmm0,0x40(%rsp)
  557ad7:	c6 84 24 80 09 00 00 	movb   $0x2,0x980(%rsp)
  557ade:	02 
  557adf:	48 c7 84 24 88 09 00 	movq   $0x0,0x988(%rsp)
  557ae6:	00 00 00 00 00 
  557aeb:	49 83 c6 02          	add    $0x2,%r14
  557aef:	4c 89 b4 24 90 09 00 	mov    %r14,0x990(%rsp)
  557af6:	00 
  557af7:	4c 89 ff             	mov    %r15,%rdi
  557afa:	48 8d 74 24 70       	lea    0x70(%rsp),%rsi
  557aff:	48 8d 54 24 40       	lea    0x40(%rsp),%rdx
  557b04:	48 8d 8c 24 80 09 00 	lea    0x980(%rsp),%rcx
  557b0b:	00 
  557b0c:	e8 7f 8c f7 ff       	call   4d0790 <<alloc::collections::btree::map::BTreeMap<alloc::string::String, serde_json::value::Value>>::insert>
  557b11:	80 bc 24 f0 22 00 00 	cmpb   $0x6,0x22f0(%rsp)
  557b18:	06 
  557b19:	74 08                	je     557b23 <fe2o3_kfd::engineering_gfx950::peer::combined_mlp_state_v1::tests::native::paired::interleaved::interleaved_exercise+0x2a23>
  557b1b:	4c 89 ff             	mov    %r15,%rdi
  557b1e:	e8 4d d6 fd ff       	call   535170 <core::ptr::drop_in_place::<serde_json::value::Value>>
  557b23:	ba 05 00 00 00       	mov    $0x5,%edx
  557b28:	48 8d bc 24 80 09 00 	lea    0x980(%rsp),%rdi
  557b2f:	00 
  557b30:	48 8d 35 f2 f7 c8 ff 	lea    -0x37080e(%rip),%rsi        # 1e7329 <anon.8b450354eb9abf3bd4876638ac5342ab.343.llvm.14258636651103868718+0x3d0>
  557b37:	e8 64 ad fe ff       	call   5428a0 <<u8 as <[_]>::to_vec_in::ConvertVec>::to_vec::<alloc::alloc::Global>>
  557b3c:	48 8b 84 24 90 09 00 	mov    0x990(%rsp),%rax
  557b43:	00 
  557b44:	48 89 44 24 50       	mov    %rax,0x50(%rsp)
  557b49:	0f 10 84 24 80 09 00 	movups 0x980(%rsp),%xmm0
  557b50:	00 
  557b51:	0f 29 44 24 40       	movaps %xmm0,0x40(%rsp)
  557b56:	c6 84 24 80 09 00 00 	movb   $0x2,0x980(%rsp)
  557b5d:	02 
  557b5e:	48 c7 84 24 88 09 00 	movq   $0x0,0x988(%rsp)
  557b65:	00 00 00 00 00 
  557b6a:	48 89 ac 24 90 09 00 	mov    %rbp,0x990(%rsp)
  557b71:	00 
  557b72:	4c 89 ff             	mov    %r15,%rdi
  557b75:	48 8d 74 24 70       	lea    0x70(%rsp),%rsi
  557b7a:	48 8d 54 24 40       	lea    0x40(%rsp),%rdx
  557b7f:	48 8d 8c 24 80 09 00 	lea    0x980(%rsp),%rcx
  557b86:	00 
  557b87:	e8 04 8c f7 ff       	call   4d0790 <<alloc::collections::btree::map::BTreeMap<alloc::string::String, serde_json::value::Value>>::insert>
  557b8c:	80 bc 24 f0 22 00 00 	cmpb   $0x6,0x22f0(%rsp)
  557b93:	06 
  557b94:	74 08                	je     557b9e <fe2o3_kfd::engineering_gfx950::peer::combined_mlp_state_v1::tests::native::paired::interleaved::interleaved_exercise+0x2a9e>
  557b96:	4c 89 ff             	mov    %r15,%rdi
  557b99:	e8 d2 d5 fd ff       	call   535170 <core::ptr::drop_in_place::<serde_json::value::Value>>
  557b9e:	ba 06 00 00 00       	mov    $0x6,%edx
  557ba3:	48 8d bc 24 80 09 00 	lea    0x980(%rsp),%rdi
  557baa:	00 
  557bab:	48 8d 35 ad f5 c8 ff 	lea    -0x370a53(%rip),%rsi        # 1e715f <anon.8b450354eb9abf3bd4876638ac5342ab.343.llvm.14258636651103868718+0x206>
  557bb2:	e8 e9 ac fe ff       	call   5428a0 <<u8 as <[_]>::to_vec_in::ConvertVec>::to_vec::<alloc::alloc::Global>>
  557bb7:	48 8b 84 24 90 09 00 	mov    0x990(%rsp),%rax
  557bbe:	00 
  557bbf:	48 89 44 24 50       	mov    %rax,0x50(%rsp)
  557bc4:	0f 10 84 24 80 09 00 	movups 0x980(%rsp),%xmm0
  557bcb:	00 
  557bcc:	0f 29 44 24 40       	movaps %xmm0,0x40(%rsp)
  557bd1:	48 8d bc 24 80 09 00 	lea    0x980(%rsp),%rdi
  557bd8:	00 
  557bd9:	48 8d b4 24 90 00 00 	lea    0x90(%rsp),%rsi
  557be0:	00 
  557be1:	e8 fa 75 e4 ff       	call   39f1e0 <serde_json::value::to_value::<&alloc::string::String>>
  557be6:	80 bc 24 80 09 00 00 	cmpb   $0x6,0x980(%rsp)
  557bed:	06 
  557bee:	0f 84 28 24 00 00    	je     55a01c <fe2o3_kfd::engineering_gfx950::peer::combined_mlp_state_v1::tests::native::paired::interleaved::interleaved_exercise+0x4f1c>
  557bf4:	0f 10 84 24 80 09 00 	movups 0x980(%rsp),%xmm0
  557bfb:	00 
  557bfc:	0f 10 8c 24 90 09 00 	movups 0x990(%rsp),%xmm1
  557c03:	00 
  557c04:	0f 29 8c 24 00 23 00 	movaps %xmm1,0x2300(%rsp)
  557c0b:	00 
  557c0c:	0f 29 84 24 f0 22 00 	movaps %xmm0,0x22f0(%rsp)
  557c13:	00 
  557c14:	48 8d bc 24 80 09 00 	lea    0x980(%rsp),%rdi
  557c1b:	00 
  557c1c:	48 8d 74 24 70       	lea    0x70(%rsp),%rsi
  557c21:	48 8d 54 24 40       	lea    0x40(%rsp),%rdx
  557c26:	4c 89 f9             	mov    %r15,%rcx
  557c29:	e8 62 8b f7 ff       	call   4d0790 <<alloc::collections::btree::map::BTreeMap<alloc::string::String, serde_json::value::Value>>::insert>
  557c2e:	80 bc 24 80 09 00 00 	cmpb   $0x6,0x980(%rsp)
  557c35:	06 
  557c36:	74 0d                	je     557c45 <fe2o3_kfd::engineering_gfx950::peer::combined_mlp_state_v1::tests::native::paired::interleaved::interleaved_exercise+0x2b45>
  557c38:	48 8d bc 24 80 09 00 	lea    0x980(%rsp),%rdi
  557c3f:	00 
  557c40:	e8 2b d5 fd ff       	call   535170 <core::ptr::drop_in_place::<serde_json::value::Value>>
  557c45:	ba 06 00 00 00       	mov    $0x6,%edx
  557c4a:	48 8d bc 24 80 09 00 	lea    0x980(%rsp),%rdi
  557c51:	00 
  557c52:	48 8d 35 d5 f6 c8 ff 	lea    -0x37092b(%rip),%rsi        # 1e732e <anon.8b450354eb9abf3bd4876638ac5342ab.343.llvm.14258636651103868718+0x3d5>
  557c59:	e8 42 ac fe ff       	call   5428a0 <<u8 as <[_]>::to_vec_in::ConvertVec>::to_vec::<alloc::alloc::Global>>
  557c5e:	48 8b 84 24 90 09 00 	mov    0x990(%rsp),%rax
  557c65:	00 
  557c66:	48 89 44 24 50       	mov    %rax,0x50(%rsp)
  557c6b:	0f 10 84 24 80 09 00 	movups 0x980(%rsp),%xmm0
  557c72:	00 
  557c73:	0f 29 44 24 40       	movaps %xmm0,0x40(%rsp)
  557c78:	48 8d bc 24 80 09 00 	lea    0x980(%rsp),%rdi
  557c7f:	00 
  557c80:	48 8d 74 24 20       	lea    0x20(%rsp),%rsi
  557c85:	e8 86 74 e4 ff       	call   39f110 <serde_json::value::to_value::<&core::option::Option<alloc::string::String>>>
  557c8a:	80 bc 24 80 09 00 00 	cmpb   $0x6,0x980(%rsp)
  557c91:	06 
  557c92:	0f 84 c1 23 00 00    	je     55a059 <fe2o3_kfd::engineering_gfx950::peer::combined_mlp_state_v1::tests::native::paired::interleaved::interleaved_exercise+0x4f59>
  557c98:	0f 10 84 24 80 09 00 	movups 0x980(%rsp),%xmm0
  557c9f:	00 
  557ca0:	0f 10 8c 24 90 09 00 	movups 0x990(%rsp),%xmm1
  557ca7:	00 
  557ca8:	0f 29 8c 24 00 23 00 	movaps %xmm1,0x2300(%rsp)
  557caf:	00 
  557cb0:	0f 29 84 24 f0 22 00 	movaps %xmm0,0x22f0(%rsp)
  557cb7:	00 
  557cb8:	48 8d bc 24 80 09 00 	lea    0x980(%rsp),%rdi
  557cbf:	00 
  557cc0:	48 8d 74 24 70       	lea    0x70(%rsp),%rsi
  557cc5:	48 8d 54 24 40       	lea    0x40(%rsp),%rdx
  557cca:	4c 89 f9             	mov    %r15,%rcx
  557ccd:	e8 be 8a f7 ff       	call   4d0790 <<alloc::collections::btree::map::BTreeMap<alloc::string::String, serde_json::value::Value>>::insert>
  557cd2:	80 bc 24 80 09 00 00 	cmpb   $0x6,0x980(%rsp)
  557cd9:	06 
  557cda:	74 0d                	je     557ce9 <fe2o3_kfd::engineering_gfx950::peer::combined_mlp_state_v1::tests::native::paired::interleaved::interleaved_exercise+0x2be9>
  557cdc:	48 8d bc 24 80 09 00 	lea    0x980(%rsp),%rdi
  557ce3:	00 
  557ce4:	e8 87 d4 fd ff       	call   535170 <core::ptr::drop_in_place::<serde_json::value::Value>>
  557ce9:	48 8b 84 24 80 00 00 	mov    0x80(%rsp),%rax
  557cf0:	00 
  557cf1:	48 8d 8c 24 d1 03 00 	lea    0x3d1(%rsp),%rcx
  557cf8:	00 
  557cf9:	48 89 41 17          	mov    %rax,0x17(%rcx)
  557cfd:	0f 10 44 24 70       	movups 0x70(%rsp),%xmm0
  557d02:	0f 11 41 07          	movups %xmm0,0x7(%rcx)
  557d06:	c6 84 24 d0 03 00 00 	movb   $0x5,0x3d0(%rsp)
  557d0d:	05 
  557d0e:	48 8d bc 24 28 02 00 	lea    0x228(%rsp),%rdi
  557d15:	00 
  557d16:	48 8d b4 24 d0 03 00 	lea    0x3d0(%rsp),%rsi
  557d1d:	00 
  557d1e:	e8 ad cb fe ff       	call   5448d0 <<alloc::vec::Vec<serde_json::value::Value>>::push_mut>
  557d23:	48 8d 7c 24 20       	lea    0x20(%rsp),%rdi
  557d28:	e8 43 bd fd ff       	call   533a70 <core::ptr::drop_in_place::<core::option::Option<alloc::string::String>>>
  557d2d:	48 8d bc 24 90 00 00 	lea    0x90(%rsp),%rdi
  557d34:	00 
  557d35:	e8 06 cd fd ff       	call   534a40 <core::ptr::drop_in_place::<alloc::string::String>>
  557d3a:	48 8d bc 24 c0 00 00 	lea    0xc0(%rsp),%rdi
  557d41:	00 
  557d42:	e8 a9 c7 fd ff       	call   5344f0 <core::ptr::drop_in_place::<alloc::vec::Vec<u8>>>
  557d47:	48 83 c3 20          	add    $0x20,%rbx
  557d4b:	49 ff c6             	inc    %r14
  557d4e:	49 83 fe 0a          	cmp    $0xa,%r14
  557d52:	0f 85 83 fb ff ff    	jne    5578db <fe2o3_kfd::engineering_gfx950::peer::combined_mlp_state_v1::tests::native::paired::interleaved::interleaved_exercise+0x27db>
  557d58:	4c 89 e8             	mov    %r13,%rax
  557d5b:	48 c1 e0 05          	shl    $0x5,%rax
  557d5f:	48 8b 8c 24 40 01 00 	mov    0x140(%rsp),%rcx
  557d66:	00 
  557d67:	0f 10 04 01          	movups (%rcx,%rax,1),%xmm0
  557d6b:	0f 10 4c 01 10       	movups 0x10(%rcx,%rax,1),%xmm1
  557d70:	0f 29 84 24 b0 03 00 	movaps %xmm0,0x3b0(%rsp)
  557d77:	00 
  557d78:	0f 29 8c 24 c0 03 00 	movaps %xmm1,0x3c0(%rsp)
  557d7f:	00 
  557d80:	48 8d bc 24 80 09 00 	lea    0x980(%rsp),%rdi
  557d87:	00 
  557d88:	4c 89 ee             	mov    %r13,%rsi
  557d8b:	8b 94 24 f0 00 00 00 	mov    0xf0(%rsp),%edx
  557d92:	e8 a9 ab ff ff       	call   552940 <fe2o3_kfd::engineering_gfx950::peer::combined_mlp_state_v1::tests::native::paired::interleaved::scaled_final>
  557d97:	8b 84 24 80 09 00 00 	mov    0x980(%rsp),%eax
  557d9e:	48 8d 8c 24 88 09 00 	lea    0x988(%rsp),%rcx
  557da5:	00 
  557da6:	0f 10 01             	movups (%rcx),%xmm0
  557da9:	0f 29 84 24 d0 03 00 	movaps %xmm0,0x3d0(%rsp)
  557db0:	00 
  557db1:	48 8b 49 10          	mov    0x10(%rcx),%rcx
  557db5:	48 89 8c 24 e0 03 00 	mov    %rcx,0x3e0(%rsp)
  557dbc:	00 
  557dbd:	83 f8 01             	cmp    $0x1,%eax
  557dc0:	0f 84 80 21 00 00    	je     559f46 <fe2o3_kfd::engineering_gfx950::peer::combined_mlp_state_v1::tests::native::paired::interleaved::interleaved_exercise+0x4e46>
  557dc6:	48 8b 8c 24 d8 03 00 	mov    0x3d8(%rsp),%rcx
  557dcd:	00 
  557dce:	4c 8b 84 24 e0 03 00 	mov    0x3e0(%rsp),%r8
  557dd5:	00 
  557dd6:	0f 28 84 24 b0 03 00 	movaps 0x3b0(%rsp),%xmm0
  557ddd:	00 
  557dde:	0f 28 8c 24 c0 03 00 	movaps 0x3c0(%rsp),%xmm1
  557de5:	00 
  557de6:	0f 29 8c 24 90 09 00 	movaps %xmm1,0x990(%rsp)
  557ded:	00 
  557dee:	0f 29 84 24 80 09 00 	movaps %xmm0,0x980(%rsp)
  557df5:	00 
  557df6:	4c 89 ff             	mov    %r15,%rdi
  557df9:	48 8b 74 24 18       	mov    0x18(%rsp),%rsi
  557dfe:	48 8d 94 24 80 09 00 	lea    0x980(%rsp),%rdx
  557e05:	00 
  557e06:	e8 f5 1a f6 ff       	call   4b9900 <fe2o3_kfd::engineering_gfx950::peer::combined_mlp_state_v1::tests::native::paired::check_all>
  557e0b:	8b 84 24 f0 22 00 00 	mov    0x22f0(%rsp),%eax
  557e12:	48 8d 8c 24 f8 22 00 	lea    0x22f8(%rsp),%rcx
  557e19:	00 
  557e1a:	0f 10 01             	movups (%rcx),%xmm0
  557e1d:	0f 29 44 24 40       	movaps %xmm0,0x40(%rsp)
  557e22:	48 8b 49 10          	mov    0x10(%rcx),%rcx
  557e26:	48 89 4c 24 50       	mov    %rcx,0x50(%rsp)
  557e2b:	83 f8 01             	cmp    $0x1,%eax
  557e2e:	0f 84 30 21 00 00    	je     559f64 <fe2o3_kfd::engineering_gfx950::peer::combined_mlp_state_v1::tests::native::paired::interleaved::interleaved_exercise+0x4e64>
  557e34:	48 8b 44 24 50       	mov    0x50(%rsp),%rax
  557e39:	48 89 84 24 50 02 00 	mov    %rax,0x250(%rsp)
  557e40:	00 
  557e41:	0f 28 44 24 40       	movaps 0x40(%rsp),%xmm0
  557e46:	0f 29 84 24 40 02 00 	movaps %xmm0,0x240(%rsp)
  557e4d:	00 
  557e4e:	48 8d 9c 24 d0 03 00 	lea    0x3d0(%rsp),%rbx
  557e55:	00 
  557e56:	48 89 df             	mov    %rbx,%rdi
  557e59:	e8 92 c6 fd ff       	call   5344f0 <core::ptr::drop_in_place::<alloc::vec::Vec<u8>>>
  557e5e:	48 8b 84 24 d8 01 00 	mov    0x1d8(%rsp),%rax
  557e65:	00 
  557e66:	0f 10 00             	movups (%rax),%xmm0
  557e69:	0f 10 48 10          	movups 0x10(%rax),%xmm1
  557e6d:	0f 29 84 24 b0 22 00 	movaps %xmm0,0x22b0(%rsp)
  557e74:	00 
  557e75:	0f 29 8c 24 c0 22 00 	movaps %xmm1,0x22c0(%rsp)
  557e7c:	00 
  557e7d:	48 89 df             	mov    %rbx,%rdi
  557e80:	4c 89 ee             	mov    %r13,%rsi
  557e83:	e8 58 11 f6 ff       	call   4b8fe0 <fe2o3_kfd::engineering_gfx950::peer::combined_mlp_state_v1::tests::native::paired::original_partial>
  557e88:	48 8b 8c 24 d8 03 00 	mov    0x3d8(%rsp),%rcx
  557e8f:	00 
  557e90:	4c 8b 84 24 e0 03 00 	mov    0x3e0(%rsp),%r8
  557e97:	00 
  557e98:	48 8b 84 24 d8 01 00 	mov    0x1d8(%rsp),%rax
  557e9f:	00 
  557ea0:	0f 10 00             	movups (%rax),%xmm0
  557ea3:	0f 10 48 10          	movups 0x10(%rax),%xmm1
  557ea7:	0f 29 8c 24 90 09 00 	movaps %xmm1,0x990(%rsp)
  557eae:	00 
  557eaf:	0f 29 84 24 80 09 00 	movaps %xmm0,0x980(%rsp)
  557eb6:	00 
  557eb7:	4c 89 ff             	mov    %r15,%rdi
  557eba:	48 8b 74 24 18       	mov    0x18(%rsp),%rsi
  557ebf:	48 8d 94 24 80 09 00 	lea    0x980(%rsp),%rdx
  557ec6:	00 
  557ec7:	e8 34 1a f6 ff       	call   4b9900 <fe2o3_kfd::engineering_gfx950::peer::combined_mlp_state_v1::tests::native::paired::check_all>
  557ecc:	8b 84 24 f0 22 00 00 	mov    0x22f0(%rsp),%eax
  557ed3:	48 8d 8c 24 f8 22 00 	lea    0x22f8(%rsp),%rcx
  557eda:	00 
  557edb:	0f 10 01             	movups (%rcx),%xmm0
  557ede:	0f 29 44 24 40       	movaps %xmm0,0x40(%rsp)
  557ee3:	48 8b 49 10          	mov    0x10(%rcx),%rcx
  557ee7:	48 89 4c 24 50       	mov    %rcx,0x50(%rsp)
  557eec:	83 f8 01             	cmp    $0x1,%eax
  557eef:	0f 84 96 20 00 00    	je     559f8b <fe2o3_kfd::engineering_gfx950::peer::combined_mlp_state_v1::tests::native::paired::interleaved::interleaved_exercise+0x4e8b>
  557ef5:	48 8b 44 24 50       	mov    0x50(%rsp),%rax
  557efa:	48 89 84 24 70 02 00 	mov    %rax,0x270(%rsp)
  557f01:	00 
  557f02:	0f 28 44 24 40       	movaps 0x40(%rsp),%xmm0
  557f07:	0f 29 84 24 60 02 00 	movaps %xmm0,0x260(%rsp)
  557f0e:	00 
  557f0f:	48 8d bc 24 d0 03 00 	lea    0x3d0(%rsp),%rdi
  557f16:	00 
  557f17:	e8 d4 c5 fd ff       	call   5344f0 <core::ptr::drop_in_place::<alloc::vec::Vec<u8>>>
  557f1c:	48 8b 84 24 d0 01 00 	mov    0x1d0(%rsp),%rax
  557f23:	00 
  557f24:	0f 10 00             	movups (%rax),%xmm0
  557f27:	0f 10 48 10          	movups 0x10(%rax),%xmm1
  557f2b:	0f 29 84 24 d0 22 00 	movaps %xmm0,0x22d0(%rsp)
  557f32:	00 
  557f33:	0f 29 8c 24 e0 22 00 	movaps %xmm1,0x22e0(%rsp)
  557f3a:	00 
  557f3b:	48 8d bc 24 80 09 00 	lea    0x980(%rsp),%rdi
  557f42:	00 
  557f43:	4c 89 ee             	mov    %r13,%rsi
  557f46:	e8 f5 10 f6 ff       	call   4b9040 <fe2o3_kfd::engineering_gfx950::peer::combined_mlp_state_v1::tests::native::paired::original_residual>
  557f4b:	8b 84 24 80 09 00 00 	mov    0x980(%rsp),%eax
  557f52:	48 8d 8c 24 88 09 00 	lea    0x988(%rsp),%rcx
  557f59:	00 
  557f5a:	0f 10 01             	movups (%rcx),%xmm0
  557f5d:	0f 29 84 24 d0 03 00 	movaps %xmm0,0x3d0(%rsp)
  557f64:	00 
  557f65:	48 8b 49 10          	mov    0x10(%rcx),%rcx
  557f69:	48 89 8c 24 e0 03 00 	mov    %rcx,0x3e0(%rsp)
  557f70:	00 
  557f71:	83 f8 01             	cmp    $0x1,%eax
  557f74:	0f 84 3a 20 00 00    	je     559fb4 <fe2o3_kfd::engineering_gfx950::peer::combined_mlp_state_v1::tests::native::paired::interleaved::interleaved_exercise+0x4eb4>
  557f7a:	48 8b 8c 24 d8 03 00 	mov    0x3d8(%rsp),%rcx
  557f81:	00 
  557f82:	4c 8b 84 24 e0 03 00 	mov    0x3e0(%rsp),%r8
  557f89:	00 
  557f8a:	48 8b 84 24 d0 01 00 	mov    0x1d0(%rsp),%rax
  557f91:	00 
  557f92:	0f 10 00             	movups (%rax),%xmm0
  557f95:	0f 10 48 10          	movups 0x10(%rax),%xmm1
  557f99:	0f 29 8c 24 90 09 00 	movaps %xmm1,0x990(%rsp)
  557fa0:	00 
  557fa1:	0f 29 84 24 80 09 00 	movaps %xmm0,0x980(%rsp)
  557fa8:	00 
  557fa9:	4c 89 ff             	mov    %r15,%rdi
  557fac:	48 8b 74 24 18       	mov    0x18(%rsp),%rsi
  557fb1:	48 8d 94 24 80 09 00 	lea    0x980(%rsp),%rdx
  557fb8:	00 
  557fb9:	e8 42 19 f6 ff       	call   4b9900 <fe2o3_kfd::engineering_gfx950::peer::combined_mlp_state_v1::tests::native::paired::check_all>
  557fbe:	8b 84 24 f0 22 00 00 	mov    0x22f0(%rsp),%eax
  557fc5:	48 8d 8c 24 f8 22 00 	lea    0x22f8(%rsp),%rcx
  557fcc:	00 
  557fcd:	0f 10 01             	movups (%rcx),%xmm0
  557fd0:	0f 29 44 24 40       	movaps %xmm0,0x40(%rsp)
  557fd5:	48 8b 49 10          	mov    0x10(%rcx),%rcx
  557fd9:	48 89 4c 24 50       	mov    %rcx,0x50(%rsp)
  557fde:	83 f8 01             	cmp    $0x1,%eax
  557fe1:	0f 84 ef 1f 00 00    	je     559fd6 <fe2o3_kfd::engineering_gfx950::peer::combined_mlp_state_v1::tests::native::paired::interleaved::interleaved_exercise+0x4ed6>
  557fe7:	48 8b 44 24 50       	mov    0x50(%rsp),%rax
  557fec:	48 89 84 24 90 02 00 	mov    %rax,0x290(%rsp)
  557ff3:	00 
  557ff4:	0f 28 44 24 40       	movaps 0x40(%rsp),%xmm0
  557ff9:	0f 29 84 24 80 02 00 	movaps %xmm0,0x280(%rsp)
  558000:	00 
  558001:	48 8d bc 24 d0 03 00 	lea    0x3d0(%rsp),%rdi
  558008:	00 
  558009:	e8 e2 c4 fd ff       	call   5344f0 <core::ptr::drop_in_place::<alloc::vec::Vec<u8>>>
  55800e:	48 c7 84 24 60 01 00 	movq   $0x0,0x160(%rsp)
  558015:	00 00 00 00 00 
  55801a:	48 c7 84 24 70 01 00 	movq   $0x0,0x170(%rsp)
  558021:	00 00 00 00 00 
  558026:	ba 04 00 00 00       	mov    $0x4,%edx
  55802b:	48 8d bc 24 80 09 00 	lea    0x980(%rsp),%rdi
  558032:	00 
  558033:	48 8d 35 62 f5 b4 ff 	lea    -0x4b0a9e(%rip),%rsi        # a759c <anon.88cdbf323d6fc3e95ab5e2acb6efd52b.619.llvm.18181729430990501009+0x40>
  55803a:	e8 61 a8 fe ff       	call   5428a0 <<u8 as <[_]>::to_vec_in::ConvertVec>::to_vec::<alloc::alloc::Global>>
  55803f:	48 8b 84 24 90 09 00 	mov    0x990(%rsp),%rax
  558046:	00 
  558047:	48 89 84 24 e0 03 00 	mov    %rax,0x3e0(%rsp)
  55804e:	00 
  55804f:	0f 10 84 24 80 09 00 	movups 0x980(%rsp),%xmm0
  558056:	00 
  558057:	0f 29 84 24 d0 03 00 	movaps %xmm0,0x3d0(%rsp)
  55805e:	00 
  55805f:	c6 84 24 80 09 00 00 	movb   $0x2,0x980(%rsp)
  558066:	02 
  558067:	48 c7 84 24 88 09 00 	movq   $0x0,0x988(%rsp)
  55806e:	00 00 00 00 00 
  558073:	4c 89 ac 24 90 09 00 	mov    %r13,0x990(%rsp)
  55807a:	00 
  55807b:	4c 89 ff             	mov    %r15,%rdi
  55807e:	48 8d b4 24 60 01 00 	lea    0x160(%rsp),%rsi
  558085:	00 
  558086:	48 8d 94 24 d0 03 00 	lea    0x3d0(%rsp),%rdx
  55808d:	00 
  55808e:	48 8d 8c 24 80 09 00 	lea    0x980(%rsp),%rcx
  558095:	00 
  558096:	e8 f5 86 f7 ff       	call   4d0790 <<alloc::collections::btree::map::BTreeMap<alloc::string::String, serde_json::value::Value>>::insert>
  55809b:	80 bc 24 f0 22 00 00 	cmpb   $0x6,0x22f0(%rsp)
  5580a2:	06 
  5580a3:	74 08                	je     5580ad <fe2o3_kfd::engineering_gfx950::peer::combined_mlp_state_v1::tests::native::paired::interleaved::interleaved_exercise+0x2fad>
  5580a5:	4c 89 ff             	mov    %r15,%rdi
  5580a8:	e8 c3 d0 fd ff       	call   535170 <core::ptr::drop_in_place::<serde_json::value::Value>>
  5580ad:	ba 06 00 00 00       	mov    $0x6,%edx
  5580b2:	48 8d bc 24 80 09 00 	lea    0x980(%rsp),%rdi
  5580b9:	00 
  5580ba:	48 8d 35 10 f2 c8 ff 	lea    -0x370df0(%rip),%rsi        # 1e72d1 <anon.8b450354eb9abf3bd4876638ac5342ab.343.llvm.14258636651103868718+0x378>
  5580c1:	e8 da a7 fe ff       	call   5428a0 <<u8 as <[_]>::to_vec_in::ConvertVec>::to_vec::<alloc::alloc::Global>>
  5580c6:	48 8b 84 24 90 09 00 	mov    0x990(%rsp),%rax
  5580cd:	00 
  5580ce:	48 89 84 24 e0 03 00 	mov    %rax,0x3e0(%rsp)
  5580d5:	00 
  5580d6:	0f 10 84 24 80 09 00 	movups 0x980(%rsp),%xmm0
  5580dd:	00 
  5580de:	0f 29 84 24 d0 03 00 	movaps %xmm0,0x3d0(%rsp)
  5580e5:	00 
  5580e6:	48 8d bc 24 80 09 00 	lea    0x980(%rsp),%rdi
  5580ed:	00 
  5580ee:	48 8d b4 24 28 02 00 	lea    0x228(%rsp),%rsi
  5580f5:	00 
  5580f6:	e8 35 29 13 00       	call   68aa30 <<serde_json::value::ser::Serializer as serde_core::ser::Serializer>::collect_seq::<&alloc::vec::Vec<serde_json::value::Value>>>
  5580fb:	80 bc 24 80 09 00 00 	cmpb   $0x6,0x980(%rsp)
  558102:	06 
  558103:	0f 84 e8 20 00 00    	je     55a1f1 <fe2o3_kfd::engineering_gfx950::peer::combined_mlp_state_v1::tests::native::paired::interleaved::interleaved_exercise+0x50f1>
  558109:	0f 10 84 24 80 09 00 	movups 0x980(%rsp),%xmm0
  558110:	00 
  558111:	0f 10 8c 24 90 09 00 	movups 0x990(%rsp),%xmm1
  558118:	00 
  558119:	0f 29 8c 24 00 23 00 	movaps %xmm1,0x2300(%rsp)
  558120:	00 
  558121:	0f 29 84 24 f0 22 00 	movaps %xmm0,0x22f0(%rsp)
  558128:	00 
  558129:	48 8d bc 24 80 09 00 	lea    0x980(%rsp),%rdi
  558130:	00 
  558131:	48 8d b4 24 60 01 00 	lea    0x160(%rsp),%rsi
  558138:	00 
  558139:	48 8d 94 24 d0 03 00 	lea    0x3d0(%rsp),%rdx
  558140:	00 
  558141:	4c 89 f9             	mov    %r15,%rcx
  558144:	e8 47 86 f7 ff       	call   4d0790 <<alloc::collections::btree::map::BTreeMap<alloc::string::String, serde_json::value::Value>>::insert>
  558149:	80 bc 24 80 09 00 00 	cmpb   $0x6,0x980(%rsp)
  558150:	06 
  558151:	74 0d                	je     558160 <fe2o3_kfd::engineering_gfx950::peer::combined_mlp_state_v1::tests::native::paired::interleaved::interleaved_exercise+0x3060>
  558153:	48 8d bc 24 80 09 00 	lea    0x980(%rsp),%rdi
  55815a:	00 
  55815b:	e8 10 d0 fd ff       	call   535170 <core::ptr::drop_in_place::<serde_json::value::Value>>
  558160:	ba 0e 00 00 00       	mov    $0xe,%edx
  558165:	48 8d bc 24 80 09 00 	lea    0x980(%rsp),%rdi
  55816c:	00 
  55816d:	48 8d 35 63 f1 c8 ff 	lea    -0x370e9d(%rip),%rsi        # 1e72d7 <anon.8b450354eb9abf3bd4876638ac5342ab.343.llvm.14258636651103868718+0x37e>
  558174:	e8 27 a7 fe ff       	call   5428a0 <<u8 as <[_]>::to_vec_in::ConvertVec>::to_vec::<alloc::alloc::Global>>
  558179:	48 8b 84 24 90 09 00 	mov    0x990(%rsp),%rax
  558180:	00 
  558181:	48 89 84 24 d0 00 00 	mov    %rax,0xd0(%rsp)
  558188:	00 
  558189:	0f 10 84 24 80 09 00 	movups 0x980(%rsp),%xmm0
  558190:	00 
  558191:	0f 29 84 24 c0 00 00 	movaps %xmm0,0xc0(%rsp)
  558198:	00 
  558199:	48 8d bc 24 80 09 00 	lea    0x980(%rsp),%rdi
  5581a0:	00 
  5581a1:	48 8b 74 24 18       	mov    0x18(%rsp),%rsi
  5581a6:	48 8d 94 24 b0 22 00 	lea    0x22b0(%rsp),%rdx
  5581ad:	00 
  5581ae:	31 c9                	xor    %ecx,%ecx
  5581b0:	41 b8 00 40 00 00    	mov    $0x4000,%r8d
  5581b6:	e8 65 37 f4 ff       	call   49b920 <<fe2o3_kfd::engineering_gfx950::peer::Gfx950EngineeringPeerGroupV1>::read>
  5581bb:	8b 84 24 80 09 00 00 	mov    0x980(%rsp),%eax
  5581c2:	48 8d 8c 24 88 09 00 	lea    0x988(%rsp),%rcx
  5581c9:	00 
  5581ca:	0f 10 01             	movups (%rcx),%xmm0
  5581cd:	0f 29 44 24 20       	movaps %xmm0,0x20(%rsp)
  5581d2:	48 8b 49 10          	mov    0x10(%rcx),%rcx
  5581d6:	48 89 4c 24 30       	mov    %rcx,0x30(%rsp)
  5581db:	83 f8 01             	cmp    $0x1,%eax
  5581de:	0f 84 1c 1d 00 00    	je     559f00 <fe2o3_kfd::engineering_gfx950::peer::combined_mlp_state_v1::tests::native::paired::interleaved::interleaved_exercise+0x4e00>
  5581e4:	48 8b 74 24 28       	mov    0x28(%rsp),%rsi
  5581e9:	48 8b 54 24 30       	mov    0x30(%rsp),%rdx
  5581ee:	48 01 f2             	add    %rsi,%rdx
  5581f1:	48 8d bc 24 90 00 00 	lea    0x90(%rsp),%rdi
  5581f8:	00 
  5581f9:	e8 32 a0 fe ff       	call   542230 <<alloc::string::String as core::iter::traits::collect::FromIterator<alloc::string::String>>::from_iter::<core::iter::adapters::map::Map<core::slice::iter::Iter<u8>, fe2o3_kfd::debug_trap::tests::debug_session_manifest_is_frozen::{closure#0}>>>
  5581fe:	4c 89 ff             	mov    %r15,%rdi
  558201:	48 8d b4 24 90 00 00 	lea    0x90(%rsp),%rsi
  558208:	00 
  558209:	e8 d2 6f e4 ff       	call   39f1e0 <serde_json::value::to_value::<&alloc::string::String>>
  55820e:	80 bc 24 f0 22 00 00 	cmpb   $0x6,0x22f0(%rsp)
  558215:	06 
  558216:	0f 84 12 20 00 00    	je     55a22e <fe2o3_kfd::engineering_gfx950::peer::combined_mlp_state_v1::tests::native::paired::interleaved::interleaved_exercise+0x512e>
  55821c:	0f 10 84 24 f0 22 00 	movups 0x22f0(%rsp),%xmm0
  558223:	00 
  558224:	0f 10 8c 24 00 23 00 	movups 0x2300(%rsp),%xmm1
  55822b:	00 
  55822c:	0f 29 8c 24 e0 03 00 	movaps %xmm1,0x3e0(%rsp)
  558233:	00 
  558234:	0f 29 84 24 d0 03 00 	movaps %xmm0,0x3d0(%rsp)
  55823b:	00 
  55823c:	48 8d 7c 24 40       	lea    0x40(%rsp),%rdi
  558241:	48 8d b4 24 60 01 00 	lea    0x160(%rsp),%rsi
  558248:	00 
  558249:	48 8d 94 24 c0 00 00 	lea    0xc0(%rsp),%rdx
  558250:	00 
  558251:	48 8d 8c 24 d0 03 00 	lea    0x3d0(%rsp),%rcx
  558258:	00 
  558259:	e8 32 85 f7 ff       	call   4d0790 <<alloc::collections::btree::map::BTreeMap<alloc::string::String, serde_json::value::Value>>::insert>
  55825e:	80 7c 24 40 06       	cmpb   $0x6,0x40(%rsp)
  558263:	74 0a                	je     55826f <fe2o3_kfd::engineering_gfx950::peer::combined_mlp_state_v1::tests::native::paired::interleaved::interleaved_exercise+0x316f>
  558265:	48 8d 7c 24 40       	lea    0x40(%rsp),%rdi
  55826a:	e8 01 cf fd ff       	call   535170 <core::ptr::drop_in_place::<serde_json::value::Value>>
  55826f:	48 8d bc 24 90 00 00 	lea    0x90(%rsp),%rdi
  558276:	00 
  558277:	e8 c4 c7 fd ff       	call   534a40 <core::ptr::drop_in_place::<alloc::string::String>>
  55827c:	48 8d 7c 24 20       	lea    0x20(%rsp),%rdi
  558281:	e8 6a c2 fd ff       	call   5344f0 <core::ptr::drop_in_place::<alloc::vec::Vec<u8>>>
  558286:	ba 0e 00 00 00       	mov    $0xe,%edx
  55828b:	48 8d bc 24 80 09 00 	lea    0x980(%rsp),%rdi
  558292:	00 
  558293:	48 8d 35 4b f0 c8 ff 	lea    -0x370fb5(%rip),%rsi        # 1e72e5 <anon.8b450354eb9abf3bd4876638ac5342ab.343.llvm.14258636651103868718+0x38c>
  55829a:	e8 01 a6 fe ff       	call   5428a0 <<u8 as <[_]>::to_vec_in::ConvertVec>::to_vec::<alloc::alloc::Global>>
  55829f:	48 8b 84 24 90 09 00 	mov    0x990(%rsp),%rax
  5582a6:	00 
  5582a7:	48 89 84 24 e0 03 00 	mov    %rax,0x3e0(%rsp)
  5582ae:	00 
  5582af:	0f 10 84 24 80 09 00 	movups 0x980(%rsp),%xmm0
  5582b6:	00 
  5582b7:	0f 29 84 24 d0 03 00 	movaps %xmm0,0x3d0(%rsp)
  5582be:	00 
  5582bf:	48 8d bc 24 80 09 00 	lea    0x980(%rsp),%rdi
  5582c6:	00 
  5582c7:	48 8d b4 24 60 02 00 	lea    0x260(%rsp),%rsi
  5582ce:	00 
  5582cf:	e8 0c 6f e4 ff       	call   39f1e0 <serde_json::value::to_value::<&alloc::string::String>>
  5582d4:	80 bc 24 80 09 00 00 	cmpb   $0x6,0x980(%rsp)
  5582db:	06 
  5582dc:	0f 84 89 1f 00 00    	je     55a26b <fe2o3_kfd::engineering_gfx950::peer::combined_mlp_state_v1::tests::native::paired::interleaved::interleaved_exercise+0x516b>
  5582e2:	0f 10 84 24 80 09 00 	movups 0x980(%rsp),%xmm0
  5582e9:	00 
  5582ea:	0f 10 8c 24 90 09 00 	movups 0x990(%rsp),%xmm1
  5582f1:	00 
  5582f2:	0f 29 8c 24 00 23 00 	movaps %xmm1,0x2300(%rsp)
  5582f9:	00 
  5582fa:	0f 29 84 24 f0 22 00 	movaps %xmm0,0x22f0(%rsp)
  558301:	00 
  558302:	48 8d bc 24 80 09 00 	lea    0x980(%rsp),%rdi
  558309:	00 
  55830a:	48 8d b4 24 60 01 00 	lea    0x160(%rsp),%rsi
  558311:	00 
  558312:	48 8d 94 24 d0 03 00 	lea    0x3d0(%rsp),%rdx
  558319:	00 
  55831a:	4c 89 f9             	mov    %r15,%rcx
  55831d:	e8 6e 84 f7 ff       	call   4d0790 <<alloc::collections::btree::map::BTreeMap<alloc::string::String, serde_json::value::Value>>::insert>
  558322:	80 bc 24 80 09 00 00 	cmpb   $0x6,0x980(%rsp)
  558329:	06 
  55832a:	74 0d                	je     558339 <fe2o3_kfd::engineering_gfx950::peer::combined_mlp_state_v1::tests::native::paired::interleaved::interleaved_exercise+0x3239>
  55832c:	48 8d bc 24 80 09 00 	lea    0x980(%rsp),%rdi
  558333:	00 
  558334:	e8 37 ce fd ff       	call   535170 <core::ptr::drop_in_place::<serde_json::value::Value>>
  558339:	ba 0f 00 00 00       	mov    $0xf,%edx
  55833e:	48 8d bc 24 80 09 00 	lea    0x980(%rsp),%rdi
  558345:	00 
  558346:	48 8d 35 a6 ef c8 ff 	lea    -0x37105a(%rip),%rsi        # 1e72f3 <anon.8b450354eb9abf3bd4876638ac5342ab.343.llvm.14258636651103868718+0x39a>
  55834d:	e8 4e a5 fe ff       	call   5428a0 <<u8 as <[_]>::to_vec_in::ConvertVec>::to_vec::<alloc::alloc::Global>>
  558352:	48 8b 84 24 90 09 00 	mov    0x990(%rsp),%rax
  558359:	00 
  55835a:	48 89 84 24 d0 00 00 	mov    %rax,0xd0(%rsp)
  558361:	00 
  558362:	0f 10 84 24 80 09 00 	movups 0x980(%rsp),%xmm0
  558369:	00 
  55836a:	0f 29 84 24 c0 00 00 	movaps %xmm0,0xc0(%rsp)
  558371:	00 
  558372:	48 8d bc 24 80 09 00 	lea    0x980(%rsp),%rdi
  558379:	00 
  55837a:	48 8b 74 24 18       	mov    0x18(%rsp),%rsi
  55837f:	48 8d 94 24 d0 22 00 	lea    0x22d0(%rsp),%rdx
  558386:	00 
  558387:	31 c9                	xor    %ecx,%ecx
  558389:	41 b8 00 20 00 00    	mov    $0x2000,%r8d
  55838f:	e8 8c 35 f4 ff       	call   49b920 <<fe2o3_kfd::engineering_gfx950::peer::Gfx950EngineeringPeerGroupV1>::read>
  558394:	8b 84 24 80 09 00 00 	mov    0x980(%rsp),%eax
  55839b:	48 8d 8c 24 88 09 00 	lea    0x988(%rsp),%rcx
  5583a2:	00 
  5583a3:	0f 10 01             	movups (%rcx),%xmm0
  5583a6:	0f 29 44 24 20       	movaps %xmm0,0x20(%rsp)
  5583ab:	48 8b 49 10          	mov    0x10(%rcx),%rcx
  5583af:	48 89 4c 24 30       	mov    %rcx,0x30(%rsp)
  5583b4:	83 f8 01             	cmp    $0x1,%eax
  5583b7:	0f 84 43 1b 00 00    	je     559f00 <fe2o3_kfd::engineering_gfx950::peer::combined_mlp_state_v1::tests::native::paired::interleaved::interleaved_exercise+0x4e00>
  5583bd:	48 8b 74 24 28       	mov    0x28(%rsp),%rsi
  5583c2:	48 8b 54 24 30       	mov    0x30(%rsp),%rdx
  5583c7:	48 01 f2             	add    %rsi,%rdx
  5583ca:	48 8d bc 24 90 00 00 	lea    0x90(%rsp),%rdi
  5583d1:	00 
  5583d2:	e8 59 9e fe ff       	call   542230 <<alloc::string::String as core::iter::traits::collect::FromIterator<alloc::string::String>>::from_iter::<core::iter::adapters::map::Map<core::slice::iter::Iter<u8>, fe2o3_kfd::debug_trap::tests::debug_session_manifest_is_frozen::{closure#0}>>>
  5583d7:	4c 89 ff             	mov    %r15,%rdi
  5583da:	48 8d b4 24 90 00 00 	lea    0x90(%rsp),%rsi
  5583e1:	00 
  5583e2:	e8 f9 6d e4 ff       	call   39f1e0 <serde_json::value::to_value::<&alloc::string::String>>
  5583e7:	80 bc 24 f0 22 00 00 	cmpb   $0x6,0x22f0(%rsp)
  5583ee:	06 
  5583ef:	0f 84 b3 1e 00 00    	je     55a2a8 <fe2o3_kfd::engineering_gfx950::peer::combined_mlp_state_v1::tests::native::paired::interleaved::interleaved_exercise+0x51a8>
  5583f5:	0f 10 84 24 f0 22 00 	movups 0x22f0(%rsp),%xmm0
  5583fc:	00 
  5583fd:	0f 10 8c 24 00 23 00 	movups 0x2300(%rsp),%xmm1
  558404:	00 
  558405:	0f 29 8c 24 e0 03 00 	movaps %xmm1,0x3e0(%rsp)
  55840c:	00 
  55840d:	0f 29 84 24 d0 03 00 	movaps %xmm0,0x3d0(%rsp)
  558414:	00 
  558415:	48 8d 7c 24 40       	lea    0x40(%rsp),%rdi
  55841a:	48 8d b4 24 60 01 00 	lea    0x160(%rsp),%rsi
  558421:	00 
  558422:	48 8d 94 24 c0 00 00 	lea    0xc0(%rsp),%rdx
  558429:	00 
  55842a:	48 8d 8c 24 d0 03 00 	lea    0x3d0(%rsp),%rcx
  558431:	00 
  558432:	e8 59 83 f7 ff       	call   4d0790 <<alloc::collections::btree::map::BTreeMap<alloc::string::String, serde_json::value::Value>>::insert>
  558437:	80 7c 24 40 06       	cmpb   $0x6,0x40(%rsp)
  55843c:	74 0a                	je     558448 <fe2o3_kfd::engineering_gfx950::peer::combined_mlp_state_v1::tests::native::paired::interleaved::interleaved_exercise+0x3348>
  55843e:	48 8d 7c 24 40       	lea    0x40(%rsp),%rdi
  558443:	e8 28 cd fd ff       	call   535170 <core::ptr::drop_in_place::<serde_json::value::Value>>
  558448:	48 8d bc 24 90 00 00 	lea    0x90(%rsp),%rdi
  55844f:	00 
  558450:	e8 eb c5 fd ff       	call   534a40 <core::ptr::drop_in_place::<alloc::string::String>>
  558455:	48 8d 7c 24 20       	lea    0x20(%rsp),%rdi
  55845a:	e8 91 c0 fd ff       	call   5344f0 <core::ptr::drop_in_place::<alloc::vec::Vec<u8>>>
  55845f:	ba 0f 00 00 00       	mov    $0xf,%edx
  558464:	48 8d bc 24 80 09 00 	lea    0x980(%rsp),%rdi
  55846b:	00 
  55846c:	48 8d 35 8f ee c8 ff 	lea    -0x371171(%rip),%rsi        # 1e7302 <anon.8b450354eb9abf3bd4876638ac5342ab.343.llvm.14258636651103868718+0x3a9>
  558473:	e8 28 a4 fe ff       	call   5428a0 <<u8 as <[_]>::to_vec_in::ConvertVec>::to_vec::<alloc::alloc::Global>>
  558478:	48 8b 84 24 90 09 00 	mov    0x990(%rsp),%rax
  55847f:	00 
  558480:	48 89 84 24 e0 03 00 	mov    %rax,0x3e0(%rsp)
  558487:	00 
  558488:	0f 10 84 24 80 09 00 	movups 0x980(%rsp),%xmm0
  55848f:	00 
  558490:	0f 29 84 24 d0 03 00 	movaps %xmm0,0x3d0(%rsp)
  558497:	00 
  558498:	48 8d bc 24 80 09 00 	lea    0x980(%rsp),%rdi
  55849f:	00 
  5584a0:	48 8d b4 24 80 02 00 	lea    0x280(%rsp),%rsi
  5584a7:	00 
  5584a8:	e8 33 6d e4 ff       	call   39f1e0 <serde_json::value::to_value::<&alloc::string::String>>
  5584ad:	80 bc 24 80 09 00 00 	cmpb   $0x6,0x980(%rsp)
  5584b4:	06 
  5584b5:	0f 84 2a 1e 00 00    	je     55a2e5 <fe2o3_kfd::engineering_gfx950::peer::combined_mlp_state_v1::tests::native::paired::interleaved::interleaved_exercise+0x51e5>
  5584bb:	0f 10 84 24 80 09 00 	movups 0x980(%rsp),%xmm0
  5584c2:	00 
  5584c3:	0f 10 8c 24 90 09 00 	movups 0x990(%rsp),%xmm1
  5584ca:	00 
  5584cb:	0f 29 8c 24 00 23 00 	movaps %xmm1,0x2300(%rsp)
  5584d2:	00 
  5584d3:	0f 29 84 24 f0 22 00 	movaps %xmm0,0x22f0(%rsp)
  5584da:	00 
  5584db:	48 8d bc 24 80 09 00 	lea    0x980(%rsp),%rdi
  5584e2:	00 
  5584e3:	48 8d b4 24 60 01 00 	lea    0x160(%rsp),%rsi
  5584ea:	00 
  5584eb:	48 8d 94 24 d0 03 00 	lea    0x3d0(%rsp),%rdx
  5584f2:	00 
  5584f3:	4c 89 f9             	mov    %r15,%rcx
  5584f6:	e8 95 82 f7 ff       	call   4d0790 <<alloc::collections::btree::map::BTreeMap<alloc::string::String, serde_json::value::Value>>::insert>
  5584fb:	80 bc 24 80 09 00 00 	cmpb   $0x6,0x980(%rsp)
  558502:	06 
  558503:	74 0d                	je     558512 <fe2o3_kfd::engineering_gfx950::peer::combined_mlp_state_v1::tests::native::paired::interleaved::interleaved_exercise+0x3412>
  558505:	48 8d bc 24 80 09 00 	lea    0x980(%rsp),%rdi
  55850c:	00 
  55850d:	e8 5e cc fd ff       	call   535170 <core::ptr::drop_in_place::<serde_json::value::Value>>
  558512:	ba 0d 00 00 00       	mov    $0xd,%edx
  558517:	48 8d bc 24 80 09 00 	lea    0x980(%rsp),%rdi
  55851e:	00 
  55851f:	48 8d 35 eb ed c8 ff 	lea    -0x371215(%rip),%rsi        # 1e7311 <anon.8b450354eb9abf3bd4876638ac5342ab.343.llvm.14258636651103868718+0x3b8>
  558526:	e8 75 a3 fe ff       	call   5428a0 <<u8 as <[_]>::to_vec_in::ConvertVec>::to_vec::<alloc::alloc::Global>>
  55852b:	48 8b 84 24 90 09 00 	mov    0x990(%rsp),%rax
  558532:	00 
  558533:	48 89 84 24 d0 00 00 	mov    %rax,0xd0(%rsp)
  55853a:	00 
  55853b:	0f 10 84 24 80 09 00 	movups 0x980(%rsp),%xmm0
  558542:	00 
  558543:	0f 29 84 24 c0 00 00 	movaps %xmm0,0xc0(%rsp)
  55854a:	00 
  55854b:	48 8d bc 24 80 09 00 	lea    0x980(%rsp),%rdi
  558552:	00 
  558553:	48 8b 74 24 18       	mov    0x18(%rsp),%rsi
  558558:	48 8d 94 24 b0 03 00 	lea    0x3b0(%rsp),%rdx
  55855f:	00 
  558560:	31 c9                	xor    %ecx,%ecx
  558562:	41 b8 00 20 00 00    	mov    $0x2000,%r8d
  558568:	e8 b3 33 f4 ff       	call   49b920 <<fe2o3_kfd::engineering_gfx950::peer::Gfx950EngineeringPeerGroupV1>::read>
  55856d:	8b 84 24 80 09 00 00 	mov    0x980(%rsp),%eax
  558574:	48 8d 8c 24 88 09 00 	lea    0x988(%rsp),%rcx
  55857b:	00 
  55857c:	0f 10 01             	movups (%rcx),%xmm0
  55857f:	0f 29 44 24 20       	movaps %xmm0,0x20(%rsp)
  558584:	48 8b 49 10          	mov    0x10(%rcx),%rcx
  558588:	48 89 4c 24 30       	mov    %rcx,0x30(%rsp)
  55858d:	83 f8 01             	cmp    $0x1,%eax
  558590:	0f 84 6a 19 00 00    	je     559f00 <fe2o3_kfd::engineering_gfx950::peer::combined_mlp_state_v1::tests::native::paired::interleaved::interleaved_exercise+0x4e00>
  558596:	48 8b 74 24 28       	mov    0x28(%rsp),%rsi
  55859b:	48 8b 54 24 30       	mov    0x30(%rsp),%rdx
  5585a0:	48 01 f2             	add    %rsi,%rdx
  5585a3:	48 8d bc 24 90 00 00 	lea    0x90(%rsp),%rdi
  5585aa:	00 
  5585ab:	e8 80 9c fe ff       	call   542230 <<alloc::string::String as core::iter::traits::collect::FromIterator<alloc::string::String>>::from_iter::<core::iter::adapters::map::Map<core::slice::iter::Iter<u8>, fe2o3_kfd::debug_trap::tests::debug_session_manifest_is_frozen::{closure#0}>>>
  5585b0:	4c 89 ff             	mov    %r15,%rdi
  5585b3:	48 8d b4 24 90 00 00 	lea    0x90(%rsp),%rsi
  5585ba:	00 
  5585bb:	e8 20 6c e4 ff       	call   39f1e0 <serde_json::value::to_value::<&alloc::string::String>>
  5585c0:	80 bc 24 f0 22 00 00 	cmpb   $0x6,0x22f0(%rsp)
  5585c7:	06 
  5585c8:	0f 84 54 1d 00 00    	je     55a322 <fe2o3_kfd::engineering_gfx950::peer::combined_mlp_state_v1::tests::native::paired::interleaved::interleaved_exercise+0x5222>
  5585ce:	0f 10 84 24 f0 22 00 	movups 0x22f0(%rsp),%xmm0
  5585d5:	00 
  5585d6:	0f 10 8c 24 00 23 00 	movups 0x2300(%rsp),%xmm1
  5585dd:	00 
  5585de:	0f 29 8c 24 e0 03 00 	movaps %xmm1,0x3e0(%rsp)
  5585e5:	00 
  5585e6:	0f 29 84 24 d0 03 00 	movaps %xmm0,0x3d0(%rsp)
  5585ed:	00 
  5585ee:	48 8d 7c 24 40       	lea    0x40(%rsp),%rdi
  5585f3:	48 8d b4 24 60 01 00 	lea    0x160(%rsp),%rsi
  5585fa:	00 
  5585fb:	48 8d 94 24 c0 00 00 	lea    0xc0(%rsp),%rdx
  558602:	00 
  558603:	48 8d 8c 24 d0 03 00 	lea    0x3d0(%rsp),%rcx
  55860a:	00 
  55860b:	e8 80 81 f7 ff       	call   4d0790 <<alloc::collections::btree::map::BTreeMap<alloc::string::String, serde_json::value::Value>>::insert>
  558610:	80 7c 24 40 06       	cmpb   $0x6,0x40(%rsp)
  558615:	74 0a                	je     558621 <fe2o3_kfd::engineering_gfx950::peer::combined_mlp_state_v1::tests::native::paired::interleaved::interleaved_exercise+0x3521>
  558617:	48 8d 7c 24 40       	lea    0x40(%rsp),%rdi
  55861c:	e8 4f cb fd ff       	call   535170 <core::ptr::drop_in_place::<serde_json::value::Value>>
  558621:	48 8d bc 24 90 00 00 	lea    0x90(%rsp),%rdi
  558628:	00 
  558629:	e8 12 c4 fd ff       	call   534a40 <core::ptr::drop_in_place::<alloc::string::String>>
  55862e:	48 8d 7c 24 20       	lea    0x20(%rsp),%rdi
  558633:	e8 b8 be fd ff       	call   5344f0 <core::ptr::drop_in_place::<alloc::vec::Vec<u8>>>
  558638:	ba 0d 00 00 00       	mov    $0xd,%edx
  55863d:	48 8d bc 24 80 09 00 	lea    0x980(%rsp),%rdi
  558644:	00 
  558645:	48 8d 35 06 eb c8 ff 	lea    -0x3714fa(%rip),%rsi        # 1e7152 <anon.8b450354eb9abf3bd4876638ac5342ab.343.llvm.14258636651103868718+0x1f9>
  55864c:	e8 4f a2 fe ff       	call   5428a0 <<u8 as <[_]>::to_vec_in::ConvertVec>::to_vec::<alloc::alloc::Global>>
  558651:	48 8b 84 24 90 09 00 	mov    0x990(%rsp),%rax
  558658:	00 
  558659:	48 89 84 24 e0 03 00 	mov    %rax,0x3e0(%rsp)
  558660:	00 
  558661:	0f 10 84 24 80 09 00 	movups 0x980(%rsp),%xmm0
  558668:	00 
  558669:	0f 29 84 24 d0 03 00 	movaps %xmm0,0x3d0(%rsp)
  558670:	00 
  558671:	48 8d bc 24 80 09 00 	lea    0x980(%rsp),%rdi
  558678:	00 
  558679:	48 8d b4 24 40 02 00 	lea    0x240(%rsp),%rsi
  558680:	00 
  558681:	e8 5a 6b e4 ff       	call   39f1e0 <serde_json::value::to_value::<&alloc::string::String>>
  558686:	80 bc 24 80 09 00 00 	cmpb   $0x6,0x980(%rsp)
  55868d:	06 
  55868e:	0f 84 cb 1c 00 00    	je     55a35f <fe2o3_kfd::engineering_gfx950::peer::combined_mlp_state_v1::tests::native::paired::interleaved::interleaved_exercise+0x525f>
  558694:	0f 10 84 24 80 09 00 	movups 0x980(%rsp),%xmm0
  55869b:	00 
  55869c:	0f 10 8c 24 90 09 00 	movups 0x990(%rsp),%xmm1
  5586a3:	00 
  5586a4:	0f 29 8c 24 00 23 00 	movaps %xmm1,0x2300(%rsp)
  5586ab:	00 
  5586ac:	0f 29 84 24 f0 22 00 	movaps %xmm0,0x22f0(%rsp)
  5586b3:	00 
  5586b4:	48 8d bc 24 80 09 00 	lea    0x980(%rsp),%rdi
  5586bb:	00 
  5586bc:	48 8d b4 24 60 01 00 	lea    0x160(%rsp),%rsi
  5586c3:	00 
  5586c4:	48 8d 94 24 d0 03 00 	lea    0x3d0(%rsp),%rdx
  5586cb:	00 
  5586cc:	4c 89 f9             	mov    %r15,%rcx
  5586cf:	e8 bc 80 f7 ff       	call   4d0790 <<alloc::collections::btree::map::BTreeMap<alloc::string::String, serde_json::value::Value>>::insert>
  5586d4:	80 bc 24 80 09 00 00 	cmpb   $0x6,0x980(%rsp)
  5586db:	06 
  5586dc:	74 0d                	je     5586eb <fe2o3_kfd::engineering_gfx950::peer::combined_mlp_state_v1::tests::native::paired::interleaved::interleaved_exercise+0x35eb>
  5586de:	48 8d bc 24 80 09 00 	lea    0x980(%rsp),%rdi
  5586e5:	00 
  5586e6:	e8 85 ca fd ff       	call   535170 <core::ptr::drop_in_place::<serde_json::value::Value>>
  5586eb:	ba 06 00 00 00       	mov    $0x6,%edx
  5586f0:	48 8d bc 24 80 09 00 	lea    0x980(%rsp),%rdi
  5586f7:	00 
  5586f8:	48 8d 35 1f ec c8 ff 	lea    -0x3713e1(%rip),%rsi        # 1e731e <anon.8b450354eb9abf3bd4876638ac5342ab.343.llvm.14258636651103868718+0x3c5>
  5586ff:	e8 9c a1 fe ff       	call   5428a0 <<u8 as <[_]>::to_vec_in::ConvertVec>::to_vec::<alloc::alloc::Global>>
  558704:	48 8b 84 24 90 09 00 	mov    0x990(%rsp),%rax
  55870b:	00 
  55870c:	48 89 44 24 50       	mov    %rax,0x50(%rsp)
  558711:	0f 10 84 24 80 09 00 	movups 0x980(%rsp),%xmm0
  558718:	00 
  558719:	0f 29 44 24 40       	movaps %xmm0,0x40(%rsp)
  55871e:	48 8d bc 24 d0 03 00 	lea    0x3d0(%rsp),%rdi
  558725:	00 
  558726:	48 8b b4 24 78 01 00 	mov    0x178(%rsp),%rsi
  55872d:	00 
  55872e:	e8 fd a1 fe ff       	call   542930 <<u32 as <[_]>::to_vec_in::ConvertVec>::to_vec::<alloc::alloc::Global>>
  558733:	48 8d bc 24 80 09 00 	lea    0x980(%rsp),%rdi
  55873a:	00 
  55873b:	48 8d b4 24 d0 03 00 	lea    0x3d0(%rsp),%rsi
  558742:	00 
  558743:	e8 f8 2c 13 00       	call   68b440 <<serde_json::value::ser::Serializer as serde_core::ser::Serializer>::collect_seq::<&alloc::vec::Vec<u32>>>
  558748:	80 bc 24 80 09 00 00 	cmpb   $0x6,0x980(%rsp)
  55874f:	06 
  558750:	0f 84 46 1c 00 00    	je     55a39c <fe2o3_kfd::engineering_gfx950::peer::combined_mlp_state_v1::tests::native::paired::interleaved::interleaved_exercise+0x529c>
  558756:	0f 10 84 24 80 09 00 	movups 0x980(%rsp),%xmm0
  55875d:	00 
  55875e:	0f 10 8c 24 90 09 00 	movups 0x990(%rsp),%xmm1
  558765:	00 
  558766:	0f 29 8c 24 00 23 00 	movaps %xmm1,0x2300(%rsp)
  55876d:	00 
  55876e:	0f 29 84 24 f0 22 00 	movaps %xmm0,0x22f0(%rsp)
  558775:	00 
  558776:	48 8d bc 24 80 09 00 	lea    0x980(%rsp),%rdi
  55877d:	00 
  55877e:	48 8d b4 24 60 01 00 	lea    0x160(%rsp),%rsi
  558785:	00 
  558786:	48 8d 54 24 40       	lea    0x40(%rsp),%rdx
  55878b:	4c 89 f9             	mov    %r15,%rcx
  55878e:	e8 fd 7f f7 ff       	call   4d0790 <<alloc::collections::btree::map::BTreeMap<alloc::string::String, serde_json::value::Value>>::insert>
  558793:	80 bc 24 80 09 00 00 	cmpb   $0x6,0x980(%rsp)
  55879a:	06 
  55879b:	74 0d                	je     5587aa <fe2o3_kfd::engineering_gfx950::peer::combined_mlp_state_v1::tests::native::paired::interleaved::interleaved_exercise+0x36aa>
  55879d:	48 8d bc 24 80 09 00 	lea    0x980(%rsp),%rdi
  5587a4:	00 
  5587a5:	e8 c6 c9 fd ff       	call   535170 <core::ptr::drop_in_place::<serde_json::value::Value>>
  5587aa:	48 8d bc 24 d0 03 00 	lea    0x3d0(%rsp),%rdi
  5587b1:	00 
  5587b2:	e8 19 be fd ff       	call   5345d0 <core::ptr::drop_in_place::<alloc::vec::Vec<i32>>>
  5587b7:	ba 05 00 00 00       	mov    $0x5,%edx
  5587bc:	48 8d bc 24 80 09 00 	lea    0x980(%rsp),%rdi
  5587c3:	00 
  5587c4:	48 8d 35 59 eb c8 ff 	lea    -0x3714a7(%rip),%rsi        # 1e7324 <anon.8b450354eb9abf3bd4876638ac5342ab.343.llvm.14258636651103868718+0x3cb>
  5587cb:	e8 d0 a0 fe ff       	call   5428a0 <<u8 as <[_]>::to_vec_in::ConvertVec>::to_vec::<alloc::alloc::Global>>
  5587d0:	48 8b 84 24 90 09 00 	mov    0x990(%rsp),%rax
  5587d7:	00 
  5587d8:	48 89 84 24 e0 03 00 	mov    %rax,0x3e0(%rsp)
  5587df:	00 
  5587e0:	0f 10 84 24 80 09 00 	movups 0x980(%rsp),%xmm0
  5587e7:	00 
  5587e8:	0f 29 84 24 d0 03 00 	movaps %xmm0,0x3d0(%rsp)
  5587ef:	00 
  5587f0:	48 8b b4 24 78 01 00 	mov    0x178(%rsp),%rsi
  5587f7:	00 
  5587f8:	48 81 c6 90 08 00 00 	add    $0x890,%rsi
  5587ff:	48 8d bc 24 80 09 00 	lea    0x980(%rsp),%rdi
  558806:	00 
  558807:	e8 f4 60 e4 ff       	call   39e900 <serde_json::value::to_value::<&[u32; 4]>>
  55880c:	80 bc 24 80 09 00 00 	cmpb   $0x6,0x980(%rsp)
  558813:	06 
  558814:	0f 84 bf 1b 00 00    	je     55a3d9 <fe2o3_kfd::engineering_gfx950::peer::combined_mlp_state_v1::tests::native::paired::interleaved::interleaved_exercise+0x52d9>
  55881a:	0f 10 84 24 80 09 00 	movups 0x980(%rsp),%xmm0
  558821:	00 
  558822:	0f 10 8c 24 90 09 00 	movups 0x990(%rsp),%xmm1
  558829:	00 
  55882a:	0f 29 8c 24 00 23 00 	movaps %xmm1,0x2300(%rsp)
  558831:	00 
  558832:	0f 29 84 24 f0 22 00 	movaps %xmm0,0x22f0(%rsp)
  558839:	00 
  55883a:	48 8d bc 24 80 09 00 	lea    0x980(%rsp),%rdi
  558841:	00 
  558842:	48 8d b4 24 60 01 00 	lea    0x160(%rsp),%rsi
  558849:	00 
  55884a:	48 8d 94 24 d0 03 00 	lea    0x3d0(%rsp),%rdx
  558851:	00 
  558852:	4c 89 f9             	mov    %r15,%rcx
  558855:	e8 36 7f f7 ff       	call   4d0790 <<alloc::collections::btree::map::BTreeMap<alloc::string::String, serde_json::value::Value>>::insert>
  55885a:	80 bc 24 80 09 00 00 	cmpb   $0x6,0x980(%rsp)
  558861:	06 
  558862:	74 0d                	je     558871 <fe2o3_kfd::engineering_gfx950::peer::combined_mlp_state_v1::tests::native::paired::interleaved::interleaved_exercise+0x3771>
  558864:	48 8d bc 24 80 09 00 	lea    0x980(%rsp),%rdi
  55886b:	00 
  55886c:	e8 ff c8 fd ff       	call   535170 <core::ptr::drop_in_place::<serde_json::value::Value>>
  558871:	48 8b 84 24 70 01 00 	mov    0x170(%rsp),%rax
  558878:	00 
  558879:	48 8d 4c 24 78       	lea    0x78(%rsp),%rcx
  55887e:	48 89 41 10          	mov    %rax,0x10(%rcx)
  558882:	0f 10 84 24 60 01 00 	movups 0x160(%rsp),%xmm0
  558889:	00 
  55888a:	0f 11 01             	movups %xmm0,(%rcx)
  55888d:	c6 44 24 70 05       	movb   $0x5,0x70(%rsp)
  558892:	48 8d bc 24 10 02 00 	lea    0x210(%rsp),%rdi
  558899:	00 
  55889a:	48 8d 74 24 70       	lea    0x70(%rsp),%rsi
  55889f:	e8 2c c0 fe ff       	call   5448d0 <<alloc::vec::Vec<serde_json::value::Value>>::push_mut>
  5588a4:	48 8d bc 24 80 02 00 	lea    0x280(%rsp),%rdi
  5588ab:	00 
  5588ac:	e8 8f c1 fd ff       	call   534a40 <core::ptr::drop_in_place::<alloc::string::String>>
  5588b1:	48 8d bc 24 60 02 00 	lea    0x260(%rsp),%rdi
  5588b8:	00 
  5588b9:	e8 82 c1 fd ff       	call   534a40 <core::ptr::drop_in_place::<alloc::string::String>>
  5588be:	48 8d bc 24 40 02 00 	lea    0x240(%rsp),%rdi
  5588c5:	00 
  5588c6:	e8 75 c1 fd ff       	call   534a40 <core::ptr::drop_in_place::<alloc::string::String>>
  5588cb:	48 8d bc 24 28 02 00 	lea    0x228(%rsp),%rdi
  5588d2:	00 
  5588d3:	e8 f8 b7 fd ff       	call   5340d0 <core::ptr::drop_in_place::<alloc::vec::Vec<serde_json::value::Value>>>
  5588d8:	41 bd 01 00 00 00    	mov    $0x1,%r13d
  5588de:	48 8d 84 24 b0 07 00 	lea    0x7b0(%rsp),%rax
  5588e5:	00 
  5588e6:	48 89 84 24 d8 01 00 	mov    %rax,0x1d8(%rsp)
  5588ed:	00 
  5588ee:	48 8d 84 24 f0 07 00 	lea    0x7f0(%rsp),%rax
  5588f5:	00 
  5588f6:	48 89 84 24 d0 01 00 	mov    %rax,0x1d0(%rsp)
  5588fd:	00 
  5588fe:	48 8d 84 24 80 3d 00 	lea    0x3d80(%rsp),%rax
  558905:	00 
  558906:	48 89 84 24 78 01 00 	mov    %rax,0x178(%rsp)
  55890d:	00 
  55890e:	f6 84 24 48 01 00 00 	testb  $0x1,0x148(%rsp)
  558915:	01 
  558916:	c7 84 24 48 01 00 00 	movl   $0x0,0x148(%rsp)
  55891d:	00 00 00 00 
  558921:	0f 85 46 ef ff ff    	jne    55786d <fe2o3_kfd::engineering_gfx950::peer::combined_mlp_state_v1::tests::native::paired::interleaved::interleaved_exercise+0x276d>
  558927:	48 83 bc 24 50 01 00 	cmpq   $0x4,0x150(%rsp)
  55892e:	00 04 
  558930:	0f 83 52 1b 00 00    	jae    55a488 <fe2o3_kfd::engineering_gfx950::peer::combined_mlp_state_v1::tests::native::paired::interleaved::interleaved_exercise+0x5388>
  558936:	4c 8b 84 24 e0 00 00 	mov    0xe0(%rsp),%r8
  55893d:	00 
  55893e:	42 c7 84 c4 10 03 00 	movl   $0x1,0x310(%rsp,%r8,8)
  558945:	00 01 00 00 00 
  55894a:	8b 84 24 f0 00 00 00 	mov    0xf0(%rsp),%eax
  558951:	42 89 84 c4 14 03 00 	mov    %eax,0x314(%rsp,%r8,8)
  558958:	00 
  558959:	48 8b 94 24 88 01 00 	mov    0x188(%rsp),%rdx
  558960:	00 
  558961:	48 8b 8c 24 90 01 00 	mov    0x190(%rsp),%rcx
  558968:	00 
  558969:	48 8d bc 24 80 09 00 	lea    0x980(%rsp),%rdi
  558970:	00 
  558971:	48 8b 74 24 18       	mov    0x18(%rsp),%rsi
  558976:	4c 8d 8c 24 10 03 00 	lea    0x310(%rsp),%r9
  55897d:	00 
  55897e:	e8 bd b2 ff ff       	call   553c40 <fe2o3_kfd::engineering_gfx950::peer::combined_mlp_state_v1::tests::native::paired::interleaved::check_inactive>
  558983:	0f b6 84 24 80 09 00 	movzbl 0x980(%rsp),%eax
  55898a:	00 
  55898b:	3c 06                	cmp    $0x6,%al
  55898d:	0f 84 f1 17 00 00    	je     55a184 <fe2o3_kfd::engineering_gfx950::peer::combined_mlp_state_v1::tests::native::paired::interleaved::interleaved_exercise+0x5084>
  558993:	48 8d 8c 24 81 09 00 	lea    0x981(%rsp),%rcx
  55899a:	00 
  55899b:	0f 10 01             	movups (%rcx),%xmm0
  55899e:	0f 10 49 0f          	movups 0xf(%rcx),%xmm1
  5589a2:	0f 11 8c 24 ff 22 00 	movups %xmm1,0x22ff(%rsp)
  5589a9:	00 
  5589aa:	0f 29 84 24 f0 22 00 	movaps %xmm0,0x22f0(%rsp)
  5589b1:	00 
  5589b2:	0f 10 84 24 ff 22 00 	movups 0x22ff(%rsp),%xmm0
  5589b9:	00 
  5589ba:	48 8d 4c 24 78       	lea    0x78(%rsp),%rcx
  5589bf:	0f 11 41 08          	movups %xmm0,0x8(%rcx)
  5589c3:	0f 28 84 24 f0 22 00 	movaps 0x22f0(%rsp),%xmm0
  5589ca:	00 
  5589cb:	0f 11 41 f9          	movups %xmm0,-0x7(%rcx)
  5589cf:	88 44 24 70          	mov    %al,0x70(%rsp)
  5589d3:	48 8b 94 24 20 01 00 	mov    0x120(%rsp),%rdx
  5589da:	00 
  5589db:	48 8b 8c 24 28 01 00 	mov    0x128(%rsp),%rcx
  5589e2:	00 
  5589e3:	8b 84 24 b8 00 00 00 	mov    0xb8(%rsp),%eax
  5589ea:	89 04 24             	mov    %eax,(%rsp)
  5589ed:	48 8d bc 24 80 09 00 	lea    0x980(%rsp),%rdi
  5589f4:	00 
  5589f5:	48 8b 74 24 18       	mov    0x18(%rsp),%rsi
  5589fa:	4c 8d 84 24 78 08 00 	lea    0x878(%rsp),%r8
  558a01:	00 
  558a02:	4c 8b 8c 24 38 01 00 	mov    0x138(%rsp),%r9
  558a09:	00 
  558a0a:	e8 b1 a0 ff ff       	call   552ac0 <fe2o3_kfd::engineering_gfx950::peer::combined_mlp_state_v1::tests::native::paired::interleaved::observe_pairs>
  558a0f:	0f b6 84 24 80 09 00 	movzbl 0x980(%rsp),%eax
  558a16:	00 
  558a17:	3c 06                	cmp    $0x6,%al
  558a19:	0f 84 93 17 00 00    	je     55a1b2 <fe2o3_kfd::engineering_gfx950::peer::combined_mlp_state_v1::tests::native::paired::interleaved::interleaved_exercise+0x50b2>
  558a1f:	48 8d 8c 24 81 09 00 	lea    0x981(%rsp),%rcx
  558a26:	00 
  558a27:	0f 10 01             	movups (%rcx),%xmm0
  558a2a:	0f 10 49 0f          	movups 0xf(%rcx),%xmm1
  558a2e:	0f 11 8c 24 ff 22 00 	movups %xmm1,0x22ff(%rsp)
  558a35:	00 
  558a36:	0f 29 84 24 f0 22 00 	movaps %xmm0,0x22f0(%rsp)
  558a3d:	00 
  558a3e:	0f 10 84 24 ff 22 00 	movups 0x22ff(%rsp),%xmm0
  558a45:	00 
  558a46:	48 8d 4c 24 41       	lea    0x41(%rsp),%rcx
  558a4b:	0f 11 41 0f          	movups %xmm0,0xf(%rcx)
  558a4f:	0f 28 84 24 f0 22 00 	movaps 0x22f0(%rsp),%xmm0
  558a56:	00 
  558a57:	0f 11 01             	movups %xmm0,(%rcx)
  558a5a:	88 44 24 40          	mov    %al,0x40(%rsp)
  558a5e:	48 c7 84 24 90 00 00 	movq   $0x0,0x90(%rsp)
  558a65:	00 00 00 00 00 
  558a6a:	48 c7 84 24 a0 00 00 	movq   $0x0,0xa0(%rsp)
  558a71:	00 00 00 00 00 
  558a76:	ba 04 00 00 00       	mov    $0x4,%edx
  558a7b:	48 8d bc 24 80 09 00 	lea    0x980(%rsp),%rdi
  558a82:	00 
  558a83:	48 8d 35 5e e7 b4 ff 	lea    -0x4b18a2(%rip),%rsi        # a71e8 <anon.2406fbb7b358ed33b49c7914ab0281a4.1238.llvm.7674273607031023430+0x24>
  558a8a:	e8 11 9e fe ff       	call   5428a0 <<u8 as <[_]>::to_vec_in::ConvertVec>::to_vec::<alloc::alloc::Global>>
  558a8f:	48 8b 84 24 90 09 00 	mov    0x990(%rsp),%rax
  558a96:	00 
  558a97:	48 89 44 24 30       	mov    %rax,0x30(%rsp)
  558a9c:	0f 10 84 24 80 09 00 	movups 0x980(%rsp),%xmm0
  558aa3:	00 
  558aa4:	0f 29 44 24 20       	movaps %xmm0,0x20(%rsp)
  558aa9:	48 8d bc 24 80 09 00 	lea    0x980(%rsp),%rdi
  558ab0:	00 
  558ab1:	48 8d 35 10 32 30 00 	lea    0x303210(%rip),%rsi        # 85bcc8 <anon.8b450354eb9abf3bd4876638ac5342ab.389.llvm.14258636651103868718+0x170>
  558ab8:	e8 23 81 e4 ff       	call   3a0be0 <serde_json::value::to_value::<&&str>>
  558abd:	80 bc 24 80 09 00 00 	cmpb   $0x6,0x980(%rsp)
  558ac4:	06 
  558ac5:	0f 84 dc 19 00 00    	je     55a4a7 <fe2o3_kfd::engineering_gfx950::peer::combined_mlp_state_v1::tests::native::paired::interleaved::interleaved_exercise+0x53a7>
  558acb:	0f 10 84 24 80 09 00 	movups 0x980(%rsp),%xmm0
  558ad2:	00 
  558ad3:	0f 10 8c 24 90 09 00 	movups 0x990(%rsp),%xmm1
  558ada:	00 
  558adb:	0f 29 8c 24 00 23 00 	movaps %xmm1,0x2300(%rsp)
  558ae2:	00 
  558ae3:	0f 29 84 24 f0 22 00 	movaps %xmm0,0x22f0(%rsp)
  558aea:	00 
  558aeb:	48 8d bc 24 80 09 00 	lea    0x980(%rsp),%rdi
  558af2:	00 
  558af3:	48 8d b4 24 90 00 00 	lea    0x90(%rsp),%rsi
  558afa:	00 
  558afb:	48 8d 54 24 20       	lea    0x20(%rsp),%rdx
  558b00:	4c 89 f9             	mov    %r15,%rcx
  558b03:	e8 88 7c f7 ff       	call   4d0790 <<alloc::collections::btree::map::BTreeMap<alloc::string::String, serde_json::value::Value>>::insert>
  558b08:	80 bc 24 80 09 00 00 	cmpb   $0x6,0x980(%rsp)
  558b0f:	06 
  558b10:	74 0d                	je     558b1f <fe2o3_kfd::engineering_gfx950::peer::combined_mlp_state_v1::tests::native::paired::interleaved::interleaved_exercise+0x3a1f>
  558b12:	48 8d bc 24 80 09 00 	lea    0x980(%rsp),%rdi
  558b19:	00 
  558b1a:	e8 51 c6 fd ff       	call   535170 <core::ptr::drop_in_place::<serde_json::value::Value>>
  558b1f:	ba 07 00 00 00       	mov    $0x7,%edx
  558b24:	48 8d bc 24 80 09 00 	lea    0x980(%rsp),%rdi
  558b2b:	00 
  558b2c:	48 8d 35 55 e7 c8 ff 	lea    -0x3718ab(%rip),%rsi        # 1e7288 <anon.8b450354eb9abf3bd4876638ac5342ab.343.llvm.14258636651103868718+0x32f>
  558b33:	e8 68 9d fe ff       	call   5428a0 <<u8 as <[_]>::to_vec_in::ConvertVec>::to_vec::<alloc::alloc::Global>>
  558b38:	48 8b 84 24 90 09 00 	mov    0x990(%rsp),%rax
  558b3f:	00 
  558b40:	48 89 44 24 30       	mov    %rax,0x30(%rsp)
  558b45:	0f 10 84 24 80 09 00 	movups 0x980(%rsp),%xmm0
  558b4c:	00 
  558b4d:	0f 29 44 24 20       	movaps %xmm0,0x20(%rsp)
  558b52:	c6 84 24 80 09 00 00 	movb   $0x2,0x980(%rsp)
  558b59:	02 
  558b5a:	48 c7 84 24 88 09 00 	movq   $0x0,0x988(%rsp)
  558b61:	00 00 00 00 00 
  558b66:	48 8b 44 24 68       	mov    0x68(%rsp),%rax
  558b6b:	48 89 84 24 90 09 00 	mov    %rax,0x990(%rsp)
  558b72:	00 
  558b73:	4c 89 ff             	mov    %r15,%rdi
  558b76:	48 8d b4 24 90 00 00 	lea    0x90(%rsp),%rsi
  558b7d:	00 
  558b7e:	48 8d 54 24 20       	lea    0x20(%rsp),%rdx
  558b83:	48 8d 8c 24 80 09 00 	lea    0x980(%rsp),%rcx
  558b8a:	00 
  558b8b:	e8 00 7c f7 ff       	call   4d0790 <<alloc::collections::btree::map::BTreeMap<alloc::string::String, serde_json::value::Value>>::insert>
  558b90:	80 bc 24 f0 22 00 00 	cmpb   $0x6,0x22f0(%rsp)
  558b97:	06 
  558b98:	74 08                	je     558ba2 <fe2o3_kfd::engineering_gfx950::peer::combined_mlp_state_v1::tests::native::paired::interleaved::interleaved_exercise+0x3aa2>
  558b9a:	4c 89 ff             	mov    %r15,%rdi
  558b9d:	e8 ce c5 fd ff       	call   535170 <core::ptr::drop_in_place::<serde_json::value::Value>>
  558ba2:	ba 04 00 00 00       	mov    $0x4,%edx
  558ba7:	48 8d bc 24 80 09 00 	lea    0x980(%rsp),%rdi
  558bae:	00 
  558baf:	48 8d 35 7a e8 b4 ff 	lea    -0x4b1786(%rip),%rsi        # a7430 <anon.6888113950bfde655f8a37dd98af0301.223.llvm.18072420750023720124+0x48>
  558bb6:	e8 e5 9c fe ff       	call   5428a0 <<u8 as <[_]>::to_vec_in::ConvertVec>::to_vec::<alloc::alloc::Global>>
  558bbb:	48 8b 84 24 90 09 00 	mov    0x990(%rsp),%rax
  558bc2:	00 
  558bc3:	48 89 44 24 30       	mov    %rax,0x30(%rsp)
  558bc8:	0f 10 84 24 80 09 00 	movups 0x980(%rsp),%xmm0
  558bcf:	00 
  558bd0:	0f 29 44 24 20       	movaps %xmm0,0x20(%rsp)
  558bd5:	c6 84 24 80 09 00 00 	movb   $0x2,0x980(%rsp)
  558bdc:	02 
  558bdd:	48 c7 84 24 88 09 00 	movq   $0x0,0x988(%rsp)
  558be4:	00 00 00 00 00 
  558be9:	48 8b 84 24 b0 00 00 	mov    0xb0(%rsp),%rax
  558bf0:	00 
  558bf1:	48 89 84 24 90 09 00 	mov    %rax,0x990(%rsp)
  558bf8:	00 
  558bf9:	4c 89 ff             	mov    %r15,%rdi
  558bfc:	48 8d b4 24 90 00 00 	lea    0x90(%rsp),%rsi
  558c03:	00 
  558c04:	48 8d 54 24 20       	lea    0x20(%rsp),%rdx
  558c09:	48 8d 8c 24 80 09 00 	lea    0x980(%rsp),%rcx
  558c10:	00 
  558c11:	e8 7a 7b f7 ff       	call   4d0790 <<alloc::collections::btree::map::BTreeMap<alloc::string::String, serde_json::value::Value>>::insert>
  558c16:	80 bc 24 f0 22 00 00 	cmpb   $0x6,0x22f0(%rsp)
  558c1d:	06 
  558c1e:	74 08                	je     558c28 <fe2o3_kfd::engineering_gfx950::peer::combined_mlp_state_v1::tests::native::paired::interleaved::interleaved_exercise+0x3b28>
  558c20:	4c 89 ff             	mov    %r15,%rdi
  558c23:	e8 48 c5 fd ff       	call   535170 <core::ptr::drop_in_place::<serde_json::value::Value>>
  558c28:	ba 05 00 00 00       	mov    $0x5,%edx
  558c2d:	48 8d bc 24 80 09 00 	lea    0x980(%rsp),%rdi
  558c34:	00 
  558c35:	48 8d 35 69 e6 c8 ff 	lea    -0x371997(%rip),%rsi        # 1e72a5 <anon.8b450354eb9abf3bd4876638ac5342ab.343.llvm.14258636651103868718+0x34c>
  558c3c:	e8 5f 9c fe ff       	call   5428a0 <<u8 as <[_]>::to_vec_in::ConvertVec>::to_vec::<alloc::alloc::Global>>
  558c41:	48 8b 84 24 90 09 00 	mov    0x990(%rsp),%rax
  558c48:	00 
  558c49:	48 89 44 24 30       	mov    %rax,0x30(%rsp)
  558c4e:	0f 10 84 24 80 09 00 	movups 0x980(%rsp),%xmm0
  558c55:	00 
  558c56:	0f 29 44 24 20       	movaps %xmm0,0x20(%rsp)
  558c5b:	c6 84 24 80 09 00 00 	movb   $0x2,0x980(%rsp)
  558c62:	02 
  558c63:	48 c7 84 24 88 09 00 	movq   $0x0,0x988(%rsp)
  558c6a:	00 00 00 00 00 
  558c6f:	48 8b 84 24 e8 00 00 	mov    0xe8(%rsp),%rax
  558c76:	00 
  558c77:	48 89 84 24 90 09 00 	mov    %rax,0x990(%rsp)
  558c7e:	00 
  558c7f:	4c 89 ff             	mov    %r15,%rdi
  558c82:	48 8d b4 24 90 00 00 	lea    0x90(%rsp),%rsi
  558c89:	00 
  558c8a:	48 8d 54 24 20       	lea    0x20(%rsp),%rdx
  558c8f:	48 8d 8c 24 80 09 00 	lea    0x980(%rsp),%rcx
  558c96:	00 
  558c97:	e8 f4 7a f7 ff       	call   4d0790 <<alloc::collections::btree::map::BTreeMap<alloc::string::String, serde_json::value::Value>>::insert>
  558c9c:	80 bc 24 f0 22 00 00 	cmpb   $0x6,0x22f0(%rsp)
  558ca3:	06 
  558ca4:	74 08                	je     558cae <fe2o3_kfd::engineering_gfx950::peer::combined_mlp_state_v1::tests::native::paired::interleaved::interleaved_exercise+0x3bae>
  558ca6:	4c 89 ff             	mov    %r15,%rdi
  558ca9:	e8 c2 c4 fd ff       	call   535170 <core::ptr::drop_in_place::<serde_json::value::Value>>
  558cae:	ba 0a 00 00 00       	mov    $0xa,%edx
  558cb3:	48 8d bc 24 80 09 00 	lea    0x980(%rsp),%rdi
  558cba:	00 
  558cbb:	48 8d 35 d2 e3 c8 ff 	lea    -0x371c2e(%rip),%rsi        # 1e7094 <anon.8b450354eb9abf3bd4876638ac5342ab.343.llvm.14258636651103868718+0x13b>
  558cc2:	e8 d9 9b fe ff       	call   5428a0 <<u8 as <[_]>::to_vec_in::ConvertVec>::to_vec::<alloc::alloc::Global>>
  558cc7:	48 8b 84 24 90 09 00 	mov    0x990(%rsp),%rax
  558cce:	00 
  558ccf:	48 89 44 24 30       	mov    %rax,0x30(%rsp)
  558cd4:	0f 10 84 24 80 09 00 	movups 0x980(%rsp),%xmm0
  558cdb:	00 
  558cdc:	0f 29 44 24 20       	movaps %xmm0,0x20(%rsp)
  558ce1:	c6 84 24 80 09 00 00 	movb   $0x2,0x980(%rsp)
  558ce8:	02 
  558ce9:	48 c7 84 24 88 09 00 	movq   $0x0,0x988(%rsp)
  558cf0:	00 00 00 00 00 
  558cf5:	48 8b 84 24 30 01 00 	mov    0x130(%rsp),%rax
  558cfc:	00 
  558cfd:	48 89 84 24 90 09 00 	mov    %rax,0x990(%rsp)
  558d04:	00 
  558d05:	4c 89 ff             	mov    %r15,%rdi
  558d08:	48 8d b4 24 90 00 00 	lea    0x90(%rsp),%rsi
  558d0f:	00 
  558d10:	48 8d 54 24 20       	lea    0x20(%rsp),%rdx
  558d15:	48 8d 8c 24 80 09 00 	lea    0x980(%rsp),%rcx
  558d1c:	00 
  558d1d:	e8 6e 7a f7 ff       	call   4d0790 <<alloc::collections::btree::map::BTreeMap<alloc::string::String, serde_json::value::Value>>::insert>
  558d22:	80 bc 24 f0 22 00 00 	cmpb   $0x6,0x22f0(%rsp)
  558d29:	06 
  558d2a:	74 08                	je     558d34 <fe2o3_kfd::engineering_gfx950::peer::combined_mlp_state_v1::tests::native::paired::interleaved::interleaved_exercise+0x3c34>
  558d2c:	4c 89 ff             	mov    %r15,%rdi
  558d2f:	e8 3c c4 fd ff       	call   535170 <core::ptr::drop_in_place::<serde_json::value::Value>>
  558d34:	ba 05 00 00 00       	mov    $0x5,%edx
  558d39:	48 8d bc 24 80 09 00 	lea    0x980(%rsp),%rdi
  558d40:	00 
  558d41:	48 8d 35 00 e4 c8 ff 	lea    -0x371c00(%rip),%rsi        # 1e7148 <anon.8b450354eb9abf3bd4876638ac5342ab.343.llvm.14258636651103868718+0x1ef>
  558d48:	e8 53 9b fe ff       	call   5428a0 <<u8 as <[_]>::to_vec_in::ConvertVec>::to_vec::<alloc::alloc::Global>>
  558d4d:	48 8b 84 24 90 09 00 	mov    0x990(%rsp),%rax
  558d54:	00 
  558d55:	48 89 44 24 30       	mov    %rax,0x30(%rsp)
  558d5a:	0f 10 84 24 80 09 00 	movups 0x980(%rsp),%xmm0
  558d61:	00 
  558d62:	0f 29 44 24 20       	movaps %xmm0,0x20(%rsp)
  558d67:	48 8b 8c 24 a0 02 00 	mov    0x2a0(%rsp),%rcx
  558d6e:	00 
  558d6f:	48 89 c8             	mov    %rcx,%rax
  558d72:	48 c1 e8 3f          	shr    $0x3f,%rax
  558d76:	c6 84 24 80 09 00 00 	movb   $0x2,0x980(%rsp)
  558d7d:	02 
  558d7e:	48 89 84 24 88 09 00 	mov    %rax,0x988(%rsp)
  558d85:	00 
  558d86:	48 89 8c 24 90 09 00 	mov    %rcx,0x990(%rsp)
  558d8d:	00 
  558d8e:	4c 89 ff             	mov    %r15,%rdi
  558d91:	48 8d b4 24 90 00 00 	lea    0x90(%rsp),%rsi
  558d98:	00 
  558d99:	48 8d 54 24 20       	lea    0x20(%rsp),%rdx
  558d9e:	48 8d 8c 24 80 09 00 	lea    0x980(%rsp),%rcx
  558da5:	00 
  558da6:	e8 e5 79 f7 ff       	call   4d0790 <<alloc::collections::btree::map::BTreeMap<alloc::string::String, serde_json::value::Value>>::insert>
  558dab:	80 bc 24 f0 22 00 00 	cmpb   $0x6,0x22f0(%rsp)
  558db2:	06 
  558db3:	74 08                	je     558dbd <fe2o3_kfd::engineering_gfx950::peer::combined_mlp_state_v1::tests::native::paired::interleaved::interleaved_exercise+0x3cbd>
  558db5:	4c 89 ff             	mov    %r15,%rdi
  558db8:	e8 b3 c3 fd ff       	call   535170 <core::ptr::drop_in_place::<serde_json::value::Value>>
  558dbd:	ba 07 00 00 00       	mov    $0x7,%edx
  558dc2:	48 8d bc 24 80 09 00 	lea    0x980(%rsp),%rdi
  558dc9:	00 
  558dca:	48 8d 35 d9 e4 c8 ff 	lea    -0x371b27(%rip),%rsi        # 1e72aa <anon.8b450354eb9abf3bd4876638ac5342ab.343.llvm.14258636651103868718+0x351>
  558dd1:	e8 ca 9a fe ff       	call   5428a0 <<u8 as <[_]>::to_vec_in::ConvertVec>::to_vec::<alloc::alloc::Global>>
  558dd6:	48 8b 84 24 90 09 00 	mov    0x990(%rsp),%rax
  558ddd:	00 
  558dde:	48 89 44 24 30       	mov    %rax,0x30(%rsp)
  558de3:	0f 10 84 24 80 09 00 	movups 0x980(%rsp),%xmm0
  558dea:	00 
  558deb:	0f 29 44 24 20       	movaps %xmm0,0x20(%rsp)
  558df0:	48 8d bc 24 80 09 00 	lea    0x980(%rsp),%rdi
  558df7:	00 
  558df8:	48 8d b4 24 10 02 00 	lea    0x210(%rsp),%rsi
  558dff:	00 
  558e00:	e8 2b 1c 13 00       	call   68aa30 <<serde_json::value::ser::Serializer as serde_core::ser::Serializer>::collect_seq::<&alloc::vec::Vec<serde_json::value::Value>>>
  558e05:	80 bc 24 80 09 00 00 	cmpb   $0x6,0x980(%rsp)
  558e0c:	06 
  558e0d:	0f 84 d1 16 00 00    	je     55a4e4 <fe2o3_kfd::engineering_gfx950::peer::combined_mlp_state_v1::tests::native::paired::interleaved::interleaved_exercise+0x53e4>
  558e13:	0f 10 84 24 80 09 00 	movups 0x980(%rsp),%xmm0
  558e1a:	00 
  558e1b:	0f 10 8c 24 90 09 00 	movups 0x990(%rsp),%xmm1
  558e22:	00 
  558e23:	0f 29 8c 24 00 23 00 	movaps %xmm1,0x2300(%rsp)
  558e2a:	00 
  558e2b:	0f 29 84 24 f0 22 00 	movaps %xmm0,0x22f0(%rsp)
  558e32:	00 
  558e33:	48 8d bc 24 80 09 00 	lea    0x980(%rsp),%rdi
  558e3a:	00 
  558e3b:	48 8d b4 24 90 00 00 	lea    0x90(%rsp),%rsi
  558e42:	00 
  558e43:	48 8d 54 24 20       	lea    0x20(%rsp),%rdx
  558e48:	4c 89 f9             	mov    %r15,%rcx
  558e4b:	e8 40 79 f7 ff       	call   4d0790 <<alloc::collections::btree::map::BTreeMap<alloc::string::String, serde_json::value::Value>>::insert>
  558e50:	80 bc 24 80 09 00 00 	cmpb   $0x6,0x980(%rsp)
  558e57:	06 
  558e58:	74 0d                	je     558e67 <fe2o3_kfd::engineering_gfx950::peer::combined_mlp_state_v1::tests::native::paired::interleaved::interleaved_exercise+0x3d67>
  558e5a:	48 8d bc 24 80 09 00 	lea    0x980(%rsp),%rdi
  558e61:	00 
  558e62:	e8 09 c3 fd ff       	call   535170 <core::ptr::drop_in_place::<serde_json::value::Value>>
  558e67:	ba 11 00 00 00       	mov    $0x11,%edx
  558e6c:	48 8d bc 24 80 09 00 	lea    0x980(%rsp),%rdi
  558e73:	00 
  558e74:	48 8d 35 36 e4 c8 ff 	lea    -0x371bca(%rip),%rsi        # 1e72b1 <anon.8b450354eb9abf3bd4876638ac5342ab.343.llvm.14258636651103868718+0x358>
  558e7b:	e8 20 9a fe ff       	call   5428a0 <<u8 as <[_]>::to_vec_in::ConvertVec>::to_vec::<alloc::alloc::Global>>
  558e80:	48 8b 84 24 90 09 00 	mov    0x990(%rsp),%rax
  558e87:	00 
  558e88:	48 89 44 24 30       	mov    %rax,0x30(%rsp)
  558e8d:	0f 10 84 24 80 09 00 	movups 0x980(%rsp),%xmm0
  558e94:	00 
  558e95:	0f 29 44 24 20       	movaps %xmm0,0x20(%rsp)
  558e9a:	48 8d 44 24 70       	lea    0x70(%rsp),%rax
  558e9f:	48 89 84 24 f0 22 00 	mov    %rax,0x22f0(%rsp)
  558ea6:	00 
  558ea7:	48 8d bc 24 80 09 00 	lea    0x980(%rsp),%rdi
  558eae:	00 
  558eaf:	4c 89 fe             	mov    %r15,%rsi
  558eb2:	e8 29 52 e5 ff       	call   3ae0e0 <<&serde_json::value::Value as serde_core::ser::Serialize>::serialize::<serde_json::value::ser::Serializer>>
  558eb7:	80 bc 24 80 09 00 00 	cmpb   $0x6,0x980(%rsp)
  558ebe:	06 
  558ebf:	0f 84 5c 16 00 00    	je     55a521 <fe2o3_kfd::engineering_gfx950::peer::combined_mlp_state_v1::tests::native::paired::interleaved::interleaved_exercise+0x5421>
  558ec5:	0f 10 84 24 80 09 00 	movups 0x980(%rsp),%xmm0
  558ecc:	00 
  558ecd:	0f 10 8c 24 90 09 00 	movups 0x990(%rsp),%xmm1
  558ed4:	00 
  558ed5:	0f 29 8c 24 00 23 00 	movaps %xmm1,0x2300(%rsp)
  558edc:	00 
  558edd:	0f 29 84 24 f0 22 00 	movaps %xmm0,0x22f0(%rsp)
  558ee4:	00 
  558ee5:	48 8d bc 24 80 09 00 	lea    0x980(%rsp),%rdi
  558eec:	00 
  558eed:	48 8d b4 24 90 00 00 	lea    0x90(%rsp),%rsi
  558ef4:	00 
  558ef5:	48 8d 54 24 20       	lea    0x20(%rsp),%rdx
  558efa:	4c 89 f9             	mov    %r15,%rcx
  558efd:	e8 8e 78 f7 ff       	call   4d0790 <<alloc::collections::btree::map::BTreeMap<alloc::string::String, serde_json::value::Value>>::insert>
  558f02:	80 bc 24 80 09 00 00 	cmpb   $0x6,0x980(%rsp)
  558f09:	06 
  558f0a:	74 0d                	je     558f19 <fe2o3_kfd::engineering_gfx950::peer::combined_mlp_state_v1::tests::native::paired::interleaved::interleaved_exercise+0x3e19>
  558f0c:	48 8d bc 24 80 09 00 	lea    0x980(%rsp),%rdi
  558f13:	00 
  558f14:	e8 57 c2 fd ff       	call   535170 <core::ptr::drop_in_place::<serde_json::value::Value>>
  558f19:	ba 06 00 00 00       	mov    $0x6,%edx
  558f1e:	48 8d bc 24 80 09 00 	lea    0x980(%rsp),%rdi
  558f25:	00 
  558f26:	48 8d 35 61 e1 c8 ff 	lea    -0x371e9f(%rip),%rsi        # 1e708e <anon.8b450354eb9abf3bd4876638ac5342ab.343.llvm.14258636651103868718+0x135>
  558f2d:	e8 6e 99 fe ff       	call   5428a0 <<u8 as <[_]>::to_vec_in::ConvertVec>::to_vec::<alloc::alloc::Global>>
  558f32:	48 8b 84 24 90 09 00 	mov    0x990(%rsp),%rax
  558f39:	00 
  558f3a:	48 89 44 24 30       	mov    %rax,0x30(%rsp)
  558f3f:	0f 10 84 24 80 09 00 	movups 0x980(%rsp),%xmm0
  558f46:	00 
  558f47:	0f 29 44 24 20       	movaps %xmm0,0x20(%rsp)
  558f4c:	48 8d 44 24 40       	lea    0x40(%rsp),%rax
  558f51:	48 89 84 24 f0 22 00 	mov    %rax,0x22f0(%rsp)
  558f58:	00 
  558f59:	48 8d bc 24 80 09 00 	lea    0x980(%rsp),%rdi
  558f60:	00 
  558f61:	4c 89 fe             	mov    %r15,%rsi
  558f64:	e8 77 51 e5 ff       	call   3ae0e0 <<&serde_json::value::Value as serde_core::ser::Serialize>::serialize::<serde_json::value::ser::Serializer>>
  558f69:	80 bc 24 80 09 00 00 	cmpb   $0x6,0x980(%rsp)
  558f70:	06 
  558f71:	0f 84 e7 15 00 00    	je     55a55e <fe2o3_kfd::engineering_gfx950::peer::combined_mlp_state_v1::tests::native::paired::interleaved::interleaved_exercise+0x545e>
  558f77:	0f 10 84 24 80 09 00 	movups 0x980(%rsp),%xmm0
  558f7e:	00 
  558f7f:	0f 10 8c 24 90 09 00 	movups 0x990(%rsp),%xmm1
  558f86:	00 
  558f87:	0f 29 8c 24 00 23 00 	movaps %xmm1,0x2300(%rsp)
  558f8e:	00 
  558f8f:	0f 29 84 24 f0 22 00 	movaps %xmm0,0x22f0(%rsp)
  558f96:	00 
  558f97:	48 8d bc 24 80 09 00 	lea    0x980(%rsp),%rdi
  558f9e:	00 
  558f9f:	48 8d b4 24 90 00 00 	lea    0x90(%rsp),%rsi
  558fa6:	00 
  558fa7:	48 8d 54 24 20       	lea    0x20(%rsp),%rdx
  558fac:	4c 89 f9             	mov    %r15,%rcx
  558faf:	e8 dc 77 f7 ff       	call   4d0790 <<alloc::collections::btree::map::BTreeMap<alloc::string::String, serde_json::value::Value>>::insert>
  558fb4:	80 bc 24 80 09 00 00 	cmpb   $0x6,0x980(%rsp)
  558fbb:	06 
  558fbc:	74 0d                	je     558fcb <fe2o3_kfd::engineering_gfx950::peer::combined_mlp_state_v1::tests::native::paired::interleaved::interleaved_exercise+0x3ecb>
  558fbe:	48 8d bc 24 80 09 00 	lea    0x980(%rsp),%rdi
  558fc5:	00 
  558fc6:	e8 a5 c1 fd ff       	call   535170 <core::ptr::drop_in_place::<serde_json::value::Value>>
  558fcb:	ba 18 00 00 00       	mov    $0x18,%edx
  558fd0:	48 8d bc 24 80 09 00 	lea    0x980(%rsp),%rdi
  558fd7:	00 
  558fd8:	48 8d 35 db e0 c8 ff 	lea    -0x371f25(%rip),%rsi        # 1e70ba <anon.8b450354eb9abf3bd4876638ac5342ab.343.llvm.14258636651103868718+0x161>
  558fdf:	e8 bc 98 fe ff       	call   5428a0 <<u8 as <[_]>::to_vec_in::ConvertVec>::to_vec::<alloc::alloc::Global>>
  558fe4:	48 8b 84 24 90 09 00 	mov    0x990(%rsp),%rax
  558feb:	00 
  558fec:	48 89 44 24 30       	mov    %rax,0x30(%rsp)
  558ff1:	0f 10 84 24 80 09 00 	movups 0x980(%rsp),%xmm0
  558ff8:	00 
  558ff9:	0f 29 44 24 20       	movaps %xmm0,0x20(%rsp)
  558ffe:	48 8d bc 24 80 09 00 	lea    0x980(%rsp),%rdi
  559005:	00 
  559006:	48 8d b4 24 20 46 00 	lea    0x4620(%rsp),%rsi
  55900d:	00 
  55900e:	e8 4d 53 e4 ff       	call   39e360 <serde_json::value::to_value::<&[(u64, u64); 2]>>
  559013:	80 bc 24 80 09 00 00 	cmpb   $0x6,0x980(%rsp)
  55901a:	06 
  55901b:	0f 84 7a 15 00 00    	je     55a59b <fe2o3_kfd::engineering_gfx950::peer::combined_mlp_state_v1::tests::native::paired::interleaved::interleaved_exercise+0x549b>
  559021:	0f 10 84 24 80 09 00 	movups 0x980(%rsp),%xmm0
  559028:	00 
  559029:	0f 10 8c 24 90 09 00 	movups 0x990(%rsp),%xmm1
  559030:	00 
  559031:	0f 29 8c 24 00 23 00 	movaps %xmm1,0x2300(%rsp)
  559038:	00 
  559039:	0f 29 84 24 f0 22 00 	movaps %xmm0,0x22f0(%rsp)
  559040:	00 
  559041:	48 8d bc 24 80 09 00 	lea    0x980(%rsp),%rdi
  559048:	00 
  559049:	48 8d b4 24 90 00 00 	lea    0x90(%rsp),%rsi
  559050:	00 
  559051:	48 8d 54 24 20       	lea    0x20(%rsp),%rdx
  559056:	4c 89 f9             	mov    %r15,%rcx
  559059:	e8 32 77 f7 ff       	call   4d0790 <<alloc::collections::btree::map::BTreeMap<alloc::string::String, serde_json::value::Value>>::insert>
  55905e:	80 bc 24 80 09 00 00 	cmpb   $0x6,0x980(%rsp)
  559065:	06 
  559066:	74 0d                	je     559075 <fe2o3_kfd::engineering_gfx950::peer::combined_mlp_state_v1::tests::native::paired::interleaved::interleaved_exercise+0x3f75>
  559068:	48 8d bc 24 80 09 00 	lea    0x980(%rsp),%rdi
  55906f:	00 
  559070:	e8 fb c0 fd ff       	call   535170 <core::ptr::drop_in_place::<serde_json::value::Value>>
  559075:	ba 0f 00 00 00       	mov    $0xf,%edx
  55907a:	48 8d bc 24 80 09 00 	lea    0x980(%rsp),%rdi
  559081:	00 
  559082:	48 8d 35 39 e2 c8 ff 	lea    -0x371dc7(%rip),%rsi        # 1e72c2 <anon.8b450354eb9abf3bd4876638ac5342ab.343.llvm.14258636651103868718+0x369>
  559089:	e8 12 98 fe ff       	call   5428a0 <<u8 as <[_]>::to_vec_in::ConvertVec>::to_vec::<alloc::alloc::Global>>
  55908e:	48 8b 84 24 90 09 00 	mov    0x990(%rsp),%rax
  559095:	00 
  559096:	48 89 44 24 30       	mov    %rax,0x30(%rsp)
  55909b:	0f 10 84 24 80 09 00 	movups 0x980(%rsp),%xmm0
  5590a2:	00 
  5590a3:	0f 29 44 24 20       	movaps %xmm0,0x20(%rsp)
  5590a8:	48 8b 84 24 40 46 00 	mov    0x4640(%rsp),%rax
  5590af:	00 
  5590b0:	c6 84 24 80 09 00 00 	movb   $0x2,0x980(%rsp)
  5590b7:	02 
  5590b8:	48 c7 84 24 88 09 00 	movq   $0x0,0x988(%rsp)
  5590bf:	00 00 00 00 00 
  5590c4:	48 89 84 24 90 09 00 	mov    %rax,0x990(%rsp)
  5590cb:	00 
  5590cc:	4c 89 ff             	mov    %r15,%rdi
  5590cf:	48 8d b4 24 90 00 00 	lea    0x90(%rsp),%rsi
  5590d6:	00 
  5590d7:	48 8d 54 24 20       	lea    0x20(%rsp),%rdx
  5590dc:	48 8d 8c 24 80 09 00 	lea    0x980(%rsp),%rcx
  5590e3:	00 
  5590e4:	e8 a7 76 f7 ff       	call   4d0790 <<alloc::collections::btree::map::BTreeMap<alloc::string::String, serde_json::value::Value>>::insert>
  5590e9:	80 bc 24 f0 22 00 00 	cmpb   $0x6,0x22f0(%rsp)
  5590f0:	06 
  5590f1:	74 08                	je     5590fb <fe2o3_kfd::engineering_gfx950::peer::combined_mlp_state_v1::tests::native::paired::interleaved::interleaved_exercise+0x3ffb>
  5590f3:	4c 89 ff             	mov    %r15,%rdi
  5590f6:	e8 75 c0 fd ff       	call   535170 <core::ptr::drop_in_place::<serde_json::value::Value>>
  5590fb:	48 8b 84 24 a0 00 00 	mov    0xa0(%rsp),%rax
  559102:	00 
  559103:	48 8d 8c 24 d1 03 00 	lea    0x3d1(%rsp),%rcx
  55910a:	00 
  55910b:	48 89 41 17          	mov    %rax,0x17(%rcx)
  55910f:	0f 10 84 24 90 00 00 	movups 0x90(%rsp),%xmm0
  559116:	00 
  559117:	0f 11 41 07          	movups %xmm0,0x7(%rcx)
  55911b:	c6 84 24 d0 03 00 00 	movb   $0x5,0x3d0(%rsp)
  559122:	05 
  559123:	48 8d bc 24 f8 01 00 	lea    0x1f8(%rsp),%rdi
  55912a:	00 
  55912b:	48 8d b4 24 d0 03 00 	lea    0x3d0(%rsp),%rsi
  559132:	00 
  559133:	e8 98 b7 fe ff       	call   5448d0 <<alloc::vec::Vec<serde_json::value::Value>>::push_mut>
  559138:	48 8d 7c 24 40       	lea    0x40(%rsp),%rdi
  55913d:	e8 2e c0 fd ff       	call   535170 <core::ptr::drop_in_place::<serde_json::value::Value>>
  559142:	48 8d 7c 24 70       	lea    0x70(%rsp),%rdi
  559147:	e8 24 c0 fd ff       	call   535170 <core::ptr::drop_in_place::<serde_json::value::Value>>
  55914c:	48 8d bc 24 10 02 00 	lea    0x210(%rsp),%rdi
  559153:	00 
  559154:	e8 77 af fd ff       	call   5340d0 <core::ptr::drop_in_place::<alloc::vec::Vec<serde_json::value::Value>>>
  559159:	b8 01 00 00 00       	mov    $0x1,%eax
  55915e:	48 89 84 24 e8 00 00 	mov    %rax,0xe8(%rsp)
  559165:	00 
  559166:	f6 84 24 4c 01 00 00 	testb  $0x1,0x14c(%rsp)
  55916d:	01 
  55916e:	c7 84 24 4c 01 00 00 	movl   $0x0,0x14c(%rsp)
  559175:	00 00 00 00 
  559179:	0f 85 cd e2 ff ff    	jne    55744c <fe2o3_kfd::engineering_gfx950::peer::combined_mlp_state_v1::tests::native::paired::interleaved::interleaved_exercise+0x234c>
  55917f:	48 8b 8c 24 a8 02 00 	mov    0x2a8(%rsp),%rcx
  559186:	00 
  559187:	48 89 4c 24 68       	mov    %rcx,0x68(%rsp)
  55918c:	48 83 f9 04          	cmp    $0x4,%rcx
  559190:	0f 85 67 dc ff ff    	jne    556dfd <fe2o3_kfd::engineering_gfx950::peer::combined_mlp_state_v1::tests::native::paired::interleaved::interleaved_exercise+0x1cfd>
  559196:	48 c7 84 24 d0 03 00 	movq   $0x0,0x3d0(%rsp)
  55919d:	00 00 00 00 00 
  5591a2:	48 c7 84 24 e0 03 00 	movq   $0x0,0x3e0(%rsp)
  5591a9:	00 00 00 00 00 
  5591ae:	48 8d 35 b0 df c8 ff 	lea    -0x372050(%rip),%rsi        # 1e7165 <anon.8b450354eb9abf3bd4876638ac5342ab.343.llvm.14258636651103868718+0x20c>
  5591b5:	48 8d bc 24 80 09 00 	lea    0x980(%rsp),%rdi
  5591bc:	00 
  5591bd:	ba 07 00 00 00       	mov    $0x7,%edx
  5591c2:	e8 d9 96 fe ff       	call   5428a0 <<u8 as <[_]>::to_vec_in::ConvertVec>::to_vec::<alloc::alloc::Global>>
  5591c7:	48 8b 84 24 90 09 00 	mov    0x990(%rsp),%rax
  5591ce:	00 
  5591cf:	48 89 84 24 f0 34 00 	mov    %rax,0x34f0(%rsp)
  5591d6:	00 
  5591d7:	0f 10 84 24 80 09 00 	movups 0x980(%rsp),%xmm0
  5591de:	00 
  5591df:	0f 29 84 24 e0 34 00 	movaps %xmm0,0x34e0(%rsp)
  5591e6:	00 
  5591e7:	48 8d 84 24 d0 02 00 	lea    0x2d0(%rsp),%rax
  5591ee:	00 
  5591ef:	48 89 84 24 f0 22 00 	mov    %rax,0x22f0(%rsp)
  5591f6:	00 
  5591f7:	48 8d bc 24 80 09 00 	lea    0x980(%rsp),%rdi
  5591fe:	00 
  5591ff:	48 8d b4 24 f0 22 00 	lea    0x22f0(%rsp),%rsi
  559206:	00 
  559207:	e8 d4 4e e5 ff       	call   3ae0e0 <<&serde_json::value::Value as serde_core::ser::Serialize>::serialize::<serde_json::value::ser::Serializer>>
  55920c:	80 bc 24 80 09 00 00 	cmpb   $0x6,0x980(%rsp)
  559213:	06 
  559214:	0f 84 be 13 00 00    	je     55a5d8 <fe2o3_kfd::engineering_gfx950::peer::combined_mlp_state_v1::tests::native::paired::interleaved::interleaved_exercise+0x54d8>
  55921a:	0f 10 84 24 80 09 00 	movups 0x980(%rsp),%xmm0
  559221:	00 
  559222:	0f 10 8c 24 90 09 00 	movups 0x990(%rsp),%xmm1
  559229:	00 
  55922a:	0f 29 8c 24 00 23 00 	movaps %xmm1,0x2300(%rsp)
  559231:	00 
  559232:	0f 29 84 24 f0 22 00 	movaps %xmm0,0x22f0(%rsp)
  559239:	00 
  55923a:	48 8d bc 24 80 09 00 	lea    0x980(%rsp),%rdi
  559241:	00 
  559242:	48 8d b4 24 d0 03 00 	lea    0x3d0(%rsp),%rsi
  559249:	00 
  55924a:	48 8d 94 24 e0 34 00 	lea    0x34e0(%rsp),%rdx
  559251:	00 
  559252:	48 8d 8c 24 f0 22 00 	lea    0x22f0(%rsp),%rcx
  559259:	00 
  55925a:	e8 31 75 f7 ff       	call   4d0790 <<alloc::collections::btree::map::BTreeMap<alloc::string::String, serde_json::value::Value>>::insert>
  55925f:	80 bc 24 80 09 00 00 	cmpb   $0x6,0x980(%rsp)
  559266:	06 
  559267:	74 0d                	je     559276 <fe2o3_kfd::engineering_gfx950::peer::combined_mlp_state_v1::tests::native::paired::interleaved::interleaved_exercise+0x4176>
  559269:	48 8d bc 24 80 09 00 	lea    0x980(%rsp),%rdi
  559270:	00 
  559271:	e8 fa be fd ff       	call   535170 <core::ptr::drop_in_place::<serde_json::value::Value>>
  559276:	48 8d 35 ef de c8 ff 	lea    -0x372111(%rip),%rsi        # 1e716c <anon.8b450354eb9abf3bd4876638ac5342ab.343.llvm.14258636651103868718+0x213>
  55927d:	48 8d bc 24 80 09 00 	lea    0x980(%rsp),%rdi
  559284:	00 
  559285:	ba 06 00 00 00       	mov    $0x6,%edx
  55928a:	e8 11 96 fe ff       	call   5428a0 <<u8 as <[_]>::to_vec_in::ConvertVec>::to_vec::<alloc::alloc::Global>>
  55928f:	48 8b 84 24 90 09 00 	mov    0x990(%rsp),%rax
  559296:	00 
  559297:	48 89 84 24 f0 34 00 	mov    %rax,0x34f0(%rsp)
  55929e:	00 
  55929f:	0f 10 84 24 80 09 00 	movups 0x980(%rsp),%xmm0
  5592a6:	00 
  5592a7:	0f 29 84 24 e0 34 00 	movaps %xmm0,0x34e0(%rsp)
  5592ae:	00 
  5592af:	48 8d bc 24 80 09 00 	lea    0x980(%rsp),%rdi
  5592b6:	00 
  5592b7:	48 8d b4 24 f8 01 00 	lea    0x1f8(%rsp),%rsi
  5592be:	00 
  5592bf:	e8 6c 17 13 00       	call   68aa30 <<serde_json::value::ser::Serializer as serde_core::ser::Serializer>::collect_seq::<&alloc::vec::Vec<serde_json::value::Value>>>
  5592c4:	80 bc 24 80 09 00 00 	cmpb   $0x6,0x980(%rsp)
  5592cb:	06 
  5592cc:	0f 84 40 13 00 00    	je     55a612 <fe2o3_kfd::engineering_gfx950::peer::combined_mlp_state_v1::tests::native::paired::interleaved::interleaved_exercise+0x5512>
  5592d2:	0f 10 84 24 80 09 00 	movups 0x980(%rsp),%xmm0
  5592d9:	00 
  5592da:	0f 10 8c 24 90 09 00 	movups 0x990(%rsp),%xmm1
  5592e1:	00 
  5592e2:	0f 29 8c 24 00 23 00 	movaps %xmm1,0x2300(%rsp)
  5592e9:	00 
  5592ea:	0f 29 84 24 f0 22 00 	movaps %xmm0,0x22f0(%rsp)
  5592f1:	00 
  5592f2:	48 8d bc 24 80 09 00 	lea    0x980(%rsp),%rdi
  5592f9:	00 
  5592fa:	48 8d b4 24 d0 03 00 	lea    0x3d0(%rsp),%rsi
  559301:	00 
  559302:	48 8d 94 24 e0 34 00 	lea    0x34e0(%rsp),%rdx
  559309:	00 
  55930a:	48 8d 8c 24 f0 22 00 	lea    0x22f0(%rsp),%rcx
  559311:	00 
  559312:	e8 79 74 f7 ff       	call   4d0790 <<alloc::collections::btree::map::BTreeMap<alloc::string::String, serde_json::value::Value>>::insert>
  559317:	80 bc 24 80 09 00 00 	cmpb   $0x6,0x980(%rsp)
  55931e:	06 
  55931f:	74 0d                	je     55932e <fe2o3_kfd::engineering_gfx950::peer::combined_mlp_state_v1::tests::native::paired::interleaved::interleaved_exercise+0x422e>
  559321:	48 8d bc 24 80 09 00 	lea    0x980(%rsp),%rdi
  559328:	00 
  559329:	e8 42 be fd ff       	call   535170 <core::ptr::drop_in_place::<serde_json::value::Value>>
  55932e:	48 8d 35 3d de c8 ff 	lea    -0x3721c3(%rip),%rsi        # 1e7172 <anon.8b450354eb9abf3bd4876638ac5342ab.343.llvm.14258636651103868718+0x219>
  559335:	48 8d bc 24 80 09 00 	lea    0x980(%rsp),%rdi
  55933c:	00 
  55933d:	ba 11 00 00 00       	mov    $0x11,%edx
  559342:	e8 59 95 fe ff       	call   5428a0 <<u8 as <[_]>::to_vec_in::ConvertVec>::to_vec::<alloc::alloc::Global>>
  559347:	48 8b 84 24 90 09 00 	mov    0x990(%rsp),%rax
  55934e:	00 
  55934f:	48 89 84 24 f0 34 00 	mov    %rax,0x34f0(%rsp)
  559356:	00 
  559357:	0f 10 84 24 80 09 00 	movups 0x980(%rsp),%xmm0
  55935e:	00 
  55935f:	0f 29 84 24 e0 34 00 	movaps %xmm0,0x34e0(%rsp)
  559366:	00 
  559367:	c6 84 24 80 09 00 00 	movb   $0x2,0x980(%rsp)
  55936e:	02 
  55936f:	48 c7 84 24 88 09 00 	movq   $0x0,0x988(%rsp)
  559376:	00 00 00 00 00 
  55937b:	48 c7 84 24 90 09 00 	movq   $0x40,0x990(%rsp)
  559382:	00 40 00 00 00 
  559387:	48 8d bc 24 f0 22 00 	lea    0x22f0(%rsp),%rdi
  55938e:	00 
  55938f:	48 8d b4 24 d0 03 00 	lea    0x3d0(%rsp),%rsi
  559396:	00 
  559397:	48 8d 94 24 e0 34 00 	lea    0x34e0(%rsp),%rdx
  55939e:	00 
  55939f:	48 8d 8c 24 80 09 00 	lea    0x980(%rsp),%rcx
  5593a6:	00 
  5593a7:	e8 e4 73 f7 ff       	call   4d0790 <<alloc::collections::btree::map::BTreeMap<alloc::string::String, serde_json::value::Value>>::insert>
  5593ac:	80 bc 24 f0 22 00 00 	cmpb   $0x6,0x22f0(%rsp)
  5593b3:	06 
  5593b4:	74 0d                	je     5593c3 <fe2o3_kfd::engineering_gfx950::peer::combined_mlp_state_v1::tests::native::paired::interleaved::interleaved_exercise+0x42c3>
  5593b6:	48 8d bc 24 f0 22 00 	lea    0x22f0(%rsp),%rdi
  5593bd:	00 
  5593be:	e8 ad bd fd ff       	call   535170 <core::ptr::drop_in_place::<serde_json::value::Value>>
  5593c3:	48 8d 35 b9 dd c8 ff 	lea    -0x372247(%rip),%rsi        # 1e7183 <anon.8b450354eb9abf3bd4876638ac5342ab.343.llvm.14258636651103868718+0x22a>
  5593ca:	48 8d bc 24 80 09 00 	lea    0x980(%rsp),%rdi
  5593d1:	00 
  5593d2:	ba 0f 00 00 00       	mov    $0xf,%edx
  5593d7:	e8 c4 94 fe ff       	call   5428a0 <<u8 as <[_]>::to_vec_in::ConvertVec>::to_vec::<alloc::alloc::Global>>
  5593dc:	48 8b 84 24 90 09 00 	mov    0x990(%rsp),%rax
  5593e3:	00 
  5593e4:	48 89 84 24 f0 34 00 	mov    %rax,0x34f0(%rsp)
  5593eb:	00 
  5593ec:	0f 10 84 24 80 09 00 	movups 0x980(%rsp),%xmm0
  5593f3:	00 
  5593f4:	0f 29 84 24 e0 34 00 	movaps %xmm0,0x34e0(%rsp)
  5593fb:	00 
  5593fc:	c6 84 24 80 09 00 00 	movb   $0x2,0x980(%rsp)
  559403:	02 
  559404:	48 c7 84 24 88 09 00 	movq   $0x0,0x988(%rsp)
  55940b:	00 00 00 00 00 
  559410:	48 c7 84 24 90 09 00 	movq   $0x10,0x990(%rsp)
  559417:	00 10 00 00 00 
  55941c:	48 8d bc 24 f0 22 00 	lea    0x22f0(%rsp),%rdi
  559423:	00 
  559424:	48 8d b4 24 d0 03 00 	lea    0x3d0(%rsp),%rsi
  55942b:	00 
  55942c:	48 8d 94 24 e0 34 00 	lea    0x34e0(%rsp),%rdx
  559433:	00 
  559434:	48 8d 8c 24 80 09 00 	lea    0x980(%rsp),%rcx
  55943b:	00 
  55943c:	e8 4f 73 f7 ff       	call   4d0790 <<alloc::collections::btree::map::BTreeMap<alloc::string::String, serde_json::value::Value>>::insert>
  559441:	80 bc 24 f0 22 00 00 	cmpb   $0x6,0x22f0(%rsp)
  559448:	06 
  559449:	74 0d                	je     559458 <fe2o3_kfd::engineering_gfx950::peer::combined_mlp_state_v1::tests::native::paired::interleaved::interleaved_exercise+0x4358>
  55944b:	48 8d bc 24 f0 22 00 	lea    0x22f0(%rsp),%rdi
  559452:	00 
  559453:	e8 18 bd fd ff       	call   535170 <core::ptr::drop_in_place::<serde_json::value::Value>>
  559458:	48 8d 35 33 dd c8 ff 	lea    -0x3722cd(%rip),%rsi        # 1e7192 <anon.8b450354eb9abf3bd4876638ac5342ab.343.llvm.14258636651103868718+0x239>
  55945f:	48 8d bc 24 80 09 00 	lea    0x980(%rsp),%rdi
  559466:	00 
  559467:	ba 12 00 00 00       	mov    $0x12,%edx
  55946c:	e8 2f 94 fe ff       	call   5428a0 <<u8 as <[_]>::to_vec_in::ConvertVec>::to_vec::<alloc::alloc::Global>>
  559471:	48 8b 84 24 90 09 00 	mov    0x990(%rsp),%rax
  559478:	00 
  559479:	48 89 84 24 f0 34 00 	mov    %rax,0x34f0(%rsp)
  559480:	00 
  559481:	0f 10 84 24 80 09 00 	movups 0x980(%rsp),%xmm0
  559488:	00 
  559489:	0f 29 84 24 e0 34 00 	movaps %xmm0,0x34e0(%rsp)
  559490:	00 
  559491:	c6 84 24 80 09 00 00 	movb   $0x2,0x980(%rsp)
  559498:	02 
  559499:	48 c7 84 24 88 09 00 	movq   $0x0,0x988(%rsp)
  5594a0:	00 00 00 00 00 
  5594a5:	48 c7 84 24 90 09 00 	movq   $0x50,0x990(%rsp)
  5594ac:	00 50 00 00 00 
  5594b1:	48 8d bc 24 f0 22 00 	lea    0x22f0(%rsp),%rdi
  5594b8:	00 
  5594b9:	48 8d b4 24 d0 03 00 	lea    0x3d0(%rsp),%rsi
  5594c0:	00 
  5594c1:	48 8d 94 24 e0 34 00 	lea    0x34e0(%rsp),%rdx
  5594c8:	00 
  5594c9:	48 8d 8c 24 80 09 00 	lea    0x980(%rsp),%rcx
  5594d0:	00 
  5594d1:	e8 ba 72 f7 ff       	call   4d0790 <<alloc::collections::btree::map::BTreeMap<alloc::string::String, serde_json::value::Value>>::insert>
  5594d6:	80 bc 24 f0 22 00 00 	cmpb   $0x6,0x22f0(%rsp)
  5594dd:	06 
  5594de:	74 0d                	je     5594ed <fe2o3_kfd::engineering_gfx950::peer::combined_mlp_state_v1::tests::native::paired::interleaved::interleaved_exercise+0x43ed>
  5594e0:	48 8d bc 24 f0 22 00 	lea    0x22f0(%rsp),%rdi
  5594e7:	00 
  5594e8:	e8 83 bc fd ff       	call   535170 <core::ptr::drop_in_place::<serde_json::value::Value>>
  5594ed:	48 8d 35 b0 dc c8 ff 	lea    -0x372350(%rip),%rsi        # 1e71a4 <anon.8b450354eb9abf3bd4876638ac5342ab.343.llvm.14258636651103868718+0x24b>
  5594f4:	48 8d bc 24 80 09 00 	lea    0x980(%rsp),%rdi
  5594fb:	00 
  5594fc:	ba 19 00 00 00       	mov    $0x19,%edx
  559501:	e8 9a 93 fe ff       	call   5428a0 <<u8 as <[_]>::to_vec_in::ConvertVec>::to_vec::<alloc::alloc::Global>>
  559506:	48 8b 84 24 90 09 00 	mov    0x990(%rsp),%rax
  55950d:	00 
  55950e:	48 89 84 24 f0 34 00 	mov    %rax,0x34f0(%rsp)
  559515:	00 
  559516:	0f 10 84 24 80 09 00 	movups 0x980(%rsp),%xmm0
  55951d:	00 
  55951e:	0f 29 84 24 e0 34 00 	movaps %xmm0,0x34e0(%rsp)
  559525:	00 
  559526:	66 c7 84 24 b0 01 00 	movw   $0x101,0x1b0(%rsp)
  55952d:	00 01 01 
  559530:	0f 10 84 24 c0 01 00 	movups 0x1c0(%rsp),%xmm0
  559537:	00 
  559538:	0f 29 84 24 90 09 00 	movaps %xmm0,0x990(%rsp)
  55953f:	00 
  559540:	0f b7 84 24 b0 01 00 	movzwl 0x1b0(%rsp),%eax
  559547:	00 
  559548:	66 89 84 24 80 09 00 	mov    %ax,0x980(%rsp)
  55954f:	00 
  559550:	48 8b 84 24 b2 01 00 	mov    0x1b2(%rsp),%rax
  559557:	00 
  559558:	48 89 84 24 82 09 00 	mov    %rax,0x982(%rsp)
  55955f:	00 
  559560:	8b 84 24 ba 01 00 00 	mov    0x1ba(%rsp),%eax
  559567:	89 84 24 8a 09 00 00 	mov    %eax,0x98a(%rsp)
  55956e:	0f b7 84 24 be 01 00 	movzwl 0x1be(%rsp),%eax
  559575:	00 
  559576:	66 89 84 24 8e 09 00 	mov    %ax,0x98e(%rsp)
  55957d:	00 
  55957e:	48 8d bc 24 f0 22 00 	lea    0x22f0(%rsp),%rdi
  559585:	00 
  559586:	48 8d b4 24 d0 03 00 	lea    0x3d0(%rsp),%rsi
  55958d:	00 
  55958e:	48 8d 94 24 e0 34 00 	lea    0x34e0(%rsp),%rdx
  559595:	00 
  559596:	48 8d 8c 24 80 09 00 	lea    0x980(%rsp),%rcx
  55959d:	00 
  55959e:	e8 ed 71 f7 ff       	call   4d0790 <<alloc::collections::btree::map::BTreeMap<alloc::string::String, serde_json::value::Value>>::insert>
  5595a3:	80 bc 24 f0 22 00 00 	cmpb   $0x6,0x22f0(%rsp)
  5595aa:	06 
  5595ab:	74 0d                	je     5595ba <fe2o3_kfd::engineering_gfx950::peer::combined_mlp_state_v1::tests::native::paired::interleaved::interleaved_exercise+0x44ba>
  5595ad:	48 8d bc 24 f0 22 00 	lea    0x22f0(%rsp),%rdi
  5595b4:	00 
  5595b5:	e8 b6 bb fd ff       	call   535170 <core::ptr::drop_in_place::<serde_json::value::Value>>
  5595ba:	48 8d 35 fc db c8 ff 	lea    -0x372404(%rip),%rsi        # 1e71bd <anon.8b450354eb9abf3bd4876638ac5342ab.343.llvm.14258636651103868718+0x264>
  5595c1:	48 8d bc 24 80 09 00 	lea    0x980(%rsp),%rdi
  5595c8:	00 
  5595c9:	ba 16 00 00 00       	mov    $0x16,%edx
  5595ce:	e8 cd 92 fe ff       	call   5428a0 <<u8 as <[_]>::to_vec_in::ConvertVec>::to_vec::<alloc::alloc::Global>>
  5595d3:	48 8b 84 24 90 09 00 	mov    0x990(%rsp),%rax
  5595da:	00 
  5595db:	48 89 84 24 f0 34 00 	mov    %rax,0x34f0(%rsp)
  5595e2:	00 
  5595e3:	0f 10 84 24 80 09 00 	movups 0x980(%rsp),%xmm0
  5595ea:	00 
  5595eb:	0f 29 84 24 e0 34 00 	movaps %xmm0,0x34e0(%rsp)
  5595f2:	00 
  5595f3:	0f 10 84 24 b0 01 00 	movups 0x1b0(%rsp),%xmm0
  5595fa:	00 
  5595fb:	0f 10 8c 24 c0 01 00 	movups 0x1c0(%rsp),%xmm1
  559602:	00 
  559603:	0f 29 8c 24 90 09 00 	movaps %xmm1,0x990(%rsp)
  55960a:	00 
  55960b:	0f 29 84 24 80 09 00 	movaps %xmm0,0x980(%rsp)
  559612:	00 
  559613:	48 8d bc 24 f0 22 00 	lea    0x22f0(%rsp),%rdi
  55961a:	00 
  55961b:	48 8d b4 24 d0 03 00 	lea    0x3d0(%rsp),%rsi
  559622:	00 
  559623:	48 8d 94 24 e0 34 00 	lea    0x34e0(%rsp),%rdx
  55962a:	00 
  55962b:	48 8d 8c 24 80 09 00 	lea    0x980(%rsp),%rcx
  559632:	00 
  559633:	e8 58 71 f7 ff       	call   4d0790 <<alloc::collections::btree::map::BTreeMap<alloc::string::String, serde_json::value::Value>>::insert>
  559638:	80 bc 24 f0 22 00 00 	cmpb   $0x6,0x22f0(%rsp)
  55963f:	06 
  559640:	74 0d                	je     55964f <fe2o3_kfd::engineering_gfx950::peer::combined_mlp_state_v1::tests::native::paired::interleaved::interleaved_exercise+0x454f>
  559642:	48 8d bc 24 f0 22 00 	lea    0x22f0(%rsp),%rdi
  559649:	00 
  55964a:	e8 21 bb fd ff       	call   535170 <core::ptr::drop_in_place::<serde_json::value::Value>>
  55964f:	48 8d 35 7d db c8 ff 	lea    -0x372483(%rip),%rsi        # 1e71d3 <anon.8b450354eb9abf3bd4876638ac5342ab.343.llvm.14258636651103868718+0x27a>
  559656:	48 8d bc 24 80 09 00 	lea    0x980(%rsp),%rdi
  55965d:	00 
  55965e:	ba 0c 00 00 00       	mov    $0xc,%edx
  559663:	e8 38 92 fe ff       	call   5428a0 <<u8 as <[_]>::to_vec_in::ConvertVec>::to_vec::<alloc::alloc::Global>>
  559668:	48 8b 84 24 90 09 00 	mov    0x990(%rsp),%rax
  55966f:	00 
  559670:	48 89 84 24 f0 34 00 	mov    %rax,0x34f0(%rsp)
  559677:	00 
  559678:	0f 10 84 24 80 09 00 	movups 0x980(%rsp),%xmm0
  55967f:	00 
  559680:	0f 29 84 24 e0 34 00 	movaps %xmm0,0x34e0(%rsp)
  559687:	00 
  559688:	0f 10 84 24 b0 01 00 	movups 0x1b0(%rsp),%xmm0
  55968f:	00 
  559690:	0f 10 8c 24 c0 01 00 	movups 0x1c0(%rsp),%xmm1
  559697:	00 
  559698:	0f 29 8c 24 90 09 00 	movaps %xmm1,0x990(%rsp)
  55969f:	00 
  5596a0:	0f 29 84 24 80 09 00 	movaps %xmm0,0x980(%rsp)
  5596a7:	00 
  5596a8:	48 8d bc 24 f0 22 00 	lea    0x22f0(%rsp),%rdi
  5596af:	00 
  5596b0:	48 8d b4 24 d0 03 00 	lea    0x3d0(%rsp),%rsi
  5596b7:	00 
  5596b8:	48 8d 94 24 e0 34 00 	lea    0x34e0(%rsp),%rdx
  5596bf:	00 
  5596c0:	48 8d 8c 24 80 09 00 	lea    0x980(%rsp),%rcx
  5596c7:	00 
  5596c8:	e8 c3 70 f7 ff       	call   4d0790 <<alloc::collections::btree::map::BTreeMap<alloc::string::String, serde_json::value::Value>>::insert>
  5596cd:	80 bc 24 f0 22 00 00 	cmpb   $0x6,0x22f0(%rsp)
  5596d4:	06 
  5596d5:	74 0d                	je     5596e4 <fe2o3_kfd::engineering_gfx950::peer::combined_mlp_state_v1::tests::native::paired::interleaved::interleaved_exercise+0x45e4>
  5596d7:	48 8d bc 24 f0 22 00 	lea    0x22f0(%rsp),%rdi
  5596de:	00 
  5596df:	e8 8c ba fd ff       	call   535170 <core::ptr::drop_in_place::<serde_json::value::Value>>
  5596e4:	48 8d 35 f4 da c8 ff 	lea    -0x37250c(%rip),%rsi        # 1e71df <anon.8b450354eb9abf3bd4876638ac5342ab.343.llvm.14258636651103868718+0x286>
  5596eb:	48 8d bc 24 80 09 00 	lea    0x980(%rsp),%rdi
  5596f2:	00 
  5596f3:	ba 0d 00 00 00       	mov    $0xd,%edx
  5596f8:	e8 a3 91 fe ff       	call   5428a0 <<u8 as <[_]>::to_vec_in::ConvertVec>::to_vec::<alloc::alloc::Global>>
  5596fd:	48 8b 84 24 90 09 00 	mov    0x990(%rsp),%rax
  559704:	00 
  559705:	48 89 84 24 f0 34 00 	mov    %rax,0x34f0(%rsp)
  55970c:	00 
  55970d:	0f 10 84 24 80 09 00 	movups 0x980(%rsp),%xmm0
  559714:	00 
  559715:	0f 29 84 24 e0 34 00 	movaps %xmm0,0x34e0(%rsp)
  55971c:	00 
  55971d:	0f 10 84 24 b0 01 00 	movups 0x1b0(%rsp),%xmm0
  559724:	00 
  559725:	0f 10 8c 24 c0 01 00 	movups 0x1c0(%rsp),%xmm1
  55972c:	00 
  55972d:	0f 29 8c 24 90 09 00 	movaps %xmm1,0x990(%rsp)
  559734:	00 
  559735:	0f 29 84 24 80 09 00 	movaps %xmm0,0x980(%rsp)
  55973c:	00 
  55973d:	48 8d bc 24 f0 22 00 	lea    0x22f0(%rsp),%rdi
  559744:	00 
  559745:	48 8d b4 24 d0 03 00 	lea    0x3d0(%rsp),%rsi
  55974c:	00 
  55974d:	48 8d 94 24 e0 34 00 	lea    0x34e0(%rsp),%rdx
  559754:	00 
  559755:	48 8d 8c 24 80 09 00 	lea    0x980(%rsp),%rcx
  55975c:	00 
  55975d:	e8 2e 70 f7 ff       	call   4d0790 <<alloc::collections::btree::map::BTreeMap<alloc::string::String, serde_json::value::Value>>::insert>
  559762:	80 bc 24 f0 22 00 00 	cmpb   $0x6,0x22f0(%rsp)
  559769:	06 
  55976a:	74 0d                	je     559779 <fe2o3_kfd::engineering_gfx950::peer::combined_mlp_state_v1::tests::native::paired::interleaved::interleaved_exercise+0x4679>
  55976c:	48 8d bc 24 f0 22 00 	lea    0x22f0(%rsp),%rdi
  559773:	00 
  559774:	e8 f7 b9 fd ff       	call   535170 <core::ptr::drop_in_place::<serde_json::value::Value>>
  559779:	48 8d 35 6c da c8 ff 	lea    -0x372594(%rip),%rsi        # 1e71ec <anon.8b450354eb9abf3bd4876638ac5342ab.343.llvm.14258636651103868718+0x293>
  559780:	48 8d bc 24 80 09 00 	lea    0x980(%rsp),%rdi
  559787:	00 
  559788:	ba 0f 00 00 00       	mov    $0xf,%edx
  55978d:	e8 0e 91 fe ff       	call   5428a0 <<u8 as <[_]>::to_vec_in::ConvertVec>::to_vec::<alloc::alloc::Global>>
  559792:	48 8b 84 24 90 09 00 	mov    0x990(%rsp),%rax
  559799:	00 
  55979a:	48 89 84 24 f0 34 00 	mov    %rax,0x34f0(%rsp)
  5597a1:	00 
  5597a2:	0f 10 84 24 80 09 00 	movups 0x980(%rsp),%xmm0
  5597a9:	00 
  5597aa:	0f 29 84 24 e0 34 00 	movaps %xmm0,0x34e0(%rsp)
  5597b1:	00 
  5597b2:	0f 10 84 24 b0 01 00 	movups 0x1b0(%rsp),%xmm0
  5597b9:	00 
  5597ba:	0f 10 8c 24 c0 01 00 	movups 0x1c0(%rsp),%xmm1
  5597c1:	00 
  5597c2:	0f 29 8c 24 90 09 00 	movaps %xmm1,0x990(%rsp)
  5597c9:	00 
  5597ca:	0f 29 84 24 80 09 00 	movaps %xmm0,0x980(%rsp)
  5597d1:	00 
  5597d2:	48 8d bc 24 f0 22 00 	lea    0x22f0(%rsp),%rdi
  5597d9:	00 
  5597da:	48 8d b4 24 d0 03 00 	lea    0x3d0(%rsp),%rsi
  5597e1:	00 
  5597e2:	48 8d 94 24 e0 34 00 	lea    0x34e0(%rsp),%rdx
  5597e9:	00 
  5597ea:	48 8d 8c 24 80 09 00 	lea    0x980(%rsp),%rcx
  5597f1:	00 
  5597f2:	e8 99 6f f7 ff       	call   4d0790 <<alloc::collections::btree::map::BTreeMap<alloc::string::String, serde_json::value::Value>>::insert>
  5597f7:	80 bc 24 f0 22 00 00 	cmpb   $0x6,0x22f0(%rsp)
  5597fe:	06 
  5597ff:	74 0d                	je     55980e <fe2o3_kfd::engineering_gfx950::peer::combined_mlp_state_v1::tests::native::paired::interleaved::interleaved_exercise+0x470e>
  559801:	48 8d bc 24 f0 22 00 	lea    0x22f0(%rsp),%rdi
  559808:	00 
  559809:	e8 62 b9 fd ff       	call   535170 <core::ptr::drop_in_place::<serde_json::value::Value>>
  55980e:	48 8d 35 e6 d9 c8 ff 	lea    -0x37261a(%rip),%rsi        # 1e71fb <anon.8b450354eb9abf3bd4876638ac5342ab.343.llvm.14258636651103868718+0x2a2>
  559815:	48 8d bc 24 80 09 00 	lea    0x980(%rsp),%rdi
  55981c:	00 
  55981d:	ba 18 00 00 00       	mov    $0x18,%edx
  559822:	e8 79 90 fe ff       	call   5428a0 <<u8 as <[_]>::to_vec_in::ConvertVec>::to_vec::<alloc::alloc::Global>>
  559827:	48 8b 84 24 90 09 00 	mov    0x990(%rsp),%rax
  55982e:	00 
  55982f:	48 89 84 24 f0 34 00 	mov    %rax,0x34f0(%rsp)
  559836:	00 
  559837:	0f 10 84 24 80 09 00 	movups 0x980(%rsp),%xmm0
  55983e:	00 
  55983f:	0f 29 84 24 e0 34 00 	movaps %xmm0,0x34e0(%rsp)
  559846:	00 
  559847:	0f 10 84 24 b0 01 00 	movups 0x1b0(%rsp),%xmm0
  55984e:	00 
  55984f:	0f 10 8c 24 c0 01 00 	movups 0x1c0(%rsp),%xmm1
  559856:	00 
  559857:	0f 29 8c 24 90 09 00 	movaps %xmm1,0x990(%rsp)
  55985e:	00 
  55985f:	0f 29 84 24 80 09 00 	movaps %xmm0,0x980(%rsp)
  559866:	00 
  559867:	48 8d bc 24 f0 22 00 	lea    0x22f0(%rsp),%rdi
  55986e:	00 
  55986f:	48 8d b4 24 d0 03 00 	lea    0x3d0(%rsp),%rsi
  559876:	00 
  559877:	48 8d 94 24 e0 34 00 	lea    0x34e0(%rsp),%rdx
  55987e:	00 
  55987f:	48 8d 8c 24 80 09 00 	lea    0x980(%rsp),%rcx
  559886:	00 
  559887:	e8 04 6f f7 ff       	call   4d0790 <<alloc::collections::btree::map::BTreeMap<alloc::string::String, serde_json::value::Value>>::insert>
  55988c:	80 bc 24 f0 22 00 00 	cmpb   $0x6,0x22f0(%rsp)
  559893:	06 
  559894:	74 0d                	je     5598a3 <fe2o3_kfd::engineering_gfx950::peer::combined_mlp_state_v1::tests::native::paired::interleaved::interleaved_exercise+0x47a3>
  559896:	48 8d bc 24 f0 22 00 	lea    0x22f0(%rsp),%rdi
  55989d:	00 
  55989e:	e8 cd b8 fd ff       	call   535170 <core::ptr::drop_in_place::<serde_json::value::Value>>
  5598a3:	48 8d 35 69 d9 c8 ff 	lea    -0x372697(%rip),%rsi        # 1e7213 <anon.8b450354eb9abf3bd4876638ac5342ab.343.llvm.14258636651103868718+0x2ba>
  5598aa:	48 8d bc 24 80 09 00 	lea    0x980(%rsp),%rdi
  5598b1:	00 
  5598b2:	ba 13 00 00 00       	mov    $0x13,%edx
  5598b7:	e8 e4 8f fe ff       	call   5428a0 <<u8 as <[_]>::to_vec_in::ConvertVec>::to_vec::<alloc::alloc::Global>>
  5598bc:	48 8b 84 24 90 09 00 	mov    0x990(%rsp),%rax
  5598c3:	00 
  5598c4:	48 89 84 24 00 23 00 	mov    %rax,0x2300(%rsp)
  5598cb:	00 
  5598cc:	0f 10 84 24 80 09 00 	movups 0x980(%rsp),%xmm0
  5598d3:	00 
  5598d4:	0f 29 84 24 f0 22 00 	movaps %xmm0,0x22f0(%rsp)
  5598db:	00 
  5598dc:	48 8d bc 24 80 09 00 	lea    0x980(%rsp),%rdi
  5598e3:	00 
  5598e4:	48 8d b4 24 d0 03 00 	lea    0x3d0(%rsp),%rsi
  5598eb:	00 
  5598ec:	48 8d 94 24 f0 22 00 	lea    0x22f0(%rsp),%rdx
  5598f3:	00 
  5598f4:	48 8d 8c 24 b0 01 00 	lea    0x1b0(%rsp),%rcx
  5598fb:	00 
  5598fc:	e8 8f 6e f7 ff       	call   4d0790 <<alloc::collections::btree::map::BTreeMap<alloc::string::String, serde_json::value::Value>>::insert>
  559901:	80 bc 24 80 09 00 00 	cmpb   $0x6,0x980(%rsp)
  559908:	06 
  559909:	74 0d                	je     559918 <fe2o3_kfd::engineering_gfx950::peer::combined_mlp_state_v1::tests::native::paired::interleaved::interleaved_exercise+0x4818>
  55990b:	48 8d bc 24 80 09 00 	lea    0x980(%rsp),%rdi
  559912:	00 
  559913:	e8 58 b8 fd ff       	call   535170 <core::ptr::drop_in_place::<serde_json::value::Value>>
  559918:	48 8d 35 07 d9 c8 ff 	lea    -0x3726f9(%rip),%rsi        # 1e7226 <anon.8b450354eb9abf3bd4876638ac5342ab.343.llvm.14258636651103868718+0x2cd>
  55991f:	48 8d bc 24 80 09 00 	lea    0x980(%rsp),%rdi
  559926:	00 
  559927:	ba 17 00 00 00       	mov    $0x17,%edx
  55992c:	e8 6f 8f fe ff       	call   5428a0 <<u8 as <[_]>::to_vec_in::ConvertVec>::to_vec::<alloc::alloc::Global>>
  559931:	48 8b 84 24 90 09 00 	mov    0x990(%rsp),%rax
  559938:	00 
  559939:	48 89 84 24 f0 34 00 	mov    %rax,0x34f0(%rsp)
  559940:	00 
  559941:	0f 10 84 24 80 09 00 	movups 0x980(%rsp),%xmm0
  559948:	00 
  559949:	0f 29 84 24 e0 34 00 	movaps %xmm0,0x34e0(%rsp)
  559950:	00 
  559951:	c6 84 24 80 09 00 00 	movb   $0x2,0x980(%rsp)
  559958:	02 
  559959:	48 c7 84 24 88 09 00 	movq   $0x0,0x988(%rsp)
  559960:	00 00 00 00 00 
  559965:	48 c7 84 24 90 09 00 	movq   $0x150,0x990(%rsp)
  55996c:	00 50 01 00 00 
  559971:	48 8d bc 24 f0 22 00 	lea    0x22f0(%rsp),%rdi
  559978:	00 
  559979:	48 8d b4 24 d0 03 00 	lea    0x3d0(%rsp),%rsi
  559980:	00 
  559981:	48 8d 94 24 e0 34 00 	lea    0x34e0(%rsp),%rdx
  559988:	00 
  559989:	48 8d 8c 24 80 09 00 	lea    0x980(%rsp),%rcx
  559990:	00 
  559991:	e8 fa 6d f7 ff       	call   4d0790 <<alloc::collections::btree::map::BTreeMap<alloc::string::String, serde_json::value::Value>>::insert>
  559996:	80 bc 24 f0 22 00 00 	cmpb   $0x6,0x22f0(%rsp)
  55999d:	06 
  55999e:	74 0d                	je     5599ad <fe2o3_kfd::engineering_gfx950::peer::combined_mlp_state_v1::tests::native::paired::interleaved::interleaved_exercise+0x48ad>
  5599a0:	48 8d bc 24 f0 22 00 	lea    0x22f0(%rsp),%rdi
  5599a7:	00 
  5599a8:	e8 c3 b7 fd ff       	call   535170 <core::ptr::drop_in_place::<serde_json::value::Value>>
  5599ad:	48 8d 35 89 d8 c8 ff 	lea    -0x372777(%rip),%rsi        # 1e723d <anon.8b450354eb9abf3bd4876638ac5342ab.343.llvm.14258636651103868718+0x2e4>
  5599b4:	48 8d bc 24 80 09 00 	lea    0x980(%rsp),%rdi
  5599bb:	00 
  5599bc:	ba 07 00 00 00       	mov    $0x7,%edx
  5599c1:	e8 da 8e fe ff       	call   5428a0 <<u8 as <[_]>::to_vec_in::ConvertVec>::to_vec::<alloc::alloc::Global>>
  5599c6:	48 8b 84 24 90 09 00 	mov    0x990(%rsp),%rax
  5599cd:	00 
  5599ce:	48 89 84 24 f0 34 00 	mov    %rax,0x34f0(%rsp)
  5599d5:	00 
  5599d6:	0f 10 84 24 80 09 00 	movups 0x980(%rsp),%xmm0
  5599dd:	00 
  5599de:	0f 29 84 24 e0 34 00 	movaps %xmm0,0x34e0(%rsp)
  5599e5:	00 
  5599e6:	48 8d 35 fb 21 30 00 	lea    0x3021fb(%rip),%rsi        # 85bbe8 <anon.8b450354eb9abf3bd4876638ac5342ab.389.llvm.14258636651103868718+0x90>
  5599ed:	48 8d bc 24 80 09 00 	lea    0x980(%rsp),%rdi
  5599f4:	00 
  5599f5:	e8 e6 71 e4 ff       	call   3a0be0 <serde_json::value::to_value::<&&str>>
  5599fa:	80 bc 24 80 09 00 00 	cmpb   $0x6,0x980(%rsp)
  559a01:	06 
  559a02:	0f 84 44 0c 00 00    	je     55a64c <fe2o3_kfd::engineering_gfx950::peer::combined_mlp_state_v1::tests::native::paired::interleaved::interleaved_exercise+0x554c>
  559a08:	0f 10 84 24 80 09 00 	movups 0x980(%rsp),%xmm0
  559a0f:	00 
  559a10:	0f 10 8c 24 90 09 00 	movups 0x990(%rsp),%xmm1
  559a17:	00 
  559a18:	0f 29 8c 24 00 23 00 	movaps %xmm1,0x2300(%rsp)
  559a1f:	00 
  559a20:	0f 29 84 24 f0 22 00 	movaps %xmm0,0x22f0(%rsp)
  559a27:	00 
  559a28:	48 8d bc 24 80 09 00 	lea    0x980(%rsp),%rdi
  559a2f:	00 
  559a30:	48 8d b4 24 d0 03 00 	lea    0x3d0(%rsp),%rsi
  559a37:	00 
  559a38:	48 8d 94 24 e0 34 00 	lea    0x34e0(%rsp),%rdx
  559a3f:	00 
  559a40:	48 8d 8c 24 f0 22 00 	lea    0x22f0(%rsp),%rcx
  559a47:	00 
  559a48:	e8 43 6d f7 ff       	call   4d0790 <<alloc::collections::btree::map::BTreeMap<alloc::string::String, serde_json::value::Value>>::insert>
  559a4d:	80 bc 24 80 09 00 00 	cmpb   $0x6,0x980(%rsp)
  559a54:	06 
  559a55:	74 0d                	je     559a64 <fe2o3_kfd::engineering_gfx950::peer::combined_mlp_state_v1::tests::native::paired::interleaved::interleaved_exercise+0x4964>
  559a57:	48 8d bc 24 80 09 00 	lea    0x980(%rsp),%rdi
  559a5e:	00 
  559a5f:	e8 0c b7 fd ff       	call   535170 <core::ptr::drop_in_place::<serde_json::value::Value>>
  559a64:	48 8d 35 f8 d7 c8 ff 	lea    -0x372808(%rip),%rsi        # 1e7263 <anon.8b450354eb9abf3bd4876638ac5342ab.343.llvm.14258636651103868718+0x30a>
  559a6b:	48 8d bc 24 80 09 00 	lea    0x980(%rsp),%rdi
  559a72:	00 
  559a73:	ba 11 00 00 00       	mov    $0x11,%edx
  559a78:	e8 23 8e fe ff       	call   5428a0 <<u8 as <[_]>::to_vec_in::ConvertVec>::to_vec::<alloc::alloc::Global>>
  559a7d:	48 8b 84 24 90 09 00 	mov    0x990(%rsp),%rax
  559a84:	00 
  559a85:	48 89 84 24 f0 34 00 	mov    %rax,0x34f0(%rsp)
  559a8c:	00 
  559a8d:	0f 10 84 24 80 09 00 	movups 0x980(%rsp),%xmm0
  559a94:	00 
  559a95:	0f 29 84 24 e0 34 00 	movaps %xmm0,0x34e0(%rsp)
  559a9c:	00 
  559a9d:	66 c7 84 24 f0 02 00 	movw   $0x1,0x2f0(%rsp)
  559aa4:	00 01 00 
  559aa7:	0f 10 84 24 00 03 00 	movups 0x300(%rsp),%xmm0
  559aae:	00 
  559aaf:	0f 29 84 24 90 09 00 	movaps %xmm0,0x990(%rsp)
  559ab6:	00 
  559ab7:	0f b7 84 24 f0 02 00 	movzwl 0x2f0(%rsp),%eax
  559abe:	00 
  559abf:	66 89 84 24 80 09 00 	mov    %ax,0x980(%rsp)
  559ac6:	00 
  559ac7:	48 8b 84 24 f2 02 00 	mov    0x2f2(%rsp),%rax
  559ace:	00 
  559acf:	48 89 84 24 82 09 00 	mov    %rax,0x982(%rsp)
  559ad6:	00 
  559ad7:	8b 84 24 fa 02 00 00 	mov    0x2fa(%rsp),%eax
  559ade:	89 84 24 8a 09 00 00 	mov    %eax,0x98a(%rsp)
  559ae5:	0f b7 84 24 fe 02 00 	movzwl 0x2fe(%rsp),%eax
  559aec:	00 
  559aed:	66 89 84 24 8e 09 00 	mov    %ax,0x98e(%rsp)
  559af4:	00 
  559af5:	48 8d bc 24 f0 22 00 	lea    0x22f0(%rsp),%rdi
  559afc:	00 
  559afd:	48 8d b4 24 d0 03 00 	lea    0x3d0(%rsp),%rsi
  559b04:	00 
  559b05:	48 8d 94 24 e0 34 00 	lea    0x34e0(%rsp),%rdx
  559b0c:	00 
  559b0d:	48 8d 8c 24 80 09 00 	lea    0x980(%rsp),%rcx
  559b14:	00 
  559b15:	e8 76 6c f7 ff       	call   4d0790 <<alloc::collections::btree::map::BTreeMap<alloc::string::String, serde_json::value::Value>>::insert>
  559b1a:	80 bc 24 f0 22 00 00 	cmpb   $0x6,0x22f0(%rsp)
  559b21:	06 
  559b22:	74 0d                	je     559b31 <fe2o3_kfd::engineering_gfx950::peer::combined_mlp_state_v1::tests::native::paired::interleaved::interleaved_exercise+0x4a31>
  559b24:	48 8d bc 24 f0 22 00 	lea    0x22f0(%rsp),%rdi
  559b2b:	00 
  559b2c:	e8 3f b6 fd ff       	call   535170 <core::ptr::drop_in_place::<serde_json::value::Value>>
  559b31:	48 8d 35 3c d7 c8 ff 	lea    -0x3728c4(%rip),%rsi        # 1e7274 <anon.8b450354eb9abf3bd4876638ac5342ab.343.llvm.14258636651103868718+0x31b>
  559b38:	48 8d bc 24 80 09 00 	lea    0x980(%rsp),%rdi
  559b3f:	00 
  559b40:	ba 0f 00 00 00       	mov    $0xf,%edx
  559b45:	e8 56 8d fe ff       	call   5428a0 <<u8 as <[_]>::to_vec_in::ConvertVec>::to_vec::<alloc::alloc::Global>>
  559b4a:	48 8b 84 24 90 09 00 	mov    0x990(%rsp),%rax
  559b51:	00 
  559b52:	48 89 84 24 00 23 00 	mov    %rax,0x2300(%rsp)
  559b59:	00 
  559b5a:	0f 10 84 24 80 09 00 	movups 0x980(%rsp),%xmm0
  559b61:	00 
  559b62:	0f 29 84 24 f0 22 00 	movaps %xmm0,0x22f0(%rsp)
  559b69:	00 
  559b6a:	48 8d bc 24 80 09 00 	lea    0x980(%rsp),%rdi
  559b71:	00 
  559b72:	48 8d b4 24 d0 03 00 	lea    0x3d0(%rsp),%rsi
  559b79:	00 
  559b7a:	48 8d 94 24 f0 22 00 	lea    0x22f0(%rsp),%rdx
  559b81:	00 
  559b82:	48 8d 8c 24 f0 02 00 	lea    0x2f0(%rsp),%rcx
  559b89:	00 
  559b8a:	e8 01 6c f7 ff       	call   4d0790 <<alloc::collections::btree::map::BTreeMap<alloc::string::String, serde_json::value::Value>>::insert>
  559b8f:	80 bc 24 80 09 00 00 	cmpb   $0x6,0x980(%rsp)
  559b96:	06 
  559b97:	74 0d                	je     559ba6 <fe2o3_kfd::engineering_gfx950::peer::combined_mlp_state_v1::tests::native::paired::interleaved::interleaved_exercise+0x4aa6>
  559b99:	48 8d bc 24 80 09 00 	lea    0x980(%rsp),%rdi
  559ba0:	00 
  559ba1:	e8 ca b5 fd ff       	call   535170 <core::ptr::drop_in_place::<serde_json::value::Value>>
  559ba6:	48 8b 84 24 e0 03 00 	mov    0x3e0(%rsp),%rax
  559bad:	00 
  559bae:	0f 10 84 24 d0 03 00 	movups 0x3d0(%rsp),%xmm0
  559bb5:	00 
  559bb6:	0f 11 84 24 87 09 00 	movups %xmm0,0x987(%rsp)
  559bbd:	00 
  559bbe:	48 89 84 24 97 09 00 	mov    %rax,0x997(%rsp)
  559bc5:	00 
  559bc6:	48 8b 54 24 10       	mov    0x10(%rsp),%rdx
  559bcb:	c6 02 05             	movb   $0x5,(%rdx)
  559bce:	0f 10 84 24 80 09 00 	movups 0x980(%rsp),%xmm0
  559bd5:	00 
  559bd6:	48 8b 84 24 8f 09 00 	mov    0x98f(%rsp),%rax
  559bdd:	00 
  559bde:	48 8b 8c 24 97 09 00 	mov    0x997(%rsp),%rcx
  559be5:	00 
  559be6:	0f 11 42 01          	movups %xmm0,0x1(%rdx)
  559bea:	48 89 42 10          	mov    %rax,0x10(%rdx)
  559bee:	48 89 4a 18          	mov    %rcx,0x18(%rdx)
  559bf2:	48 8d bc 24 f8 01 00 	lea    0x1f8(%rsp),%rdi
  559bf9:	00 
  559bfa:	e8 d1 a4 fd ff       	call   5340d0 <core::ptr::drop_in_place::<alloc::vec::Vec<serde_json::value::Value>>>
  559bff:	48 8d bc 24 d0 02 00 	lea    0x2d0(%rsp),%rdi
  559c06:	00 
  559c07:	e8 64 b5 fd ff       	call   535170 <core::ptr::drop_in_place::<serde_json::value::Value>>
  559c0c:	48 8d bc 24 18 01 00 	lea    0x118(%rsp),%rdi
  559c13:	00 
  559c14:	e8 f7 a6 fd ff       	call   534310 <core::ptr::drop_in_place::<alloc::vec::Vec<fe2o3_kfd::engineering_gfx950::peer::combined_mlp_state_v1::paired::retained::RetainedPair>>>
  559c19:	48 8d bc 24 80 01 00 	lea    0x180(%rsp),%rdi
  559c20:	00 
  559c21:	e8 1a a8 fd ff       	call   534440 <core::ptr::drop_in_place::<alloc::vec::Vec<fe2o3_kfd::engineering_gfx950::peer::combined_mlp_state_v1::tests::native::paired::interleaved::Payloads>>>
  559c26:	48 8d bc 24 98 01 00 	lea    0x198(%rsp),%rdi
  559c2d:	00 
  559c2e:	e8 ed a0 fd ff       	call   533d20 <core::ptr::drop_in_place::<alloc::vec::Vec<[fe2o3_kfd::engineering_gfx950::peer::Gfx950EngineeringPeerBufferV1; 4]>>>
  559c33:	48 8d bc 24 00 01 00 	lea    0x100(%rsp),%rdi
  559c3a:	00 
  559c3b:	e8 30 a2 fd ff       	call   533e70 <core::ptr::drop_in_place::<alloc::vec::Vec<[fe2o3_kfd::engineering_gfx950::peer::Gfx950EngineeringPeerKernelV1; 4]>>>
  559c40:	48 8b 6c 24 10       	mov    0x10(%rsp),%rbp
  559c45:	e9 25 c1 ff ff       	jmp    555d6f <fe2o3_kfd::engineering_gfx950::peer::combined_mlp_state_v1::tests::native::paired::interleaved::interleaved_exercise+0xc6f>
  559c4a:	48 8b 84 24 e0 03 00 	mov    0x3e0(%rsp),%rax
  559c51:	00 
  559c52:	48 8b 4c 24 10       	mov    0x10(%rsp),%rcx
  559c57:	48 89 41 18          	mov    %rax,0x18(%rcx)
  559c5b:	0f 10 84 24 d0 03 00 	movups 0x3d0(%rsp),%xmm0
  559c62:	00 
  559c63:	0f 11 41 08          	movups %xmm0,0x8(%rcx)
  559c67:	c6 01 06             	movb   $0x6,(%rcx)
  559c6a:	48 8d bc 24 e0 34 00 	lea    0x34e0(%rsp),%rdi
  559c71:	00 
  559c72:	e8 79 a8 fd ff       	call   5344f0 <core::ptr::drop_in_place::<alloc::vec::Vec<u8>>>
  559c77:	48 8d bc 24 f8 01 00 	lea    0x1f8(%rsp),%rdi
  559c7e:	00 
  559c7f:	e8 4c a4 fd ff       	call   5340d0 <core::ptr::drop_in_place::<alloc::vec::Vec<serde_json::value::Value>>>
  559c84:	48 8d bc 24 d0 02 00 	lea    0x2d0(%rsp),%rdi
  559c8b:	00 
  559c8c:	e8 df b4 fd ff       	call   535170 <core::ptr::drop_in_place::<serde_json::value::Value>>
  559c91:	e9 f6 ce ff ff       	jmp    556b8c <fe2o3_kfd::engineering_gfx950::peer::combined_mlp_state_v1::tests::native::paired::interleaved::interleaved_exercise+0x1a8c>
  559c96:	48 8b 84 24 f0 34 00 	mov    0x34f0(%rsp),%rax
  559c9d:	00 
  559c9e:	48 8b 4c 24 10       	mov    0x10(%rsp),%rcx
  559ca3:	48 89 41 18          	mov    %rax,0x18(%rcx)
  559ca7:	0f 28 84 24 e0 34 00 	movaps 0x34e0(%rsp),%xmm0
  559cae:	00 
  559caf:	0f 11 41 08          	movups %xmm0,0x8(%rcx)
  559cb3:	e9 83 00 00 00       	jmp    559d3b <fe2o3_kfd::engineering_gfx950::peer::combined_mlp_state_v1::tests::native::paired::interleaved::interleaved_exercise+0x4c3b>
  559cb8:	48 8b 84 24 f0 34 00 	mov    0x34f0(%rsp),%rax
  559cbf:	00 
  559cc0:	48 8b 4c 24 10       	mov    0x10(%rsp),%rcx
  559cc5:	48 89 41 18          	mov    %rax,0x18(%rcx)
  559cc9:	0f 10 84 24 e0 34 00 	movups 0x34e0(%rsp),%xmm0
  559cd0:	00 
  559cd1:	0f 11 41 08          	movups %xmm0,0x8(%rcx)
  559cd5:	c6 01 06             	movb   $0x6,(%rcx)
  559cd8:	48 8d bc 24 f0 22 00 	lea    0x22f0(%rsp),%rdi
  559cdf:	00 
  559ce0:	eb 90                	jmp    559c72 <fe2o3_kfd::engineering_gfx950::peer::combined_mlp_state_v1::tests::native::paired::interleaved::interleaved_exercise+0x4b72>
  559ce2:	48 8d 15 7f 20 30 00 	lea    0x30207f(%rip),%rdx        # 85bd68 <anon.8b450354eb9abf3bd4876638ac5342ab.389.llvm.14258636651103868718+0x210>
  559ce9:	48 89 ef             	mov    %rbp,%rdi
  559cec:	ff 15 4e 1b 35 00    	call   *0x351b4e(%rip)        # 8ab840 <_DYNAMIC+0x270>
  559cf2:	e9 8d 09 00 00       	jmp    55a684 <fe2o3_kfd::engineering_gfx950::peer::combined_mlp_state_v1::tests::native::paired::interleaved::interleaved_exercise+0x5584>
  559cf7:	48 8b 84 24 98 09 00 	mov    0x998(%rsp),%rax
  559cfe:	00 
  559cff:	48 8b 4c 24 10       	mov    0x10(%rsp),%rcx
  559d04:	48 8b 94 24 b0 00 00 	mov    0xb0(%rsp),%rdx
  559d0b:	00 
  559d0c:	48 89 51 08          	mov    %rdx,0x8(%rcx)
  559d10:	48 8b 94 24 30 01 00 	mov    0x130(%rsp),%rdx
  559d17:	00 
  559d18:	48 89 51 10          	mov    %rdx,0x10(%rcx)
  559d1c:	eb 19                	jmp    559d37 <fe2o3_kfd::engineering_gfx950::peer::combined_mlp_state_v1::tests::native::paired::interleaved::interleaved_exercise+0x4c37>
  559d1e:	0f 10 84 24 88 09 00 	movups 0x988(%rsp),%xmm0
  559d25:	00 
  559d26:	48 8b 84 24 98 09 00 	mov    0x998(%rsp),%rax
  559d2d:	00 
  559d2e:	48 8b 4c 24 10       	mov    0x10(%rsp),%rcx
  559d33:	0f 11 41 08          	movups %xmm0,0x8(%rcx)
  559d37:	48 89 41 18          	mov    %rax,0x18(%rcx)
  559d3b:	c6 01 06             	movb   $0x6,(%rcx)
  559d3e:	e9 34 ff ff ff       	jmp    559c77 <fe2o3_kfd::engineering_gfx950::peer::combined_mlp_state_v1::tests::native::paired::interleaved::interleaved_exercise+0x4b77>
  559d43:	48 8d 15 06 20 30 00 	lea    0x302006(%rip),%rdx        # 85bd50 <anon.8b450354eb9abf3bd4876638ac5342ab.389.llvm.14258636651103868718+0x1f8>
  559d4a:	bf 08 00 00 00       	mov    $0x8,%edi
  559d4f:	48 89 c6             	mov    %rax,%rsi
  559d52:	ff 15 00 1d 35 00    	call   *0x351d00(%rip)        # 8aba58 <_DYNAMIC+0x488>
  559d58:	48 8b 84 24 00 23 00 	mov    0x2300(%rsp),%rax
  559d5f:	00 
  559d60:	48 8b 4c 24 10       	mov    0x10(%rsp),%rcx
  559d65:	48 89 41 18          	mov    %rax,0x18(%rcx)
  559d69:	0f 28 84 24 f0 22 00 	movaps 0x22f0(%rsp),%xmm0
  559d70:	00 
  559d71:	0f 11 41 08          	movups %xmm0,0x8(%rcx)
  559d75:	c6 01 06             	movb   $0x6,(%rcx)
  559d78:	e9 1e 01 00 00       	jmp    559e9b <fe2o3_kfd::engineering_gfx950::peer::combined_mlp_state_v1::tests::native::paired::interleaved::interleaved_exercise+0x4d9b>
  559d7d:	48 8b 84 24 e0 03 00 	mov    0x3e0(%rsp),%rax
  559d84:	00 
  559d85:	48 8b 4c 24 10       	mov    0x10(%rsp),%rcx
  559d8a:	48 89 41 18          	mov    %rax,0x18(%rcx)
  559d8e:	0f 28 84 24 d0 03 00 	movaps 0x3d0(%rsp),%xmm0
  559d95:	00 
  559d96:	0f 11 41 08          	movups %xmm0,0x8(%rcx)
  559d9a:	c6 01 06             	movb   $0x6,(%rcx)
  559d9d:	e9 ec 00 00 00       	jmp    559e8e <fe2o3_kfd::engineering_gfx950::peer::combined_mlp_state_v1::tests::native::paired::interleaved::interleaved_exercise+0x4d8e>
  559da2:	48 8b 84 24 98 09 00 	mov    0x998(%rsp),%rax
  559da9:	00 
  559daa:	48 89 84 24 07 23 00 	mov    %rax,0x2307(%rsp)
  559db1:	00 
  559db2:	0f 10 84 24 88 09 00 	movups 0x988(%rsp),%xmm0
  559db9:	00 
  559dba:	0f 11 84 24 f7 22 00 	movups %xmm0,0x22f7(%rsp)
  559dc1:	00 
  559dc2:	48 8b 4c 24 10       	mov    0x10(%rsp),%rcx
  559dc7:	48 89 41 18          	mov    %rax,0x18(%rcx)
  559dcb:	e9 df fe ff ff       	jmp    559caf <fe2o3_kfd::engineering_gfx950::peer::combined_mlp_state_v1::tests::native::paired::interleaved::interleaved_exercise+0x4baf>
  559dd0:	48 8b 94 24 90 09 00 	mov    0x990(%rsp),%rdx
  559dd7:	00 
  559dd8:	48 8b 74 24 10       	mov    0x10(%rsp),%rsi
  559ddd:	48 89 4e 08          	mov    %rcx,0x8(%rsi)
  559de1:	48 89 46 10          	mov    %rax,0x10(%rsi)
  559de5:	48 89 56 18          	mov    %rdx,0x18(%rsi)
  559de9:	c6 06 06             	movb   $0x6,(%rsi)
  559dec:	eb 64                	jmp    559e52 <fe2o3_kfd::engineering_gfx950::peer::combined_mlp_state_v1::tests::native::paired::interleaved::interleaved_exercise+0x4d52>
  559dee:	48 8d 35 3f d5 c8 ff 	lea    -0x372ac1(%rip),%rsi        # 1e7334 <anon.8b450354eb9abf3bd4876638ac5342ab.343.llvm.14258636651103868718+0x3db>
  559df5:	48 8d bc 24 80 09 00 	lea    0x980(%rsp),%rdi
  559dfc:	00 
  559dfd:	ba 1c 00 00 00       	mov    $0x1c,%edx
  559e02:	e8 99 8a fe ff       	call   5428a0 <<u8 as <[_]>::to_vec_in::ConvertVec>::to_vec::<alloc::alloc::Global>>
  559e07:	48 8b 84 24 90 09 00 	mov    0x990(%rsp),%rax
  559e0e:	00 
  559e0f:	48 8b 4c 24 10       	mov    0x10(%rsp),%rcx
  559e14:	48 89 41 18          	mov    %rax,0x18(%rcx)
  559e18:	0f 10 84 24 80 09 00 	movups 0x980(%rsp),%xmm0
  559e1f:	00 
  559e20:	eb 29                	jmp    559e4b <fe2o3_kfd::engineering_gfx950::peer::combined_mlp_state_v1::tests::native::paired::interleaved::interleaved_exercise+0x4d4b>
  559e22:	48 8b 84 24 98 09 00 	mov    0x998(%rsp),%rax
  559e29:	00 
  559e2a:	48 89 84 24 07 23 00 	mov    %rax,0x2307(%rsp)
  559e31:	00 
  559e32:	0f 10 84 24 88 09 00 	movups 0x988(%rsp),%xmm0
  559e39:	00 
  559e3a:	0f 11 84 24 f7 22 00 	movups %xmm0,0x22f7(%rsp)
  559e41:	00 
  559e42:	48 8b 4c 24 10       	mov    0x10(%rsp),%rcx
  559e47:	48 89 41 18          	mov    %rax,0x18(%rcx)
  559e4b:	0f 11 41 08          	movups %xmm0,0x8(%rcx)
  559e4f:	c6 01 06             	movb   $0x6,(%rcx)
  559e52:	48 8d 7c 24 40       	lea    0x40(%rsp),%rdi
  559e57:	e8 14 b3 fd ff       	call   535170 <core::ptr::drop_in_place::<serde_json::value::Value>>
  559e5c:	e9 16 fe ff ff       	jmp    559c77 <fe2o3_kfd::engineering_gfx950::peer::combined_mlp_state_v1::tests::native::paired::interleaved::interleaved_exercise+0x4b77>
  559e61:	48 8b 84 24 00 23 00 	mov    0x2300(%rsp),%rax
  559e68:	00 
  559e69:	48 8b 4c 24 10       	mov    0x10(%rsp),%rcx
  559e6e:	48 89 41 18          	mov    %rax,0x18(%rcx)
  559e72:	0f 28 84 24 f0 22 00 	movaps 0x22f0(%rsp),%xmm0
  559e79:	00 
  559e7a:	0f 11 41 08          	movups %xmm0,0x8(%rcx)
  559e7e:	c6 01 06             	movb   $0x6,(%rcx)
  559e81:	48 8d bc 24 90 00 00 	lea    0x90(%rsp),%rdi
  559e88:	00 
  559e89:	e8 b2 ab fd ff       	call   534a40 <core::ptr::drop_in_place::<alloc::string::String>>
  559e8e:	48 8d bc 24 c0 00 00 	lea    0xc0(%rsp),%rdi
  559e95:	00 
  559e96:	e8 55 a6 fd ff       	call   5344f0 <core::ptr::drop_in_place::<alloc::vec::Vec<u8>>>
  559e9b:	48 8d bc 24 28 02 00 	lea    0x228(%rsp),%rdi
  559ea2:	00 
  559ea3:	e8 28 a2 fd ff       	call   5340d0 <core::ptr::drop_in_place::<alloc::vec::Vec<serde_json::value::Value>>>
  559ea8:	48 8d bc 24 10 02 00 	lea    0x210(%rsp),%rdi
  559eaf:	00 
  559eb0:	e8 1b a2 fd ff       	call   5340d0 <core::ptr::drop_in_place::<alloc::vec::Vec<serde_json::value::Value>>>
  559eb5:	e9 bd fd ff ff       	jmp    559c77 <fe2o3_kfd::engineering_gfx950::peer::combined_mlp_state_v1::tests::native::paired::interleaved::interleaved_exercise+0x4b77>
  559eba:	48 8b 84 24 90 09 00 	mov    0x990(%rsp),%rax
  559ec1:	00 
  559ec2:	48 8b 4c 24 10       	mov    0x10(%rsp),%rcx
  559ec7:	48 89 41 18          	mov    %rax,0x18(%rcx)
  559ecb:	0f 10 84 24 80 09 00 	movups 0x980(%rsp),%xmm0
  559ed2:	00 
  559ed3:	0f 11 41 08          	movups %xmm0,0x8(%rcx)
  559ed7:	c6 01 06             	movb   $0x6,(%rcx)
  559eda:	eb cc                	jmp    559ea8 <fe2o3_kfd::engineering_gfx950::peer::combined_mlp_state_v1::tests::native::paired::interleaved::interleaved_exercise+0x4da8>
  559edc:	48 8d 8c 24 88 09 00 	lea    0x988(%rsp),%rcx
  559ee3:	00 
  559ee4:	48 8b 41 10          	mov    0x10(%rcx),%rax
  559ee8:	48 89 84 24 00 23 00 	mov    %rax,0x2300(%rsp)
  559eef:	00 
  559ef0:	0f 10 01             	movups (%rcx),%xmm0
  559ef3:	0f 29 84 24 f0 22 00 	movaps %xmm0,0x22f0(%rsp)
  559efa:	00 
  559efb:	e9 c2 fe ff ff       	jmp    559dc2 <fe2o3_kfd::engineering_gfx950::peer::combined_mlp_state_v1::tests::native::paired::interleaved::interleaved_exercise+0x4cc2>
  559f00:	48 8b 44 24 30       	mov    0x30(%rsp),%rax
  559f05:	48 8b 4c 24 10       	mov    0x10(%rsp),%rcx
  559f0a:	48 89 41 18          	mov    %rax,0x18(%rcx)
  559f0e:	0f 28 44 24 20       	movaps 0x20(%rsp),%xmm0
  559f13:	0f 11 41 08          	movups %xmm0,0x8(%rcx)
  559f17:	c6 01 06             	movb   $0x6,(%rcx)
  559f1a:	48 8d bc 24 c0 00 00 	lea    0xc0(%rsp),%rdi
  559f21:	00 
  559f22:	e8 19 ab fd ff       	call   534a40 <core::ptr::drop_in_place::<alloc::string::String>>
  559f27:	48 8d bc 24 60 01 00 	lea    0x160(%rsp),%rdi
  559f2e:	00 
  559f2f:	e8 ec 31 f8 ff       	call   4dd120 <<alloc::collections::btree::map::BTreeMap<alloc::string::String, serde_json::value::Value> as core::ops::drop::Drop>::drop>
  559f34:	48 8d bc 24 80 02 00 	lea    0x280(%rsp),%rdi
  559f3b:	00 
  559f3c:	e8 ff aa fd ff       	call   534a40 <core::ptr::drop_in_place::<alloc::string::String>>
  559f41:	e9 b7 00 00 00       	jmp    559ffd <fe2o3_kfd::engineering_gfx950::peer::combined_mlp_state_v1::tests::native::paired::interleaved::interleaved_exercise+0x4efd>
  559f46:	48 8b 84 24 e0 03 00 	mov    0x3e0(%rsp),%rax
  559f4d:	00 
  559f4e:	48 8b 4c 24 10       	mov    0x10(%rsp),%rcx
  559f53:	48 89 41 18          	mov    %rax,0x18(%rcx)
  559f57:	0f 28 84 24 d0 03 00 	movaps 0x3d0(%rsp),%xmm0
  559f5e:	00 
  559f5f:	e9 0d fe ff ff       	jmp    559d71 <fe2o3_kfd::engineering_gfx950::peer::combined_mlp_state_v1::tests::native::paired::interleaved::interleaved_exercise+0x4c71>
  559f64:	48 8b 44 24 50       	mov    0x50(%rsp),%rax
  559f69:	48 8b 4c 24 10       	mov    0x10(%rsp),%rcx
  559f6e:	48 89 41 18          	mov    %rax,0x18(%rcx)
  559f72:	0f 28 44 24 40       	movaps 0x40(%rsp),%xmm0
  559f77:	0f 11 41 08          	movups %xmm0,0x8(%rcx)
  559f7b:	c6 01 06             	movb   $0x6,(%rcx)
  559f7e:	48 8d bc 24 d0 03 00 	lea    0x3d0(%rsp),%rdi
  559f85:	00 
  559f86:	e9 0b ff ff ff       	jmp    559e96 <fe2o3_kfd::engineering_gfx950::peer::combined_mlp_state_v1::tests::native::paired::interleaved::interleaved_exercise+0x4d96>
  559f8b:	48 8b 44 24 50       	mov    0x50(%rsp),%rax
  559f90:	48 8b 4c 24 10       	mov    0x10(%rsp),%rcx
  559f95:	48 89 41 18          	mov    %rax,0x18(%rcx)
  559f99:	0f 28 44 24 40       	movaps 0x40(%rsp),%xmm0
  559f9e:	0f 11 41 08          	movups %xmm0,0x8(%rcx)
  559fa2:	c6 01 06             	movb   $0x6,(%rcx)
  559fa5:	48 8d bc 24 d0 03 00 	lea    0x3d0(%rsp),%rdi
  559fac:	00 
  559fad:	e8 3e a5 fd ff       	call   5344f0 <core::ptr::drop_in_place::<alloc::vec::Vec<u8>>>
  559fb2:	eb 56                	jmp    55a00a <fe2o3_kfd::engineering_gfx950::peer::combined_mlp_state_v1::tests::native::paired::interleaved::interleaved_exercise+0x4f0a>
  559fb4:	48 8b 84 24 e0 03 00 	mov    0x3e0(%rsp),%rax
  559fbb:	00 
  559fbc:	48 8b 4c 24 10       	mov    0x10(%rsp),%rcx
  559fc1:	48 89 41 18          	mov    %rax,0x18(%rcx)
  559fc5:	0f 28 84 24 d0 03 00 	movaps 0x3d0(%rsp),%xmm0
  559fcc:	00 
  559fcd:	0f 11 41 08          	movups %xmm0,0x8(%rcx)
  559fd1:	c6 01 06             	movb   $0x6,(%rcx)
  559fd4:	eb 27                	jmp    559ffd <fe2o3_kfd::engineering_gfx950::peer::combined_mlp_state_v1::tests::native::paired::interleaved::interleaved_exercise+0x4efd>
  559fd6:	48 8b 44 24 50       	mov    0x50(%rsp),%rax
  559fdb:	48 8b 4c 24 10       	mov    0x10(%rsp),%rcx
  559fe0:	48 89 41 18          	mov    %rax,0x18(%rcx)
  559fe4:	0f 28 44 24 40       	movaps 0x40(%rsp),%xmm0
  559fe9:	0f 11 41 08          	movups %xmm0,0x8(%rcx)
  559fed:	c6 01 06             	movb   $0x6,(%rcx)
  559ff0:	48 8d bc 24 d0 03 00 	lea    0x3d0(%rsp),%rdi
  559ff7:	00 
  559ff8:	e8 f3 a4 fd ff       	call   5344f0 <core::ptr::drop_in_place::<alloc::vec::Vec<u8>>>
  559ffd:	48 8d bc 24 60 02 00 	lea    0x260(%rsp),%rdi
  55a004:	00 
  55a005:	e8 36 aa fd ff       	call   534a40 <core::ptr::drop_in_place::<alloc::string::String>>
  55a00a:	48 8d bc 24 40 02 00 	lea    0x240(%rsp),%rdi
  55a011:	00 
  55a012:	e8 29 aa fd ff       	call   534a40 <core::ptr::drop_in_place::<alloc::string::String>>
  55a017:	e9 7f fe ff ff       	jmp    559e9b <fe2o3_kfd::engineering_gfx950::peer::combined_mlp_state_v1::tests::native::paired::interleaved::interleaved_exercise+0x4d9b>
  55a01c:	48 8b 84 24 88 09 00 	mov    0x988(%rsp),%rax
  55a023:	00 
  55a024:	48 89 84 24 f0 22 00 	mov    %rax,0x22f0(%rsp)
  55a02b:	00 
  55a02c:	48 8d 3d 94 c7 c8 ff 	lea    -0x37386c(%rip),%rdi        # 1e67c7 <anon.8b450354eb9abf3bd4876638ac5342ab.210.llvm.14258636651103868718>
  55a033:	48 8d 0d 4e 0f 30 00 	lea    0x300f4e(%rip),%rcx        # 85af88 <anon.8b450354eb9abf3bd4876638ac5342ab.209.llvm.14258636651103868718+0x40>
  55a03a:	4c 8d 05 c7 1c 30 00 	lea    0x301cc7(%rip),%r8        # 85bd08 <anon.8b450354eb9abf3bd4876638ac5342ab.389.llvm.14258636651103868718+0x1b0>
  55a041:	48 8d 94 24 f0 22 00 	lea    0x22f0(%rsp),%rdx
  55a048:	00 
  55a049:	be 2b 00 00 00       	mov    $0x2b,%esi
  55a04e:	ff 15 7c 19 35 00    	call   *0x35197c(%rip)        # 8ab9d0 <_DYNAMIC+0x400>
  55a054:	e9 2b 06 00 00       	jmp    55a684 <fe2o3_kfd::engineering_gfx950::peer::combined_mlp_state_v1::tests::native::paired::interleaved::interleaved_exercise+0x5584>
  55a059:	48 8b 84 24 88 09 00 	mov    0x988(%rsp),%rax
  55a060:	00 
  55a061:	48 89 84 24 f0 22 00 	mov    %rax,0x22f0(%rsp)
  55a068:	00 
  55a069:	48 8d 3d 57 c7 c8 ff 	lea    -0x3738a9(%rip),%rdi        # 1e67c7 <anon.8b450354eb9abf3bd4876638ac5342ab.210.llvm.14258636651103868718>
  55a070:	48 8d 0d 11 0f 30 00 	lea    0x300f11(%rip),%rcx        # 85af88 <anon.8b450354eb9abf3bd4876638ac5342ab.209.llvm.14258636651103868718+0x40>
  55a077:	4c 8d 05 8a 1c 30 00 	lea    0x301c8a(%rip),%r8        # 85bd08 <anon.8b450354eb9abf3bd4876638ac5342ab.389.llvm.14258636651103868718+0x1b0>
  55a07e:	48 8d 94 24 f0 22 00 	lea    0x22f0(%rsp),%rdx
  55a085:	00 
  55a086:	be 2b 00 00 00       	mov    $0x2b,%esi
  55a08b:	ff 15 3f 19 35 00    	call   *0x35193f(%rip)        # 8ab9d0 <_DYNAMIC+0x400>
  55a091:	e9 ee 05 00 00       	jmp    55a684 <fe2o3_kfd::engineering_gfx950::peer::combined_mlp_state_v1::tests::native::paired::interleaved::interleaved_exercise+0x5584>
  55a096:	48 8d 0d 9b 1c 30 00 	lea    0x301c9b(%rip),%rcx        # 85bd38 <anon.8b450354eb9abf3bd4876638ac5342ab.389.llvm.14258636651103868718+0x1e0>
  55a09d:	48 8b bc 24 50 01 00 	mov    0x150(%rsp),%rdi
  55a0a4:	00 
  55a0a5:	ff 15 85 17 35 00    	call   *0x351785(%rip)        # 8ab830 <_DYNAMIC+0x260>
  55a0ab:	e9 d4 05 00 00       	jmp    55a684 <fe2o3_kfd::engineering_gfx950::peer::combined_mlp_state_v1::tests::native::paired::interleaved::interleaved_exercise+0x5584>
  55a0b0:	48 8b 84 24 88 09 00 	mov    0x988(%rsp),%rax
  55a0b7:	00 
  55a0b8:	48 89 84 24 f0 22 00 	mov    %rax,0x22f0(%rsp)
  55a0bf:	00 
  55a0c0:	48 8d 3d 00 c7 c8 ff 	lea    -0x373900(%rip),%rdi        # 1e67c7 <anon.8b450354eb9abf3bd4876638ac5342ab.210.llvm.14258636651103868718>
  55a0c7:	48 8d 0d ba 0e 30 00 	lea    0x300eba(%rip),%rcx        # 85af88 <anon.8b450354eb9abf3bd4876638ac5342ab.209.llvm.14258636651103868718+0x40>
  55a0ce:	4c 8d 05 63 1b 30 00 	lea    0x301b63(%rip),%r8        # 85bc38 <anon.8b450354eb9abf3bd4876638ac5342ab.389.llvm.14258636651103868718+0xe0>
  55a0d5:	48 8d 94 24 f0 22 00 	lea    0x22f0(%rsp),%rdx
  55a0dc:	00 
  55a0dd:	be 2b 00 00 00       	mov    $0x2b,%esi
  55a0e2:	ff 15 e8 18 35 00    	call   *0x3518e8(%rip)        # 8ab9d0 <_DYNAMIC+0x400>
  55a0e8:	e9 97 05 00 00       	jmp    55a684 <fe2o3_kfd::engineering_gfx950::peer::combined_mlp_state_v1::tests::native::paired::interleaved::interleaved_exercise+0x5584>
  55a0ed:	48 8b 84 24 88 09 00 	mov    0x988(%rsp),%rax
  55a0f4:	00 
  55a0f5:	48 89 84 24 f0 22 00 	mov    %rax,0x22f0(%rsp)
  55a0fc:	00 
  55a0fd:	48 8d 3d c3 c6 c8 ff 	lea    -0x37393d(%rip),%rdi        # 1e67c7 <anon.8b450354eb9abf3bd4876638ac5342ab.210.llvm.14258636651103868718>
  55a104:	48 8d 0d 7d 0e 30 00 	lea    0x300e7d(%rip),%rcx        # 85af88 <anon.8b450354eb9abf3bd4876638ac5342ab.209.llvm.14258636651103868718+0x40>
  55a10b:	4c 8d 05 26 1b 30 00 	lea    0x301b26(%rip),%r8        # 85bc38 <anon.8b450354eb9abf3bd4876638ac5342ab.389.llvm.14258636651103868718+0xe0>
  55a112:	48 8d 94 24 f0 22 00 	lea    0x22f0(%rsp),%rdx
  55a119:	00 
  55a11a:	be 2b 00 00 00       	mov    $0x2b,%esi
  55a11f:	ff 15 ab 18 35 00    	call   *0x3518ab(%rip)        # 8ab9d0 <_DYNAMIC+0x400>
  55a125:	e9 5a 05 00 00       	jmp    55a684 <fe2o3_kfd::engineering_gfx950::peer::combined_mlp_state_v1::tests::native::paired::interleaved::interleaved_exercise+0x5584>
  55a12a:	48 8b 84 24 88 09 00 	mov    0x988(%rsp),%rax
  55a131:	00 
  55a132:	48 89 84 24 f0 22 00 	mov    %rax,0x22f0(%rsp)
  55a139:	00 
  55a13a:	48 8d 3d 86 c6 c8 ff 	lea    -0x37397a(%rip),%rdi        # 1e67c7 <anon.8b450354eb9abf3bd4876638ac5342ab.210.llvm.14258636651103868718>
  55a141:	48 8d 0d 40 0e 30 00 	lea    0x300e40(%rip),%rcx        # 85af88 <anon.8b450354eb9abf3bd4876638ac5342ab.209.llvm.14258636651103868718+0x40>
  55a148:	4c 8d 05 e9 1a 30 00 	lea    0x301ae9(%rip),%r8        # 85bc38 <anon.8b450354eb9abf3bd4876638ac5342ab.389.llvm.14258636651103868718+0xe0>
  55a14f:	48 8d 94 24 f0 22 00 	lea    0x22f0(%rsp),%rdx
  55a156:	00 
  55a157:	be 2b 00 00 00       	mov    $0x2b,%esi
  55a15c:	ff 15 6e 18 35 00    	call   *0x35186e(%rip)        # 8ab9d0 <_DYNAMIC+0x400>
  55a162:	e9 1d 05 00 00       	jmp    55a684 <fe2o3_kfd::engineering_gfx950::peer::combined_mlp_state_v1::tests::native::paired::interleaved::interleaved_exercise+0x5584>
  55a167:	48 8d 05 b2 1b 30 00 	lea    0x301bb2(%rip),%rax        # 85bd20 <anon.8b450354eb9abf3bd4876638ac5342ab.389.llvm.14258636651103868718+0x1c8>
  55a16e:	be 0a 00 00 00       	mov    $0xa,%esi
  55a173:	48 89 d7             	mov    %rdx,%rdi
  55a176:	48 89 c2             	mov    %rax,%rdx
  55a179:	ff 15 c1 16 35 00    	call   *0x3516c1(%rip)        # 8ab840 <_DYNAMIC+0x270>
  55a17f:	e9 00 05 00 00       	jmp    55a684 <fe2o3_kfd::engineering_gfx950::peer::combined_mlp_state_v1::tests::native::paired::interleaved::interleaved_exercise+0x5584>
  55a184:	48 8b 84 24 98 09 00 	mov    0x998(%rsp),%rax
  55a18b:	00 
  55a18c:	48 89 84 24 07 23 00 	mov    %rax,0x2307(%rsp)
  55a193:	00 
  55a194:	0f 10 84 24 88 09 00 	movups 0x988(%rsp),%xmm0
  55a19b:	00 
  55a19c:	0f 11 84 24 f7 22 00 	movups %xmm0,0x22f7(%rsp)
  55a1a3:	00 
  55a1a4:	48 8b 4c 24 10       	mov    0x10(%rsp),%rcx
  55a1a9:	48 89 41 18          	mov    %rax,0x18(%rcx)
  55a1ad:	e9 21 fd ff ff       	jmp    559ed3 <fe2o3_kfd::engineering_gfx950::peer::combined_mlp_state_v1::tests::native::paired::interleaved::interleaved_exercise+0x4dd3>
  55a1b2:	48 8b 84 24 98 09 00 	mov    0x998(%rsp),%rax
  55a1b9:	00 
  55a1ba:	48 89 84 24 07 23 00 	mov    %rax,0x2307(%rsp)
  55a1c1:	00 
  55a1c2:	0f 10 84 24 88 09 00 	movups 0x988(%rsp),%xmm0
  55a1c9:	00 
  55a1ca:	0f 11 84 24 f7 22 00 	movups %xmm0,0x22f7(%rsp)
  55a1d1:	00 
  55a1d2:	48 8b 4c 24 10       	mov    0x10(%rsp),%rcx
  55a1d7:	48 89 41 18          	mov    %rax,0x18(%rcx)
  55a1db:	0f 11 41 08          	movups %xmm0,0x8(%rcx)
  55a1df:	c6 01 06             	movb   $0x6,(%rcx)
  55a1e2:	48 8d 7c 24 70       	lea    0x70(%rsp),%rdi
  55a1e7:	e8 84 af fd ff       	call   535170 <core::ptr::drop_in_place::<serde_json::value::Value>>
  55a1ec:	e9 b7 fc ff ff       	jmp    559ea8 <fe2o3_kfd::engineering_gfx950::peer::combined_mlp_state_v1::tests::native::paired::interleaved::interleaved_exercise+0x4da8>
  55a1f1:	48 8b 84 24 88 09 00 	mov    0x988(%rsp),%rax
  55a1f8:	00 
  55a1f9:	48 89 84 24 f0 22 00 	mov    %rax,0x22f0(%rsp)
  55a200:	00 
  55a201:	48 8d 3d bf c5 c8 ff 	lea    -0x373a41(%rip),%rdi        # 1e67c7 <anon.8b450354eb9abf3bd4876638ac5342ab.210.llvm.14258636651103868718>
  55a208:	48 8d 0d 79 0d 30 00 	lea    0x300d79(%rip),%rcx        # 85af88 <anon.8b450354eb9abf3bd4876638ac5342ab.209.llvm.14258636651103868718+0x40>
  55a20f:	4c 8d 05 da 1a 30 00 	lea    0x301ada(%rip),%r8        # 85bcf0 <anon.8b450354eb9abf3bd4876638ac5342ab.389.llvm.14258636651103868718+0x198>
  55a216:	48 8d 94 24 f0 22 00 	lea    0x22f0(%rsp),%rdx
  55a21d:	00 
  55a21e:	be 2b 00 00 00       	mov    $0x2b,%esi
  55a223:	ff 15 a7 17 35 00    	call   *0x3517a7(%rip)        # 8ab9d0 <_DYNAMIC+0x400>
  55a229:	e9 56 04 00 00       	jmp    55a684 <fe2o3_kfd::engineering_gfx950::peer::combined_mlp_state_v1::tests::native::paired::interleaved::interleaved_exercise+0x5584>
  55a22e:	48 8b 84 24 f8 22 00 	mov    0x22f8(%rsp),%rax
  55a235:	00 
  55a236:	48 89 84 24 80 09 00 	mov    %rax,0x980(%rsp)
  55a23d:	00 
  55a23e:	48 8d 3d 82 c5 c8 ff 	lea    -0x373a7e(%rip),%rdi        # 1e67c7 <anon.8b450354eb9abf3bd4876638ac5342ab.210.llvm.14258636651103868718>
  55a245:	48 8d 0d 3c 0d 30 00 	lea    0x300d3c(%rip),%rcx        # 85af88 <anon.8b450354eb9abf3bd4876638ac5342ab.209.llvm.14258636651103868718+0x40>
  55a24c:	4c 8d 05 9d 1a 30 00 	lea    0x301a9d(%rip),%r8        # 85bcf0 <anon.8b450354eb9abf3bd4876638ac5342ab.389.llvm.14258636651103868718+0x198>
  55a253:	48 8d 94 24 80 09 00 	lea    0x980(%rsp),%rdx
  55a25a:	00 
  55a25b:	be 2b 00 00 00       	mov    $0x2b,%esi
  55a260:	ff 15 6a 17 35 00    	call   *0x35176a(%rip)        # 8ab9d0 <_DYNAMIC+0x400>
  55a266:	e9 19 04 00 00       	jmp    55a684 <fe2o3_kfd::engineering_gfx950::peer::combined_mlp_state_v1::tests::native::paired::interleaved::interleaved_exercise+0x5584>
  55a26b:	48 8b 84 24 88 09 00 	mov    0x988(%rsp),%rax
  55a272:	00 
  55a273:	48 89 84 24 f0 22 00 	mov    %rax,0x22f0(%rsp)
  55a27a:	00 
  55a27b:	48 8d 3d 45 c5 c8 ff 	lea    -0x373abb(%rip),%rdi        # 1e67c7 <anon.8b450354eb9abf3bd4876638ac5342ab.210.llvm.14258636651103868718>
  55a282:	48 8d 0d ff 0c 30 00 	lea    0x300cff(%rip),%rcx        # 85af88 <anon.8b450354eb9abf3bd4876638ac5342ab.209.llvm.14258636651103868718+0x40>
  55a289:	4c 8d 05 60 1a 30 00 	lea    0x301a60(%rip),%r8        # 85bcf0 <anon.8b450354eb9abf3bd4876638ac5342ab.389.llvm.14258636651103868718+0x198>
  55a290:	48 8d 94 24 f0 22 00 	lea    0x22f0(%rsp),%rdx
  55a297:	00 
  55a298:	be 2b 00 00 00       	mov    $0x2b,%esi
  55a29d:	ff 15 2d 17 35 00    	call   *0x35172d(%rip)        # 8ab9d0 <_DYNAMIC+0x400>
  55a2a3:	e9 dc 03 00 00       	jmp    55a684 <fe2o3_kfd::engineering_gfx950::peer::combined_mlp_state_v1::tests::native::paired::interleaved::interleaved_exercise+0x5584>
  55a2a8:	48 8b 84 24 f8 22 00 	mov    0x22f8(%rsp),%rax
  55a2af:	00 
  55a2b0:	48 89 84 24 80 09 00 	mov    %rax,0x980(%rsp)
  55a2b7:	00 
  55a2b8:	48 8d 3d 08 c5 c8 ff 	lea    -0x373af8(%rip),%rdi        # 1e67c7 <anon.8b450354eb9abf3bd4876638ac5342ab.210.llvm.14258636651103868718>
  55a2bf:	48 8d 0d c2 0c 30 00 	lea    0x300cc2(%rip),%rcx        # 85af88 <anon.8b450354eb9abf3bd4876638ac5342ab.209.llvm.14258636651103868718+0x40>
  55a2c6:	4c 8d 05 23 1a 30 00 	lea    0x301a23(%rip),%r8        # 85bcf0 <anon.8b450354eb9abf3bd4876638ac5342ab.389.llvm.14258636651103868718+0x198>
  55a2cd:	48 8d 94 24 80 09 00 	lea    0x980(%rsp),%rdx
  55a2d4:	00 
  55a2d5:	be 2b 00 00 00       	mov    $0x2b,%esi
  55a2da:	ff 15 f0 16 35 00    	call   *0x3516f0(%rip)        # 8ab9d0 <_DYNAMIC+0x400>
  55a2e0:	e9 9f 03 00 00       	jmp    55a684 <fe2o3_kfd::engineering_gfx950::peer::combined_mlp_state_v1::tests::native::paired::interleaved::interleaved_exercise+0x5584>
  55a2e5:	48 8b 84 24 88 09 00 	mov    0x988(%rsp),%rax
  55a2ec:	00 
  55a2ed:	48 89 84 24 f0 22 00 	mov    %rax,0x22f0(%rsp)
  55a2f4:	00 
  55a2f5:	48 8d 3d cb c4 c8 ff 	lea    -0x373b35(%rip),%rdi        # 1e67c7 <anon.8b450354eb9abf3bd4876638ac5342ab.210.llvm.14258636651103868718>
  55a2fc:	48 8d 0d 85 0c 30 00 	lea    0x300c85(%rip),%rcx        # 85af88 <anon.8b450354eb9abf3bd4876638ac5342ab.209.llvm.14258636651103868718+0x40>
  55a303:	4c 8d 05 e6 19 30 00 	lea    0x3019e6(%rip),%r8        # 85bcf0 <anon.8b450354eb9abf3bd4876638ac5342ab.389.llvm.14258636651103868718+0x198>
  55a30a:	48 8d 94 24 f0 22 00 	lea    0x22f0(%rsp),%rdx
  55a311:	00 
  55a312:	be 2b 00 00 00       	mov    $0x2b,%esi
  55a317:	ff 15 b3 16 35 00    	call   *0x3516b3(%rip)        # 8ab9d0 <_DYNAMIC+0x400>
  55a31d:	e9 62 03 00 00       	jmp    55a684 <fe2o3_kfd::engineering_gfx950::peer::combined_mlp_state_v1::tests::native::paired::interleaved::interleaved_exercise+0x5584>
  55a322:	48 8b 84 24 f8 22 00 	mov    0x22f8(%rsp),%rax
  55a329:	00 
  55a32a:	48 89 84 24 80 09 00 	mov    %rax,0x980(%rsp)
  55a331:	00 
  55a332:	48 8d 3d 8e c4 c8 ff 	lea    -0x373b72(%rip),%rdi        # 1e67c7 <anon.8b450354eb9abf3bd4876638ac5342ab.210.llvm.14258636651103868718>
  55a339:	48 8d 0d 48 0c 30 00 	lea    0x300c48(%rip),%rcx        # 85af88 <anon.8b450354eb9abf3bd4876638ac5342ab.209.llvm.14258636651103868718+0x40>
  55a340:	4c 8d 05 a9 19 30 00 	lea    0x3019a9(%rip),%r8        # 85bcf0 <anon.8b450354eb9abf3bd4876638ac5342ab.389.llvm.14258636651103868718+0x198>
  55a347:	48 8d 94 24 80 09 00 	lea    0x980(%rsp),%rdx
  55a34e:	00 
  55a34f:	be 2b 00 00 00       	mov    $0x2b,%esi
  55a354:	ff 15 76 16 35 00    	call   *0x351676(%rip)        # 8ab9d0 <_DYNAMIC+0x400>
  55a35a:	e9 25 03 00 00       	jmp    55a684 <fe2o3_kfd::engineering_gfx950::peer::combined_mlp_state_v1::tests::native::paired::interleaved::interleaved_exercise+0x5584>
  55a35f:	48 8b 84 24 88 09 00 	mov    0x988(%rsp),%rax
  55a366:	00 
  55a367:	48 89 84 24 f0 22 00 	mov    %rax,0x22f0(%rsp)
  55a36e:	00 
  55a36f:	48 8d 3d 51 c4 c8 ff 	lea    -0x373baf(%rip),%rdi        # 1e67c7 <anon.8b450354eb9abf3bd4876638ac5342ab.210.llvm.14258636651103868718>
  55a376:	48 8d 0d 0b 0c 30 00 	lea    0x300c0b(%rip),%rcx        # 85af88 <anon.8b450354eb9abf3bd4876638ac5342ab.209.llvm.14258636651103868718+0x40>
  55a37d:	4c 8d 05 6c 19 30 00 	lea    0x30196c(%rip),%r8        # 85bcf0 <anon.8b450354eb9abf3bd4876638ac5342ab.389.llvm.14258636651103868718+0x198>
  55a384:	48 8d 94 24 f0 22 00 	lea    0x22f0(%rsp),%rdx
  55a38b:	00 
  55a38c:	be 2b 00 00 00       	mov    $0x2b,%esi
  55a391:	ff 15 39 16 35 00    	call   *0x351639(%rip)        # 8ab9d0 <_DYNAMIC+0x400>
  55a397:	e9 e8 02 00 00       	jmp    55a684 <fe2o3_kfd::engineering_gfx950::peer::combined_mlp_state_v1::tests::native::paired::interleaved::interleaved_exercise+0x5584>
  55a39c:	48 8b 84 24 88 09 00 	mov    0x988(%rsp),%rax
  55a3a3:	00 
  55a3a4:	48 89 84 24 f0 22 00 	mov    %rax,0x22f0(%rsp)
  55a3ab:	00 
  55a3ac:	48 8d 3d 14 c4 c8 ff 	lea    -0x373bec(%rip),%rdi        # 1e67c7 <anon.8b450354eb9abf3bd4876638ac5342ab.210.llvm.14258636651103868718>
  55a3b3:	48 8d 0d ce 0b 30 00 	lea    0x300bce(%rip),%rcx        # 85af88 <anon.8b450354eb9abf3bd4876638ac5342ab.209.llvm.14258636651103868718+0x40>
  55a3ba:	4c 8d 05 2f 19 30 00 	lea    0x30192f(%rip),%r8        # 85bcf0 <anon.8b450354eb9abf3bd4876638ac5342ab.389.llvm.14258636651103868718+0x198>
  55a3c1:	48 8d 94 24 f0 22 00 	lea    0x22f0(%rsp),%rdx
  55a3c8:	00 
  55a3c9:	be 2b 00 00 00       	mov    $0x2b,%esi
  55a3ce:	ff 15 fc 15 35 00    	call   *0x3515fc(%rip)        # 8ab9d0 <_DYNAMIC+0x400>
  55a3d4:	e9 ab 02 00 00       	jmp    55a684 <fe2o3_kfd::engineering_gfx950::peer::combined_mlp_state_v1::tests::native::paired::interleaved::interleaved_exercise+0x5584>
  55a3d9:	48 8b 84 24 88 09 00 	mov    0x988(%rsp),%rax
  55a3e0:	00 
  55a3e1:	48 89 84 24 f0 22 00 	mov    %rax,0x22f0(%rsp)
  55a3e8:	00 
  55a3e9:	48 8d 3d d7 c3 c8 ff 	lea    -0x373c29(%rip),%rdi        # 1e67c7 <anon.8b450354eb9abf3bd4876638ac5342ab.210.llvm.14258636651103868718>
  55a3f0:	48 8d 0d 91 0b 30 00 	lea    0x300b91(%rip),%rcx        # 85af88 <anon.8b450354eb9abf3bd4876638ac5342ab.209.llvm.14258636651103868718+0x40>
  55a3f7:	4c 8d 05 f2 18 30 00 	lea    0x3018f2(%rip),%r8        # 85bcf0 <anon.8b450354eb9abf3bd4876638ac5342ab.389.llvm.14258636651103868718+0x198>
  55a3fe:	48 8d 94 24 f0 22 00 	lea    0x22f0(%rsp),%rdx
  55a405:	00 
  55a406:	be 2b 00 00 00       	mov    $0x2b,%esi
  55a40b:	ff 15 bf 15 35 00    	call   *0x3515bf(%rip)        # 8ab9d0 <_DYNAMIC+0x400>
  55a411:	e9 6e 02 00 00       	jmp    55a684 <fe2o3_kfd::engineering_gfx950::peer::combined_mlp_state_v1::tests::native::paired::interleaved::interleaved_exercise+0x5584>
  55a416:	48 8d 3d db 17 30 00 	lea    0x3017db(%rip),%rdi        # 85bbf8 <anon.8b450354eb9abf3bd4876638ac5342ab.389.llvm.14258636651103868718+0xa0>
  55a41d:	ff 15 b5 15 35 00    	call   *0x3515b5(%rip)        # 8ab9d8 <_DYNAMIC+0x408>
  55a423:	e9 5c 02 00 00       	jmp    55a684 <fe2o3_kfd::engineering_gfx950::peer::combined_mlp_state_v1::tests::native::paired::interleaved::interleaved_exercise+0x5584>
  55a428:	48 8d 3d e1 17 30 00 	lea    0x3017e1(%rip),%rdi        # 85bc10 <anon.8b450354eb9abf3bd4876638ac5342ab.389.llvm.14258636651103868718+0xb8>
  55a42f:	ff 15 03 14 35 00    	call   *0x351403(%rip)        # 8ab838 <_DYNAMIC+0x268>
  55a435:	e9 4a 02 00 00       	jmp    55a684 <fe2o3_kfd::engineering_gfx950::peer::combined_mlp_state_v1::tests::native::paired::interleaved::interleaved_exercise+0x5584>
  55a43a:	48 8d 3d 0f 18 30 00 	lea    0x30180f(%rip),%rdi        # 85bc50 <anon.8b450354eb9abf3bd4876638ac5342ab.389.llvm.14258636651103868718+0xf8>
  55a441:	ff 15 91 15 35 00    	call   *0x351591(%rip)        # 8ab9d8 <_DYNAMIC+0x408>
  55a447:	e9 38 02 00 00       	jmp    55a684 <fe2o3_kfd::engineering_gfx950::peer::combined_mlp_state_v1::tests::native::paired::interleaved::interleaved_exercise+0x5584>
  55a44c:	48 8d 05 2d 18 30 00 	lea    0x30182d(%rip),%rax        # 85bc80 <anon.8b450354eb9abf3bd4876638ac5342ab.389.llvm.14258636651103868718+0x128>
  55a453:	48 89 84 24 e8 01 00 	mov    %rax,0x1e8(%rsp)
  55a45a:	00 
  55a45b:	48 8b bc 24 e0 00 00 	mov    0xe0(%rsp),%rdi
  55a462:	00 
  55a463:	48 8b 94 24 e8 01 00 	mov    0x1e8(%rsp),%rdx
  55a46a:	00 
  55a46b:	ff 15 cf 13 35 00    	call   *0x3513cf(%rip)        # 8ab840 <_DYNAMIC+0x270>
  55a471:	e9 0e 02 00 00       	jmp    55a684 <fe2o3_kfd::engineering_gfx950::peer::combined_mlp_state_v1::tests::native::paired::interleaved::interleaved_exercise+0x5584>
  55a476:	48 8d 3d 1b 18 30 00 	lea    0x30181b(%rip),%rdi        # 85bc98 <anon.8b450354eb9abf3bd4876638ac5342ab.389.llvm.14258636651103868718+0x140>
  55a47d:	ff 15 b5 13 35 00    	call   *0x3513b5(%rip)        # 8ab838 <_DYNAMIC+0x268>
  55a483:	e9 fc 01 00 00       	jmp    55a684 <fe2o3_kfd::engineering_gfx950::peer::combined_mlp_state_v1::tests::native::paired::interleaved::interleaved_exercise+0x5584>
  55a488:	48 8d 15 21 18 30 00 	lea    0x301821(%rip),%rdx        # 85bcb0 <anon.8b450354eb9abf3bd4876638ac5342ab.389.llvm.14258636651103868718+0x158>
  55a48f:	be 04 00 00 00       	mov    $0x4,%esi
  55a494:	48 8b bc 24 e0 00 00 	mov    0xe0(%rsp),%rdi
  55a49b:	00 
  55a49c:	ff 15 9e 13 35 00    	call   *0x35139e(%rip)        # 8ab840 <_DYNAMIC+0x270>
  55a4a2:	e9 dd 01 00 00       	jmp    55a684 <fe2o3_kfd::engineering_gfx950::peer::combined_mlp_state_v1::tests::native::paired::interleaved::interleaved_exercise+0x5584>
  55a4a7:	48 8b 84 24 88 09 00 	mov    0x988(%rsp),%rax
  55a4ae:	00 
  55a4af:	48 89 84 24 f0 22 00 	mov    %rax,0x22f0(%rsp)
  55a4b6:	00 
  55a4b7:	48 8d 3d 09 c3 c8 ff 	lea    -0x373cf7(%rip),%rdi        # 1e67c7 <anon.8b450354eb9abf3bd4876638ac5342ab.210.llvm.14258636651103868718>
  55a4be:	48 8d 0d c3 0a 30 00 	lea    0x300ac3(%rip),%rcx        # 85af88 <anon.8b450354eb9abf3bd4876638ac5342ab.209.llvm.14258636651103868718+0x40>
  55a4c5:	4c 8d 05 0c 18 30 00 	lea    0x30180c(%rip),%r8        # 85bcd8 <anon.8b450354eb9abf3bd4876638ac5342ab.389.llvm.14258636651103868718+0x180>
  55a4cc:	48 8d 94 24 f0 22 00 	lea    0x22f0(%rsp),%rdx
  55a4d3:	00 
  55a4d4:	be 2b 00 00 00       	mov    $0x2b,%esi
  55a4d9:	ff 15 f1 14 35 00    	call   *0x3514f1(%rip)        # 8ab9d0 <_DYNAMIC+0x400>
  55a4df:	e9 a0 01 00 00       	jmp    55a684 <fe2o3_kfd::engineering_gfx950::peer::combined_mlp_state_v1::tests::native::paired::interleaved::interleaved_exercise+0x5584>
  55a4e4:	48 8b 84 24 88 09 00 	mov    0x988(%rsp),%rax
  55a4eb:	00 
  55a4ec:	48 89 84 24 f0 22 00 	mov    %rax,0x22f0(%rsp)
  55a4f3:	00 
  55a4f4:	48 8d 3d cc c2 c8 ff 	lea    -0x373d34(%rip),%rdi        # 1e67c7 <anon.8b450354eb9abf3bd4876638ac5342ab.210.llvm.14258636651103868718>
  55a4fb:	48 8d 0d 86 0a 30 00 	lea    0x300a86(%rip),%rcx        # 85af88 <anon.8b450354eb9abf3bd4876638ac5342ab.209.llvm.14258636651103868718+0x40>
  55a502:	4c 8d 05 cf 17 30 00 	lea    0x3017cf(%rip),%r8        # 85bcd8 <anon.8b450354eb9abf3bd4876638ac5342ab.389.llvm.14258636651103868718+0x180>
  55a509:	48 8d 94 24 f0 22 00 	lea    0x22f0(%rsp),%rdx
  55a510:	00 
  55a511:	be 2b 00 00 00       	mov    $0x2b,%esi
  55a516:	ff 15 b4 14 35 00    	call   *0x3514b4(%rip)        # 8ab9d0 <_DYNAMIC+0x400>
  55a51c:	e9 63 01 00 00       	jmp    55a684 <fe2o3_kfd::engineering_gfx950::peer::combined_mlp_state_v1::tests::native::paired::interleaved::interleaved_exercise+0x5584>
  55a521:	48 8b 84 24 88 09 00 	mov    0x988(%rsp),%rax
  55a528:	00 
  55a529:	48 89 84 24 f0 22 00 	mov    %rax,0x22f0(%rsp)
  55a530:	00 
  55a531:	48 8d 3d 8f c2 c8 ff 	lea    -0x373d71(%rip),%rdi        # 1e67c7 <anon.8b450354eb9abf3bd4876638ac5342ab.210.llvm.14258636651103868718>
  55a538:	48 8d 0d 49 0a 30 00 	lea    0x300a49(%rip),%rcx        # 85af88 <anon.8b450354eb9abf3bd4876638ac5342ab.209.llvm.14258636651103868718+0x40>
  55a53f:	4c 8d 05 92 17 30 00 	lea    0x301792(%rip),%r8        # 85bcd8 <anon.8b450354eb9abf3bd4876638ac5342ab.389.llvm.14258636651103868718+0x180>
  55a546:	48 8d 94 24 f0 22 00 	lea    0x22f0(%rsp),%rdx
  55a54d:	00 
  55a54e:	be 2b 00 00 00       	mov    $0x2b,%esi
  55a553:	ff 15 77 14 35 00    	call   *0x351477(%rip)        # 8ab9d0 <_DYNAMIC+0x400>
  55a559:	e9 26 01 00 00       	jmp    55a684 <fe2o3_kfd::engineering_gfx950::peer::combined_mlp_state_v1::tests::native::paired::interleaved::interleaved_exercise+0x5584>
  55a55e:	48 8b 84 24 88 09 00 	mov    0x988(%rsp),%rax
  55a565:	00 
  55a566:	48 89 84 24 f0 22 00 	mov    %rax,0x22f0(%rsp)
  55a56d:	00 
  55a56e:	48 8d 3d 52 c2 c8 ff 	lea    -0x373dae(%rip),%rdi        # 1e67c7 <anon.8b450354eb9abf3bd4876638ac5342ab.210.llvm.14258636651103868718>
  55a575:	48 8d 0d 0c 0a 30 00 	lea    0x300a0c(%rip),%rcx        # 85af88 <anon.8b450354eb9abf3bd4876638ac5342ab.209.llvm.14258636651103868718+0x40>
  55a57c:	4c 8d 05 55 17 30 00 	lea    0x301755(%rip),%r8        # 85bcd8 <anon.8b450354eb9abf3bd4876638ac5342ab.389.llvm.14258636651103868718+0x180>
  55a583:	48 8d 94 24 f0 22 00 	lea    0x22f0(%rsp),%rdx
  55a58a:	00 
  55a58b:	be 2b 00 00 00       	mov    $0x2b,%esi
  55a590:	ff 15 3a 14 35 00    	call   *0x35143a(%rip)        # 8ab9d0 <_DYNAMIC+0x400>
  55a596:	e9 e9 00 00 00       	jmp    55a684 <fe2o3_kfd::engineering_gfx950::peer::combined_mlp_state_v1::tests::native::paired::interleaved::interleaved_exercise+0x5584>
  55a59b:	48 8b 84 24 88 09 00 	mov    0x988(%rsp),%rax
  55a5a2:	00 
  55a5a3:	48 89 84 24 f0 22 00 	mov    %rax,0x22f0(%rsp)
  55a5aa:	00 
  55a5ab:	48 8d 3d 15 c2 c8 ff 	lea    -0x373deb(%rip),%rdi        # 1e67c7 <anon.8b450354eb9abf3bd4876638ac5342ab.210.llvm.14258636651103868718>
  55a5b2:	48 8d 0d cf 09 30 00 	lea    0x3009cf(%rip),%rcx        # 85af88 <anon.8b450354eb9abf3bd4876638ac5342ab.209.llvm.14258636651103868718+0x40>
  55a5b9:	4c 8d 05 18 17 30 00 	lea    0x301718(%rip),%r8        # 85bcd8 <anon.8b450354eb9abf3bd4876638ac5342ab.389.llvm.14258636651103868718+0x180>
  55a5c0:	48 8d 94 24 f0 22 00 	lea    0x22f0(%rsp),%rdx
  55a5c7:	00 
  55a5c8:	be 2b 00 00 00       	mov    $0x2b,%esi
  55a5cd:	ff 15 fd 13 35 00    	call   *0x3513fd(%rip)        # 8ab9d0 <_DYNAMIC+0x400>
  55a5d3:	e9 ac 00 00 00       	jmp    55a684 <fe2o3_kfd::engineering_gfx950::peer::combined_mlp_state_v1::tests::native::paired::interleaved::interleaved_exercise+0x5584>
  55a5d8:	48 8b 84 24 88 09 00 	mov    0x988(%rsp),%rax
  55a5df:	00 
  55a5e0:	48 89 84 24 f0 22 00 	mov    %rax,0x22f0(%rsp)
  55a5e7:	00 
  55a5e8:	48 8d 3d d8 c1 c8 ff 	lea    -0x373e28(%rip),%rdi        # 1e67c7 <anon.8b450354eb9abf3bd4876638ac5342ab.210.llvm.14258636651103868718>
  55a5ef:	48 8d 0d 92 09 30 00 	lea    0x300992(%rip),%rcx        # 85af88 <anon.8b450354eb9abf3bd4876638ac5342ab.209.llvm.14258636651103868718+0x40>
  55a5f6:	4c 8d 05 d3 15 30 00 	lea    0x3015d3(%rip),%r8        # 85bbd0 <anon.8b450354eb9abf3bd4876638ac5342ab.389.llvm.14258636651103868718+0x78>
  55a5fd:	48 8d 94 24 f0 22 00 	lea    0x22f0(%rsp),%rdx
  55a604:	00 
  55a605:	be 2b 00 00 00       	mov    $0x2b,%esi
  55a60a:	ff 15 c0 13 35 00    	call   *0x3513c0(%rip)        # 8ab9d0 <_DYNAMIC+0x400>
  55a610:	eb 72                	jmp    55a684 <fe2o3_kfd::engineering_gfx950::peer::combined_mlp_state_v1::tests::native::paired::interleaved::interleaved_exercise+0x5584>
  55a612:	48 8b 84 24 88 09 00 	mov    0x988(%rsp),%rax
  55a619:	00 
  55a61a:	48 89 84 24 f0 22 00 	mov    %rax,0x22f0(%rsp)
  55a621:	00 
  55a622:	48 8d 3d 9e c1 c8 ff 	lea    -0x373e62(%rip),%rdi        # 1e67c7 <anon.8b450354eb9abf3bd4876638ac5342ab.210.llvm.14258636651103868718>
  55a629:	48 8d 0d 58 09 30 00 	lea    0x300958(%rip),%rcx        # 85af88 <anon.8b450354eb9abf3bd4876638ac5342ab.209.llvm.14258636651103868718+0x40>
  55a630:	4c 8d 05 99 15 30 00 	lea    0x301599(%rip),%r8        # 85bbd0 <anon.8b450354eb9abf3bd4876638ac5342ab.389.llvm.14258636651103868718+0x78>
  55a637:	48 8d 94 24 f0 22 00 	lea    0x22f0(%rsp),%rdx
  55a63e:	00 
  55a63f:	be 2b 00 00 00       	mov    $0x2b,%esi
  55a644:	ff 15 86 13 35 00    	call   *0x351386(%rip)        # 8ab9d0 <_DYNAMIC+0x400>
  55a64a:	eb 38                	jmp    55a684 <fe2o3_kfd::engineering_gfx950::peer::combined_mlp_state_v1::tests::native::paired::interleaved::interleaved_exercise+0x5584>
  55a64c:	48 8b 84 24 88 09 00 	mov    0x988(%rsp),%rax
  55a653:	00 
  55a654:	48 89 84 24 f0 22 00 	mov    %rax,0x22f0(%rsp)
  55a65b:	00 
  55a65c:	48 8d 3d 64 c1 c8 ff 	lea    -0x373e9c(%rip),%rdi        # 1e67c7 <anon.8b450354eb9abf3bd4876638ac5342ab.210.llvm.14258636651103868718>
  55a663:	48 8d 0d 1e 09 30 00 	lea    0x30091e(%rip),%rcx        # 85af88 <anon.8b450354eb9abf3bd4876638ac5342ab.209.llvm.14258636651103868718+0x40>
  55a66a:	4c 8d 05 5f 15 30 00 	lea    0x30155f(%rip),%r8        # 85bbd0 <anon.8b450354eb9abf3bd4876638ac5342ab.389.llvm.14258636651103868718+0x78>
  55a671:	48 8d 94 24 f0 22 00 	lea    0x22f0(%rsp),%rdx
  55a678:	00 
  55a679:	be 2b 00 00 00       	mov    $0x2b,%esi
  55a67e:	ff 15 4c 13 35 00    	call   *0x35134c(%rip)        # 8ab9d0 <_DYNAMIC+0x400>
  55a684:	0f 0b                	ud2
  55a686:	48 89 c3             	mov    %rax,%rbx
  55a689:	48 8d bc 24 f0 22 00 	lea    0x22f0(%rsp),%rdi
  55a690:	00 
  55a691:	e8 fa a9 fd ff       	call   535090 <core::ptr::drop_in_place::<serde_json::error::Error>>
  55a696:	e9 ef 00 00 00       	jmp    55a78a <fe2o3_kfd::engineering_gfx950::peer::combined_mlp_state_v1::tests::native::paired::interleaved::interleaved_exercise+0x568a>
  55a69b:	ff 15 af 11 35 00    	call   *0x3511af(%rip)        # 8ab850 <_DYNAMIC+0x280>
  55a6a1:	48 89 c3             	mov    %rax,%rbx
  55a6a4:	48 8d bc 24 f0 22 00 	lea    0x22f0(%rsp),%rdi
  55a6ab:	00 
  55a6ac:	e8 df a9 fd ff       	call   535090 <core::ptr::drop_in_place::<serde_json::error::Error>>
  55a6b1:	e9 d4 00 00 00       	jmp    55a78a <fe2o3_kfd::engineering_gfx950::peer::combined_mlp_state_v1::tests::native::paired::interleaved::interleaved_exercise+0x568a>
  55a6b6:	ff 15 94 11 35 00    	call   *0x351194(%rip)        # 8ab850 <_DYNAMIC+0x280>
  55a6bc:	48 89 c3             	mov    %rax,%rbx
  55a6bf:	48 8d bc 24 f0 22 00 	lea    0x22f0(%rsp),%rdi
  55a6c6:	00 
  55a6c7:	e8 c4 a9 fd ff       	call   535090 <core::ptr::drop_in_place::<serde_json::error::Error>>
  55a6cc:	e9 b9 00 00 00       	jmp    55a78a <fe2o3_kfd::engineering_gfx950::peer::combined_mlp_state_v1::tests::native::paired::interleaved::interleaved_exercise+0x568a>
  55a6d1:	ff 15 79 11 35 00    	call   *0x351179(%rip)        # 8ab850 <_DYNAMIC+0x280>
  55a6d7:	48 89 c3             	mov    %rax,%rbx
  55a6da:	48 8d bc 24 f0 22 00 	lea    0x22f0(%rsp),%rdi
  55a6e1:	00 
  55a6e2:	e8 a9 a9 fd ff       	call   535090 <core::ptr::drop_in_place::<serde_json::error::Error>>
  55a6e7:	e9 f7 00 00 00       	jmp    55a7e3 <fe2o3_kfd::engineering_gfx950::peer::combined_mlp_state_v1::tests::native::paired::interleaved::interleaved_exercise+0x56e3>
  55a6ec:	ff 15 5e 11 35 00    	call   *0x35115e(%rip)        # 8ab850 <_DYNAMIC+0x280>
  55a6f2:	48 89 c3             	mov    %rax,%rbx
  55a6f5:	48 8d bc 24 f0 22 00 	lea    0x22f0(%rsp),%rdi
  55a6fc:	00 
  55a6fd:	e8 8e a9 fd ff       	call   535090 <core::ptr::drop_in_place::<serde_json::error::Error>>
  55a702:	e9 dc 00 00 00       	jmp    55a7e3 <fe2o3_kfd::engineering_gfx950::peer::combined_mlp_state_v1::tests::native::paired::interleaved::interleaved_exercise+0x56e3>
  55a707:	ff 15 43 11 35 00    	call   *0x351143(%rip)        # 8ab850 <_DYNAMIC+0x280>
  55a70d:	48 89 c3             	mov    %rax,%rbx
  55a710:	48 8d bc 24 f0 22 00 	lea    0x22f0(%rsp),%rdi
  55a717:	00 
  55a718:	e8 73 a9 fd ff       	call   535090 <core::ptr::drop_in_place::<serde_json::error::Error>>
  55a71d:	e9 c1 00 00 00       	jmp    55a7e3 <fe2o3_kfd::engineering_gfx950::peer::combined_mlp_state_v1::tests::native::paired::interleaved::interleaved_exercise+0x56e3>
  55a722:	ff 15 28 11 35 00    	call   *0x351128(%rip)        # 8ab850 <_DYNAMIC+0x280>
  55a728:	48 89 c3             	mov    %rax,%rbx
  55a72b:	48 8d bc 24 f0 22 00 	lea    0x22f0(%rsp),%rdi
  55a732:	00 
  55a733:	e8 58 a9 fd ff       	call   535090 <core::ptr::drop_in_place::<serde_json::error::Error>>
  55a738:	e9 a6 00 00 00       	jmp    55a7e3 <fe2o3_kfd::engineering_gfx950::peer::combined_mlp_state_v1::tests::native::paired::interleaved::interleaved_exercise+0x56e3>
  55a73d:	ff 15 0d 11 35 00    	call   *0x35110d(%rip)        # 8ab850 <_DYNAMIC+0x280>
  55a743:	48 89 c3             	mov    %rax,%rbx
  55a746:	48 8d bc 24 f0 22 00 	lea    0x22f0(%rsp),%rdi
  55a74d:	00 
  55a74e:	e8 3d a9 fd ff       	call   535090 <core::ptr::drop_in_place::<serde_json::error::Error>>
  55a753:	e9 8b 00 00 00       	jmp    55a7e3 <fe2o3_kfd::engineering_gfx950::peer::combined_mlp_state_v1::tests::native::paired::interleaved::interleaved_exercise+0x56e3>
  55a758:	ff 15 f2 10 35 00    	call   *0x3510f2(%rip)        # 8ab850 <_DYNAMIC+0x280>
  55a75e:	e9 b0 00 00 00       	jmp    55a813 <fe2o3_kfd::engineering_gfx950::peer::combined_mlp_state_v1::tests::native::paired::interleaved::interleaved_exercise+0x5713>
  55a763:	e9 b3 00 00 00       	jmp    55a81b <fe2o3_kfd::engineering_gfx950::peer::combined_mlp_state_v1::tests::native::paired::interleaved::interleaved_exercise+0x571b>
  55a768:	48 89 c3             	mov    %rax,%rbx
  55a76b:	e9 3d 05 00 00       	jmp    55acad <fe2o3_kfd::engineering_gfx950::peer::combined_mlp_state_v1::tests::native::paired::interleaved::interleaved_exercise+0x5bad>
  55a770:	eb 10                	jmp    55a782 <fe2o3_kfd::engineering_gfx950::peer::combined_mlp_state_v1::tests::native::paired::interleaved::interleaved_exercise+0x5682>
  55a772:	eb 0e                	jmp    55a782 <fe2o3_kfd::engineering_gfx950::peer::combined_mlp_state_v1::tests::native::paired::interleaved::interleaved_exercise+0x5682>
  55a774:	eb 11                	jmp    55a787 <fe2o3_kfd::engineering_gfx950::peer::combined_mlp_state_v1::tests::native::paired::interleaved::interleaved_exercise+0x5687>
  55a776:	eb 0a                	jmp    55a782 <fe2o3_kfd::engineering_gfx950::peer::combined_mlp_state_v1::tests::native::paired::interleaved::interleaved_exercise+0x5682>
  55a778:	eb 08                	jmp    55a782 <fe2o3_kfd::engineering_gfx950::peer::combined_mlp_state_v1::tests::native::paired::interleaved::interleaved_exercise+0x5682>
  55a77a:	eb 06                	jmp    55a782 <fe2o3_kfd::engineering_gfx950::peer::combined_mlp_state_v1::tests::native::paired::interleaved::interleaved_exercise+0x5682>
  55a77c:	eb 04                	jmp    55a782 <fe2o3_kfd::engineering_gfx950::peer::combined_mlp_state_v1::tests::native::paired::interleaved::interleaved_exercise+0x5682>
  55a77e:	eb 02                	jmp    55a782 <fe2o3_kfd::engineering_gfx950::peer::combined_mlp_state_v1::tests::native::paired::interleaved::interleaved_exercise+0x5682>
  55a780:	eb 05                	jmp    55a787 <fe2o3_kfd::engineering_gfx950::peer::combined_mlp_state_v1::tests::native::paired::interleaved::interleaved_exercise+0x5687>
  55a782:	48 89 c3             	mov    %rax,%rbx
  55a785:	eb 10                	jmp    55a797 <fe2o3_kfd::engineering_gfx950::peer::combined_mlp_state_v1::tests::native::paired::interleaved::interleaved_exercise+0x5697>
  55a787:	48 89 c3             	mov    %rax,%rbx
  55a78a:	48 8d bc 24 e0 34 00 	lea    0x34e0(%rsp),%rdi
  55a791:	00 
  55a792:	e8 a9 a2 fd ff       	call   534a40 <core::ptr::drop_in_place::<alloc::string::String>>
  55a797:	48 8d bc 24 d0 03 00 	lea    0x3d0(%rsp),%rdi
  55a79e:	00 
  55a79f:	e8 7c 29 f8 ff       	call   4dd120 <<alloc::collections::btree::map::BTreeMap<alloc::string::String, serde_json::value::Value> as core::ops::drop::Drop>::drop>
  55a7a4:	e9 f7 04 00 00       	jmp    55aca0 <fe2o3_kfd::engineering_gfx950::peer::combined_mlp_state_v1::tests::native::paired::interleaved::interleaved_exercise+0x5ba0>
  55a7a9:	48 89 c3             	mov    %rax,%rbx
  55a7ac:	e9 ef 04 00 00       	jmp    55aca0 <fe2o3_kfd::engineering_gfx950::peer::combined_mlp_state_v1::tests::native::paired::interleaved::interleaved_exercise+0x5ba0>
  55a7b1:	eb 60                	jmp    55a813 <fe2o3_kfd::engineering_gfx950::peer::combined_mlp_state_v1::tests::native::paired::interleaved::interleaved_exercise+0x5713>
  55a7b3:	48 89 c3             	mov    %rax,%rbx
  55a7b6:	eb 4c                	jmp    55a804 <fe2o3_kfd::engineering_gfx950::peer::combined_mlp_state_v1::tests::native::paired::interleaved::interleaved_exercise+0x5704>
  55a7b8:	48 89 c3             	mov    %rax,%rbx
  55a7bb:	eb 3d                	jmp    55a7fa <fe2o3_kfd::engineering_gfx950::peer::combined_mlp_state_v1::tests::native::paired::interleaved::interleaved_exercise+0x56fa>
  55a7bd:	eb 1c                	jmp    55a7db <fe2o3_kfd::engineering_gfx950::peer::combined_mlp_state_v1::tests::native::paired::interleaved::interleaved_exercise+0x56db>
  55a7bf:	eb 1a                	jmp    55a7db <fe2o3_kfd::engineering_gfx950::peer::combined_mlp_state_v1::tests::native::paired::interleaved::interleaved_exercise+0x56db>
  55a7c1:	eb 18                	jmp    55a7db <fe2o3_kfd::engineering_gfx950::peer::combined_mlp_state_v1::tests::native::paired::interleaved::interleaved_exercise+0x56db>
  55a7c3:	eb 1b                	jmp    55a7e0 <fe2o3_kfd::engineering_gfx950::peer::combined_mlp_state_v1::tests::native::paired::interleaved::interleaved_exercise+0x56e0>
  55a7c5:	eb 14                	jmp    55a7db <fe2o3_kfd::engineering_gfx950::peer::combined_mlp_state_v1::tests::native::paired::interleaved::interleaved_exercise+0x56db>
  55a7c7:	eb 17                	jmp    55a7e0 <fe2o3_kfd::engineering_gfx950::peer::combined_mlp_state_v1::tests::native::paired::interleaved::interleaved_exercise+0x56e0>
  55a7c9:	eb 10                	jmp    55a7db <fe2o3_kfd::engineering_gfx950::peer::combined_mlp_state_v1::tests::native::paired::interleaved::interleaved_exercise+0x56db>
  55a7cb:	eb 13                	jmp    55a7e0 <fe2o3_kfd::engineering_gfx950::peer::combined_mlp_state_v1::tests::native::paired::interleaved::interleaved_exercise+0x56e0>
  55a7cd:	eb 0c                	jmp    55a7db <fe2o3_kfd::engineering_gfx950::peer::combined_mlp_state_v1::tests::native::paired::interleaved::interleaved_exercise+0x56db>
  55a7cf:	eb 0f                	jmp    55a7e0 <fe2o3_kfd::engineering_gfx950::peer::combined_mlp_state_v1::tests::native::paired::interleaved::interleaved_exercise+0x56e0>
  55a7d1:	eb 08                	jmp    55a7db <fe2o3_kfd::engineering_gfx950::peer::combined_mlp_state_v1::tests::native::paired::interleaved::interleaved_exercise+0x56db>
  55a7d3:	eb 06                	jmp    55a7db <fe2o3_kfd::engineering_gfx950::peer::combined_mlp_state_v1::tests::native::paired::interleaved::interleaved_exercise+0x56db>
  55a7d5:	eb 04                	jmp    55a7db <fe2o3_kfd::engineering_gfx950::peer::combined_mlp_state_v1::tests::native::paired::interleaved::interleaved_exercise+0x56db>
  55a7d7:	eb 02                	jmp    55a7db <fe2o3_kfd::engineering_gfx950::peer::combined_mlp_state_v1::tests::native::paired::interleaved::interleaved_exercise+0x56db>
  55a7d9:	eb 00                	jmp    55a7db <fe2o3_kfd::engineering_gfx950::peer::combined_mlp_state_v1::tests::native::paired::interleaved::interleaved_exercise+0x56db>
  55a7db:	48 89 c3             	mov    %rax,%rbx
  55a7de:	eb 0d                	jmp    55a7ed <fe2o3_kfd::engineering_gfx950::peer::combined_mlp_state_v1::tests::native::paired::interleaved::interleaved_exercise+0x56ed>
  55a7e0:	48 89 c3             	mov    %rax,%rbx
  55a7e3:	48 8d 7c 24 20       	lea    0x20(%rsp),%rdi
  55a7e8:	e8 53 a2 fd ff       	call   534a40 <core::ptr::drop_in_place::<alloc::string::String>>
  55a7ed:	48 8d bc 24 90 00 00 	lea    0x90(%rsp),%rdi
  55a7f4:	00 
  55a7f5:	e8 26 29 f8 ff       	call   4dd120 <<alloc::collections::btree::map::BTreeMap<alloc::string::String, serde_json::value::Value> as core::ops::drop::Drop>::drop>
  55a7fa:	48 8d 7c 24 40       	lea    0x40(%rsp),%rdi
  55a7ff:	e8 6c a9 fd ff       	call   535170 <core::ptr::drop_in_place::<serde_json::value::Value>>
  55a804:	48 8d 7c 24 70       	lea    0x70(%rsp),%rdi
  55a809:	e8 62 a9 fd ff       	call   535170 <core::ptr::drop_in_place::<serde_json::value::Value>>
  55a80e:	e9 80 04 00 00       	jmp    55ac93 <fe2o3_kfd::engineering_gfx950::peer::combined_mlp_state_v1::tests::native::paired::interleaved::interleaved_exercise+0x5b93>
  55a813:	48 89 c3             	mov    %rax,%rbx
  55a816:	e9 78 04 00 00       	jmp    55ac93 <fe2o3_kfd::engineering_gfx950::peer::combined_mlp_state_v1::tests::native::paired::interleaved::interleaved_exercise+0x5b93>
  55a81b:	48 89 c3             	mov    %rax,%rbx
  55a81e:	e9 1a 03 00 00       	jmp    55ab3d <fe2o3_kfd::engineering_gfx950::peer::combined_mlp_state_v1::tests::native::paired::interleaved::interleaved_exercise+0x5a3d>
  55a823:	e9 b2 00 00 00       	jmp    55a8da <fe2o3_kfd::engineering_gfx950::peer::combined_mlp_state_v1::tests::native::paired::interleaved::interleaved_exercise+0x57da>
  55a828:	e9 ad 00 00 00       	jmp    55a8da <fe2o3_kfd::engineering_gfx950::peer::combined_mlp_state_v1::tests::native::paired::interleaved::interleaved_exercise+0x57da>
  55a82d:	e9 a0 00 00 00       	jmp    55a8d2 <fe2o3_kfd::engineering_gfx950::peer::combined_mlp_state_v1::tests::native::paired::interleaved::interleaved_exercise+0x57d2>
  55a832:	eb 00                	jmp    55a834 <fe2o3_kfd::engineering_gfx950::peer::combined_mlp_state_v1::tests::native::paired::interleaved::interleaved_exercise+0x5734>
  55a834:	48 89 c3             	mov    %rax,%rbx
  55a837:	e9 f0 01 00 00       	jmp    55aa2c <fe2o3_kfd::engineering_gfx950::peer::combined_mlp_state_v1::tests::native::paired::interleaved::interleaved_exercise+0x592c>
  55a83c:	48 89 c3             	mov    %rax,%rbx
  55a83f:	e9 de 01 00 00       	jmp    55aa22 <fe2o3_kfd::engineering_gfx950::peer::combined_mlp_state_v1::tests::native::paired::interleaved::interleaved_exercise+0x5922>
  55a844:	48 89 c3             	mov    %rax,%rbx
  55a847:	48 8d 7c 24 40       	lea    0x40(%rsp),%rdi
  55a84c:	e9 da 02 00 00       	jmp    55ab2b <fe2o3_kfd::engineering_gfx950::peer::combined_mlp_state_v1::tests::native::paired::interleaved::interleaved_exercise+0x5a2b>
  55a851:	e9 84 00 00 00       	jmp    55a8da <fe2o3_kfd::engineering_gfx950::peer::combined_mlp_state_v1::tests::native::paired::interleaved::interleaved_exercise+0x57da>
  55a856:	eb 7a                	jmp    55a8d2 <fe2o3_kfd::engineering_gfx950::peer::combined_mlp_state_v1::tests::native::paired::interleaved::interleaved_exercise+0x57d2>
  55a858:	eb 0e                	jmp    55a868 <fe2o3_kfd::engineering_gfx950::peer::combined_mlp_state_v1::tests::native::paired::interleaved::interleaved_exercise+0x5768>
  55a85a:	eb 0c                	jmp    55a868 <fe2o3_kfd::engineering_gfx950::peer::combined_mlp_state_v1::tests::native::paired::interleaved::interleaved_exercise+0x5768>
  55a85c:	eb 1a                	jmp    55a878 <fe2o3_kfd::engineering_gfx950::peer::combined_mlp_state_v1::tests::native::paired::interleaved::interleaved_exercise+0x5778>
  55a85e:	eb 20                	jmp    55a880 <fe2o3_kfd::engineering_gfx950::peer::combined_mlp_state_v1::tests::native::paired::interleaved::interleaved_exercise+0x5780>
  55a860:	eb 5e                	jmp    55a8c0 <fe2o3_kfd::engineering_gfx950::peer::combined_mlp_state_v1::tests::native::paired::interleaved::interleaved_exercise+0x57c0>
  55a862:	eb 76                	jmp    55a8da <fe2o3_kfd::engineering_gfx950::peer::combined_mlp_state_v1::tests::native::paired::interleaved::interleaved_exercise+0x57da>
  55a864:	eb 6c                	jmp    55a8d2 <fe2o3_kfd::engineering_gfx950::peer::combined_mlp_state_v1::tests::native::paired::interleaved::interleaved_exercise+0x57d2>
  55a866:	eb 00                	jmp    55a868 <fe2o3_kfd::engineering_gfx950::peer::combined_mlp_state_v1::tests::native::paired::interleaved::interleaved_exercise+0x5768>
  55a868:	48 89 c3             	mov    %rax,%rbx
  55a86b:	48 8d bc 24 90 00 00 	lea    0x90(%rsp),%rdi
  55a872:	00 
  55a873:	e9 84 02 00 00       	jmp    55aafc <fe2o3_kfd::engineering_gfx950::peer::combined_mlp_state_v1::tests::native::paired::interleaved::interleaved_exercise+0x59fc>
  55a878:	48 89 c3             	mov    %rax,%rbx
  55a87b:	e9 22 02 00 00       	jmp    55aaa2 <fe2o3_kfd::engineering_gfx950::peer::combined_mlp_state_v1::tests::native::paired::interleaved::interleaved_exercise+0x59a2>
  55a880:	48 89 c3             	mov    %rax,%rbx
  55a883:	48 8d bc 24 c0 00 00 	lea    0xc0(%rsp),%rdi
  55a88a:	00 
  55a88b:	e9 6c 02 00 00       	jmp    55aafc <fe2o3_kfd::engineering_gfx950::peer::combined_mlp_state_v1::tests::native::paired::interleaved::interleaved_exercise+0x59fc>
  55a890:	eb 2e                	jmp    55a8c0 <fe2o3_kfd::engineering_gfx950::peer::combined_mlp_state_v1::tests::native::paired::interleaved::interleaved_exercise+0x57c0>
  55a892:	eb 46                	jmp    55a8da <fe2o3_kfd::engineering_gfx950::peer::combined_mlp_state_v1::tests::native::paired::interleaved::interleaved_exercise+0x57da>
  55a894:	eb 3c                	jmp    55a8d2 <fe2o3_kfd::engineering_gfx950::peer::combined_mlp_state_v1::tests::native::paired::interleaved::interleaved_exercise+0x57d2>
  55a896:	eb 00                	jmp    55a898 <fe2o3_kfd::engineering_gfx950::peer::combined_mlp_state_v1::tests::native::paired::interleaved::interleaved_exercise+0x5798>
  55a898:	48 89 c3             	mov    %rax,%rbx
  55a89b:	e9 54 02 00 00       	jmp    55aaf4 <fe2o3_kfd::engineering_gfx950::peer::combined_mlp_state_v1::tests::native::paired::interleaved::interleaved_exercise+0x59f4>
  55a8a0:	48 89 c3             	mov    %rax,%rbx
  55a8a3:	e9 3f 02 00 00       	jmp    55aae7 <fe2o3_kfd::engineering_gfx950::peer::combined_mlp_state_v1::tests::native::paired::interleaved::interleaved_exercise+0x59e7>
  55a8a8:	48 89 c3             	mov    %rax,%rbx
  55a8ab:	48 8d 84 24 c0 00 00 	lea    0xc0(%rsp),%rax
  55a8b2:	00 
  55a8b3:	48 89 84 24 f0 01 00 	mov    %rax,0x1f0(%rsp)
  55a8ba:	00 
  55a8bb:	e9 34 02 00 00       	jmp    55aaf4 <fe2o3_kfd::engineering_gfx950::peer::combined_mlp_state_v1::tests::native::paired::interleaved::interleaved_exercise+0x59f4>
  55a8c0:	48 89 c3             	mov    %rax,%rbx
  55a8c3:	48 8d bc 24 c0 00 00 	lea    0xc0(%rsp),%rdi
  55a8ca:	00 
  55a8cb:	e9 5b 02 00 00       	jmp    55ab2b <fe2o3_kfd::engineering_gfx950::peer::combined_mlp_state_v1::tests::native::paired::interleaved::interleaved_exercise+0x5a2b>
  55a8d0:	eb 08                	jmp    55a8da <fe2o3_kfd::engineering_gfx950::peer::combined_mlp_state_v1::tests::native::paired::interleaved::interleaved_exercise+0x57da>
  55a8d2:	48 89 c3             	mov    %rax,%rbx
  55a8d5:	e9 49 02 00 00       	jmp    55ab23 <fe2o3_kfd::engineering_gfx950::peer::combined_mlp_state_v1::tests::native::paired::interleaved::interleaved_exercise+0x5a23>
  55a8da:	48 89 c3             	mov    %rax,%rbx
  55a8dd:	e9 4e 02 00 00       	jmp    55ab30 <fe2o3_kfd::engineering_gfx950::peer::combined_mlp_state_v1::tests::native::paired::interleaved::interleaved_exercise+0x5a30>
  55a8e2:	48 89 c3             	mov    %rax,%rbx
  55a8e5:	48 8d bc 24 d0 03 00 	lea    0x3d0(%rsp),%rdi
  55a8ec:	00 
  55a8ed:	e8 fe 9b fd ff       	call   5344f0 <core::ptr::drop_in_place::<alloc::vec::Vec<u8>>>
  55a8f2:	e9 53 02 00 00       	jmp    55ab4a <fe2o3_kfd::engineering_gfx950::peer::combined_mlp_state_v1::tests::native::paired::interleaved::interleaved_exercise+0x5a4a>
  55a8f7:	48 89 c3             	mov    %rax,%rbx
  55a8fa:	e9 4b 02 00 00       	jmp    55ab4a <fe2o3_kfd::engineering_gfx950::peer::combined_mlp_state_v1::tests::native::paired::interleaved::interleaved_exercise+0x5a4a>
  55a8ff:	48 89 c3             	mov    %rax,%rbx
  55a902:	48 8d bc 24 d0 03 00 	lea    0x3d0(%rsp),%rdi
  55a909:	00 
  55a90a:	e8 e1 9b fd ff       	call   5344f0 <core::ptr::drop_in_place::<alloc::vec::Vec<u8>>>
  55a90f:	e9 43 02 00 00       	jmp    55ab57 <fe2o3_kfd::engineering_gfx950::peer::combined_mlp_state_v1::tests::native::paired::interleaved::interleaved_exercise+0x5a57>
  55a914:	48 89 c3             	mov    %rax,%rbx
  55a917:	e9 3b 02 00 00       	jmp    55ab57 <fe2o3_kfd::engineering_gfx950::peer::combined_mlp_state_v1::tests::native::paired::interleaved::interleaved_exercise+0x5a57>
  55a91c:	48 89 c3             	mov    %rax,%rbx
  55a91f:	48 8d bc 24 d0 03 00 	lea    0x3d0(%rsp),%rdi
  55a926:	00 
  55a927:	e9 55 03 00 00       	jmp    55ac81 <fe2o3_kfd::engineering_gfx950::peer::combined_mlp_state_v1::tests::native::paired::interleaved::interleaved_exercise+0x5b81>
  55a92c:	eb 4b                	jmp    55a979 <fe2o3_kfd::engineering_gfx950::peer::combined_mlp_state_v1::tests::native::paired::interleaved::interleaved_exercise+0x5879>
  55a92e:	48 89 c3             	mov    %rax,%rbx
  55a931:	e9 2c 03 00 00       	jmp    55ac62 <fe2o3_kfd::engineering_gfx950::peer::combined_mlp_state_v1::tests::native::paired::interleaved::interleaved_exercise+0x5b62>
  55a936:	e9 a4 00 00 00       	jmp    55a9df <fe2o3_kfd::engineering_gfx950::peer::combined_mlp_state_v1::tests::native::paired::interleaved::interleaved_exercise+0x58df>
  55a93b:	eb 05                	jmp    55a942 <fe2o3_kfd::engineering_gfx950::peer::combined_mlp_state_v1::tests::native::paired::interleaved::interleaved_exercise+0x5842>
  55a93d:	e9 9d 00 00 00       	jmp    55a9df <fe2o3_kfd::engineering_gfx950::peer::combined_mlp_state_v1::tests::native::paired::interleaved::interleaved_exercise+0x58df>
  55a942:	48 89 c3             	mov    %rax,%rbx
  55a945:	e9 04 03 00 00       	jmp    55ac4e <fe2o3_kfd::engineering_gfx950::peer::combined_mlp_state_v1::tests::native::paired::interleaved::interleaved_exercise+0x5b4e>
  55a94a:	e9 90 00 00 00       	jmp    55a9df <fe2o3_kfd::engineering_gfx950::peer::combined_mlp_state_v1::tests::native::paired::interleaved::interleaved_exercise+0x58df>
  55a94f:	e9 8b 00 00 00       	jmp    55a9df <fe2o3_kfd::engineering_gfx950::peer::combined_mlp_state_v1::tests::native::paired::interleaved::interleaved_exercise+0x58df>
  55a954:	48 89 c3             	mov    %rax,%rbx
  55a957:	48 8d bc 24 f0 22 00 	lea    0x22f0(%rsp),%rdi
  55a95e:	00 
  55a95f:	e8 8c 9b fd ff       	call   5344f0 <core::ptr::drop_in_place::<alloc::vec::Vec<u8>>>
  55a964:	e9 03 03 00 00       	jmp    55ac6c <fe2o3_kfd::engineering_gfx950::peer::combined_mlp_state_v1::tests::native::paired::interleaved::interleaved_exercise+0x5b6c>
  55a969:	48 89 c3             	mov    %rax,%rbx
  55a96c:	e9 fb 02 00 00       	jmp    55ac6c <fe2o3_kfd::engineering_gfx950::peer::combined_mlp_state_v1::tests::native::paired::interleaved::interleaved_exercise+0x5b6c>
  55a971:	48 89 c3             	mov    %rax,%rbx
  55a974:	e9 00 03 00 00       	jmp    55ac79 <fe2o3_kfd::engineering_gfx950::peer::combined_mlp_state_v1::tests::native::paired::interleaved::interleaved_exercise+0x5b79>
  55a979:	48 89 c3             	mov    %rax,%rbx
  55a97c:	e9 05 03 00 00       	jmp    55ac86 <fe2o3_kfd::engineering_gfx950::peer::combined_mlp_state_v1::tests::native::paired::interleaved::interleaved_exercise+0x5b86>
  55a981:	e9 91 02 00 00       	jmp    55ac17 <fe2o3_kfd::engineering_gfx950::peer::combined_mlp_state_v1::tests::native::paired::interleaved::interleaved_exercise+0x5b17>
  55a986:	48 89 c3             	mov    %rax,%rbx
  55a989:	e9 74 02 00 00       	jmp    55ac02 <fe2o3_kfd::engineering_gfx950::peer::combined_mlp_state_v1::tests::native::paired::interleaved::interleaved_exercise+0x5b02>
  55a98e:	eb 5f                	jmp    55a9ef <fe2o3_kfd::engineering_gfx950::peer::combined_mlp_state_v1::tests::native::paired::interleaved::interleaved_exercise+0x58ef>
  55a990:	eb 0c                	jmp    55a99e <fe2o3_kfd::engineering_gfx950::peer::combined_mlp_state_v1::tests::native::paired::interleaved::interleaved_exercise+0x589e>
  55a992:	eb 5b                	jmp    55a9ef <fe2o3_kfd::engineering_gfx950::peer::combined_mlp_state_v1::tests::native::paired::interleaved::interleaved_exercise+0x58ef>
  55a994:	eb 08                	jmp    55a99e <fe2o3_kfd::engineering_gfx950::peer::combined_mlp_state_v1::tests::native::paired::interleaved::interleaved_exercise+0x589e>
  55a996:	eb 57                	jmp    55a9ef <fe2o3_kfd::engineering_gfx950::peer::combined_mlp_state_v1::tests::native::paired::interleaved::interleaved_exercise+0x58ef>
  55a998:	eb 55                	jmp    55a9ef <fe2o3_kfd::engineering_gfx950::peer::combined_mlp_state_v1::tests::native::paired::interleaved::interleaved_exercise+0x58ef>
  55a99a:	eb 53                	jmp    55a9ef <fe2o3_kfd::engineering_gfx950::peer::combined_mlp_state_v1::tests::native::paired::interleaved::interleaved_exercise+0x58ef>
  55a99c:	eb 51                	jmp    55a9ef <fe2o3_kfd::engineering_gfx950::peer::combined_mlp_state_v1::tests::native::paired::interleaved::interleaved_exercise+0x58ef>
  55a99e:	48 89 c3             	mov    %rax,%rbx
  55a9a1:	e9 48 02 00 00       	jmp    55abee <fe2o3_kfd::engineering_gfx950::peer::combined_mlp_state_v1::tests::native::paired::interleaved::interleaved_exercise+0x5aee>
  55a9a6:	48 89 c3             	mov    %rax,%rbx
  55a9a9:	e9 f2 02 00 00       	jmp    55aca0 <fe2o3_kfd::engineering_gfx950::peer::combined_mlp_state_v1::tests::native::paired::interleaved::interleaved_exercise+0x5ba0>
  55a9ae:	48 89 c3             	mov    %rax,%rbx
  55a9b1:	48 8d bc 24 f0 22 00 	lea    0x22f0(%rsp),%rdi
  55a9b8:	00 
  55a9b9:	e8 32 9b fd ff       	call   5344f0 <core::ptr::drop_in_place::<alloc::vec::Vec<u8>>>
  55a9be:	e9 dd 02 00 00       	jmp    55aca0 <fe2o3_kfd::engineering_gfx950::peer::combined_mlp_state_v1::tests::native::paired::interleaved::interleaved_exercise+0x5ba0>
  55a9c3:	48 89 c3             	mov    %rax,%rbx
  55a9c6:	e9 d5 02 00 00       	jmp    55aca0 <fe2o3_kfd::engineering_gfx950::peer::combined_mlp_state_v1::tests::native::paired::interleaved::interleaved_exercise+0x5ba0>
  55a9cb:	e9 f5 02 00 00       	jmp    55acc5 <fe2o3_kfd::engineering_gfx950::peer::combined_mlp_state_v1::tests::native::paired::interleaved::interleaved_exercise+0x5bc5>
  55a9d0:	e9 bf 01 00 00       	jmp    55ab94 <fe2o3_kfd::engineering_gfx950::peer::combined_mlp_state_v1::tests::native::paired::interleaved::interleaved_exercise+0x5a94>
  55a9d5:	e9 9d 01 00 00       	jmp    55ab77 <fe2o3_kfd::engineering_gfx950::peer::combined_mlp_state_v1::tests::native::paired::interleaved::interleaved_exercise+0x5a77>
  55a9da:	e9 e6 02 00 00       	jmp    55acc5 <fe2o3_kfd::engineering_gfx950::peer::combined_mlp_state_v1::tests::native::paired::interleaved::interleaved_exercise+0x5bc5>
  55a9df:	48 89 c3             	mov    %rax,%rbx
  55a9e2:	e9 71 02 00 00       	jmp    55ac58 <fe2o3_kfd::engineering_gfx950::peer::combined_mlp_state_v1::tests::native::paired::interleaved::interleaved_exercise+0x5b58>
  55a9e7:	48 89 c3             	mov    %rax,%rbx
  55a9ea:	e9 b1 02 00 00       	jmp    55aca0 <fe2o3_kfd::engineering_gfx950::peer::combined_mlp_state_v1::tests::native::paired::interleaved::interleaved_exercise+0x5ba0>
  55a9ef:	48 89 c3             	mov    %rax,%rbx
  55a9f2:	e9 01 02 00 00       	jmp    55abf8 <fe2o3_kfd::engineering_gfx950::peer::combined_mlp_state_v1::tests::native::paired::interleaved::interleaved_exercise+0x5af8>
  55a9f7:	48 89 c3             	mov    %rax,%rbx
  55a9fa:	48 8d bc 24 f0 22 00 	lea    0x22f0(%rsp),%rdi
  55aa01:	00 
  55aa02:	e8 89 a6 fd ff       	call   535090 <core::ptr::drop_in_place::<serde_json::error::Error>>
  55aa07:	e9 17 01 00 00       	jmp    55ab23 <fe2o3_kfd::engineering_gfx950::peer::combined_mlp_state_v1::tests::native::paired::interleaved::interleaved_exercise+0x5a23>
  55aa0c:	ff 15 3e 0e 35 00    	call   *0x350e3e(%rip)        # 8ab850 <_DYNAMIC+0x280>
  55aa12:	48 89 c3             	mov    %rax,%rbx
  55aa15:	48 8d bc 24 f0 22 00 	lea    0x22f0(%rsp),%rdi
  55aa1c:	00 
  55aa1d:	e8 6e a6 fd ff       	call   535090 <core::ptr::drop_in_place::<serde_json::error::Error>>
  55aa22:	48 8d 7c 24 40       	lea    0x40(%rsp),%rdi
  55aa27:	e8 14 a0 fd ff       	call   534a40 <core::ptr::drop_in_place::<alloc::string::String>>
  55aa2c:	48 8d bc 24 d0 03 00 	lea    0x3d0(%rsp),%rdi
  55aa33:	00 
  55aa34:	e8 97 9b fd ff       	call   5345d0 <core::ptr::drop_in_place::<alloc::vec::Vec<i32>>>
  55aa39:	e9 f2 00 00 00       	jmp    55ab30 <fe2o3_kfd::engineering_gfx950::peer::combined_mlp_state_v1::tests::native::paired::interleaved::interleaved_exercise+0x5a30>
  55aa3e:	ff 15 0c 0e 35 00    	call   *0x350e0c(%rip)        # 8ab850 <_DYNAMIC+0x280>
  55aa44:	48 89 c3             	mov    %rax,%rbx
  55aa47:	48 8d bc 24 f0 22 00 	lea    0x22f0(%rsp),%rdi
  55aa4e:	00 
  55aa4f:	e8 3c a6 fd ff       	call   535090 <core::ptr::drop_in_place::<serde_json::error::Error>>
  55aa54:	e9 ca 00 00 00       	jmp    55ab23 <fe2o3_kfd::engineering_gfx950::peer::combined_mlp_state_v1::tests::native::paired::interleaved::interleaved_exercise+0x5a23>
  55aa59:	ff 15 f1 0d 35 00    	call   *0x350df1(%rip)        # 8ab850 <_DYNAMIC+0x280>
  55aa5f:	48 89 c3             	mov    %rax,%rbx
  55aa62:	48 8d bc 24 80 09 00 	lea    0x980(%rsp),%rdi
  55aa69:	00 
  55aa6a:	e8 21 a6 fd ff       	call   535090 <core::ptr::drop_in_place::<serde_json::error::Error>>
  55aa6f:	eb 31                	jmp    55aaa2 <fe2o3_kfd::engineering_gfx950::peer::combined_mlp_state_v1::tests::native::paired::interleaved::interleaved_exercise+0x59a2>
  55aa71:	ff 15 d9 0d 35 00    	call   *0x350dd9(%rip)        # 8ab850 <_DYNAMIC+0x280>
  55aa77:	48 89 c3             	mov    %rax,%rbx
  55aa7a:	48 8d bc 24 f0 22 00 	lea    0x22f0(%rsp),%rdi
  55aa81:	00 
  55aa82:	e8 09 a6 fd ff       	call   535090 <core::ptr::drop_in_place::<serde_json::error::Error>>
  55aa87:	e9 97 00 00 00       	jmp    55ab23 <fe2o3_kfd::engineering_gfx950::peer::combined_mlp_state_v1::tests::native::paired::interleaved::interleaved_exercise+0x5a23>
  55aa8c:	ff 15 be 0d 35 00    	call   *0x350dbe(%rip)        # 8ab850 <_DYNAMIC+0x280>
  55aa92:	48 89 c3             	mov    %rax,%rbx
  55aa95:	48 8d bc 24 80 09 00 	lea    0x980(%rsp),%rdi
  55aa9c:	00 
  55aa9d:	e8 ee a5 fd ff       	call   535090 <core::ptr::drop_in_place::<serde_json::error::Error>>
  55aaa2:	48 8d bc 24 c0 00 00 	lea    0xc0(%rsp),%rdi
  55aaa9:	00 
  55aaaa:	e8 91 9f fd ff       	call   534a40 <core::ptr::drop_in_place::<alloc::string::String>>
  55aaaf:	48 8d bc 24 90 00 00 	lea    0x90(%rsp),%rdi
  55aab6:	00 
  55aab7:	eb 43                	jmp    55aafc <fe2o3_kfd::engineering_gfx950::peer::combined_mlp_state_v1::tests::native::paired::interleaved::interleaved_exercise+0x59fc>
  55aab9:	ff 15 91 0d 35 00    	call   *0x350d91(%rip)        # 8ab850 <_DYNAMIC+0x280>
  55aabf:	48 89 c3             	mov    %rax,%rbx
  55aac2:	48 8d bc 24 f0 22 00 	lea    0x22f0(%rsp),%rdi
  55aac9:	00 
  55aaca:	e8 c1 a5 fd ff       	call   535090 <core::ptr::drop_in_place::<serde_json::error::Error>>
  55aacf:	eb 52                	jmp    55ab23 <fe2o3_kfd::engineering_gfx950::peer::combined_mlp_state_v1::tests::native::paired::interleaved::interleaved_exercise+0x5a23>
  55aad1:	ff 15 79 0d 35 00    	call   *0x350d79(%rip)        # 8ab850 <_DYNAMIC+0x280>
  55aad7:	48 89 c3             	mov    %rax,%rbx
  55aada:	48 8d bc 24 80 09 00 	lea    0x980(%rsp),%rdi
  55aae1:	00 
  55aae2:	e8 a9 a5 fd ff       	call   535090 <core::ptr::drop_in_place::<serde_json::error::Error>>
  55aae7:	48 8d bc 24 c0 00 00 	lea    0xc0(%rsp),%rdi
  55aaee:	00 
  55aaef:	e8 4c 9f fd ff       	call   534a40 <core::ptr::drop_in_place::<alloc::string::String>>
  55aaf4:	48 8b bc 24 f0 01 00 	mov    0x1f0(%rsp),%rdi
  55aafb:	00 
  55aafc:	e8 3f 9f fd ff       	call   534a40 <core::ptr::drop_in_place::<alloc::string::String>>
  55ab01:	48 8d 7c 24 20       	lea    0x20(%rsp),%rdi
  55ab06:	e8 e5 99 fd ff       	call   5344f0 <core::ptr::drop_in_place::<alloc::vec::Vec<u8>>>
  55ab0b:	eb 23                	jmp    55ab30 <fe2o3_kfd::engineering_gfx950::peer::combined_mlp_state_v1::tests::native::paired::interleaved::interleaved_exercise+0x5a30>
  55ab0d:	ff 15 3d 0d 35 00    	call   *0x350d3d(%rip)        # 8ab850 <_DYNAMIC+0x280>
  55ab13:	48 89 c3             	mov    %rax,%rbx
  55ab16:	48 8d bc 24 f0 22 00 	lea    0x22f0(%rsp),%rdi
  55ab1d:	00 
  55ab1e:	e8 6d a5 fd ff       	call   535090 <core::ptr::drop_in_place::<serde_json::error::Error>>
  55ab23:	48 8d bc 24 d0 03 00 	lea    0x3d0(%rsp),%rdi
  55ab2a:	00 
  55ab2b:	e8 10 9f fd ff       	call   534a40 <core::ptr::drop_in_place::<alloc::string::String>>
  55ab30:	48 8d bc 24 60 01 00 	lea    0x160(%rsp),%rdi
  55ab37:	00 
  55ab38:	e8 e3 25 f8 ff       	call   4dd120 <<alloc::collections::btree::map::BTreeMap<alloc::string::String, serde_json::value::Value> as core::ops::drop::Drop>::drop>
  55ab3d:	48 8d bc 24 80 02 00 	lea    0x280(%rsp),%rdi
  55ab44:	00 
  55ab45:	e8 f6 9e fd ff       	call   534a40 <core::ptr::drop_in_place::<alloc::string::String>>
  55ab4a:	48 8d bc 24 60 02 00 	lea    0x260(%rsp),%rdi
  55ab51:	00 
  55ab52:	e8 e9 9e fd ff       	call   534a40 <core::ptr::drop_in_place::<alloc::string::String>>
  55ab57:	48 8d bc 24 40 02 00 	lea    0x240(%rsp),%rdi
  55ab5e:	00 
  55ab5f:	e8 dc 9e fd ff       	call   534a40 <core::ptr::drop_in_place::<alloc::string::String>>
  55ab64:	e9 1d 01 00 00       	jmp    55ac86 <fe2o3_kfd::engineering_gfx950::peer::combined_mlp_state_v1::tests::native::paired::interleaved::interleaved_exercise+0x5b86>
  55ab69:	ff 15 e1 0c 35 00    	call   *0x350ce1(%rip)        # 8ab850 <_DYNAMIC+0x280>
  55ab6f:	48 89 c3             	mov    %rax,%rbx
  55ab72:	e9 29 01 00 00       	jmp    55aca0 <fe2o3_kfd::engineering_gfx950::peer::combined_mlp_state_v1::tests::native::paired::interleaved::interleaved_exercise+0x5ba0>
  55ab77:	48 89 c3             	mov    %rax,%rbx
  55ab7a:	48 8d bc 24 e0 34 00 	lea    0x34e0(%rsp),%rdi
  55ab81:	00 
  55ab82:	e8 69 99 fd ff       	call   5344f0 <core::ptr::drop_in_place::<alloc::vec::Vec<u8>>>
  55ab87:	e9 14 01 00 00       	jmp    55aca0 <fe2o3_kfd::engineering_gfx950::peer::combined_mlp_state_v1::tests::native::paired::interleaved::interleaved_exercise+0x5ba0>
  55ab8c:	48 89 c3             	mov    %rax,%rbx
  55ab8f:	e9 0c 01 00 00       	jmp    55aca0 <fe2o3_kfd::engineering_gfx950::peer::combined_mlp_state_v1::tests::native::paired::interleaved::interleaved_exercise+0x5ba0>
  55ab94:	48 89 c3             	mov    %rax,%rbx
  55ab97:	48 8d bc 24 78 08 00 	lea    0x878(%rsp),%rdi
  55ab9e:	00 
  55ab9f:	e8 cc 96 fd ff       	call   534270 <core::ptr::drop_in_place::<alloc::vec::Vec<fe2o3_kfd::queue::dispatch_binding::CompletedSnapshotRangeV1>>>
  55aba4:	e9 9a 01 00 00       	jmp    55ad43 <fe2o3_kfd::engineering_gfx950::peer::combined_mlp_state_v1::tests::native::paired::interleaved::interleaved_exercise+0x5c43>
  55aba9:	e9 2e 01 00 00       	jmp    55acdc <fe2o3_kfd::engineering_gfx950::peer::combined_mlp_state_v1::tests::native::paired::interleaved::interleaved_exercise+0x5bdc>
  55abae:	48 89 c3             	mov    %rax,%rbx
  55abb1:	48 8d bc 24 f0 22 00 	lea    0x22f0(%rsp),%rdi
  55abb8:	00 
  55abb9:	e8 d2 a4 fd ff       	call   535090 <core::ptr::drop_in_place::<serde_json::error::Error>>
  55abbe:	eb 2e                	jmp    55abee <fe2o3_kfd::engineering_gfx950::peer::combined_mlp_state_v1::tests::native::paired::interleaved::interleaved_exercise+0x5aee>
  55abc0:	ff 15 8a 0c 35 00    	call   *0x350c8a(%rip)        # 8ab850 <_DYNAMIC+0x280>
  55abc6:	48 89 c3             	mov    %rax,%rbx
  55abc9:	48 8d bc 24 f0 22 00 	lea    0x22f0(%rsp),%rdi
  55abd0:	00 
  55abd1:	e8 ba a4 fd ff       	call   535090 <core::ptr::drop_in_place::<serde_json::error::Error>>
  55abd6:	eb 16                	jmp    55abee <fe2o3_kfd::engineering_gfx950::peer::combined_mlp_state_v1::tests::native::paired::interleaved::interleaved_exercise+0x5aee>
  55abd8:	ff 15 72 0c 35 00    	call   *0x350c72(%rip)        # 8ab850 <_DYNAMIC+0x280>
  55abde:	48 89 c3             	mov    %rax,%rbx
  55abe1:	48 8d bc 24 f0 22 00 	lea    0x22f0(%rsp),%rdi
  55abe8:	00 
  55abe9:	e8 a2 a4 fd ff       	call   535090 <core::ptr::drop_in_place::<serde_json::error::Error>>
  55abee:	48 8d 7c 24 70       	lea    0x70(%rsp),%rdi
  55abf3:	e8 48 9e fd ff       	call   534a40 <core::ptr::drop_in_place::<alloc::string::String>>
  55abf8:	48 8d 7c 24 20       	lea    0x20(%rsp),%rdi
  55abfd:	e8 1e 25 f8 ff       	call   4dd120 <<alloc::collections::btree::map::BTreeMap<alloc::string::String, serde_json::value::Value> as core::ops::drop::Drop>::drop>
  55ac02:	48 8d bc 24 d0 03 00 	lea    0x3d0(%rsp),%rdi
  55ac09:	00 
  55ac0a:	e8 61 a5 fd ff       	call   535170 <core::ptr::drop_in_place::<serde_json::value::Value>>
  55ac0f:	eb 09                	jmp    55ac1a <fe2o3_kfd::engineering_gfx950::peer::combined_mlp_state_v1::tests::native::paired::interleaved::interleaved_exercise+0x5b1a>
  55ac11:	ff 15 39 0c 35 00    	call   *0x350c39(%rip)        # 8ab850 <_DYNAMIC+0x280>
  55ac17:	48 89 c3             	mov    %rax,%rbx
  55ac1a:	48 8d 7c 24 40       	lea    0x40(%rsp),%rdi
  55ac1f:	e8 4c a5 fd ff       	call   535170 <core::ptr::drop_in_place::<serde_json::value::Value>>
  55ac24:	eb 7a                	jmp    55aca0 <fe2o3_kfd::engineering_gfx950::peer::combined_mlp_state_v1::tests::native::paired::interleaved::interleaved_exercise+0x5ba0>
  55ac26:	48 89 c3             	mov    %rax,%rbx
  55ac29:	48 8d bc 24 f0 22 00 	lea    0x22f0(%rsp),%rdi
  55ac30:	00 
  55ac31:	e8 5a a4 fd ff       	call   535090 <core::ptr::drop_in_place::<serde_json::error::Error>>
  55ac36:	eb 16                	jmp    55ac4e <fe2o3_kfd::engineering_gfx950::peer::combined_mlp_state_v1::tests::native::paired::interleaved::interleaved_exercise+0x5b4e>
  55ac38:	ff 15 12 0c 35 00    	call   *0x350c12(%rip)        # 8ab850 <_DYNAMIC+0x280>
  55ac3e:	48 89 c3             	mov    %rax,%rbx
  55ac41:	48 8d bc 24 f0 22 00 	lea    0x22f0(%rsp),%rdi
  55ac48:	00 
  55ac49:	e8 42 a4 fd ff       	call   535090 <core::ptr::drop_in_place::<serde_json::error::Error>>
  55ac4e:	48 8d 7c 24 40       	lea    0x40(%rsp),%rdi
  55ac53:	e8 e8 9d fd ff       	call   534a40 <core::ptr::drop_in_place::<alloc::string::String>>
  55ac58:	48 8d 7c 24 70       	lea    0x70(%rsp),%rdi
  55ac5d:	e8 be 24 f8 ff       	call   4dd120 <<alloc::collections::btree::map::BTreeMap<alloc::string::String, serde_json::value::Value> as core::ops::drop::Drop>::drop>
  55ac62:	48 8d 7c 24 20       	lea    0x20(%rsp),%rdi
  55ac67:	e8 04 8e fd ff       	call   533a70 <core::ptr::drop_in_place::<core::option::Option<alloc::string::String>>>
  55ac6c:	48 8d bc 24 90 00 00 	lea    0x90(%rsp),%rdi
  55ac73:	00 
  55ac74:	e8 c7 9d fd ff       	call   534a40 <core::ptr::drop_in_place::<alloc::string::String>>
  55ac79:	48 8d bc 24 c0 00 00 	lea    0xc0(%rsp),%rdi
  55ac80:	00 
  55ac81:	e8 6a 98 fd ff       	call   5344f0 <core::ptr::drop_in_place::<alloc::vec::Vec<u8>>>
  55ac86:	48 8d bc 24 28 02 00 	lea    0x228(%rsp),%rdi
  55ac8d:	00 
  55ac8e:	e8 3d 94 fd ff       	call   5340d0 <core::ptr::drop_in_place::<alloc::vec::Vec<serde_json::value::Value>>>
  55ac93:	48 8d bc 24 10 02 00 	lea    0x210(%rsp),%rdi
  55ac9a:	00 
  55ac9b:	e8 30 94 fd ff       	call   5340d0 <core::ptr::drop_in_place::<alloc::vec::Vec<serde_json::value::Value>>>
  55aca0:	48 8d bc 24 f8 01 00 	lea    0x1f8(%rsp),%rdi
  55aca7:	00 
  55aca8:	e8 23 94 fd ff       	call   5340d0 <core::ptr::drop_in_place::<alloc::vec::Vec<serde_json::value::Value>>>
  55acad:	48 8d bc 24 d0 02 00 	lea    0x2d0(%rsp),%rdi
  55acb4:	00 
  55acb5:	e8 b6 a4 fd ff       	call   535170 <core::ptr::drop_in_place::<serde_json::value::Value>>
  55acba:	e9 84 00 00 00       	jmp    55ad43 <fe2o3_kfd::engineering_gfx950::peer::combined_mlp_state_v1::tests::native::paired::interleaved::interleaved_exercise+0x5c43>
  55acbf:	ff 15 8b 0b 35 00    	call   *0x350b8b(%rip)        # 8ab850 <_DYNAMIC+0x280>
  55acc5:	48 89 c3             	mov    %rax,%rbx
  55acc8:	eb 79                	jmp    55ad43 <fe2o3_kfd::engineering_gfx950::peer::combined_mlp_state_v1::tests::native::paired::interleaved::interleaved_exercise+0x5c43>
  55acca:	48 89 c3             	mov    %rax,%rbx
  55accd:	48 8d bc 24 80 09 00 	lea    0x980(%rsp),%rdi
  55acd4:	00 
  55acd5:	e8 16 98 fd ff       	call   5344f0 <core::ptr::drop_in_place::<alloc::vec::Vec<u8>>>
  55acda:	eb 50                	jmp    55ad2c <fe2o3_kfd::engineering_gfx950::peer::combined_mlp_state_v1::tests::native::paired::interleaved::interleaved_exercise+0x5c2c>
  55acdc:	48 89 c3             	mov    %rax,%rbx
  55acdf:	eb 4b                	jmp    55ad2c <fe2o3_kfd::engineering_gfx950::peer::combined_mlp_state_v1::tests::native::paired::interleaved::interleaved_exercise+0x5c2c>
  55ace1:	48 89 c3             	mov    %rax,%rbx
  55ace4:	48 8d bc 24 80 09 00 	lea    0x980(%rsp),%rdi
  55aceb:	00 
  55acec:	e8 ff 97 fd ff       	call   5344f0 <core::ptr::drop_in_place::<alloc::vec::Vec<u8>>>
  55acf1:	eb 1f                	jmp    55ad12 <fe2o3_kfd::engineering_gfx950::peer::combined_mlp_state_v1::tests::native::paired::interleaved::interleaved_exercise+0x5c12>
  55acf3:	eb 15                	jmp    55ad0a <fe2o3_kfd::engineering_gfx950::peer::combined_mlp_state_v1::tests::native::paired::interleaved::interleaved_exercise+0x5c0a>
  55acf5:	48 89 c3             	mov    %rax,%rbx
  55acf8:	48 8d bc 24 e0 34 00 	lea    0x34e0(%rsp),%rdi
  55acff:	00 
  55ad00:	e8 eb 97 fd ff       	call   5344f0 <core::ptr::drop_in_place::<alloc::vec::Vec<u8>>>
  55ad05:	e9 69 01 00 00       	jmp    55ae73 <fe2o3_kfd::engineering_gfx950::peer::combined_mlp_state_v1::tests::native::paired::interleaved::interleaved_exercise+0x5d73>
  55ad0a:	48 89 c3             	mov    %rax,%rbx
  55ad0d:	eb 10                	jmp    55ad1f <fe2o3_kfd::engineering_gfx950::peer::combined_mlp_state_v1::tests::native::paired::interleaved::interleaved_exercise+0x5c1f>
  55ad0f:	48 89 c3             	mov    %rax,%rbx
  55ad12:	48 8d bc 24 e0 34 00 	lea    0x34e0(%rsp),%rdi
  55ad19:	00 
  55ad1a:	e8 11 98 fd ff       	call   534530 <core::ptr::drop_in_place::<alloc::vec::Vec<usize>>>
  55ad1f:	48 8d bc 24 d0 03 00 	lea    0x3d0(%rsp),%rdi
  55ad26:	00 
  55ad27:	e8 44 95 fd ff       	call   534270 <core::ptr::drop_in_place::<alloc::vec::Vec<fe2o3_kfd::queue::dispatch_binding::CompletedSnapshotRangeV1>>>
  55ad2c:	48 8d bc 24 78 08 00 	lea    0x878(%rsp),%rdi
  55ad33:	00 
  55ad34:	e8 37 95 fd ff       	call   534270 <core::ptr::drop_in_place::<alloc::vec::Vec<fe2o3_kfd::queue::dispatch_binding::CompletedSnapshotRangeV1>>>
  55ad39:	48 8d 7c 24 40       	lea    0x40(%rsp),%rdi
  55ad3e:	e8 7d 90 fd ff       	call   533dc0 <core::ptr::drop_in_place::<alloc::vec::Vec<[fe2o3_kfd::engineering_gfx950::peer::Gfx950EngineeringPeerBufferV1; 10]>>>
  55ad43:	48 8d bc 24 18 01 00 	lea    0x118(%rsp),%rdi
  55ad4a:	00 
  55ad4b:	e8 c0 95 fd ff       	call   534310 <core::ptr::drop_in_place::<alloc::vec::Vec<fe2o3_kfd::engineering_gfx950::peer::combined_mlp_state_v1::paired::retained::RetainedPair>>>
  55ad50:	48 8d bc 24 80 01 00 	lea    0x180(%rsp),%rdi
  55ad57:	00 
  55ad58:	e8 e3 96 fd ff       	call   534440 <core::ptr::drop_in_place::<alloc::vec::Vec<fe2o3_kfd::engineering_gfx950::peer::combined_mlp_state_v1::tests::native::paired::interleaved::Payloads>>>
  55ad5d:	e9 11 01 00 00       	jmp    55ae73 <fe2o3_kfd::engineering_gfx950::peer::combined_mlp_state_v1::tests::native::paired::interleaved::interleaved_exercise+0x5d73>
  55ad62:	48 89 c3             	mov    %rax,%rbx
  55ad65:	48 8d bc 24 80 09 00 	lea    0x980(%rsp),%rdi
  55ad6c:	00 
  55ad6d:	e8 7e 97 fd ff       	call   5344f0 <core::ptr::drop_in_place::<alloc::vec::Vec<u8>>>
  55ad72:	e9 fc 00 00 00       	jmp    55ae73 <fe2o3_kfd::engineering_gfx950::peer::combined_mlp_state_v1::tests::native::paired::interleaved::interleaved_exercise+0x5d73>
  55ad77:	48 89 c3             	mov    %rax,%rbx
  55ad7a:	e9 f4 00 00 00       	jmp    55ae73 <fe2o3_kfd::engineering_gfx950::peer::combined_mlp_state_v1::tests::native::paired::interleaved::interleaved_exercise+0x5d73>
  55ad7f:	48 89 c3             	mov    %rax,%rbx
  55ad82:	e9 ec 00 00 00       	jmp    55ae73 <fe2o3_kfd::engineering_gfx950::peer::combined_mlp_state_v1::tests::native::paired::interleaved::interleaved_exercise+0x5d73>
  55ad87:	48 89 c3             	mov    %rax,%rbx
  55ad8a:	e9 e4 00 00 00       	jmp    55ae73 <fe2o3_kfd::engineering_gfx950::peer::combined_mlp_state_v1::tests::native::paired::interleaved::interleaved_exercise+0x5d73>
  55ad8f:	48 89 c3             	mov    %rax,%rbx
  55ad92:	e9 dc 00 00 00       	jmp    55ae73 <fe2o3_kfd::engineering_gfx950::peer::combined_mlp_state_v1::tests::native::paired::interleaved::interleaved_exercise+0x5d73>
  55ad97:	48 89 c3             	mov    %rax,%rbx
  55ad9a:	4c 89 ff             	mov    %r15,%rdi
  55ad9d:	eb 10                	jmp    55adaf <fe2o3_kfd::engineering_gfx950::peer::combined_mlp_state_v1::tests::native::paired::interleaved::interleaved_exercise+0x5caf>
  55ad9f:	48 89 c3             	mov    %rax,%rbx
  55ada2:	e9 cc 00 00 00       	jmp    55ae73 <fe2o3_kfd::engineering_gfx950::peer::combined_mlp_state_v1::tests::native::paired::interleaved::interleaved_exercise+0x5d73>
  55ada7:	48 89 c3             	mov    %rax,%rbx
  55adaa:	48 8d 7c 24 70       	lea    0x70(%rsp),%rdi
  55adaf:	e8 5c 46 0b 00       	call   60f410 <<alloc::raw_vec::RawVec<fe2o3_kfd::engineering_gfx950::peer::Gfx950EngineeringPeerKernelV1> as core::ops::drop::Drop>::drop>
  55adb4:	e9 ba 00 00 00       	jmp    55ae73 <fe2o3_kfd::engineering_gfx950::peer::combined_mlp_state_v1::tests::native::paired::interleaved::interleaved_exercise+0x5d73>
  55adb9:	48 89 c3             	mov    %rax,%rbx
  55adbc:	48 8d bc 24 48 46 00 	lea    0x4648(%rsp),%rdi
  55adc3:	00 
  55adc4:	e8 07 8c fd ff       	call   5339d0 <core::ptr::drop_in_place::<[fe2o3_kfd::engineering_gfx950::peer::Gfx950EngineeringPeerKernelV1; 4]>>
  55adc9:	e9 a5 00 00 00       	jmp    55ae73 <fe2o3_kfd::engineering_gfx950::peer::combined_mlp_state_v1::tests::native::paired::interleaved::interleaved_exercise+0x5d73>
  55adce:	48 89 c3             	mov    %rax,%rbx
  55add1:	e9 9d 00 00 00       	jmp    55ae73 <fe2o3_kfd::engineering_gfx950::peer::combined_mlp_state_v1::tests::native::paired::interleaved::interleaved_exercise+0x5d73>
  55add6:	48 89 c3             	mov    %rax,%rbx
  55add9:	48 8d bc 24 58 34 00 	lea    0x3458(%rsp),%rdi
  55ade0:	00 
  55ade1:	e8 2a 9e fd ff       	call   534c10 <core::ptr::drop_in_place::<fe2o3_kfd::engineering_wire::KernelMetadataV1>>
  55ade6:	e9 7e 00 00 00       	jmp    55ae69 <fe2o3_kfd::engineering_gfx950::peer::combined_mlp_state_v1::tests::native::paired::interleaved::interleaved_exercise+0x5d69>
  55adeb:	eb 79                	jmp    55ae66 <fe2o3_kfd::engineering_gfx950::peer::combined_mlp_state_v1::tests::native::paired::interleaved::interleaved_exercise+0x5d66>
  55aded:	48 89 c3             	mov    %rax,%rbx
  55adf0:	48 8d bc 24 f0 22 00 	lea    0x22f0(%rsp),%rdi
  55adf7:	00 
  55adf8:	e8 f3 96 fd ff       	call   5344f0 <core::ptr::drop_in_place::<alloc::vec::Vec<u8>>>
  55adfd:	eb 03                	jmp    55ae02 <fe2o3_kfd::engineering_gfx950::peer::combined_mlp_state_v1::tests::native::paired::interleaved::interleaved_exercise+0x5d02>
  55adff:	48 89 c3             	mov    %rax,%rbx
  55ae02:	48 8d bc 24 d0 03 00 	lea    0x3d0(%rsp),%rdi
  55ae09:	00 
  55ae0a:	e8 61 94 fd ff       	call   534270 <core::ptr::drop_in_place::<alloc::vec::Vec<fe2o3_kfd::queue::dispatch_binding::CompletedSnapshotRangeV1>>>
  55ae0f:	eb 62                	jmp    55ae73 <fe2o3_kfd::engineering_gfx950::peer::combined_mlp_state_v1::tests::native::paired::interleaved::interleaved_exercise+0x5d73>
  55ae11:	eb 53                	jmp    55ae66 <fe2o3_kfd::engineering_gfx950::peer::combined_mlp_state_v1::tests::native::paired::interleaved::interleaved_exercise+0x5d66>
  55ae13:	48 89 c3             	mov    %rax,%rbx
  55ae16:	66 2e 0f 1f 84 00 00 	cs nopw 0x0(%rax,%rax,1)
  55ae1d:	00 00 00 
  55ae20:	49 ff cf             	dec    %r15
  55ae23:	74 14                	je     55ae39 <fe2o3_kfd::engineering_gfx950::peer::combined_mlp_state_v1::tests::native::paired::interleaved::interleaved_exercise+0x5d39>
  55ae25:	4d 8d a6 20 02 00 00 	lea    0x220(%r14),%r12
  55ae2c:	4c 89 f7             	mov    %r14,%rdi
  55ae2f:	e8 fc 2e f0 ff       	call   45dd30 <core::ptr::drop_in_place::<[fe2o3_kfd::engineering_gfx950::peer::Gfx950EngineeringPeerKernelV1; 4]>>
  55ae34:	4d 89 e6             	mov    %r12,%r14
  55ae37:	eb e7                	jmp    55ae20 <fe2o3_kfd::engineering_gfx950::peer::combined_mlp_state_v1::tests::native::paired::interleaved::interleaved_exercise+0x5d20>
  55ae39:	48 8d bc 24 00 01 00 	lea    0x100(%rsp),%rdi
  55ae40:	00 
  55ae41:	e8 4a 33 0b 00       	call   60e190 <<alloc::raw_vec::RawVec<[fe2o3_kfd::engineering_gfx950::peer::Gfx950EngineeringPeerKernelV1; 4]> as core::ops::drop::Drop>::drop>
  55ae46:	48 89 df             	mov    %rbx,%rdi
  55ae49:	e8 32 0a 2e 00       	call   83b880 <_Unwind_Resume@plt>
  55ae4e:	ff 15 fc 09 35 00    	call   *0x3509fc(%rip)        # 8ab850 <_DYNAMIC+0x280>
  55ae54:	48 89 c3             	mov    %rax,%rbx
  55ae57:	48 8d bc 24 78 08 00 	lea    0x878(%rsp),%rdi
  55ae5e:	00 
  55ae5f:	e8 8c 96 fd ff       	call   5344f0 <core::ptr::drop_in_place::<alloc::vec::Vec<u8>>>
  55ae64:	eb 03                	jmp    55ae69 <fe2o3_kfd::engineering_gfx950::peer::combined_mlp_state_v1::tests::native::paired::interleaved::interleaved_exercise+0x5d69>
  55ae66:	48 89 c3             	mov    %rax,%rbx
  55ae69:	48 8d 7c 24 70       	lea    0x70(%rsp),%rdi
  55ae6e:	e8 2d 93 fd ff       	call   5341a0 <core::ptr::drop_in_place::<alloc::vec::Vec<fe2o3_kfd::engineering_gfx950::peer::Gfx950EngineeringPeerKernelV1>>>
  55ae73:	48 8d bc 24 98 01 00 	lea    0x198(%rsp),%rdi
  55ae7a:	00 
  55ae7b:	e8 a0 8e fd ff       	call   533d20 <core::ptr::drop_in_place::<alloc::vec::Vec<[fe2o3_kfd::engineering_gfx950::peer::Gfx950EngineeringPeerBufferV1; 4]>>>
  55ae80:	48 8d bc 24 00 01 00 	lea    0x100(%rsp),%rdi
  55ae87:	00 
  55ae88:	e8 e3 8f fd ff       	call   533e70 <core::ptr::drop_in_place::<alloc::vec::Vec<[fe2o3_kfd::engineering_gfx950::peer::Gfx950EngineeringPeerKernelV1; 4]>>>
  55ae8d:	48 89 df             	mov    %rbx,%rdi
  55ae90:	e8 eb 09 2e 00       	call   83b880 <_Unwind_Resume@plt>
  55ae95:	ff 15 b5 09 35 00    	call   *0x3509b5(%rip)        # 8ab850 <_DYNAMIC+0x280>
