
/home/harmenon/ferric-asrock-42/evidence/finite-resident-integration-v220/guarded-mlp-interleaved-native-cpu-v228-v2/target/debug/deps/fe2o3_kfd-11448a9880d552d9:     file format elf64-x86-64


Disassembly of section .text:

0000000000631db0 <fe2o3_kfd::engineering_gfx950::peer::combined_mlp_state_v1::tests::native::paired::interleaved::interleaved_exercise>:
  631db0:	55                   	push   %rbp
  631db1:	41 57                	push   %r15
  631db3:	41 56                	push   %r14
  631db5:	41 55                	push   %r13
  631db7:	41 54                	push   %r12
  631db9:	53                   	push   %rbx
  631dba:	48 81 ec 00 10 00 00 	sub    $0x1000,%rsp
  631dc1:	48 c7 04 24 00 00 00 	movq   $0x0,(%rsp)
  631dc8:	00 
  631dc9:	48 81 ec 00 10 00 00 	sub    $0x1000,%rsp
  631dd0:	48 c7 04 24 00 00 00 	movq   $0x0,(%rsp)
  631dd7:	00 
  631dd8:	48 81 ec 00 10 00 00 	sub    $0x1000,%rsp
  631ddf:	48 c7 04 24 00 00 00 	movq   $0x0,(%rsp)
  631de6:	00 
  631de7:	48 81 ec 00 10 00 00 	sub    $0x1000,%rsp
  631dee:	48 c7 04 24 00 00 00 	movq   $0x0,(%rsp)
  631df5:	00 
  631df6:	48 81 ec 00 10 00 00 	sub    $0x1000,%rsp
  631dfd:	48 c7 04 24 00 00 00 	movq   $0x0,(%rsp)
  631e04:	00 
  631e05:	48 81 ec 00 10 00 00 	sub    $0x1000,%rsp
  631e0c:	48 c7 04 24 00 00 00 	movq   $0x0,(%rsp)
  631e13:	00 
  631e14:	48 81 ec 78 08 00 00 	sub    $0x878,%rsp
  631e1b:	48 89 94 24 08 01 00 	mov    %rdx,0x108(%rsp)
  631e22:	00 
  631e23:	48 89 74 24 58       	mov    %rsi,0x58(%rsp)
  631e28:	49 89 fd             	mov    %rdi,%r13
  631e2b:	48 c7 84 24 40 01 00 	movq   $0x0,0x140(%rsp)
  631e32:	00 00 00 00 00 
  631e37:	48 c7 84 24 48 01 00 	movq   $0x8,0x148(%rsp)
  631e3e:	00 08 00 00 00 
  631e43:	48 c7 84 24 50 01 00 	movq   $0x0,0x150(%rsp)
  631e4a:	00 00 00 00 00 
  631e4f:	48 c7 84 24 c8 01 00 	movq   $0x0,0x1c8(%rsp)
  631e56:	00 00 00 00 00 
  631e5b:	48 c7 84 24 d0 01 00 	movq   $0x8,0x1d0(%rsp)
  631e62:	00 08 00 00 00 
  631e67:	48 c7 84 24 d8 01 00 	movq   $0x0,0x1d8(%rsp)
  631e6e:	00 00 00 00 00 
  631e73:	b0 01                	mov    $0x1,%al
  631e75:	48 c7 84 24 10 01 00 	movq   $0x0,0x110(%rsp)
  631e7c:	00 00 00 00 00 
  631e81:	48 8d 15 88 6b bb ff 	lea    -0x449478(%rip),%rdx        # 1e8a10 <anon.d17fe627e5d324ea66c61125bb898512.600.llvm.4602735538015308864+0x58>
  631e88:	48 8d 35 b5 6b bb ff 	lea    -0x44944b(%rip),%rsi        # 1e8a44 <anon.d17fe627e5d324ea66c61125bb898512.600.llvm.4602735538015308864+0x8c>
  631e8f:	48 8d 3d d8 6b bb ff 	lea    -0x449428(%rip),%rdi        # 1e8a6e <anon.d17fe627e5d324ea66c61125bb898512.600.llvm.4602735538015308864+0xb6>
  631e96:	4c 8d 0d f0 6b bb ff 	lea    -0x449410(%rip),%r9        # 1e8a8d <anon.d17fe627e5d324ea66c61125bb898512.600.llvm.4602735538015308864+0xd5>
  631e9d:	89 84 24 e8 00 00 00 	mov    %eax,0xe8(%rsp)
  631ea4:	48 c7 84 24 a0 00 00 	movq   $0x0,0xa0(%rsp)
  631eab:	00 00 00 00 00 
  631eb0:	48 c7 84 24 a8 00 00 	movq   $0x8,0xa8(%rsp)
  631eb7:	00 08 00 00 00 
  631ebc:	48 c7 84 24 b0 00 00 	movq   $0x0,0xb0(%rsp)
  631ec3:	00 00 00 00 00 
  631ec8:	48 c7 84 24 00 02 00 	movq   $0x0,0x200(%rsp)
  631ecf:	00 00 00 00 00 
  631ed4:	48 c7 84 24 08 02 00 	movq   $0x4,0x208(%rsp)
  631edb:	00 04 00 00 00 
  631ee0:	48 c7 84 24 10 02 00 	movq   $0x0,0x210(%rsp)
  631ee7:	00 00 00 00 00 
  631eec:	48 89 94 24 18 02 00 	mov    %rdx,0x218(%rsp)
  631ef3:	00 
  631ef4:	48 c7 84 24 20 02 00 	movq   $0x34,0x220(%rsp)
  631efb:	00 34 00 00 00 
  631f00:	48 c7 84 24 28 02 00 	movq   $0x1,0x228(%rsp)
  631f07:	00 01 00 00 00 
  631f0c:	48 89 b4 24 30 02 00 	mov    %rsi,0x230(%rsp)
  631f13:	00 
  631f14:	48 c7 84 24 38 02 00 	movq   $0x2a,0x238(%rsp)
  631f1b:	00 2a 00 00 00 
  631f20:	48 c7 84 24 40 02 00 	movq   $0x2,0x240(%rsp)
  631f27:	00 02 00 00 00 
  631f2c:	48 89 bc 24 48 02 00 	mov    %rdi,0x248(%rsp)
  631f33:	00 
  631f34:	48 c7 84 24 50 02 00 	movq   $0x1f,0x250(%rsp)
  631f3b:	00 1f 00 00 00 
  631f40:	48 c7 84 24 58 02 00 	movq   $0x2,0x258(%rsp)
  631f47:	00 02 00 00 00 
  631f4c:	4c 89 8c 24 60 02 00 	mov    %r9,0x260(%rsp)
  631f53:	00 
  631f54:	48 c7 84 24 68 02 00 	movq   $0x34,0x268(%rsp)
  631f5b:	00 34 00 00 00 
  631f60:	bd 20 00 00 00       	mov    $0x20,%ebp
  631f65:	4c 8b b4 2c f8 01 00 	mov    0x1f8(%rsp,%rbp,1),%r14
  631f6c:	00 
  631f6d:	4d 85 f6             	test   %r14,%r14
  631f70:	0f 84 bf 02 00 00    	je     632235 <fe2o3_kfd::engineering_gfx950::peer::combined_mlp_state_v1::tests::native::paired::interleaved::interleaved_exercise+0x485>
  631f76:	48 8b 9c 2c f0 01 00 	mov    0x1f0(%rsp,%rbp,1),%rbx
  631f7d:	00 
  631f7e:	48 83 fb 03          	cmp    $0x3,%rbx
  631f82:	0f 83 e1 18 00 00    	jae    633869 <fe2o3_kfd::engineering_gfx950::peer::combined_mlp_state_v1::tests::native::paired::interleaved::interleaved_exercise+0x1ab9>
  631f88:	48 8d 04 5b          	lea    (%rbx,%rbx,2),%rax
  631f8c:	4c 8b 64 c1 10       	mov    0x10(%rcx,%rax,8),%r12
  631f91:	4d 85 e4             	test   %r12,%r12
  631f94:	0f 88 88 08 00 00    	js     632822 <fe2o3_kfd::engineering_gfx950::peer::combined_mlp_state_v1::tests::native::paired::interleaved::interleaved_exercise+0xa72>
  631f9a:	48 8b 94 2c 00 02 00 	mov    0x200(%rsp,%rbp,1),%rdx
  631fa1:	00 
  631fa2:	4c 89 ac 24 00 06 00 	mov    %r13,0x600(%rsp)
  631fa9:	00 
  631faa:	4c 89 84 24 30 01 00 	mov    %r8,0x130(%rsp)
  631fb1:	00 
  631fb2:	48 89 8c 24 e0 00 00 	mov    %rcx,0xe0(%rsp)
  631fb9:	00 
  631fba:	74 74                	je     632030 <fe2o3_kfd::engineering_gfx950::peer::combined_mlp_state_v1::tests::native::paired::interleaved::interleaved_exercise+0x280>
  631fbc:	48 89 94 24 28 01 00 	mov    %rdx,0x128(%rsp)
  631fc3:	00 
  631fc4:	4c 8b 7c c1 08       	mov    0x8(%rcx,%rax,8),%r15
  631fc9:	ff 15 e9 92 27 00    	call   *0x2792e9(%rip)        # 8ab2b8 <_DYNAMIC+0x270>
  631fcf:	41 bd 01 00 00 00    	mov    $0x1,%r13d
  631fd5:	be 01 00 00 00       	mov    $0x1,%esi
  631fda:	4c 89 e7             	mov    %r12,%rdi
  631fdd:	ff 15 dd 92 27 00    	call   *0x2792dd(%rip)        # 8ab2c0 <_DYNAMIC+0x278>
  631fe3:	48 85 c0             	test   %rax,%rax
  631fe6:	0f 84 39 08 00 00    	je     632825 <fe2o3_kfd::engineering_gfx950::peer::combined_mlp_state_v1::tests::native::paired::interleaved::interleaved_exercise+0xa75>
  631fec:	4c 89 64 24 30       	mov    %r12,0x30(%rsp)
  631ff1:	48 89 44 24 38       	mov    %rax,0x38(%rsp)
  631ff6:	4c 89 f9             	mov    %r15,%rcx
  631ff9:	48 29 c1             	sub    %rax,%rcx
  631ffc:	48 89 c2             	mov    %rax,%rdx
  631fff:	4c 29 fa             	sub    %r15,%rdx
  632002:	48 0f 42 d1          	cmovb  %rcx,%rdx
  632006:	4c 39 e2             	cmp    %r12,%rdx
  632009:	0f 82 a5 0c 00 00    	jb     632cb4 <fe2o3_kfd::engineering_gfx950::peer::combined_mlp_state_v1::tests::native::paired::interleaved::interleaved_exercise+0xf04>
  63200f:	48 89 c7             	mov    %rax,%rdi
  632012:	4c 89 fe             	mov    %r15,%rsi
  632015:	4c 89 e2             	mov    %r12,%rdx
  632018:	ff 15 82 92 27 00    	call   *0x279282(%rip)        # 8ab2a0 <memcpy@GLIBC_2.14>
  63201e:	4c 8b 84 24 30 01 00 	mov    0x130(%rsp),%r8
  632025:	00 
  632026:	48 8b 94 24 28 01 00 	mov    0x128(%rsp),%rdx
  63202d:	00 
  63202e:	eb 12                	jmp    632042 <fe2o3_kfd::engineering_gfx950::peer::combined_mlp_state_v1::tests::native::paired::interleaved::interleaved_exercise+0x292>
  632030:	48 c7 44 24 30 00 00 	movq   $0x0,0x30(%rsp)
  632037:	00 00 
  632039:	48 c7 44 24 38 01 00 	movq   $0x1,0x38(%rsp)
  632040:	00 00 
  632042:	4c 89 64 24 40       	mov    %r12,0x40(%rsp)
  632047:	48 c1 e3 05          	shl    $0x5,%rbx
  63204b:	41 0f 10 04 18       	movups (%r8,%rbx,1),%xmm0
  632050:	41 0f 10 4c 18 10    	movups 0x10(%r8,%rbx,1),%xmm1
  632056:	0f 29 8c 24 20 08 00 	movaps %xmm1,0x820(%rsp)
  63205d:	00 
  63205e:	0f 29 84 24 10 08 00 	movaps %xmm0,0x810(%rsp)
  632065:	00 
  632066:	48 85 d2             	test   %rdx,%rdx
  632069:	0f 88 c7 07 00 00    	js     632836 <fe2o3_kfd::engineering_gfx950::peer::combined_mlp_state_v1::tests::native::paired::interleaved::interleaved_exercise+0xa86>
  63206f:	74 5d                	je     6320ce <fe2o3_kfd::engineering_gfx950::peer::combined_mlp_state_v1::tests::native::paired::interleaved::interleaved_exercise+0x31e>
  632071:	49 89 d5             	mov    %rdx,%r13
  632074:	ff 15 3e 92 27 00    	call   *0x27923e(%rip)        # 8ab2b8 <_DYNAMIC+0x270>
  63207a:	be 01 00 00 00       	mov    $0x1,%esi
  63207f:	4c 89 ef             	mov    %r13,%rdi
  632082:	ff 15 38 92 27 00    	call   *0x279238(%rip)        # 8ab2c0 <_DYNAMIC+0x278>
  632088:	48 85 c0             	test   %rax,%rax
  63208b:	48 8b 5c 24 58       	mov    0x58(%rsp),%rbx
  632090:	4c 8d a4 24 78 0a 00 	lea    0xa78(%rsp),%r12
  632097:	00 
  632098:	0f 84 e5 17 00 00    	je     633883 <fe2o3_kfd::engineering_gfx950::peer::combined_mlp_state_v1::tests::native::paired::interleaved::interleaved_exercise+0x1ad3>
  63209e:	49 89 c7             	mov    %rax,%r15
  6320a1:	4c 89 f0             	mov    %r14,%rax
  6320a4:	4c 29 f8             	sub    %r15,%rax
  6320a7:	4c 89 f9             	mov    %r15,%rcx
  6320aa:	4c 29 f1             	sub    %r14,%rcx
  6320ad:	48 0f 42 c8          	cmovb  %rax,%rcx
  6320b1:	4c 39 e9             	cmp    %r13,%rcx
  6320b4:	0f 82 90 0c 00 00    	jb     632d4a <fe2o3_kfd::engineering_gfx950::peer::combined_mlp_state_v1::tests::native::paired::interleaved::interleaved_exercise+0xf9a>
  6320ba:	4c 89 ff             	mov    %r15,%rdi
  6320bd:	4c 89 f6             	mov    %r14,%rsi
  6320c0:	4c 89 ea             	mov    %r13,%rdx
  6320c3:	ff 15 d7 91 27 00    	call   *0x2791d7(%rip)        # 8ab2a0 <memcpy@GLIBC_2.14>
  6320c9:	4c 89 ea             	mov    %r13,%rdx
  6320cc:	eb 13                	jmp    6320e1 <fe2o3_kfd::engineering_gfx950::peer::combined_mlp_state_v1::tests::native::paired::interleaved::interleaved_exercise+0x331>
  6320ce:	41 bf 01 00 00 00    	mov    $0x1,%r15d
  6320d4:	48 8b 5c 24 58       	mov    0x58(%rsp),%rbx
  6320d9:	4c 8d a4 24 78 0a 00 	lea    0xa78(%rsp),%r12
  6320e0:	00 
  6320e1:	48 89 54 24 10       	mov    %rdx,0x10(%rsp)
  6320e6:	4c 89 7c 24 18       	mov    %r15,0x18(%rsp)
  6320eb:	48 89 54 24 20       	mov    %rdx,0x20(%rsp)
  6320f0:	48 8d bc 24 70 0a 00 	lea    0xa70(%rsp),%rdi
  6320f7:	00 
  6320f8:	48 89 de             	mov    %rbx,%rsi
  6320fb:	48 8b 94 24 10 01 00 	mov    0x110(%rsp),%rdx
  632102:	00 
  632103:	48 8d 4c 24 30       	lea    0x30(%rsp),%rcx
  632108:	4c 8d 84 24 10 08 00 	lea    0x810(%rsp),%r8
  63210f:	00 
  632110:	4c 8d 4c 24 10       	lea    0x10(%rsp),%r9
  632115:	e8 d6 2b fe ff       	call   614cf0 <<fe2o3_kfd::engineering_gfx950::peer::Gfx950EngineeringPeerGroupV1>::load_kernel>
  63211a:	48 8b 84 24 70 0a 00 	mov    0xa70(%rsp),%rax
  632121:	00 
  632122:	48 89 c1             	mov    %rax,%rcx
  632125:	48 f7 d9             	neg    %rcx
  632128:	41 0f 10 04 24       	movups (%r12),%xmm0
  63212d:	0f 29 84 24 80 00 00 	movaps %xmm0,0x80(%rsp)
  632134:	00 
  632135:	49 8b 4c 24 10       	mov    0x10(%r12),%rcx
  63213a:	48 89 8c 24 90 00 00 	mov    %rcx,0x90(%rsp)
  632141:	00 
  632142:	0f 80 bc 07 00 00    	jo     632904 <fe2o3_kfd::engineering_gfx950::peer::combined_mlp_state_v1::tests::native::paired::interleaved::interleaved_exercise+0xb54>
  632148:	4c 89 bc 24 d8 00 00 	mov    %r15,0xd8(%rsp)
  63214f:	00 
  632150:	49 8b 4c 24 78       	mov    0x78(%r12),%rcx
  632155:	48 8d 94 24 e0 1b 00 	lea    0x1be0(%rsp),%rdx
  63215c:	00 
  63215d:	48 89 4a 78          	mov    %rcx,0x78(%rdx)
  632161:	41 0f 10 44 24 68    	movups 0x68(%r12),%xmm0
  632167:	0f 11 42 68          	movups %xmm0,0x68(%rdx)
  63216b:	41 0f 10 44 24 58    	movups 0x58(%r12),%xmm0
  632171:	0f 11 42 58          	movups %xmm0,0x58(%rdx)
  632175:	41 0f 10 44 24 18    	movups 0x18(%r12),%xmm0
  63217b:	41 0f 10 4c 24 28    	movups 0x28(%r12),%xmm1
  632181:	41 0f 10 54 24 38    	movups 0x38(%r12),%xmm2
  632187:	41 0f 10 5c 24 48    	movups 0x48(%r12),%xmm3
  63218d:	0f 11 5a 48          	movups %xmm3,0x48(%rdx)
  632191:	0f 11 52 38          	movups %xmm2,0x38(%rdx)
  632195:	0f 11 4a 28          	movups %xmm1,0x28(%rdx)
  632199:	0f 11 42 18          	movups %xmm0,0x18(%rdx)
  63219d:	48 89 84 24 d8 1b 00 	mov    %rax,0x1bd8(%rsp)
  6321a4:	00 
  6321a5:	48 8b 84 24 90 00 00 	mov    0x90(%rsp),%rax
  6321ac:	00 
  6321ad:	48 89 42 10          	mov    %rax,0x10(%rdx)
  6321b1:	0f 28 84 24 80 00 00 	movaps 0x80(%rsp),%xmm0
  6321b8:	00 
  6321b9:	0f 11 02             	movups %xmm0,(%rdx)
  6321bc:	48 8b 9c 24 b0 00 00 	mov    0xb0(%rsp),%rbx
  6321c3:	00 
  6321c4:	48 3b 9c 24 a0 00 00 	cmp    0xa0(%rsp),%rbx
  6321cb:	00 
  6321cc:	75 0d                	jne    6321db <fe2o3_kfd::engineering_gfx950::peer::combined_mlp_state_v1::tests::native::paired::interleaved::interleaved_exercise+0x42b>
  6321ce:	48 8d bc 24 a0 00 00 	lea    0xa0(%rsp),%rdi
  6321d5:	00 
  6321d6:	e8 b5 76 f2 ff       	call   559890 <<alloc::raw_vec::RawVec<fe2o3_kfd::engineering_gfx950::peer::Gfx950EngineeringPeerKernelV1>>::grow_one>
  6321db:	48 89 d8             	mov    %rbx,%rax
  6321de:	48 c1 e0 07          	shl    $0x7,%rax
  6321e2:	48 8d 3c d8          	lea    (%rax,%rbx,8),%rdi
  6321e6:	48 03 bc 24 a8 00 00 	add    0xa8(%rsp),%rdi
  6321ed:	00 
  6321ee:	ba 88 00 00 00       	mov    $0x88,%edx
  6321f3:	48 8d b4 24 d8 1b 00 	lea    0x1bd8(%rsp),%rsi
  6321fa:	00 
  6321fb:	ff 15 9f 90 27 00    	call   *0x27909f(%rip)        # 8ab2a0 <memcpy@GLIBC_2.14>
  632201:	48 ff c3             	inc    %rbx
  632204:	48 89 9c 24 b0 00 00 	mov    %rbx,0xb0(%rsp)
  63220b:	00 
  63220c:	48 83 c5 18          	add    $0x18,%rbp
  632210:	48 81 fd 80 00 00 00 	cmp    $0x80,%rbp
  632217:	4c 8b 84 24 30 01 00 	mov    0x130(%rsp),%r8
  63221e:	00 
  63221f:	48 8b 8c 24 e0 00 00 	mov    0xe0(%rsp),%rcx
  632226:	00 
  632227:	4c 8b ac 24 00 06 00 	mov    0x600(%rsp),%r13
  63222e:	00 
  63222f:	0f 85 30 fd ff ff    	jne    631f65 <fe2o3_kfd::engineering_gfx950::peer::combined_mlp_state_v1::tests::native::paired::interleaved::interleaved_exercise+0x1b5>
  632235:	4c 89 84 24 30 01 00 	mov    %r8,0x130(%rsp)
  63223c:	00 
  63223d:	4c 8b bc 24 b0 00 00 	mov    0xb0(%rsp),%r15
  632244:	00 
  632245:	4c 89 bc 24 10 02 00 	mov    %r15,0x210(%rsp)
  63224c:	00 
  63224d:	0f 10 84 24 a0 00 00 	movups 0xa0(%rsp),%xmm0
  632254:	00 
  632255:	0f 29 84 24 00 02 00 	movaps %xmm0,0x200(%rsp)
  63225c:	00 
  63225d:	49 83 ff 04          	cmp    $0x4,%r15
  632261:	0f 85 d8 08 00 00    	jne    632b3f <fe2o3_kfd::engineering_gfx950::peer::combined_mlp_state_v1::tests::native::paired::interleaved::interleaved_exercise+0xd8f>
  632267:	48 89 8c 24 e0 00 00 	mov    %rcx,0xe0(%rsp)
  63226e:	00 
  63226f:	48 c7 84 24 10 02 00 	movq   $0x0,0x210(%rsp)
  632276:	00 00 00 00 00 
  63227b:	48 8b 9c 24 08 02 00 	mov    0x208(%rsp),%rbx
  632282:	00 
  632283:	4c 8b 23             	mov    (%rbx),%r12
  632286:	4c 8b 73 08          	mov    0x8(%rbx),%r14
  63228a:	48 8b 6b 10          	mov    0x10(%rbx),%rbp
  63228e:	4c 8b 7b 18          	mov    0x18(%rbx),%r15
  632292:	48 8d 73 20          	lea    0x20(%rbx),%rsi
  632296:	ba 00 02 00 00       	mov    $0x200,%edx
  63229b:	48 8d bc 24 70 0a 00 	lea    0xa70(%rsp),%rdi
  6322a2:	00 
  6322a3:	ff 15 f7 8f 27 00    	call   *0x278ff7(%rip)        # 8ab2a0 <memcpy@GLIBC_2.14>
  6322a9:	48 8d bc 24 00 02 00 	lea    0x200(%rsp),%rdi
  6322b0:	00 
  6322b1:	e8 da 0f db ff       	call   3e3290 <<alloc::vec::Vec<fe2o3_kfd::engineering_gfx950::peer::Gfx950EngineeringPeerKernelV1> as core::ops::drop::Drop>::drop>
  6322b6:	48 8b 84 24 00 02 00 	mov    0x200(%rsp),%rax
  6322bd:	00 
  6322be:	48 85 c0             	test   %rax,%rax
  6322c1:	74 44                	je     632307 <fe2o3_kfd::engineering_gfx950::peer::combined_mlp_state_v1::tests::native::paired::interleaved::interleaved_exercise+0x557>
  6322c3:	48 b9 e1 e1 e1 e1 e1 	movabs $0x1e1e1e1e1e1e1e1,%rcx
  6322ca:	e1 e1 01 
  6322cd:	48 39 c8             	cmp    %rcx,%rax
  6322d0:	0f 87 27 0b 00 00    	ja     632dfd <fe2o3_kfd::engineering_gfx950::peer::combined_mlp_state_v1::tests::native::paired::interleaved::interleaved_exercise+0x104d>
  6322d6:	48 b9 f0 f0 f0 f0 f0 	movabs $0xf0f0f0f0f0f0f0,%rcx
  6322dd:	f0 f0 00 
  6322e0:	48 39 c8             	cmp    %rcx,%rax
  6322e3:	0f 87 46 0a 00 00    	ja     632d2f <fe2o3_kfd::engineering_gfx950::peer::combined_mlp_state_v1::tests::native::paired::interleaved::interleaved_exercise+0xf7f>
  6322e9:	48 89 c1             	mov    %rax,%rcx
  6322ec:	48 c1 e1 07          	shl    $0x7,%rcx
  6322f0:	48 8d 04 c1          	lea    (%rcx,%rax,8),%rax
  6322f4:	48 c7 84 24 10 08 00 	movq   $0x8,0x810(%rsp)
  6322fb:	00 08 00 00 00 
  632300:	48 8d 4c 24 10       	lea    0x10(%rsp),%rcx
  632305:	eb 0a                	jmp    632311 <fe2o3_kfd::engineering_gfx950::peer::combined_mlp_state_v1::tests::native::paired::interleaved::interleaved_exercise+0x561>
  632307:	48 8d 8c 24 10 08 00 	lea    0x810(%rsp),%rcx
  63230e:	00 
  63230f:	31 c0                	xor    %eax,%eax
  632311:	48 89 01             	mov    %rax,(%rcx)
  632314:	48 8b 94 24 10 08 00 	mov    0x810(%rsp),%rdx
  63231b:	00 
  63231c:	48 85 d2             	test   %rdx,%rdx
  63231f:	74 13                	je     632334 <fe2o3_kfd::engineering_gfx950::peer::combined_mlp_state_v1::tests::native::paired::interleaved::interleaved_exercise+0x584>
  632321:	48 8b 74 24 10       	mov    0x10(%rsp),%rsi
  632326:	48 85 f6             	test   %rsi,%rsi
  632329:	74 09                	je     632334 <fe2o3_kfd::engineering_gfx950::peer::combined_mlp_state_v1::tests::native::paired::interleaved::interleaved_exercise+0x584>
  63232b:	48 89 df             	mov    %rbx,%rdi
  63232e:	ff 15 54 8f 27 00    	call   *0x278f54(%rip)        # 8ab288 <_DYNAMIC+0x240>
  632334:	4c 89 e0             	mov    %r12,%rax
  632337:	48 f7 d8             	neg    %rax
  63233a:	0f 80 0f 08 00 00    	jo     632b4f <fe2o3_kfd::engineering_gfx950::peer::combined_mlp_state_v1::tests::native::paired::interleaved::interleaved_exercise+0xd9f>
  632340:	ba 00 02 00 00       	mov    $0x200,%edx
  632345:	48 8d bc 24 80 1c 00 	lea    0x1c80(%rsp),%rdi
  63234c:	00 
  63234d:	48 8d b4 24 70 0a 00 	lea    0xa70(%rsp),%rsi
  632354:	00 
  632355:	ff 15 45 8f 27 00    	call   *0x278f45(%rip)        # 8ab2a0 <memcpy@GLIBC_2.14>
  63235b:	4c 89 a4 24 60 1c 00 	mov    %r12,0x1c60(%rsp)
  632362:	00 
  632363:	4c 89 b4 24 68 1c 00 	mov    %r14,0x1c68(%rsp)
  63236a:	00 
  63236b:	48 89 ac 24 70 1c 00 	mov    %rbp,0x1c70(%rsp)
  632372:	00 
  632373:	4c 89 bc 24 78 1c 00 	mov    %r15,0x1c78(%rsp)
  63237a:	00 
  63237b:	48 8b 9c 24 50 01 00 	mov    0x150(%rsp),%rbx
  632382:	00 
  632383:	48 3b 9c 24 40 01 00 	cmp    0x140(%rsp),%rbx
  63238a:	00 
  63238b:	75 0d                	jne    63239a <fe2o3_kfd::engineering_gfx950::peer::combined_mlp_state_v1::tests::native::paired::interleaved::interleaved_exercise+0x5ea>
  63238d:	48 8d bc 24 40 01 00 	lea    0x140(%rsp),%rdi
  632394:	00 
  632395:	e8 46 68 f2 ff       	call   558be0 <<alloc::raw_vec::RawVec<[fe2o3_kfd::engineering_gfx950::peer::Gfx950EngineeringPeerKernelV1; 4]>>::grow_one>
  63239a:	48 69 fb 20 02 00 00 	imul   $0x220,%rbx,%rdi
  6323a1:	48 03 bc 24 48 01 00 	add    0x148(%rsp),%rdi
  6323a8:	00 
  6323a9:	ba 20 02 00 00       	mov    $0x220,%edx
  6323ae:	48 8d b4 24 60 1c 00 	lea    0x1c60(%rsp),%rsi
  6323b5:	00 
  6323b6:	ff 15 e4 8e 27 00    	call   *0x278ee4(%rip)        # 8ab2a0 <memcpy@GLIBC_2.14>
  6323bc:	48 ff c3             	inc    %rbx
  6323bf:	48 89 9c 24 50 01 00 	mov    %rbx,0x150(%rsp)
  6323c6:	00 
  6323c7:	48 c7 44 24 10 00 00 	movq   $0x0,0x10(%rsp)
  6323ce:	00 00 
  6323d0:	48 c7 44 24 18 08 00 	movq   $0x8,0x18(%rsp)
  6323d7:	00 00 
  6323d9:	48 c7 44 24 20 00 00 	movq   $0x0,0x20(%rsp)
  6323e0:	00 00 
  6323e2:	bd 01 00 00 00       	mov    $0x1,%ebp
  6323e7:	4c 8b 64 24 58       	mov    0x58(%rsp),%r12
  6323ec:	0f 1f 40 00          	nopl   0x0(%rax)
  6323f0:	48 8d 5d 01          	lea    0x1(%rbp),%rbx
  6323f4:	48 83 fd 04          	cmp    $0x4,%rbp
  6323f8:	48 0f 44 dd          	cmove  %rbp,%rbx
  6323fc:	48 8d 05 b5 65 bb ff 	lea    -0x449a4b(%rip),%rax        # 1e89b8 <anon.d17fe627e5d324ea66c61125bb898512.600.llvm.4602735538015308864>
  632403:	4c 8b 0c e8          	mov    (%rax,%rbp,8),%r9
  632407:	b9 08 00 00 00       	mov    $0x8,%ecx
  63240c:	48 8d bc 24 70 0a 00 	lea    0xa70(%rsp),%rdi
  632413:	00 
  632414:	4c 89 e6             	mov    %r12,%rsi
  632417:	48 8b 94 24 10 01 00 	mov    0x110(%rsp),%rdx
  63241e:	00 
  63241f:	45 31 c0             	xor    %r8d,%r8d
  632422:	e8 29 61 fe ff       	call   618550 <<fe2o3_kfd::engineering_gfx950::peer::Gfx950EngineeringPeerGroupV1>::allocate>
  632427:	83 bc 24 70 0a 00 00 	cmpl   $0x1,0xa70(%rsp)
  63242e:	01 
  63242f:	0f 84 16 04 00 00    	je     63284b <fe2o3_kfd::engineering_gfx950::peer::combined_mlp_state_v1::tests::native::paired::interleaved::interleaved_exercise+0xa9b>
  632435:	48 8d 84 24 78 0a 00 	lea    0xa78(%rsp),%rax
  63243c:	00 
  63243d:	0f 10 00             	movups (%rax),%xmm0
  632440:	0f 10 48 10          	movups 0x10(%rax),%xmm1
  632444:	0f 29 84 24 b0 07 00 	movaps %xmm0,0x7b0(%rsp)
  63244b:	00 
  63244c:	0f 29 8c 24 c0 07 00 	movaps %xmm1,0x7c0(%rsp)
  632453:	00 
  632454:	48 8d bc 24 70 0a 00 	lea    0xa70(%rsp),%rdi
  63245b:	00 
  63245c:	48 8b b4 24 10 01 00 	mov    0x110(%rsp),%rsi
  632463:	00 
  632464:	48 89 ea             	mov    %rbp,%rdx
  632467:	e8 54 35 ff ff       	call   6259c0 <fe2o3_kfd::engineering_gfx950::peer::combined_mlp_state_v1::tests::native::paired::expected_root>
  63246c:	8b 84 24 70 0a 00 00 	mov    0xa70(%rsp),%eax
  632473:	48 8d 8c 24 78 0a 00 	lea    0xa78(%rsp),%rcx
  63247a:	00 
  63247b:	0f 10 01             	movups (%rcx),%xmm0
  63247e:	0f 29 84 24 00 02 00 	movaps %xmm0,0x200(%rsp)
  632485:	00 
  632486:	48 8b 49 10          	mov    0x10(%rcx),%rcx
  63248a:	48 89 8c 24 10 02 00 	mov    %rcx,0x210(%rsp)
  632491:	00 
  632492:	83 f8 01             	cmp    $0x1,%eax
  632495:	0f 84 d5 03 00 00    	je     632870 <fe2o3_kfd::engineering_gfx950::peer::combined_mlp_state_v1::tests::native::paired::interleaved::interleaved_exercise+0xac0>
  63249b:	4c 8b bc 24 00 02 00 	mov    0x200(%rsp),%r15
  6324a2:	00 
  6324a3:	4c 8b b4 24 08 02 00 	mov    0x208(%rsp),%r14
  6324aa:	00 
  6324ab:	4c 8b 84 24 10 02 00 	mov    0x210(%rsp),%r8
  6324b2:	00 
  6324b3:	48 8d bc 24 10 08 00 	lea    0x810(%rsp),%rdi
  6324ba:	00 
  6324bb:	4c 89 e6             	mov    %r12,%rsi
  6324be:	48 8d 94 24 b0 07 00 	lea    0x7b0(%rsp),%rdx
  6324c5:	00 
  6324c6:	4c 89 f1             	mov    %r14,%rcx
  6324c9:	e8 72 9e ff ff       	call   62c340 <fe2o3_kfd::engineering_gfx950::peer::combined_mlp_state_v1::tests::native::paired::write_all>
  6324ce:	48 b8 00 00 00 00 00 	movabs $0x8000000000000000,%rax
  6324d5:	00 00 80 
  6324d8:	48 39 84 24 10 08 00 	cmp    %rax,0x810(%rsp)
  6324df:	00 
  6324e0:	0f 85 de 03 00 00    	jne    6328c4 <fe2o3_kfd::engineering_gfx950::peer::combined_mlp_state_v1::tests::native::paired::interleaved::interleaved_exercise+0xb14>
  6324e6:	48 8d 84 24 70 0a 00 	lea    0xa70(%rsp),%rax
  6324ed:	00 
  6324ee:	4d 85 ff             	test   %r15,%r15
  6324f1:	74 14                	je     632507 <fe2o3_kfd::engineering_gfx950::peer::combined_mlp_state_v1::tests::native::paired::interleaved::interleaved_exercise+0x757>
  6324f3:	48 c7 84 24 70 0a 00 	movq   $0x1,0xa70(%rsp)
  6324fa:	00 01 00 00 00 
  6324ff:	48 8d 84 24 10 08 00 	lea    0x810(%rsp),%rax
  632506:	00 
  632507:	4c 89 38             	mov    %r15,(%rax)
  63250a:	48 8b 94 24 70 0a 00 	mov    0xa70(%rsp),%rdx
  632511:	00 
  632512:	48 85 d2             	test   %rdx,%rdx
  632515:	74 16                	je     63252d <fe2o3_kfd::engineering_gfx950::peer::combined_mlp_state_v1::tests::native::paired::interleaved::interleaved_exercise+0x77d>
  632517:	48 8b b4 24 10 08 00 	mov    0x810(%rsp),%rsi
  63251e:	00 
  63251f:	48 85 f6             	test   %rsi,%rsi
  632522:	74 09                	je     63252d <fe2o3_kfd::engineering_gfx950::peer::combined_mlp_state_v1::tests::native::paired::interleaved::interleaved_exercise+0x77d>
  632524:	4c 89 f7             	mov    %r14,%rdi
  632527:	ff 15 5b 8d 27 00    	call   *0x278d5b(%rip)        # 8ab288 <_DYNAMIC+0x240>
  63252d:	4c 8b 74 24 20       	mov    0x20(%rsp),%r14
  632532:	4c 3b 74 24 10       	cmp    0x10(%rsp),%r14
  632537:	75 0a                	jne    632543 <fe2o3_kfd::engineering_gfx950::peer::combined_mlp_state_v1::tests::native::paired::interleaved::interleaved_exercise+0x793>
  632539:	48 8d 7c 24 10       	lea    0x10(%rsp),%rdi
  63253e:	e8 5d 6f f2 ff       	call   5594a0 <<alloc::raw_vec::RawVec<fe2o3_kfd::engineering_wire::PointerFixupV1>>::grow_one>
  632543:	4c 89 f0             	mov    %r14,%rax
  632546:	48 c1 e0 05          	shl    $0x5,%rax
  63254a:	48 8b 7c 24 18       	mov    0x18(%rsp),%rdi
  63254f:	0f 28 84 24 b0 07 00 	movaps 0x7b0(%rsp),%xmm0
  632556:	00 
  632557:	0f 28 8c 24 c0 07 00 	movaps 0x7c0(%rsp),%xmm1
  63255e:	00 
  63255f:	0f 11 4c 07 10       	movups %xmm1,0x10(%rdi,%rax,1)
  632564:	0f 11 04 07          	movups %xmm0,(%rdi,%rax,1)
  632568:	49 ff c6             	inc    %r14
  63256b:	4c 89 74 24 20       	mov    %r14,0x20(%rsp)
  632570:	48 83 fd 04          	cmp    $0x4,%rbp
  632574:	74 0d                	je     632583 <fe2o3_kfd::engineering_gfx950::peer::combined_mlp_state_v1::tests::native::paired::interleaved::interleaved_exercise+0x7d3>
  632576:	48 89 dd             	mov    %rbx,%rbp
  632579:	48 83 fb 04          	cmp    $0x4,%rbx
  63257d:	0f 86 6d fe ff ff    	jbe    6323f0 <fe2o3_kfd::engineering_gfx950::peer::combined_mlp_state_v1::tests::native::paired::interleaved::interleaved_exercise+0x640>
  632583:	48 8b 44 24 10       	mov    0x10(%rsp),%rax
  632588:	49 83 fe 04          	cmp    $0x4,%r14
  63258c:	0f 85 cb 06 00 00    	jne    632c5d <fe2o3_kfd::engineering_gfx950::peer::combined_mlp_state_v1::tests::native::paired::interleaved::interleaved_exercise+0xead>
  632592:	48 8b 1f             	mov    (%rdi),%rbx
  632595:	4c 8b 77 08          	mov    0x8(%rdi),%r14
  632599:	4c 8b 7f 10          	mov    0x10(%rdi),%r15
  63259d:	48 8b 4f 78          	mov    0x78(%rdi),%rcx
  6325a1:	48 89 8c 24 d0 0a 00 	mov    %rcx,0xad0(%rsp)
  6325a8:	00 
  6325a9:	0f 10 47 68          	movups 0x68(%rdi),%xmm0
  6325ad:	0f 29 84 24 c0 0a 00 	movaps %xmm0,0xac0(%rsp)
  6325b4:	00 
  6325b5:	0f 10 47 58          	movups 0x58(%rdi),%xmm0
  6325b9:	0f 29 84 24 b0 0a 00 	movaps %xmm0,0xab0(%rsp)
  6325c0:	00 
  6325c1:	0f 10 47 48          	movups 0x48(%rdi),%xmm0
  6325c5:	0f 29 84 24 a0 0a 00 	movaps %xmm0,0xaa0(%rsp)
  6325cc:	00 
  6325cd:	0f 10 47 38          	movups 0x38(%rdi),%xmm0
  6325d1:	0f 29 84 24 90 0a 00 	movaps %xmm0,0xa90(%rsp)
  6325d8:	00 
  6325d9:	0f 10 47 28          	movups 0x28(%rdi),%xmm0
  6325dd:	0f 29 84 24 80 0a 00 	movaps %xmm0,0xa80(%rsp)
  6325e4:	00 
  6325e5:	0f 10 47 18          	movups 0x18(%rdi),%xmm0
  6325e9:	0f 29 84 24 70 0a 00 	movaps %xmm0,0xa70(%rsp)
  6325f0:	00 
  6325f1:	48 85 c0             	test   %rax,%rax
  6325f4:	74 41                	je     632637 <fe2o3_kfd::engineering_gfx950::peer::combined_mlp_state_v1::tests::native::paired::interleaved::interleaved_exercise+0x887>
  6325f6:	48 89 c1             	mov    %rax,%rcx
  6325f9:	48 c1 e9 3b          	shr    $0x3b,%rcx
  6325fd:	8b ac 24 e8 00 00 00 	mov    0xe8(%rsp),%ebp
  632604:	0f 85 f3 07 00 00    	jne    632dfd <fe2o3_kfd::engineering_gfx950::peer::combined_mlp_state_v1::tests::native::paired::interleaved::interleaved_exercise+0x104d>
  63260a:	48 b9 ff ff ff ff ff 	movabs $0x3ffffffffffffff,%rcx
  632611:	ff ff 03 
  632614:	48 39 c8             	cmp    %rcx,%rax
  632617:	0f 87 12 07 00 00    	ja     632d2f <fe2o3_kfd::engineering_gfx950::peer::combined_mlp_state_v1::tests::native::paired::interleaved::interleaved_exercise+0xf7f>
  63261d:	48 c1 e0 05          	shl    $0x5,%rax
  632621:	48 c7 84 24 00 02 00 	movq   $0x8,0x200(%rsp)
  632628:	00 08 00 00 00 
  63262d:	48 8d 8c 24 10 08 00 	lea    0x810(%rsp),%rcx
  632634:	00 
  632635:	eb 11                	jmp    632648 <fe2o3_kfd::engineering_gfx950::peer::combined_mlp_state_v1::tests::native::paired::interleaved::interleaved_exercise+0x898>
  632637:	48 8d 8c 24 00 02 00 	lea    0x200(%rsp),%rcx
  63263e:	00 
  63263f:	31 c0                	xor    %eax,%eax
  632641:	8b ac 24 e8 00 00 00 	mov    0xe8(%rsp),%ebp
  632648:	48 89 01             	mov    %rax,(%rcx)
  63264b:	48 8b 94 24 00 02 00 	mov    0x200(%rsp),%rdx
  632652:	00 
  632653:	48 85 d2             	test   %rdx,%rdx
  632656:	74 13                	je     63266b <fe2o3_kfd::engineering_gfx950::peer::combined_mlp_state_v1::tests::native::paired::interleaved::interleaved_exercise+0x8bb>
  632658:	48 8b b4 24 10 08 00 	mov    0x810(%rsp),%rsi
  63265f:	00 
  632660:	48 85 f6             	test   %rsi,%rsi
  632663:	74 06                	je     63266b <fe2o3_kfd::engineering_gfx950::peer::combined_mlp_state_v1::tests::native::paired::interleaved::interleaved_exercise+0x8bb>
  632665:	ff 15 1d 8c 27 00    	call   *0x278c1d(%rip)        # 8ab288 <_DYNAMIC+0x240>
  63266b:	0f 28 84 24 70 0a 00 	movaps 0xa70(%rsp),%xmm0
  632672:	00 
  632673:	0f 28 8c 24 80 0a 00 	movaps 0xa80(%rsp),%xmm1
  63267a:	00 
  63267b:	0f 28 94 24 90 0a 00 	movaps 0xa90(%rsp),%xmm2
  632682:	00 
  632683:	0f 28 9c 24 a0 0a 00 	movaps 0xaa0(%rsp),%xmm3
  63268a:	00 
  63268b:	0f 29 84 24 a0 09 00 	movaps %xmm0,0x9a0(%rsp)
  632692:	00 
  632693:	0f 29 8c 24 b0 09 00 	movaps %xmm1,0x9b0(%rsp)
  63269a:	00 
  63269b:	0f 29 94 24 c0 09 00 	movaps %xmm2,0x9c0(%rsp)
  6326a2:	00 
  6326a3:	0f 29 9c 24 d0 09 00 	movaps %xmm3,0x9d0(%rsp)
  6326aa:	00 
  6326ab:	0f 28 84 24 b0 0a 00 	movaps 0xab0(%rsp),%xmm0
  6326b2:	00 
  6326b3:	0f 29 84 24 e0 09 00 	movaps %xmm0,0x9e0(%rsp)
  6326ba:	00 
  6326bb:	0f 28 84 24 c0 0a 00 	movaps 0xac0(%rsp),%xmm0
  6326c2:	00 
  6326c3:	0f 29 84 24 f0 09 00 	movaps %xmm0,0x9f0(%rsp)
  6326ca:	00 
  6326cb:	48 8b 84 24 d0 0a 00 	mov    0xad0(%rsp),%rax
  6326d2:	00 
  6326d3:	48 89 84 24 00 0a 00 	mov    %rax,0xa00(%rsp)
  6326da:	00 
  6326db:	4c 8b a4 24 d8 01 00 	mov    0x1d8(%rsp),%r12
  6326e2:	00 
  6326e3:	4c 3b a4 24 c8 01 00 	cmp    0x1c8(%rsp),%r12
  6326ea:	00 
  6326eb:	75 0d                	jne    6326fa <fe2o3_kfd::engineering_gfx950::peer::combined_mlp_state_v1::tests::native::paired::interleaved::interleaved_exercise+0x94a>
  6326ed:	48 8d bc 24 c8 01 00 	lea    0x1c8(%rsp),%rdi
  6326f4:	00 
  6326f5:	e8 06 64 f2 ff       	call   558b00 <<alloc::raw_vec::RawVec<[fe2o3_kfd::engineering_gfx950::peer::Gfx950EngineeringPeerBufferV1; 4]>>::grow_one>
  6326fa:	48 8b 84 24 d0 01 00 	mov    0x1d0(%rsp),%rax
  632701:	00 
  632702:	4c 89 e1             	mov    %r12,%rcx
  632705:	48 c1 e1 07          	shl    $0x7,%rcx
  632709:	48 89 1c 08          	mov    %rbx,(%rax,%rcx,1)
  63270d:	4c 89 74 08 08       	mov    %r14,0x8(%rax,%rcx,1)
  632712:	4c 89 7c 08 10       	mov    %r15,0x10(%rax,%rcx,1)
  632717:	0f 28 84 24 a0 09 00 	movaps 0x9a0(%rsp),%xmm0
  63271e:	00 
  63271f:	0f 28 8c 24 b0 09 00 	movaps 0x9b0(%rsp),%xmm1
  632726:	00 
  632727:	0f 28 94 24 c0 09 00 	movaps 0x9c0(%rsp),%xmm2
  63272e:	00 
  63272f:	0f 28 9c 24 d0 09 00 	movaps 0x9d0(%rsp),%xmm3
  632736:	00 
  632737:	0f 11 44 08 18       	movups %xmm0,0x18(%rax,%rcx,1)
  63273c:	0f 11 4c 08 28       	movups %xmm1,0x28(%rax,%rcx,1)
  632741:	0f 11 54 08 38       	movups %xmm2,0x38(%rax,%rcx,1)
  632746:	0f 11 5c 08 48       	movups %xmm3,0x48(%rax,%rcx,1)
  63274b:	0f 28 84 24 e0 09 00 	movaps 0x9e0(%rsp),%xmm0
  632752:	00 
  632753:	0f 11 44 08 58       	movups %xmm0,0x58(%rax,%rcx,1)
  632758:	0f 28 84 24 f0 09 00 	movaps 0x9f0(%rsp),%xmm0
  63275f:	00 
  632760:	0f 11 44 08 68       	movups %xmm0,0x68(%rax,%rcx,1)
  632765:	48 8b 94 24 00 0a 00 	mov    0xa00(%rsp),%rdx
  63276c:	00 
  63276d:	48 89 54 08 78       	mov    %rdx,0x78(%rax,%rcx,1)
  632772:	49 ff c4             	inc    %r12
  632775:	4c 89 a4 24 d8 01 00 	mov    %r12,0x1d8(%rsp)
  63277c:	00 
  63277d:	b8 01 00 00 00       	mov    $0x1,%eax
  632782:	48 89 84 24 10 01 00 	mov    %rax,0x110(%rsp)
  632789:	00 
  63278a:	40 f6 c5 01          	test   $0x1,%bpl
  63278e:	b8 00 00 00 00       	mov    $0x0,%eax
  632793:	4c 8b 84 24 30 01 00 	mov    0x130(%rsp),%r8
  63279a:	00 
  63279b:	48 8b 5c 24 58       	mov    0x58(%rsp),%rbx
  6327a0:	4c 8d b4 24 78 0a 00 	lea    0xa78(%rsp),%r14
  6327a7:	00 
  6327a8:	48 8b 8c 24 e0 00 00 	mov    0xe0(%rsp),%rcx
  6327af:	00 
  6327b0:	48 8d 15 59 62 bb ff 	lea    -0x449da7(%rip),%rdx        # 1e8a10 <anon.d17fe627e5d324ea66c61125bb898512.600.llvm.4602735538015308864+0x58>
  6327b7:	48 8d 35 86 62 bb ff 	lea    -0x449d7a(%rip),%rsi        # 1e8a44 <anon.d17fe627e5d324ea66c61125bb898512.600.llvm.4602735538015308864+0x8c>
  6327be:	48 8d 3d a9 62 bb ff 	lea    -0x449d57(%rip),%rdi        # 1e8a6e <anon.d17fe627e5d324ea66c61125bb898512.600.llvm.4602735538015308864+0xb6>
  6327c5:	4c 8d 0d c1 62 bb ff 	lea    -0x449d3f(%rip),%r9        # 1e8a8d <anon.d17fe627e5d324ea66c61125bb898512.600.llvm.4602735538015308864+0xd5>
  6327cc:	0f 85 cb f6 ff ff    	jne    631e9d <fe2o3_kfd::engineering_gfx950::peer::combined_mlp_state_v1::tests::native::paired::interleaved::interleaved_exercise+0xed>
  6327d2:	48 8d 0d b7 8f a6 ff 	lea    -0x597049(%rip),%rcx        # 9b790 <anon.180aee9bb8e9d9ee52cb91d891d40ed2.352.llvm.16613476246738148015>
  6327d9:	48 8d bc 24 70 0a 00 	lea    0xa70(%rsp),%rdi
  6327e0:	00 
  6327e1:	41 b8 01 00 00 00    	mov    $0x1,%r8d
  6327e7:	41 b9 00 40 00 00    	mov    $0x4000,%r9d
  6327ed:	48 89 de             	mov    %rbx,%rsi
  6327f0:	31 d2                	xor    %edx,%edx
  6327f2:	e8 59 5d fe ff       	call   618550 <<fe2o3_kfd::engineering_gfx950::peer::Gfx950EngineeringPeerGroupV1>::allocate>
  6327f7:	83 bc 24 70 0a 00 00 	cmpl   $0x1,0xa70(%rsp)
  6327fe:	01 
  6327ff:	0f 85 c2 04 00 00    	jne    632cc7 <fe2o3_kfd::engineering_gfx950::peer::combined_mlp_state_v1::tests::native::paired::interleaved::interleaved_exercise+0xf17>
  632805:	49 8b 46 10          	mov    0x10(%r14),%rax
  632809:	48 89 84 24 60 07 00 	mov    %rax,0x760(%rsp)
  632810:	00 
  632811:	41 0f 10 06          	movups (%r14),%xmm0
  632815:	0f 29 84 24 50 07 00 	movaps %xmm0,0x750(%rsp)
  63281c:	00 
  63281d:	e9 cd 05 00 00       	jmp    632def <fe2o3_kfd::engineering_gfx950::peer::combined_mlp_state_v1::tests::native::paired::interleaved::interleaved_exercise+0x103f>
  632822:	45 31 ed             	xor    %r13d,%r13d
  632825:	4c 89 ef             	mov    %r13,%rdi
  632828:	4c 89 e6             	mov    %r12,%rsi
  63282b:	ff 15 9f 8a 27 00    	call   *0x278a9f(%rip)        # 8ab2d0 <_DYNAMIC+0x288>
  632831:	e9 b1 4a 00 00       	jmp    6372e7 <fe2o3_kfd::engineering_gfx950::peer::combined_mlp_state_v1::tests::native::paired::interleaved::interleaved_exercise+0x5537>
  632836:	31 ff                	xor    %edi,%edi
  632838:	48 8b b4 24 d8 00 00 	mov    0xd8(%rsp),%rsi
  63283f:	00 
  632840:	ff 15 8a 8a 27 00    	call   *0x278a8a(%rip)        # 8ab2d0 <_DYNAMIC+0x288>
  632846:	e9 9c 4a 00 00       	jmp    6372e7 <fe2o3_kfd::engineering_gfx950::peer::combined_mlp_state_v1::tests::native::paired::interleaved::interleaved_exercise+0x5537>
  63284b:	48 8d 8c 24 78 0a 00 	lea    0xa78(%rsp),%rcx
  632852:	00 
  632853:	48 8b 41 10          	mov    0x10(%rcx),%rax
  632857:	48 89 84 24 10 02 00 	mov    %rax,0x210(%rsp)
  63285e:	00 
  63285f:	0f 10 01             	movups (%rcx),%xmm0
  632862:	0f 29 84 24 00 02 00 	movaps %xmm0,0x200(%rsp)
  632869:	00 
  63286a:	49 89 45 18          	mov    %rax,0x18(%r13)
  63286e:	eb 14                	jmp    632884 <fe2o3_kfd::engineering_gfx950::peer::combined_mlp_state_v1::tests::native::paired::interleaved::interleaved_exercise+0xad4>
  632870:	48 8b 84 24 10 02 00 	mov    0x210(%rsp),%rax
  632877:	00 
  632878:	49 89 45 18          	mov    %rax,0x18(%r13)
  63287c:	0f 28 84 24 00 02 00 	movaps 0x200(%rsp),%xmm0
  632883:	00 
  632884:	41 0f 11 45 08       	movups %xmm0,0x8(%r13)
  632889:	41 c6 45 00 06       	movb   $0x6,0x0(%r13)
  63288e:	48 8b 44 24 10       	mov    0x10(%rsp),%rax
  632893:	48 85 c0             	test   %rax,%rax
  632896:	0f 84 f7 00 00 00    	je     632993 <fe2o3_kfd::engineering_gfx950::peer::combined_mlp_state_v1::tests::native::paired::interleaved::interleaved_exercise+0xbe3>
  63289c:	48 89 c1             	mov    %rax,%rcx
  63289f:	48 c1 e9 3b          	shr    $0x3b,%rcx
  6328a3:	0f 85 54 05 00 00    	jne    632dfd <fe2o3_kfd::engineering_gfx950::peer::combined_mlp_state_v1::tests::native::paired::interleaved::interleaved_exercise+0x104d>
  6328a9:	48 89 c1             	mov    %rax,%rcx
  6328ac:	48 c1 e9 3a          	shr    $0x3a,%rcx
  6328b0:	0f 85 79 04 00 00    	jne    632d2f <fe2o3_kfd::engineering_gfx950::peer::combined_mlp_state_v1::tests::native::paired::interleaved::interleaved_exercise+0xf7f>
  6328b6:	48 c1 e0 05          	shl    $0x5,%rax
  6328ba:	48 8b 7c 24 18       	mov    0x18(%rsp),%rdi
  6328bf:	e9 b9 00 00 00       	jmp    63297d <fe2o3_kfd::engineering_gfx950::peer::combined_mlp_state_v1::tests::native::paired::interleaved::interleaved_exercise+0xbcd>
  6328c4:	48 8b 84 24 20 08 00 	mov    0x820(%rsp),%rax
  6328cb:	00 
  6328cc:	49 89 45 18          	mov    %rax,0x18(%r13)
  6328d0:	0f 10 84 24 10 08 00 	movups 0x810(%rsp),%xmm0
  6328d7:	00 
  6328d8:	41 0f 11 45 08       	movups %xmm0,0x8(%r13)
  6328dd:	41 c6 45 00 06       	movb   $0x6,0x0(%r13)
  6328e2:	4d 85 ff             	test   %r15,%r15
  6328e5:	0f 84 19 02 00 00    	je     632b04 <fe2o3_kfd::engineering_gfx950::peer::combined_mlp_state_v1::tests::native::paired::interleaved::interleaved_exercise+0xd54>
  6328eb:	48 c7 84 24 70 0a 00 	movq   $0x1,0xa70(%rsp)
  6328f2:	00 01 00 00 00 
  6328f7:	48 8d 84 24 10 08 00 	lea    0x810(%rsp),%rax
  6328fe:	00 
  6328ff:	e9 08 02 00 00       	jmp    632b0c <fe2o3_kfd::engineering_gfx950::peer::combined_mlp_state_v1::tests::native::paired::interleaved::interleaved_exercise+0xd5c>
  632904:	48 8b 84 24 90 00 00 	mov    0x90(%rsp),%rax
  63290b:	00 
  63290c:	4c 8b ac 24 00 06 00 	mov    0x600(%rsp),%r13
  632913:	00 
  632914:	49 89 45 18          	mov    %rax,0x18(%r13)
  632918:	0f 28 84 24 80 00 00 	movaps 0x80(%rsp),%xmm0
  63291f:	00 
  632920:	41 0f 11 45 08       	movups %xmm0,0x8(%r13)
  632925:	41 c6 45 00 06       	movb   $0x6,0x0(%r13)
  63292a:	48 8d bc 24 a0 00 00 	lea    0xa0(%rsp),%rdi
  632931:	00 
  632932:	e8 59 09 db ff       	call   3e3290 <<alloc::vec::Vec<fe2o3_kfd::engineering_gfx950::peer::Gfx950EngineeringPeerKernelV1> as core::ops::drop::Drop>::drop>
  632937:	48 8b 84 24 a0 00 00 	mov    0xa0(%rsp),%rax
  63293e:	00 
  63293f:	48 85 c0             	test   %rax,%rax
  632942:	74 4f                	je     632993 <fe2o3_kfd::engineering_gfx950::peer::combined_mlp_state_v1::tests::native::paired::interleaved::interleaved_exercise+0xbe3>
  632944:	48 b9 e1 e1 e1 e1 e1 	movabs $0x1e1e1e1e1e1e1e1,%rcx
  63294b:	e1 e1 01 
  63294e:	48 39 c8             	cmp    %rcx,%rax
  632951:	0f 87 a6 04 00 00    	ja     632dfd <fe2o3_kfd::engineering_gfx950::peer::combined_mlp_state_v1::tests::native::paired::interleaved::interleaved_exercise+0x104d>
  632957:	48 b9 f0 f0 f0 f0 f0 	movabs $0xf0f0f0f0f0f0f0,%rcx
  63295e:	f0 f0 00 
  632961:	48 39 c8             	cmp    %rcx,%rax
  632964:	0f 87 c5 03 00 00    	ja     632d2f <fe2o3_kfd::engineering_gfx950::peer::combined_mlp_state_v1::tests::native::paired::interleaved::interleaved_exercise+0xf7f>
  63296a:	48 89 c1             	mov    %rax,%rcx
  63296d:	48 c1 e1 07          	shl    $0x7,%rcx
  632971:	48 8d 04 c1          	lea    (%rcx,%rax,8),%rax
  632975:	48 8b bc 24 a8 00 00 	mov    0xa8(%rsp),%rdi
  63297c:	00 
  63297d:	48 c7 84 24 70 0a 00 	movq   $0x8,0xa70(%rsp)
  632984:	00 08 00 00 00 
  632989:	48 8d 8c 24 00 02 00 	lea    0x200(%rsp),%rcx
  632990:	00 
  632991:	eb 0a                	jmp    63299d <fe2o3_kfd::engineering_gfx950::peer::combined_mlp_state_v1::tests::native::paired::interleaved::interleaved_exercise+0xbed>
  632993:	48 8d 8c 24 70 0a 00 	lea    0xa70(%rsp),%rcx
  63299a:	00 
  63299b:	31 c0                	xor    %eax,%eax
  63299d:	48 89 01             	mov    %rax,(%rcx)
  6329a0:	48 8b 94 24 70 0a 00 	mov    0xa70(%rsp),%rdx
  6329a7:	00 
  6329a8:	48 85 d2             	test   %rdx,%rdx
  6329ab:	74 13                	je     6329c0 <fe2o3_kfd::engineering_gfx950::peer::combined_mlp_state_v1::tests::native::paired::interleaved::interleaved_exercise+0xc10>
  6329ad:	48 8b b4 24 00 02 00 	mov    0x200(%rsp),%rsi
  6329b4:	00 
  6329b5:	48 85 f6             	test   %rsi,%rsi
  6329b8:	74 06                	je     6329c0 <fe2o3_kfd::engineering_gfx950::peer::combined_mlp_state_v1::tests::native::paired::interleaved::interleaved_exercise+0xc10>
  6329ba:	ff 15 c8 88 27 00    	call   *0x2788c8(%rip)        # 8ab288 <_DYNAMIC+0x240>
  6329c0:	48 8b 84 24 c8 01 00 	mov    0x1c8(%rsp),%rax
  6329c7:	00 
  6329c8:	48 85 c0             	test   %rax,%rax
  6329cb:	74 3c                	je     632a09 <fe2o3_kfd::engineering_gfx950::peer::combined_mlp_state_v1::tests::native::paired::interleaved::interleaved_exercise+0xc59>
  6329cd:	48 89 c1             	mov    %rax,%rcx
  6329d0:	48 c1 e9 39          	shr    $0x39,%rcx
  6329d4:	0f 85 23 04 00 00    	jne    632dfd <fe2o3_kfd::engineering_gfx950::peer::combined_mlp_state_v1::tests::native::paired::interleaved::interleaved_exercise+0x104d>
  6329da:	48 89 c1             	mov    %rax,%rcx
  6329dd:	48 c1 e9 38          	shr    $0x38,%rcx
  6329e1:	0f 85 48 03 00 00    	jne    632d2f <fe2o3_kfd::engineering_gfx950::peer::combined_mlp_state_v1::tests::native::paired::interleaved::interleaved_exercise+0xf7f>
  6329e7:	48 c1 e0 07          	shl    $0x7,%rax
  6329eb:	48 8b bc 24 d0 01 00 	mov    0x1d0(%rsp),%rdi
  6329f2:	00 
  6329f3:	48 c7 84 24 70 0a 00 	movq   $0x8,0xa70(%rsp)
  6329fa:	00 08 00 00 00 
  6329ff:	48 8d 8c 24 00 02 00 	lea    0x200(%rsp),%rcx
  632a06:	00 
  632a07:	eb 0a                	jmp    632a13 <fe2o3_kfd::engineering_gfx950::peer::combined_mlp_state_v1::tests::native::paired::interleaved::interleaved_exercise+0xc63>
  632a09:	48 8d 8c 24 70 0a 00 	lea    0xa70(%rsp),%rcx
  632a10:	00 
  632a11:	31 c0                	xor    %eax,%eax
  632a13:	48 89 01             	mov    %rax,(%rcx)
  632a16:	48 8b 94 24 70 0a 00 	mov    0xa70(%rsp),%rdx
  632a1d:	00 
  632a1e:	48 85 d2             	test   %rdx,%rdx
  632a21:	74 13                	je     632a36 <fe2o3_kfd::engineering_gfx950::peer::combined_mlp_state_v1::tests::native::paired::interleaved::interleaved_exercise+0xc86>
  632a23:	48 8b b4 24 00 02 00 	mov    0x200(%rsp),%rsi
  632a2a:	00 
  632a2b:	48 85 f6             	test   %rsi,%rsi
  632a2e:	74 06                	je     632a36 <fe2o3_kfd::engineering_gfx950::peer::combined_mlp_state_v1::tests::native::paired::interleaved::interleaved_exercise+0xc86>
  632a30:	ff 15 52 88 27 00    	call   *0x278852(%rip)        # 8ab288 <_DYNAMIC+0x240>
  632a36:	48 8b bc 24 48 01 00 	mov    0x148(%rsp),%rdi
  632a3d:	00 
  632a3e:	4c 8b bc 24 50 01 00 	mov    0x150(%rsp),%r15
  632a45:	00 
  632a46:	49 ff c7             	inc    %r15
  632a49:	0f 1f 80 00 00 00 00 	nopl   0x0(%rax)
  632a50:	49 83 ff 01          	cmp    $0x1,%r15
  632a54:	74 14                	je     632a6a <fe2o3_kfd::engineering_gfx950::peer::combined_mlp_state_v1::tests::native::paired::interleaved::interleaved_exercise+0xcba>
  632a56:	4c 8d b7 20 02 00 00 	lea    0x220(%rdi),%r14
  632a5d:	49 ff cf             	dec    %r15
  632a60:	e8 fb 24 d9 ff       	call   3c4f60 <core::ptr::drop_in_place::<[fe2o3_kfd::engineering_gfx950::peer::Gfx950EngineeringPeerKernelV1; 4]>>
  632a65:	4c 89 f7             	mov    %r14,%rdi
  632a68:	eb e6                	jmp    632a50 <fe2o3_kfd::engineering_gfx950::peer::combined_mlp_state_v1::tests::native::paired::interleaved::interleaved_exercise+0xca0>
  632a6a:	48 8b 84 24 40 01 00 	mov    0x140(%rsp),%rax
  632a71:	00 
  632a72:	48 85 c0             	test   %rax,%rax
  632a75:	74 4b                	je     632ac2 <fe2o3_kfd::engineering_gfx950::peer::combined_mlp_state_v1::tests::native::paired::interleaved::interleaved_exercise+0xd12>
  632a77:	48 b9 79 78 78 78 78 	movabs $0x78787878787879,%rcx
  632a7e:	78 78 00 
  632a81:	48 39 c8             	cmp    %rcx,%rax
  632a84:	0f 83 73 03 00 00    	jae    632dfd <fe2o3_kfd::engineering_gfx950::peer::combined_mlp_state_v1::tests::native::paired::interleaved::interleaved_exercise+0x104d>
  632a8a:	48 b9 3d 3c 3c 3c 3c 	movabs $0x3c3c3c3c3c3c3d,%rcx
  632a91:	3c 3c 00 
  632a94:	48 39 c8             	cmp    %rcx,%rax
  632a97:	0f 83 92 02 00 00    	jae    632d2f <fe2o3_kfd::engineering_gfx950::peer::combined_mlp_state_v1::tests::native::paired::interleaved::interleaved_exercise+0xf7f>
  632a9d:	48 69 c0 20 02 00 00 	imul   $0x220,%rax,%rax
  632aa4:	48 8b bc 24 48 01 00 	mov    0x148(%rsp),%rdi
  632aab:	00 
  632aac:	48 c7 84 24 70 0a 00 	movq   $0x8,0xa70(%rsp)
  632ab3:	00 08 00 00 00 
  632ab8:	48 8d 8c 24 00 02 00 	lea    0x200(%rsp),%rcx
  632abf:	00 
  632ac0:	eb 0a                	jmp    632acc <fe2o3_kfd::engineering_gfx950::peer::combined_mlp_state_v1::tests::native::paired::interleaved::interleaved_exercise+0xd1c>
  632ac2:	48 8d 8c 24 70 0a 00 	lea    0xa70(%rsp),%rcx
  632ac9:	00 
  632aca:	31 c0                	xor    %eax,%eax
  632acc:	48 89 01             	mov    %rax,(%rcx)
  632acf:	48 8b 94 24 70 0a 00 	mov    0xa70(%rsp),%rdx
  632ad6:	00 
  632ad7:	48 85 d2             	test   %rdx,%rdx
  632ada:	74 13                	je     632aef <fe2o3_kfd::engineering_gfx950::peer::combined_mlp_state_v1::tests::native::paired::interleaved::interleaved_exercise+0xd3f>
  632adc:	48 8b b4 24 00 02 00 	mov    0x200(%rsp),%rsi
  632ae3:	00 
  632ae4:	48 85 f6             	test   %rsi,%rsi
  632ae7:	74 06                	je     632aef <fe2o3_kfd::engineering_gfx950::peer::combined_mlp_state_v1::tests::native::paired::interleaved::interleaved_exercise+0xd3f>
  632ae9:	ff 15 99 87 27 00    	call   *0x278799(%rip)        # 8ab288 <_DYNAMIC+0x240>
  632aef:	4c 89 e8             	mov    %r13,%rax
  632af2:	48 81 c4 78 68 00 00 	add    $0x6878,%rsp
  632af9:	5b                   	pop    %rbx
  632afa:	41 5c                	pop    %r12
  632afc:	41 5d                	pop    %r13
  632afe:	41 5e                	pop    %r14
  632b00:	41 5f                	pop    %r15
  632b02:	5d                   	pop    %rbp
  632b03:	c3                   	ret
  632b04:	48 8d 84 24 70 0a 00 	lea    0xa70(%rsp),%rax
  632b0b:	00 
  632b0c:	4c 89 38             	mov    %r15,(%rax)
  632b0f:	48 8b 94 24 70 0a 00 	mov    0xa70(%rsp),%rdx
  632b16:	00 
  632b17:	48 85 d2             	test   %rdx,%rdx
  632b1a:	0f 84 6e fd ff ff    	je     63288e <fe2o3_kfd::engineering_gfx950::peer::combined_mlp_state_v1::tests::native::paired::interleaved::interleaved_exercise+0xade>
  632b20:	48 8b b4 24 10 08 00 	mov    0x810(%rsp),%rsi
  632b27:	00 
  632b28:	48 85 f6             	test   %rsi,%rsi
  632b2b:	0f 84 5d fd ff ff    	je     63288e <fe2o3_kfd::engineering_gfx950::peer::combined_mlp_state_v1::tests::native::paired::interleaved::interleaved_exercise+0xade>
  632b31:	4c 89 f7             	mov    %r14,%rdi
  632b34:	ff 15 4e 87 27 00    	call   *0x27874e(%rip)        # 8ab288 <_DYNAMIC+0x240>
  632b3a:	e9 4f fd ff ff       	jmp    63288e <fe2o3_kfd::engineering_gfx950::peer::combined_mlp_state_v1::tests::native::paired::interleaved::interleaved_exercise+0xade>
  632b3f:	4c 8b b4 24 00 02 00 	mov    0x200(%rsp),%r14
  632b46:	00 
  632b47:	48 8b ac 24 08 02 00 	mov    0x208(%rsp),%rbp
  632b4e:	00 
  632b4f:	4c 89 b4 24 00 02 00 	mov    %r14,0x200(%rsp)
  632b56:	00 
  632b57:	48 89 ac 24 08 02 00 	mov    %rbp,0x208(%rsp)
  632b5e:	00 
  632b5f:	4c 89 bc 24 10 02 00 	mov    %r15,0x210(%rsp)
  632b66:	00 
  632b67:	48 8d bc 24 00 02 00 	lea    0x200(%rsp),%rdi
  632b6e:	00 
  632b6f:	e8 1c 07 db ff       	call   3e3290 <<alloc::vec::Vec<fe2o3_kfd::engineering_gfx950::peer::Gfx950EngineeringPeerKernelV1> as core::ops::drop::Drop>::drop>
  632b74:	4d 85 f6             	test   %r14,%r14
  632b77:	74 44                	je     632bbd <fe2o3_kfd::engineering_gfx950::peer::combined_mlp_state_v1::tests::native::paired::interleaved::interleaved_exercise+0xe0d>
  632b79:	48 b8 e1 e1 e1 e1 e1 	movabs $0x1e1e1e1e1e1e1e1,%rax
  632b80:	e1 e1 01 
  632b83:	49 39 c6             	cmp    %rax,%r14
  632b86:	0f 87 71 02 00 00    	ja     632dfd <fe2o3_kfd::engineering_gfx950::peer::combined_mlp_state_v1::tests::native::paired::interleaved::interleaved_exercise+0x104d>
  632b8c:	48 b8 f0 f0 f0 f0 f0 	movabs $0xf0f0f0f0f0f0f0,%rax
  632b93:	f0 f0 00 
  632b96:	49 39 c6             	cmp    %rax,%r14
  632b99:	0f 87 90 01 00 00    	ja     632d2f <fe2o3_kfd::engineering_gfx950::peer::combined_mlp_state_v1::tests::native::paired::interleaved::interleaved_exercise+0xf7f>
  632b9f:	4c 89 f0             	mov    %r14,%rax
  632ba2:	48 c1 e0 07          	shl    $0x7,%rax
  632ba6:	4a 8d 04 f0          	lea    (%rax,%r14,8),%rax
  632baa:	48 c7 84 24 10 08 00 	movq   $0x8,0x810(%rsp)
  632bb1:	00 08 00 00 00 
  632bb6:	48 8d 4c 24 10       	lea    0x10(%rsp),%rcx
  632bbb:	eb 0a                	jmp    632bc7 <fe2o3_kfd::engineering_gfx950::peer::combined_mlp_state_v1::tests::native::paired::interleaved::interleaved_exercise+0xe17>
  632bbd:	48 8d 8c 24 10 08 00 	lea    0x810(%rsp),%rcx
  632bc4:	00 
  632bc5:	31 c0                	xor    %eax,%eax
  632bc7:	48 89 01             	mov    %rax,(%rcx)
  632bca:	48 8b 94 24 10 08 00 	mov    0x810(%rsp),%rdx
  632bd1:	00 
  632bd2:	48 85 d2             	test   %rdx,%rdx
  632bd5:	74 13                	je     632bea <fe2o3_kfd::engineering_gfx950::peer::combined_mlp_state_v1::tests::native::paired::interleaved::interleaved_exercise+0xe3a>
  632bd7:	48 8b 74 24 10       	mov    0x10(%rsp),%rsi
  632bdc:	48 85 f6             	test   %rsi,%rsi
  632bdf:	74 09                	je     632bea <fe2o3_kfd::engineering_gfx950::peer::combined_mlp_state_v1::tests::native::paired::interleaved::interleaved_exercise+0xe3a>
  632be1:	48 89 ef             	mov    %rbp,%rdi
  632be4:	ff 15 9e 86 27 00    	call   *0x27869e(%rip)        # 8ab288 <_DYNAMIC+0x240>
  632bea:	ff 15 c8 86 27 00    	call   *0x2786c8(%rip)        # 8ab2b8 <_DYNAMIC+0x270>
  632bf0:	bf 18 00 00 00       	mov    $0x18,%edi
  632bf5:	be 01 00 00 00       	mov    $0x1,%esi
  632bfa:	ff 15 c0 86 27 00    	call   *0x2786c0(%rip)        # 8ab2c0 <_DYNAMIC+0x278>
  632c00:	48 85 c0             	test   %rax,%rax
  632c03:	0f 84 d0 0d 00 00    	je     6339d9 <fe2o3_kfd::engineering_gfx950::peer::combined_mlp_state_v1::tests::native::paired::interleaved::interleaved_exercise+0x1c29>
  632c09:	48 8d 0d af fc ba ff 	lea    -0x450351(%rip),%rcx        # 1e28bf <anon.d17fe627e5d324ea66c61125bb898512.82.llvm.4602735538015308864+0x3a0>
  632c10:	48 89 c2             	mov    %rax,%rdx
  632c13:	48 29 ca             	sub    %rcx,%rdx
  632c16:	48 29 c1             	sub    %rax,%rcx
  632c19:	48 0f 42 ca          	cmovb  %rdx,%rcx
  632c1d:	48 83 f9 17          	cmp    $0x17,%rcx
  632c21:	0f 86 23 01 00 00    	jbe    632d4a <fe2o3_kfd::engineering_gfx950::peer::combined_mlp_state_v1::tests::native::paired::interleaved::interleaved_exercise+0xf9a>
  632c27:	0f 10 05 91 fc ba ff 	movups -0x45036f(%rip),%xmm0        # 1e28bf <anon.d17fe627e5d324ea66c61125bb898512.82.llvm.4602735538015308864+0x3a0>
  632c2e:	0f 11 00             	movups %xmm0,(%rax)
  632c31:	48 b9 65 6c 20 63 6f 	movabs $0x746e756f63206c65,%rcx
  632c38:	75 6e 74 
  632c3b:	48 89 48 10          	mov    %rcx,0x10(%rax)
  632c3f:	49 c7 45 08 18 00 00 	movq   $0x18,0x8(%r13)
  632c46:	00 
  632c47:	49 89 45 10          	mov    %rax,0x10(%r13)
  632c4b:	49 c7 45 18 18 00 00 	movq   $0x18,0x18(%r13)
  632c52:	00 
  632c53:	41 c6 45 00 06       	movb   $0x6,0x0(%r13)
  632c58:	e9 63 fd ff ff       	jmp    6329c0 <fe2o3_kfd::engineering_gfx950::peer::combined_mlp_state_v1::tests::native::paired::interleaved::interleaved_exercise+0xc10>
  632c5d:	48 89 84 24 00 02 00 	mov    %rax,0x200(%rsp)
  632c64:	00 
  632c65:	48 89 bc 24 08 02 00 	mov    %rdi,0x208(%rsp)
  632c6c:	00 
  632c6d:	4c 89 b4 24 10 02 00 	mov    %r14,0x210(%rsp)
  632c74:	00 
  632c75:	48 8d bc 24 00 02 00 	lea    0x200(%rsp),%rdi
  632c7c:	00 
  632c7d:	e8 5e c6 fd ff       	call   60f2e0 <fe2o3_kfd::engineering_gfx950::peer::combined_mlp_state_v1::tests::native::paired::paired_exercise::{closure#0}>
  632c82:	48 8d 35 9a fc ba ff 	lea    -0x450366(%rip),%rsi        # 1e2923 <anon.d17fe627e5d324ea66c61125bb898512.82.llvm.4602735538015308864+0x404>
  632c89:	48 8d bc 24 70 0a 00 	lea    0xa70(%rsp),%rdi
  632c90:	00 
  632c91:	ba 1d 00 00 00       	mov    $0x1d,%edx
  632c96:	e8 55 c3 fd ff       	call   60eff0 <<u8 as <[_]>::to_vec_in::ConvertVec>::to_vec::<alloc::alloc::Global>>
  632c9b:	48 8b 84 24 80 0a 00 	mov    0xa80(%rsp),%rax
  632ca2:	00 
  632ca3:	49 89 45 18          	mov    %rax,0x18(%r13)
  632ca7:	0f 10 84 24 70 0a 00 	movups 0xa70(%rsp),%xmm0
  632cae:	00 
  632caf:	e9 3f 01 00 00       	jmp    632df3 <fe2o3_kfd::engineering_gfx950::peer::combined_mlp_state_v1::tests::native::paired::interleaved::interleaved_exercise+0x1043>
  632cb4:	48 8d 3d 73 0d a8 ff 	lea    -0x57f28d(%rip),%rdi        # b3a2e <anon.86c78ed1c8959f349c30a30deedc552d.53.llvm.355720715007731323>
  632cbb:	48 8d 0d be 11 21 00 	lea    0x2111be(%rip),%rcx        # 843e80 <anon.86c78ed1c8959f349c30a30deedc552d.3.llvm.355720715007731323>
  632cc2:	e9 91 00 00 00       	jmp    632d58 <fe2o3_kfd::engineering_gfx950::peer::combined_mlp_state_v1::tests::native::paired::interleaved::interleaved_exercise+0xfa8>
  632cc7:	41 0f 10 06          	movups (%r14),%xmm0
  632ccb:	41 0f 10 4e 10       	movups 0x10(%r14),%xmm1
  632cd0:	0f 29 8c 24 60 07 00 	movaps %xmm1,0x760(%rsp)
  632cd7:	00 
  632cd8:	0f 29 84 24 50 07 00 	movaps %xmm0,0x750(%rsp)
  632cdf:	00 
  632ce0:	48 8d 0d 01 8b a6 ff 	lea    -0x5974ff(%rip),%rcx        # 9b7e8 <anon.0bfa4fc0594bdd9ae3095b501875435f.5.llvm.13650234401854924442>
  632ce7:	48 8d bc 24 70 0a 00 	lea    0xa70(%rsp),%rdi
  632cee:	00 
  632cef:	ba 01 00 00 00       	mov    $0x1,%edx
  632cf4:	41 b8 01 00 00 00    	mov    $0x1,%r8d
  632cfa:	41 b9 00 40 00 00    	mov    $0x4000,%r9d
  632d00:	48 89 de             	mov    %rbx,%rsi
  632d03:	e8 48 58 fe ff       	call   618550 <<fe2o3_kfd::engineering_gfx950::peer::Gfx950EngineeringPeerGroupV1>::allocate>
  632d08:	83 bc 24 70 0a 00 00 	cmpl   $0x1,0xa70(%rsp)
  632d0f:	01 
  632d10:	75 53                	jne    632d65 <fe2o3_kfd::engineering_gfx950::peer::combined_mlp_state_v1::tests::native::paired::interleaved::interleaved_exercise+0xfb5>
  632d12:	49 8b 46 10          	mov    0x10(%r14),%rax
  632d16:	48 89 84 24 10 02 00 	mov    %rax,0x210(%rsp)
  632d1d:	00 
  632d1e:	41 0f 10 06          	movups (%r14),%xmm0
  632d22:	0f 29 84 24 00 02 00 	movaps %xmm0,0x200(%rsp)
  632d29:	00 
  632d2a:	e9 c0 00 00 00       	jmp    632def <fe2o3_kfd::engineering_gfx950::peer::combined_mlp_state_v1::tests::native::paired::interleaved::interleaved_exercise+0x103f>
  632d2f:	48 8d 3d ba c3 b0 ff 	lea    -0x4f3c46(%rip),%rdi        # 13f0f0 <anon.ae4e13e716419074e33f9ec264e719c0.848.llvm.12849025821908538860>
  632d36:	48 8d 0d 53 5d 22 00 	lea    0x225d53(%rip),%rcx        # 858a90 <anon.ae4e13e716419074e33f9ec264e719c0.166.llvm.12849025821908538860>
  632d3d:	be 33 02 00 00       	mov    $0x233,%esi
  632d42:	31 d2                	xor    %edx,%edx
  632d44:	ff 15 46 85 27 00    	call   *0x278546(%rip)        # 8ab290 <_DYNAMIC+0x248>
  632d4a:	48 8d 3d 64 73 bb ff 	lea    -0x448c9c(%rip),%rdi        # 1ea0b5 <anon.d17fe627e5d324ea66c61125bb898512.846.llvm.4602735538015308864>
  632d51:	48 8d 0d a8 1b 23 00 	lea    0x231ba8(%rip),%rcx        # 864900 <anon.d17fe627e5d324ea66c61125bb898512.1.llvm.4602735538015308864>
  632d58:	be 37 02 00 00       	mov    $0x237,%esi
  632d5d:	31 d2                	xor    %edx,%edx
  632d5f:	ff 15 2b 85 27 00    	call   *0x27852b(%rip)        # 8ab290 <_DYNAMIC+0x248>
  632d65:	41 0f 10 06          	movups (%r14),%xmm0
  632d69:	41 0f 10 4e 10       	movups 0x10(%r14),%xmm1
  632d6e:	0f 29 8c 24 10 02 00 	movaps %xmm1,0x210(%rsp)
  632d75:	00 
  632d76:	0f 29 84 24 00 02 00 	movaps %xmm0,0x200(%rsp)
  632d7d:	00 
  632d7e:	48 8d 84 24 40 09 00 	lea    0x940(%rsp),%rax
  632d85:	00 
  632d86:	0f 11 48 10          	movups %xmm1,0x10(%rax)
  632d8a:	0f 11 00             	movups %xmm0,(%rax)
  632d8d:	0f 28 84 24 50 07 00 	movaps 0x750(%rsp),%xmm0
  632d94:	00 
  632d95:	0f 28 8c 24 60 07 00 	movaps 0x760(%rsp),%xmm1
  632d9c:	00 
  632d9d:	0f 29 84 24 20 09 00 	movaps %xmm0,0x920(%rsp)
  632da4:	00 
  632da5:	0f 29 8c 24 30 09 00 	movaps %xmm1,0x930(%rsp)
  632dac:	00 
  632dad:	48 8d bc 24 70 0a 00 	lea    0xa70(%rsp),%rdi
  632db4:	00 
  632db5:	b9 08 00 00 00       	mov    $0x8,%ecx
  632dba:	41 b9 00 20 00 00    	mov    $0x2000,%r9d
  632dc0:	48 89 de             	mov    %rbx,%rsi
  632dc3:	31 d2                	xor    %edx,%edx
  632dc5:	45 31 c0             	xor    %r8d,%r8d
  632dc8:	e8 83 57 fe ff       	call   618550 <<fe2o3_kfd::engineering_gfx950::peer::Gfx950EngineeringPeerGroupV1>::allocate>
  632dcd:	83 bc 24 70 0a 00 00 	cmpl   $0x1,0xa70(%rsp)
  632dd4:	01 
  632dd5:	75 41                	jne    632e18 <fe2o3_kfd::engineering_gfx950::peer::combined_mlp_state_v1::tests::native::paired::interleaved::interleaved_exercise+0x1068>
  632dd7:	49 8b 46 10          	mov    0x10(%r14),%rax
  632ddb:	48 89 84 24 80 07 00 	mov    %rax,0x780(%rsp)
  632de2:	00 
  632de3:	41 0f 10 06          	movups (%r14),%xmm0
  632de7:	0f 29 84 24 70 07 00 	movaps %xmm0,0x770(%rsp)
  632dee:	00 
  632def:	49 89 45 18          	mov    %rax,0x18(%r13)
  632df3:	41 0f 11 45 08       	movups %xmm0,0x8(%r13)
  632df8:	e9 56 fe ff ff       	jmp    632c53 <fe2o3_kfd::engineering_gfx950::peer::combined_mlp_state_v1::tests::native::paired::interleaved::interleaved_exercise+0xea3>
  632dfd:	48 8d 3d bf c4 b0 ff 	lea    -0x4f3b41(%rip),%rdi        # 13f2c3 <anon.ae4e13e716419074e33f9ec264e719c0.850.llvm.12849025821908538860>
  632e04:	48 8d 0d 6d 5c 22 00 	lea    0x225c6d(%rip),%rcx        # 858a78 <anon.ae4e13e716419074e33f9ec264e719c0.165.llvm.12849025821908538860>
  632e0b:	be 75 01 00 00       	mov    $0x175,%esi
  632e10:	31 d2                	xor    %edx,%edx
  632e12:	ff 15 78 84 27 00    	call   *0x278478(%rip)        # 8ab290 <_DYNAMIC+0x248>
  632e18:	41 0f 10 06          	movups (%r14),%xmm0
  632e1c:	41 0f 10 4e 10       	movups 0x10(%r14),%xmm1
  632e21:	0f 29 8c 24 80 07 00 	movaps %xmm1,0x780(%rsp)
  632e28:	00 
  632e29:	0f 29 84 24 70 07 00 	movaps %xmm0,0x770(%rsp)
  632e30:	00 
  632e31:	48 8d bc 24 70 0a 00 	lea    0xa70(%rsp),%rdi
  632e38:	00 
  632e39:	ba 01 00 00 00       	mov    $0x1,%edx
  632e3e:	b9 08 00 00 00       	mov    $0x8,%ecx
  632e43:	41 b9 00 20 00 00    	mov    $0x2000,%r9d
  632e49:	48 89 de             	mov    %rbx,%rsi
  632e4c:	45 31 c0             	xor    %r8d,%r8d
  632e4f:	e8 fc 56 fe ff       	call   618550 <<fe2o3_kfd::engineering_gfx950::peer::Gfx950EngineeringPeerGroupV1>::allocate>
  632e54:	4d 89 ef             	mov    %r13,%r15
  632e57:	83 bc 24 70 0a 00 00 	cmpl   $0x1,0xa70(%rsp)
  632e5e:	01 
  632e5f:	75 34                	jne    632e95 <fe2o3_kfd::engineering_gfx950::peer::combined_mlp_state_v1::tests::native::paired::interleaved::interleaved_exercise+0x10e5>
  632e61:	48 8d 8c 24 78 0a 00 	lea    0xa78(%rsp),%rcx
  632e68:	00 
  632e69:	48 8b 41 10          	mov    0x10(%rcx),%rax
  632e6d:	48 89 84 24 10 02 00 	mov    %rax,0x210(%rsp)
  632e74:	00 
  632e75:	0f 10 01             	movups (%rcx),%xmm0
  632e78:	0f 29 84 24 00 02 00 	movaps %xmm0,0x200(%rsp)
  632e7f:	00 
  632e80:	4d 89 fd             	mov    %r15,%r13
  632e83:	49 89 47 18          	mov    %rax,0x18(%r15)
  632e87:	41 0f 11 47 08       	movups %xmm0,0x8(%r15)
  632e8c:	41 c6 07 06          	movb   $0x6,(%r15)
  632e90:	e9 2b fb ff ff       	jmp    6329c0 <fe2o3_kfd::engineering_gfx950::peer::combined_mlp_state_v1::tests::native::paired::interleaved::interleaved_exercise+0xc10>
  632e95:	48 8d 84 24 78 0a 00 	lea    0xa78(%rsp),%rax
  632e9c:	00 
  632e9d:	0f 10 00             	movups (%rax),%xmm0
  632ea0:	0f 10 48 10          	movups 0x10(%rax),%xmm1
  632ea4:	0f 29 8c 24 10 02 00 	movaps %xmm1,0x210(%rsp)
  632eab:	00 
  632eac:	0f 29 84 24 00 02 00 	movaps %xmm0,0x200(%rsp)
  632eb3:	00 
  632eb4:	48 8d 84 24 80 09 00 	lea    0x980(%rsp),%rax
  632ebb:	00 
  632ebc:	0f 11 48 10          	movups %xmm1,0x10(%rax)
  632ec0:	0f 11 00             	movups %xmm0,(%rax)
  632ec3:	0f 28 84 24 70 07 00 	movaps 0x770(%rsp),%xmm0
  632eca:	00 
  632ecb:	0f 28 8c 24 80 07 00 	movaps 0x780(%rsp),%xmm1
  632ed2:	00 
  632ed3:	0f 29 84 24 60 09 00 	movaps %xmm0,0x960(%rsp)
  632eda:	00 
  632edb:	0f 29 8c 24 70 09 00 	movaps %xmm1,0x970(%rsp)
  632ee2:	00 
  632ee3:	48 8d bc 24 70 0a 00 	lea    0xa70(%rsp),%rdi
  632eea:	00 
  632eeb:	31 f6                	xor    %esi,%esi
  632eed:	e8 2e 86 ff ff       	call   62b520 <fe2o3_kfd::engineering_gfx950::peer::combined_mlp_state_v1::tests::native::paired::original_partial>
  632ef2:	48 8b 8c 24 78 0a 00 	mov    0xa78(%rsp),%rcx
  632ef9:	00 
  632efa:	4c 8b 84 24 80 0a 00 	mov    0xa80(%rsp),%r8
  632f01:	00 
  632f02:	48 8d bc 24 00 02 00 	lea    0x200(%rsp),%rdi
  632f09:	00 
  632f0a:	48 8d 94 24 20 09 00 	lea    0x920(%rsp),%rdx
  632f11:	00 
  632f12:	48 8b 74 24 58       	mov    0x58(%rsp),%rsi
  632f17:	e8 24 94 ff ff       	call   62c340 <fe2o3_kfd::engineering_gfx950::peer::combined_mlp_state_v1::tests::native::paired::write_all>
  632f1c:	48 b8 00 00 00 00 00 	movabs $0x8000000000000000,%rax
  632f23:	00 00 80 
  632f26:	48 39 84 24 00 02 00 	cmp    %rax,0x200(%rsp)
  632f2d:	00 
  632f2e:	0f 85 d7 08 00 00    	jne    63380b <fe2o3_kfd::engineering_gfx950::peer::combined_mlp_state_v1::tests::native::paired::interleaved::interleaved_exercise+0x1a5b>
  632f34:	48 8d bc 24 70 0a 00 	lea    0xa70(%rsp),%rdi
  632f3b:	00 
  632f3c:	e8 4f 46 fd ff       	call   607590 <core::ptr::drop_in_place::<alloc::vec::Vec<u8>>>
  632f41:	48 8d bc 24 70 0a 00 	lea    0xa70(%rsp),%rdi
  632f48:	00 
  632f49:	31 f6                	xor    %esi,%esi
  632f4b:	e8 30 86 ff ff       	call   62b580 <fe2o3_kfd::engineering_gfx950::peer::combined_mlp_state_v1::tests::native::paired::original_residual>
  632f50:	83 bc 24 70 0a 00 00 	cmpl   $0x1,0xa70(%rsp)
  632f57:	01 
  632f58:	0f 84 03 ff ff ff    	je     632e61 <fe2o3_kfd::engineering_gfx950::peer::combined_mlp_state_v1::tests::native::paired::interleaved::interleaved_exercise+0x10b1>
  632f5e:	48 8d 84 24 78 0a 00 	lea    0xa78(%rsp),%rax
  632f65:	00 
  632f66:	4c 8b 40 10          	mov    0x10(%rax),%r8
  632f6a:	4c 89 84 24 10 02 00 	mov    %r8,0x210(%rsp)
  632f71:	00 
  632f72:	0f 10 00             	movups (%rax),%xmm0
  632f75:	0f 29 84 24 00 02 00 	movaps %xmm0,0x200(%rsp)
  632f7c:	00 
  632f7d:	0f 29 84 24 10 08 00 	movaps %xmm0,0x810(%rsp)
  632f84:	00 
  632f85:	4c 89 84 24 20 08 00 	mov    %r8,0x820(%rsp)
  632f8c:	00 
  632f8d:	48 8b 8c 24 18 08 00 	mov    0x818(%rsp),%rcx
  632f94:	00 
  632f95:	48 8d 7c 24 10       	lea    0x10(%rsp),%rdi
  632f9a:	48 8d 94 24 60 09 00 	lea    0x960(%rsp),%rdx
  632fa1:	00 
  632fa2:	48 8b 74 24 58       	mov    0x58(%rsp),%rsi
  632fa7:	e8 94 93 ff ff       	call   62c340 <fe2o3_kfd::engineering_gfx950::peer::combined_mlp_state_v1::tests::native::paired::write_all>
  632fac:	48 b8 00 00 00 00 00 	movabs $0x8000000000000000,%rax
  632fb3:	00 00 80 
  632fb6:	48 39 44 24 10       	cmp    %rax,0x10(%rsp)
  632fbb:	0f 85 7c 08 00 00    	jne    63383d <fe2o3_kfd::engineering_gfx950::peer::combined_mlp_state_v1::tests::native::paired::interleaved::interleaved_exercise+0x1a8d>
  632fc1:	48 8d bc 24 00 02 00 	lea    0x200(%rsp),%rdi
  632fc8:	00 
  632fc9:	e8 c2 45 fd ff       	call   607590 <core::ptr::drop_in_place::<alloc::vec::Vec<u8>>>
  632fce:	48 8d bc 24 70 0a 00 	lea    0xa70(%rsp),%rdi
  632fd5:	00 
  632fd6:	be 01 00 00 00       	mov    $0x1,%esi
  632fdb:	e8 40 85 ff ff       	call   62b520 <fe2o3_kfd::engineering_gfx950::peer::combined_mlp_state_v1::tests::native::paired::original_partial>
  632fe0:	48 8b 8c 24 78 0a 00 	mov    0xa78(%rsp),%rcx
  632fe7:	00 
  632fe8:	4c 8b 84 24 80 0a 00 	mov    0xa80(%rsp),%r8
  632fef:	00 
  632ff0:	48 8d bc 24 00 02 00 	lea    0x200(%rsp),%rdi
  632ff7:	00 
  632ff8:	48 8b 74 24 58       	mov    0x58(%rsp),%rsi
  632ffd:	48 8d 94 24 40 09 00 	lea    0x940(%rsp),%rdx
  633004:	00 
  633005:	e8 36 93 ff ff       	call   62c340 <fe2o3_kfd::engineering_gfx950::peer::combined_mlp_state_v1::tests::native::paired::write_all>
  63300a:	48 b8 00 00 00 00 00 	movabs $0x8000000000000000,%rax
  633011:	00 00 80 
  633014:	48 39 84 24 00 02 00 	cmp    %rax,0x200(%rsp)
  63301b:	00 
  63301c:	0f 85 e9 07 00 00    	jne    63380b <fe2o3_kfd::engineering_gfx950::peer::combined_mlp_state_v1::tests::native::paired::interleaved::interleaved_exercise+0x1a5b>
  633022:	48 8d bc 24 70 0a 00 	lea    0xa70(%rsp),%rdi
  633029:	00 
  63302a:	e8 61 45 fd ff       	call   607590 <core::ptr::drop_in_place::<alloc::vec::Vec<u8>>>
  63302f:	48 8d bc 24 70 0a 00 	lea    0xa70(%rsp),%rdi
  633036:	00 
  633037:	be 01 00 00 00       	mov    $0x1,%esi
  63303c:	e8 3f 85 ff ff       	call   62b580 <fe2o3_kfd::engineering_gfx950::peer::combined_mlp_state_v1::tests::native::paired::original_residual>
  633041:	80 bc 24 70 0a 00 00 	cmpb   $0x0,0xa70(%rsp)
  633048:	00 
  633049:	0f 85 12 fe ff ff    	jne    632e61 <fe2o3_kfd::engineering_gfx950::peer::combined_mlp_state_v1::tests::native::paired::interleaved::interleaved_exercise+0x10b1>
  63304f:	48 8d 84 24 78 0a 00 	lea    0xa78(%rsp),%rax
  633056:	00 
  633057:	4c 8b 40 10          	mov    0x10(%rax),%r8
  63305b:	4c 89 84 24 10 02 00 	mov    %r8,0x210(%rsp)
  633062:	00 
  633063:	0f 10 00             	movups (%rax),%xmm0
  633066:	0f 29 84 24 00 02 00 	movaps %xmm0,0x200(%rsp)
  63306d:	00 
  63306e:	0f 29 84 24 10 08 00 	movaps %xmm0,0x810(%rsp)
  633075:	00 
  633076:	4c 89 84 24 20 08 00 	mov    %r8,0x820(%rsp)
  63307d:	00 
  63307e:	48 8b 8c 24 18 08 00 	mov    0x818(%rsp),%rcx
  633085:	00 
  633086:	48 8d 7c 24 10       	lea    0x10(%rsp),%rdi
  63308b:	48 8b 74 24 58       	mov    0x58(%rsp),%rsi
  633090:	48 8d 94 24 80 09 00 	lea    0x980(%rsp),%rdx
  633097:	00 
  633098:	e8 a3 92 ff ff       	call   62c340 <fe2o3_kfd::engineering_gfx950::peer::combined_mlp_state_v1::tests::native::paired::write_all>
  63309d:	48 b8 00 00 00 00 00 	movabs $0x8000000000000000,%rax
  6330a4:	00 00 80 
  6330a7:	48 39 44 24 10       	cmp    %rax,0x10(%rsp)
  6330ac:	0f 85 8b 07 00 00    	jne    63383d <fe2o3_kfd::engineering_gfx950::peer::combined_mlp_state_v1::tests::native::paired::interleaved::interleaved_exercise+0x1a8d>
  6330b2:	48 8d bc 24 00 02 00 	lea    0x200(%rsp),%rdi
  6330b9:	00 
  6330ba:	e8 d1 44 fd ff       	call   607590 <core::ptr::drop_in_place::<alloc::vec::Vec<u8>>>
  6330bf:	48 c7 84 24 a8 01 00 	movq   $0x0,0x1a8(%rsp)
  6330c6:	00 00 00 00 00 
  6330cb:	48 c7 84 24 b0 01 00 	movq   $0x8,0x1b0(%rsp)
  6330d2:	00 08 00 00 00 
  6330d7:	48 c7 84 24 b8 01 00 	movq   $0x0,0x1b8(%rsp)
  6330de:	00 00 00 00 00 
  6330e3:	48 c7 84 24 58 01 00 	movq   $0x0,0x158(%rsp)
  6330ea:	00 00 00 00 00 
  6330ef:	48 c7 84 24 60 01 00 	movq   $0x8,0x160(%rsp)
  6330f6:	00 08 00 00 00 
  6330fb:	48 c7 84 24 68 01 00 	movq   $0x0,0x168(%rsp)
  633102:	00 00 00 00 00 
  633107:	48 8b 84 24 08 01 00 	mov    0x108(%rsp),%rax
  63310e:	00 
  63310f:	8b 80 b8 00 00 00    	mov    0xb8(%rax),%eax
  633115:	89 84 24 e0 00 00 00 	mov    %eax,0xe0(%rsp)
  63311c:	48 c7 84 24 e8 00 00 	movq   $0x0,0xe8(%rsp)
  633123:	00 00 00 00 00 
  633128:	48 8b 84 24 e8 00 00 	mov    0xe8(%rsp),%rax
  63312f:	00 
  633130:	89 84 24 a0 00 00 00 	mov    %eax,0xa0(%rsp)
  633137:	ff c0                	inc    %eax
  633139:	48 89 84 24 e8 00 00 	mov    %rax,0xe8(%rsp)
  633140:	00 
  633141:	48 c7 84 24 80 00 00 	movq   $0x0,0x80(%rsp)
  633148:	00 00 00 00 00 
  63314d:	48 c7 84 24 88 00 00 	movq   $0x8,0x88(%rsp)
  633154:	00 08 00 00 00 
  633159:	48 c7 84 24 90 00 00 	movq   $0x0,0x90(%rsp)
  633160:	00 00 00 00 00 
  633165:	48 c7 44 24 30 00 00 	movq   $0x0,0x30(%rsp)
  63316c:	00 00 
  63316e:	48 c7 44 24 38 08 00 	movq   $0x8,0x38(%rsp)
  633175:	00 00 
  633177:	48 c7 44 24 40 00 00 	movq   $0x0,0x40(%rsp)
  63317e:	00 00 
  633180:	b0 01                	mov    $0x1,%al
  633182:	89 84 24 08 01 00 00 	mov    %eax,0x108(%rsp)
  633189:	45 31 f6             	xor    %r14d,%r14d
  63318c:	48 c7 44 24 10 00 00 	movq   $0x0,0x10(%rsp)
  633193:	00 00 
  633195:	48 c7 44 24 18 08 00 	movq   $0x8,0x18(%rsp)
  63319c:	00 00 
  63319e:	48 c7 44 24 20 00 00 	movq   $0x0,0x20(%rsp)
  6331a5:	00 00 
  6331a7:	4c 89 f0             	mov    %r14,%rax
  6331aa:	48 83 f0 01          	xor    $0x1,%rax
  6331ae:	48 89 84 24 10 01 00 	mov    %rax,0x110(%rsp)
  6331b5:	00 
  6331b6:	4d 89 f5             	mov    %r14,%r13
  6331b9:	49 c1 e5 07          	shl    $0x7,%r13
  6331bd:	49 83 c5 e0          	add    $0xffffffffffffffe0,%r13
  6331c1:	31 db                	xor    %ebx,%ebx
  6331c3:	31 ed                	xor    %ebp,%ebp
  6331c5:	45 31 e4             	xor    %r12d,%r12d
  6331c8:	eb 3e                	jmp    633208 <fe2o3_kfd::engineering_gfx950::peer::combined_mlp_state_v1::tests::native::paired::interleaved::interleaved_exercise+0x1458>
  6331ca:	48 8b 44 24 18       	mov    0x18(%rsp),%rax
  6331cf:	48 89 e9             	mov    %rbp,%rcx
  6331d2:	48 c1 e1 05          	shl    $0x5,%rcx
  6331d6:	0f 28 84 24 d0 06 00 	movaps 0x6d0(%rsp),%xmm0
  6331dd:	00 
  6331de:	0f 28 8c 24 e0 06 00 	movaps 0x6e0(%rsp),%xmm1
  6331e5:	00 
  6331e6:	0f 11 4c 08 10       	movups %xmm1,0x10(%rax,%rcx,1)
  6331eb:	0f 11 04 08          	movups %xmm0,(%rax,%rcx,1)
  6331ef:	48 ff c5             	inc    %rbp
  6331f2:	48 89 6c 24 20       	mov    %rbp,0x20(%rsp)
  6331f7:	48 83 c3 08          	add    $0x8,%rbx
  6331fb:	49 ff c4             	inc    %r12
  6331fe:	48 83 fb 50          	cmp    $0x50,%rbx
  633202:	0f 84 6c 01 00 00    	je     633374 <fe2o3_kfd::engineering_gfx950::peer::combined_mlp_state_v1::tests::native::paired::interleaved::interleaved_exercise+0x15c4>
  633208:	48 85 db             	test   %rbx,%rbx
  63320b:	74 6f                	je     63327c <fe2o3_kfd::engineering_gfx950::peer::combined_mlp_state_v1::tests::native::paired::interleaved::interleaved_exercise+0x14cc>
  63320d:	49 83 fc 05          	cmp    $0x5,%r12
  633211:	73 3a                	jae    63324d <fe2o3_kfd::engineering_gfx950::peer::combined_mlp_state_v1::tests::native::paired::interleaved::interleaved_exercise+0x149d>
  633213:	48 8b b4 24 d8 01 00 	mov    0x1d8(%rsp),%rsi
  63321a:	00 
  63321b:	49 39 f6             	cmp    %rsi,%r14
  63321e:	0f 83 6c 37 00 00    	jae    636990 <fe2o3_kfd::engineering_gfx950::peer::combined_mlp_state_v1::tests::native::paired::interleaved::interleaved_exercise+0x4be0>
  633224:	48 8b 84 24 d0 01 00 	mov    0x1d0(%rsp),%rax
  63322b:	00 
  63322c:	4c 01 e8             	add    %r13,%rax
  63322f:	0f 10 04 98          	movups (%rax,%rbx,4),%xmm0
  633233:	0f 10 4c 98 10       	movups 0x10(%rax,%rbx,4),%xmm1
  633238:	0f 29 84 24 d0 06 00 	movaps %xmm0,0x6d0(%rsp)
  63323f:	00 
  633240:	0f 29 8c 24 e0 06 00 	movaps %xmm1,0x6e0(%rsp)
  633247:	00 
  633248:	e9 0d 01 00 00       	jmp    63335a <fe2o3_kfd::engineering_gfx950::peer::combined_mlp_state_v1::tests::native::paired::interleaved::interleaved_exercise+0x15aa>
  63324d:	48 83 fb 48          	cmp    $0x48,%rbx
  633251:	75 29                	jne    63327c <fe2o3_kfd::engineering_gfx950::peer::combined_mlp_state_v1::tests::native::paired::interleaved::interleaved_exercise+0x14cc>
  633253:	bf 08 00 00 00       	mov    $0x8,%edi
  633258:	e8 63 96 fe ff       	call   61c8c0 <alloc::boxed::box_new_uninit>
  63325d:	48 89 c1             	mov    %rax,%rcx
  633260:	f6 c1 07             	test   $0x7,%cl
  633263:	0f 85 83 38 00 00    	jne    636aec <fe2o3_kfd::engineering_gfx950::peer::combined_mlp_state_v1::tests::native::paired::interleaved::interleaved_exercise+0x4d3c>
  633269:	48 8b 84 24 10 01 00 	mov    0x110(%rsp),%rax
  633270:	00 
  633271:	48 89 01             	mov    %rax,(%rcx)
  633274:	41 b8 01 00 00 00    	mov    $0x1,%r8d
  63327a:	eb 08                	jmp    633284 <fe2o3_kfd::engineering_gfx950::peer::combined_mlp_state_v1::tests::native::paired::interleaved::interleaved_exercise+0x14d4>
  63327c:	b9 08 00 00 00       	mov    $0x8,%ecx
  633281:	45 31 c0             	xor    %r8d,%r8d
  633284:	4c 89 84 24 10 08 00 	mov    %r8,0x810(%rsp)
  63328b:	00 
  63328c:	48 89 8c 24 18 08 00 	mov    %rcx,0x818(%rsp)
  633293:	00 
  633294:	4c 89 84 24 20 08 00 	mov    %r8,0x820(%rsp)
  63329b:	00 
  63329c:	48 8d 05 15 57 bb ff 	lea    -0x44a8eb(%rip),%rax        # 1e89b8 <anon.d17fe627e5d324ea66c61125bb898512.600.llvm.4602735538015308864>
  6332a3:	4c 8b 0c 03          	mov    (%rbx,%rax,1),%r9
  6332a7:	48 8d bc 24 70 0a 00 	lea    0xa70(%rsp),%rdi
  6332ae:	00 
  6332af:	48 8b 74 24 58       	mov    0x58(%rsp),%rsi
  6332b4:	4c 89 f2             	mov    %r14,%rdx
  6332b7:	e8 94 52 fe ff       	call   618550 <<fe2o3_kfd::engineering_gfx950::peer::Gfx950EngineeringPeerGroupV1>::allocate>
  6332bc:	83 bc 24 70 0a 00 00 	cmpl   $0x1,0xa70(%rsp)
  6332c3:	01 
  6332c4:	0f 84 cb 05 00 00    	je     633895 <fe2o3_kfd::engineering_gfx950::peer::combined_mlp_state_v1::tests::native::paired::interleaved::interleaved_exercise+0x1ae5>
  6332ca:	48 8d 84 24 78 0a 00 	lea    0xa78(%rsp),%rax
  6332d1:	00 
  6332d2:	0f 10 00             	movups (%rax),%xmm0
  6332d5:	0f 10 48 10          	movups 0x10(%rax),%xmm1
  6332d9:	0f 29 84 24 d0 06 00 	movaps %xmm0,0x6d0(%rsp)
  6332e0:	00 
  6332e1:	0f 29 8c 24 e0 06 00 	movaps %xmm1,0x6e0(%rsp)
  6332e8:	00 
  6332e9:	48 8d bc 24 70 0a 00 	lea    0xa70(%rsp),%rdi
  6332f0:	00 
  6332f1:	4c 89 e6             	mov    %r12,%rsi
  6332f4:	e8 f7 8a ff ff       	call   62bdf0 <fe2o3_kfd::engineering_gfx950::peer::combined_mlp_state_v1::tests::native::paired::poison>
  6332f9:	48 8b 8c 24 78 0a 00 	mov    0xa78(%rsp),%rcx
  633300:	00 
  633301:	4c 8b 84 24 80 0a 00 	mov    0xa80(%rsp),%r8
  633308:	00 
  633309:	48 8d bc 24 00 02 00 	lea    0x200(%rsp),%rdi
  633310:	00 
  633311:	48 8b 74 24 58       	mov    0x58(%rsp),%rsi
  633316:	48 8d 94 24 d0 06 00 	lea    0x6d0(%rsp),%rdx
  63331d:	00 
  63331e:	e8 1d 90 ff ff       	call   62c340 <fe2o3_kfd::engineering_gfx950::peer::combined_mlp_state_v1::tests::native::paired::write_all>
  633323:	48 b8 00 00 00 00 00 	movabs $0x8000000000000000,%rax
  63332a:	00 00 80 
  63332d:	48 39 84 24 00 02 00 	cmp    %rax,0x200(%rsp)
  633334:	00 
  633335:	0f 85 88 05 00 00    	jne    6338c3 <fe2o3_kfd::engineering_gfx950::peer::combined_mlp_state_v1::tests::native::paired::interleaved::interleaved_exercise+0x1b13>
  63333b:	48 8d bc 24 70 0a 00 	lea    0xa70(%rsp),%rdi
  633342:	00 
  633343:	e8 48 42 fd ff       	call   607590 <core::ptr::drop_in_place::<alloc::vec::Vec<u8>>>
  633348:	48 8d bc 24 10 08 00 	lea    0x810(%rsp),%rdi
  63334f:	00 
  633350:	e8 9b 41 fd ff       	call   6074f0 <core::ptr::drop_in_place::<alloc::vec::Vec<&fe2o3_kfd::topology::KfdTopologyLinkV1>>>
  633355:	48 8b 6c 24 20       	mov    0x20(%rsp),%rbp
  63335a:	48 3b 6c 24 10       	cmp    0x10(%rsp),%rbp
  63335f:	0f 85 65 fe ff ff    	jne    6331ca <fe2o3_kfd::engineering_gfx950::peer::combined_mlp_state_v1::tests::native::paired::interleaved::interleaved_exercise+0x141a>
  633365:	48 8d 7c 24 10       	lea    0x10(%rsp),%rdi
  63336a:	e8 31 61 f2 ff       	call   5594a0 <<alloc::raw_vec::RawVec<fe2o3_kfd::engineering_wire::PointerFixupV1>>::grow_one>
  63336f:	e9 56 fe ff ff       	jmp    6331ca <fe2o3_kfd::engineering_gfx950::peer::combined_mlp_state_v1::tests::native::paired::interleaved::interleaved_exercise+0x141a>
  633374:	48 8b 44 24 20       	mov    0x20(%rsp),%rax
  633379:	48 89 84 24 10 02 00 	mov    %rax,0x210(%rsp)
  633380:	00 
  633381:	0f 10 44 24 10       	movups 0x10(%rsp),%xmm0
  633386:	0f 29 84 24 00 02 00 	movaps %xmm0,0x200(%rsp)
  63338d:	00 
  63338e:	48 8d bc 24 70 0a 00 	lea    0xa70(%rsp),%rdi
  633395:	00 
  633396:	48 8d b4 24 00 02 00 	lea    0x200(%rsp),%rsi
  63339d:	00 
  63339e:	e8 3d 92 00 00       	call   63c5e0 <<[fe2o3_kfd::engineering_gfx950::peer::Gfx950EngineeringPeerBufferV1; 10] as core::convert::TryFrom<alloc::vec::Vec<fe2o3_kfd::engineering_gfx950::peer::Gfx950EngineeringPeerBufferV1>>>::try_from>
  6333a3:	80 bc 24 70 0a 00 00 	cmpb   $0x0,0xa70(%rsp)
  6333aa:	00 
  6333ab:	0f 85 8c 05 00 00    	jne    63393d <fe2o3_kfd::engineering_gfx950::peer::combined_mlp_state_v1::tests::native::paired::interleaved::interleaved_exercise+0x1b8d>
  6333b1:	4c 8b a4 24 78 0a 00 	mov    0xa78(%rsp),%r12
  6333b8:	00 
  6333b9:	4c 8b ac 24 80 0a 00 	mov    0xa80(%rsp),%r13
  6333c0:	00 
  6333c1:	ba 30 01 00 00       	mov    $0x130,%edx
  6333c6:	48 8d bc 24 40 21 00 	lea    0x2140(%rsp),%rdi
  6333cd:	00 
  6333ce:	48 8d b4 24 88 0a 00 	lea    0xa88(%rsp),%rsi
  6333d5:	00 
  6333d6:	ff 15 c4 7e 27 00    	call   *0x277ec4(%rip)        # 8ab2a0 <memcpy@GLIBC_2.14>
  6333dc:	48 8b 9c 24 90 00 00 	mov    0x90(%rsp),%rbx
  6333e3:	00 
  6333e4:	48 3b 9c 24 80 00 00 	cmp    0x80(%rsp),%rbx
  6333eb:	00 
  6333ec:	75 0d                	jne    6333fb <fe2o3_kfd::engineering_gfx950::peer::combined_mlp_state_v1::tests::native::paired::interleaved::interleaved_exercise+0x164b>
  6333ee:	48 8d bc 24 80 00 00 	lea    0x80(%rsp),%rdi
  6333f5:	00 
  6333f6:	e8 75 57 f2 ff       	call   558b70 <<alloc::raw_vec::RawVec<[fe2o3_kfd::engineering_gfx950::peer::Gfx950EngineeringPeerBufferV1; 10]>>::grow_one>
  6333fb:	48 8b 84 24 88 00 00 	mov    0x88(%rsp),%rax
  633402:	00 
  633403:	48 8d 0c 9b          	lea    (%rbx,%rbx,4),%rcx
  633407:	48 c1 e1 06          	shl    $0x6,%rcx
  63340b:	4c 89 24 08          	mov    %r12,(%rax,%rcx,1)
  63340f:	4c 89 6c 08 08       	mov    %r13,0x8(%rax,%rcx,1)
  633414:	48 8d 3c 08          	lea    (%rax,%rcx,1),%rdi
  633418:	48 83 c7 10          	add    $0x10,%rdi
  63341c:	ba 30 01 00 00       	mov    $0x130,%edx
  633421:	48 8d b4 24 40 21 00 	lea    0x2140(%rsp),%rsi
  633428:	00 
  633429:	ff 15 71 7e 27 00    	call   *0x277e71(%rip)        # 8ab2a0 <memcpy@GLIBC_2.14>
  63342f:	48 ff c3             	inc    %rbx
  633432:	48 89 9c 24 90 00 00 	mov    %rbx,0x90(%rsp)
  633439:	00 
  63343a:	b9 08 00 00 00       	mov    $0x8,%ecx
  63343f:	41 b9 00 20 00 00    	mov    $0x2000,%r9d
  633445:	48 8d bc 24 70 0a 00 	lea    0xa70(%rsp),%rdi
  63344c:	00 
  63344d:	48 8b 74 24 58       	mov    0x58(%rsp),%rsi
  633452:	4c 89 f2             	mov    %r14,%rdx
  633455:	45 31 c0             	xor    %r8d,%r8d
  633458:	e8 f3 50 fe ff       	call   618550 <<fe2o3_kfd::engineering_gfx950::peer::Gfx950EngineeringPeerGroupV1>::allocate>
  63345d:	83 bc 24 70 0a 00 00 	cmpl   $0x1,0xa70(%rsp)
  633464:	01 
  633465:	0f 84 0e 05 00 00    	je     633979 <fe2o3_kfd::engineering_gfx950::peer::combined_mlp_state_v1::tests::native::paired::interleaved::interleaved_exercise+0x1bc9>
  63346b:	48 8d 84 24 78 0a 00 	lea    0xa78(%rsp),%rax
  633472:	00 
  633473:	0f 10 00             	movups (%rax),%xmm0
  633476:	0f 10 48 10          	movups 0x10(%rax),%xmm1
  63347a:	0f 29 84 24 d0 07 00 	movaps %xmm0,0x7d0(%rsp)
  633481:	00 
  633482:	0f 29 8c 24 e0 07 00 	movaps %xmm1,0x7e0(%rsp)
  633489:	00 
  63348a:	48 8d bc 24 70 0a 00 	lea    0xa70(%rsp),%rdi
  633491:	00 
  633492:	31 f6                	xor    %esi,%esi
  633494:	e8 57 89 ff ff       	call   62bdf0 <fe2o3_kfd::engineering_gfx950::peer::combined_mlp_state_v1::tests::native::paired::poison>
  633499:	48 8b 8c 24 78 0a 00 	mov    0xa78(%rsp),%rcx
  6334a0:	00 
  6334a1:	4c 8b 84 24 80 0a 00 	mov    0xa80(%rsp),%r8
  6334a8:	00 
  6334a9:	48 8d bc 24 00 02 00 	lea    0x200(%rsp),%rdi
  6334b0:	00 
  6334b1:	48 8b 74 24 58       	mov    0x58(%rsp),%rsi
  6334b6:	48 8d 94 24 d0 07 00 	lea    0x7d0(%rsp),%rdx
  6334bd:	00 
  6334be:	e8 7d 8e ff ff       	call   62c340 <fe2o3_kfd::engineering_gfx950::peer::combined_mlp_state_v1::tests::native::paired::write_all>
  6334c3:	48 b8 00 00 00 00 00 	movabs $0x8000000000000000,%rax
  6334ca:	00 00 80 
  6334cd:	48 39 84 24 00 02 00 	cmp    %rax,0x200(%rsp)
  6334d4:	00 
  6334d5:	0f 85 cf 04 00 00    	jne    6339aa <fe2o3_kfd::engineering_gfx950::peer::combined_mlp_state_v1::tests::native::paired::interleaved::interleaved_exercise+0x1bfa>
  6334db:	48 8d bc 24 70 0a 00 	lea    0xa70(%rsp),%rdi
  6334e2:	00 
  6334e3:	e8 a8 40 fd ff       	call   607590 <core::ptr::drop_in_place::<alloc::vec::Vec<u8>>>
  6334e8:	48 8b 5c 24 40       	mov    0x40(%rsp),%rbx
  6334ed:	48 3b 5c 24 30       	cmp    0x30(%rsp),%rbx
  6334f2:	75 0a                	jne    6334fe <fe2o3_kfd::engineering_gfx950::peer::combined_mlp_state_v1::tests::native::paired::interleaved::interleaved_exercise+0x174e>
  6334f4:	48 8d 7c 24 30       	lea    0x30(%rsp),%rdi
  6334f9:	e8 a2 5f f2 ff       	call   5594a0 <<alloc::raw_vec::RawVec<fe2o3_kfd::engineering_wire::PointerFixupV1>>::grow_one>
  6334fe:	48 8b 44 24 38       	mov    0x38(%rsp),%rax
  633503:	48 89 d9             	mov    %rbx,%rcx
  633506:	48 c1 e1 05          	shl    $0x5,%rcx
  63350a:	0f 28 84 24 d0 07 00 	movaps 0x7d0(%rsp),%xmm0
  633511:	00 
  633512:	0f 28 8c 24 e0 07 00 	movaps 0x7e0(%rsp),%xmm1
  633519:	00 
  63351a:	0f 11 4c 08 10       	movups %xmm1,0x10(%rax,%rcx,1)
  63351f:	0f 11 04 08          	movups %xmm0,(%rax,%rcx,1)
  633523:	48 ff c3             	inc    %rbx
  633526:	48 89 5c 24 40       	mov    %rbx,0x40(%rsp)
  63352b:	41 be 01 00 00 00    	mov    $0x1,%r14d
  633531:	f6 84 24 08 01 00 00 	testb  $0x1,0x108(%rsp)
  633538:	01 
  633539:	c7 84 24 08 01 00 00 	movl   $0x0,0x108(%rsp)
  633540:	00 00 00 00 
  633544:	0f 85 42 fc ff ff    	jne    63318c <fe2o3_kfd::engineering_gfx950::peer::combined_mlp_state_v1::tests::native::paired::interleaved::interleaved_exercise+0x13dc>
  63354a:	48 8b 84 24 90 00 00 	mov    0x90(%rsp),%rax
  633551:	00 
  633552:	48 89 84 24 10 02 00 	mov    %rax,0x210(%rsp)
  633559:	00 
  63355a:	0f 10 84 24 80 00 00 	movups 0x80(%rsp),%xmm0
  633561:	00 
  633562:	0f 29 84 24 00 02 00 	movaps %xmm0,0x200(%rsp)
  633569:	00 
  63356a:	48 8d bc 24 70 0a 00 	lea    0xa70(%rsp),%rdi
  633571:	00 
  633572:	48 8d b4 24 00 02 00 	lea    0x200(%rsp),%rsi
  633579:	00 
  63357a:	e8 71 8d 00 00       	call   63c2f0 <<[[fe2o3_kfd::engineering_gfx950::peer::Gfx950EngineeringPeerBufferV1; 10]; 2] as core::convert::TryFrom<alloc::vec::Vec<[fe2o3_kfd::engineering_gfx950::peer::Gfx950EngineeringPeerBufferV1; 10]>>>::try_from>
  63357f:	80 bc 24 70 0a 00 00 	cmpb   $0x0,0xa70(%rsp)
  633586:	00 
  633587:	0f 85 61 04 00 00    	jne    6339ee <fe2o3_kfd::engineering_gfx950::peer::combined_mlp_state_v1::tests::native::paired::interleaved::interleaved_exercise+0x1c3e>
  63358d:	48 8b 9c 24 78 0a 00 	mov    0xa78(%rsp),%rbx
  633594:	00 
  633595:	4c 8b b4 24 80 0a 00 	mov    0xa80(%rsp),%r14
  63359c:	00 
  63359d:	ba 70 02 00 00       	mov    $0x270,%edx
  6335a2:	48 8d bc 24 70 22 00 	lea    0x2270(%rsp),%rdi
  6335a9:	00 
  6335aa:	48 8d b4 24 88 0a 00 	lea    0xa88(%rsp),%rsi
  6335b1:	00 
  6335b2:	ff 15 e8 7c 27 00    	call   *0x277ce8(%rip)        # 8ab2a0 <memcpy@GLIBC_2.14>
  6335b8:	48 8b 44 24 40       	mov    0x40(%rsp),%rax
  6335bd:	48 89 84 24 10 02 00 	mov    %rax,0x210(%rsp)
  6335c4:	00 
  6335c5:	0f 10 44 24 30       	movups 0x30(%rsp),%xmm0
  6335ca:	0f 29 84 24 00 02 00 	movaps %xmm0,0x200(%rsp)
  6335d1:	00 
  6335d2:	48 8d bc 24 70 0a 00 	lea    0xa70(%rsp),%rdi
  6335d9:	00 
  6335da:	48 8d b4 24 00 02 00 	lea    0x200(%rsp),%rsi
  6335e1:	00 
  6335e2:	e8 09 8f 00 00       	call   63c4f0 <<[fe2o3_kfd::engineering_gfx950::peer::Gfx950EngineeringPeerBufferV1; 2] as core::convert::TryFrom<alloc::vec::Vec<fe2o3_kfd::engineering_gfx950::peer::Gfx950EngineeringPeerBufferV1>>>::try_from>
  6335e7:	83 bc 24 70 0a 00 00 	cmpl   $0x1,0xa70(%rsp)
  6335ee:	01 
  6335ef:	0f 84 4b 04 00 00    	je     633a40 <fe2o3_kfd::engineering_gfx950::peer::combined_mlp_state_v1::tests::native::paired::interleaved::interleaved_exercise+0x1c90>
  6335f5:	0f 10 84 24 78 0a 00 	movups 0xa78(%rsp),%xmm0
  6335fc:	00 
  6335fd:	0f 29 84 24 10 01 00 	movaps %xmm0,0x110(%rsp)
  633604:	00 
  633605:	48 8d 84 24 88 0a 00 	lea    0xa88(%rsp),%rax
  63360c:	00 
  63360d:	0f 10 00             	movups (%rax),%xmm0
  633610:	0f 10 48 10          	movups 0x10(%rax),%xmm1
  633614:	0f 10 50 20          	movups 0x20(%rax),%xmm2
  633618:	48 8d bc 24 90 1e 00 	lea    0x1e90(%rsp),%rdi
  63361f:	00 
  633620:	0f 11 87 80 02 00 00 	movups %xmm0,0x280(%rdi)
  633627:	0f 11 8f 90 02 00 00 	movups %xmm1,0x290(%rdi)
  63362e:	0f 11 97 a0 02 00 00 	movups %xmm2,0x2a0(%rdi)
  633635:	48 89 9c 24 80 1e 00 	mov    %rbx,0x1e80(%rsp)
  63363c:	00 
  63363d:	4c 89 b4 24 88 1e 00 	mov    %r14,0x1e88(%rsp)
  633644:	00 
  633645:	ba 70 02 00 00       	mov    $0x270,%edx
  63364a:	48 8d b4 24 70 22 00 	lea    0x2270(%rsp),%rsi
  633651:	00 
  633652:	ff 15 48 7c 27 00    	call   *0x277c48(%rip)        # 8ab2a0 <memcpy@GLIBC_2.14>
  633658:	0f 28 84 24 10 01 00 	movaps 0x110(%rsp),%xmm0
  63365f:	00 
  633660:	0f 11 84 24 00 21 00 	movups %xmm0,0x2100(%rsp)
  633667:	00 
  633668:	48 8b b4 24 48 01 00 	mov    0x148(%rsp),%rsi
  63366f:	00 
  633670:	48 8b 94 24 50 01 00 	mov    0x150(%rsp),%rdx
  633677:	00 
  633678:	48 8b 84 24 30 01 00 	mov    0x130(%rsp),%rax
  63367f:	00 
  633680:	48 89 04 24          	mov    %rax,(%rsp)
  633684:	48 8d bc 24 70 0a 00 	lea    0xa70(%rsp),%rdi
  63368b:	00 
  63368c:	48 8d 8c 24 80 1e 00 	lea    0x1e80(%rsp),%rcx
  633693:	00 
  633694:	4c 8d 84 24 20 09 00 	lea    0x920(%rsp),%r8
  63369b:	00 
  63369c:	4c 8d 8c 24 60 09 00 	lea    0x960(%rsp),%r9
  6336a3:	00 
  6336a4:	e8 17 44 00 00       	call   637ac0 <fe2o3_kfd::engineering_gfx950::peer::combined_mlp_state_v1::tests::native::paired::interleaved::inputs>
  6336a9:	48 8d bc 24 50 36 00 	lea    0x3650(%rsp),%rdi
  6336b0:	00 
  6336b1:	48 8b 74 24 58       	mov    0x58(%rsp),%rsi
  6336b6:	48 8d 94 24 70 0a 00 	lea    0xa70(%rsp),%rdx
  6336bd:	00 
  6336be:	8b 8c 24 e0 00 00 00 	mov    0xe0(%rsp),%ecx
  6336c5:	e8 d6 61 e0 ff       	call   4398a0 <<fe2o3_kfd::engineering_gfx950::peer::combined_mlp_state_v1::paired::retained::RetainedPair>::allocate>
  6336ca:	48 8b 9c 24 50 36 00 	mov    0x3650(%rsp),%rbx
  6336d1:	00 
  6336d2:	48 83 fb 03          	cmp    $0x3,%rbx
  6336d6:	0f 84 a0 03 00 00    	je     633a7c <fe2o3_kfd::engineering_gfx950::peer::combined_mlp_state_v1::tests::native::paired::interleaved::interleaved_exercise+0x1ccc>
  6336dc:	ba e8 18 00 00       	mov    $0x18e8,%edx
  6336e1:	48 8d bc 24 78 4f 00 	lea    0x4f78(%rsp),%rdi
  6336e8:	00 
  6336e9:	48 8d b4 24 70 36 00 	lea    0x3670(%rsp),%rsi
  6336f0:	00 
  6336f1:	ff 15 a9 7b 27 00    	call   *0x277ba9(%rip)        # 8ab2a0 <memcpy@GLIBC_2.14>
  6336f7:	48 89 9c 24 58 4f 00 	mov    %rbx,0x4f58(%rsp)
  6336fe:	00 
  6336ff:	48 8d 84 24 58 36 00 	lea    0x3658(%rsp),%rax
  633706:	00 
  633707:	0f 10 00             	movups (%rax),%xmm0
  63370a:	48 8d 8c 24 60 4f 00 	lea    0x4f60(%rsp),%rcx
  633711:	00 
  633712:	0f 11 01             	movups %xmm0,(%rcx)
  633715:	48 8b 40 10          	mov    0x10(%rax),%rax
  633719:	48 89 41 10          	mov    %rax,0x10(%rcx)
  63371d:	48 8d bc 24 58 01 00 	lea    0x158(%rsp),%rdi
  633724:	00 
  633725:	48 8d b4 24 58 4f 00 	lea    0x4f58(%rsp),%rsi
  63372c:	00 
  63372d:	e8 3e 58 fe ff       	call   618f70 <<alloc::vec::Vec<fe2o3_kfd::engineering_gfx950::peer::combined_mlp_state_v1::paired::retained::RetainedPair>>::push_mut>
  633732:	48 8b 9c 24 b8 01 00 	mov    0x1b8(%rsp),%rbx
  633739:	00 
  63373a:	48 3b 9c 24 a8 01 00 	cmp    0x1a8(%rsp),%rbx
  633741:	00 
  633742:	75 0d                	jne    633751 <fe2o3_kfd::engineering_gfx950::peer::combined_mlp_state_v1::tests::native::paired::interleaved::interleaved_exercise+0x19a1>
  633744:	48 8d bc 24 a8 01 00 	lea    0x1a8(%rsp),%rdi
  63374b:	00 
  63374c:	e8 4f 64 f2 ff       	call   559ba0 <<alloc::raw_vec::RawVec<fe2o3_kfd::engineering_gfx950::peer::combined_mlp_state_v1::tests::native::paired::interleaved::Payloads>>::grow_one>
  633751:	48 69 fb c0 02 00 00 	imul   $0x2c0,%rbx,%rdi
  633758:	48 03 bc 24 b0 01 00 	add    0x1b0(%rsp),%rdi
  63375f:	00 
  633760:	ba c0 02 00 00       	mov    $0x2c0,%edx
  633765:	48 8d b4 24 80 1e 00 	lea    0x1e80(%rsp),%rsi
  63376c:	00 
  63376d:	ff 15 2d 7b 27 00    	call   *0x277b2d(%rip)        # 8ab2a0 <memcpy@GLIBC_2.14>
  633773:	48 ff c3             	inc    %rbx
  633776:	48 89 9c 24 b8 01 00 	mov    %rbx,0x1b8(%rsp)
  63377d:	00 
  63377e:	83 bc 24 e8 00 00 00 	cmpl   $0x4,0xe8(%rsp)
  633785:	04 
  633786:	0f 85 9c f9 ff ff    	jne    633128 <fe2o3_kfd::engineering_gfx950::peer::combined_mlp_state_v1::tests::native::paired::interleaved::interleaved_exercise+0x1378>
  63378c:	48 c7 84 24 10 08 00 	movq   $0x0,0x810(%rsp)
  633793:	00 00 00 00 00 
  633798:	48 8b 94 24 60 01 00 	mov    0x160(%rsp),%rdx
  63379f:	00 
  6337a0:	48 8b 8c 24 68 01 00 	mov    0x168(%rsp),%rcx
  6337a7:	00 
  6337a8:	8b 84 24 e0 00 00 00 	mov    0xe0(%rsp),%eax
  6337af:	89 04 24             	mov    %eax,(%rsp)
  6337b2:	48 8d bc 24 70 0a 00 	lea    0xa70(%rsp),%rdi
  6337b9:	00 
  6337ba:	4c 8d 84 24 10 08 00 	lea    0x810(%rsp),%r8
  6337c1:	00 
  6337c2:	48 89 fd             	mov    %rdi,%rbp
  6337c5:	48 8b 74 24 58       	mov    0x58(%rsp),%rsi
  6337ca:	45 31 c9             	xor    %r9d,%r9d
  6337cd:	e8 ae bf ff ff       	call   62f780 <fe2o3_kfd::engineering_gfx950::peer::combined_mlp_state_v1::tests::native::paired::interleaved::observe_pairs>
  6337d2:	0f b6 84 24 70 0a 00 	movzbl 0xa70(%rsp),%eax
  6337d9:	00 
  6337da:	3c 06                	cmp    $0x6,%al
  6337dc:	0f 85 0e 03 00 00    	jne    633af0 <fe2o3_kfd::engineering_gfx950::peer::combined_mlp_state_v1::tests::native::paired::interleaved::interleaved_exercise+0x1d40>
  6337e2:	48 8b 84 24 88 0a 00 	mov    0xa88(%rsp),%rax
  6337e9:	00 
  6337ea:	48 89 84 24 17 02 00 	mov    %rax,0x217(%rsp)
  6337f1:	00 
  6337f2:	0f 10 84 24 78 0a 00 	movups 0xa78(%rsp),%xmm0
  6337f9:	00 
  6337fa:	0f 11 84 24 07 02 00 	movups %xmm0,0x207(%rsp)
  633801:	00 
  633802:	49 89 47 18          	mov    %rax,0x18(%r15)
  633806:	e9 d7 02 00 00       	jmp    633ae2 <fe2o3_kfd::engineering_gfx950::peer::combined_mlp_state_v1::tests::native::paired::interleaved::interleaved_exercise+0x1d32>
  63380b:	48 8b 84 24 10 02 00 	mov    0x210(%rsp),%rax
  633812:	00 
  633813:	4d 89 fd             	mov    %r15,%r13
  633816:	49 89 47 18          	mov    %rax,0x18(%r15)
  63381a:	0f 10 84 24 00 02 00 	movups 0x200(%rsp),%xmm0
  633821:	00 
  633822:	41 0f 11 47 08       	movups %xmm0,0x8(%r15)
  633827:	41 c6 07 06          	movb   $0x6,(%r15)
  63382b:	48 8d bc 24 70 0a 00 	lea    0xa70(%rsp),%rdi
  633832:	00 
  633833:	e8 58 3d fd ff       	call   607590 <core::ptr::drop_in_place::<alloc::vec::Vec<u8>>>
  633838:	e9 83 f1 ff ff       	jmp    6329c0 <fe2o3_kfd::engineering_gfx950::peer::combined_mlp_state_v1::tests::native::paired::interleaved::interleaved_exercise+0xc10>
  63383d:	48 8b 44 24 20       	mov    0x20(%rsp),%rax
  633842:	4d 89 fd             	mov    %r15,%r13
  633845:	49 89 47 18          	mov    %rax,0x18(%r15)
  633849:	0f 10 44 24 10       	movups 0x10(%rsp),%xmm0
  63384e:	41 0f 11 47 08       	movups %xmm0,0x8(%r15)
  633853:	41 c6 07 06          	movb   $0x6,(%r15)
  633857:	48 8d bc 24 10 08 00 	lea    0x810(%rsp),%rdi
  63385e:	00 
  63385f:	e8 2c 3d fd ff       	call   607590 <core::ptr::drop_in_place::<alloc::vec::Vec<u8>>>
  633864:	e9 57 f1 ff ff       	jmp    6329c0 <fe2o3_kfd::engineering_gfx950::peer::combined_mlp_state_v1::tests::native::paired::interleaved::interleaved_exercise+0xc10>
  633869:	48 8d 15 28 2b 23 00 	lea    0x232b28(%rip),%rdx        # 866398 <anon.d17fe627e5d324ea66c61125bb898512.647.llvm.4602735538015308864+0x468>
  633870:	be 03 00 00 00       	mov    $0x3,%esi
  633875:	48 89 df             	mov    %rbx,%rdi
  633878:	ff 15 82 7a 27 00    	call   *0x277a82(%rip)        # 8ab300 <_DYNAMIC+0x2b8>
  63387e:	e9 64 3a 00 00       	jmp    6372e7 <fe2o3_kfd::engineering_gfx950::peer::combined_mlp_state_v1::tests::native::paired::interleaved::interleaved_exercise+0x5537>
  633883:	4c 89 ac 24 d8 00 00 	mov    %r13,0xd8(%rsp)
  63388a:	00 
  63388b:	bf 01 00 00 00       	mov    $0x1,%edi
  633890:	e9 a3 ef ff ff       	jmp    632838 <fe2o3_kfd::engineering_gfx950::peer::combined_mlp_state_v1::tests::native::paired::interleaved::interleaved_exercise+0xa88>
  633895:	48 8d 8c 24 78 0a 00 	lea    0xa78(%rsp),%rcx
  63389c:	00 
  63389d:	48 8b 41 10          	mov    0x10(%rcx),%rax
  6338a1:	48 89 84 24 10 02 00 	mov    %rax,0x210(%rsp)
  6338a8:	00 
  6338a9:	0f 10 01             	movups (%rcx),%xmm0
  6338ac:	0f 29 84 24 00 02 00 	movaps %xmm0,0x200(%rsp)
  6338b3:	00 
  6338b4:	49 89 47 18          	mov    %rax,0x18(%r15)
  6338b8:	41 0f 11 47 08       	movups %xmm0,0x8(%r15)
  6338bd:	41 c6 07 06          	movb   $0x6,(%r15)
  6338c1:	eb 2a                	jmp    6338ed <fe2o3_kfd::engineering_gfx950::peer::combined_mlp_state_v1::tests::native::paired::interleaved::interleaved_exercise+0x1b3d>
  6338c3:	48 8b 84 24 10 02 00 	mov    0x210(%rsp),%rax
  6338ca:	00 
  6338cb:	49 89 47 18          	mov    %rax,0x18(%r15)
  6338cf:	0f 10 84 24 00 02 00 	movups 0x200(%rsp),%xmm0
  6338d6:	00 
  6338d7:	41 0f 11 47 08       	movups %xmm0,0x8(%r15)
  6338dc:	41 c6 07 06          	movb   $0x6,(%r15)
  6338e0:	48 8d bc 24 70 0a 00 	lea    0xa70(%rsp),%rdi
  6338e7:	00 
  6338e8:	e8 a3 3c fd ff       	call   607590 <core::ptr::drop_in_place::<alloc::vec::Vec<u8>>>
  6338ed:	48 8d bc 24 10 08 00 	lea    0x810(%rsp),%rdi
  6338f4:	00 
  6338f5:	e8 f6 3b fd ff       	call   6074f0 <core::ptr::drop_in_place::<alloc::vec::Vec<&fe2o3_kfd::topology::KfdTopologyLinkV1>>>
  6338fa:	48 8d 7c 24 10       	lea    0x10(%rsp),%rdi
  6338ff:	e8 ac 30 fd ff       	call   6069b0 <core::ptr::drop_in_place::<alloc::vec::Vec<fe2o3_kfd::engineering_wire::PointerFixupV1>>>
  633904:	48 8d 7c 24 30       	lea    0x30(%rsp),%rdi
  633909:	e8 a2 30 fd ff       	call   6069b0 <core::ptr::drop_in_place::<alloc::vec::Vec<fe2o3_kfd::engineering_wire::PointerFixupV1>>>
  63390e:	48 8d bc 24 80 00 00 	lea    0x80(%rsp),%rdi
  633915:	00 
  633916:	e8 e5 25 fd ff       	call   605f00 <core::ptr::drop_in_place::<alloc::vec::Vec<[fe2o3_kfd::engineering_gfx950::peer::Gfx950EngineeringPeerBufferV1; 10]>>>
  63391b:	48 8d bc 24 58 01 00 	lea    0x158(%rsp),%rdi
  633922:	00 
  633923:	e8 e8 39 fd ff       	call   607310 <core::ptr::drop_in_place::<alloc::vec::Vec<fe2o3_kfd::engineering_gfx950::peer::combined_mlp_state_v1::paired::retained::RetainedPair>>>
  633928:	48 8d bc 24 a8 01 00 	lea    0x1a8(%rsp),%rdi
  63392f:	00 
  633930:	e8 0b 3b fd ff       	call   607440 <core::ptr::drop_in_place::<alloc::vec::Vec<fe2o3_kfd::engineering_gfx950::peer::combined_mlp_state_v1::tests::native::paired::interleaved::Payloads>>>
  633935:	4d 89 fd             	mov    %r15,%r13
  633938:	e9 83 f0 ff ff       	jmp    6329c0 <fe2o3_kfd::engineering_gfx950::peer::combined_mlp_state_v1::tests::native::paired::interleaved::interleaved_exercise+0xc10>
  63393d:	48 8d bc 24 78 0a 00 	lea    0xa78(%rsp),%rdi
  633944:	00 
  633945:	e8 96 b9 fd ff       	call   60f2e0 <fe2o3_kfd::engineering_gfx950::peer::combined_mlp_state_v1::tests::native::paired::paired_exercise::{closure#0}>
  63394a:	48 8d 35 86 ef ba ff 	lea    -0x45107a(%rip),%rsi        # 1e28d7 <anon.d17fe627e5d324ea66c61125bb898512.82.llvm.4602735538015308864+0x3b8>
  633951:	48 8d bc 24 70 0a 00 	lea    0xa70(%rsp),%rdi
  633958:	00 
  633959:	ba 1e 00 00 00       	mov    $0x1e,%edx
  63395e:	e8 8d b6 fd ff       	call   60eff0 <<u8 as <[_]>::to_vec_in::ConvertVec>::to_vec::<alloc::alloc::Global>>
  633963:	48 8b 84 24 80 0a 00 	mov    0xa80(%rsp),%rax
  63396a:	00 
  63396b:	49 89 47 18          	mov    %rax,0x18(%r15)
  63396f:	0f 10 84 24 70 0a 00 	movups 0xa70(%rsp),%xmm0
  633976:	00 
  633977:	eb 23                	jmp    63399c <fe2o3_kfd::engineering_gfx950::peer::combined_mlp_state_v1::tests::native::paired::interleaved::interleaved_exercise+0x1bec>
  633979:	48 8d 8c 24 78 0a 00 	lea    0xa78(%rsp),%rcx
  633980:	00 
  633981:	48 8b 41 10          	mov    0x10(%rcx),%rax
  633985:	48 89 84 24 10 02 00 	mov    %rax,0x210(%rsp)
  63398c:	00 
  63398d:	0f 10 01             	movups (%rcx),%xmm0
  633990:	0f 29 84 24 00 02 00 	movaps %xmm0,0x200(%rsp)
  633997:	00 
  633998:	49 89 47 18          	mov    %rax,0x18(%r15)
  63399c:	41 0f 11 47 08       	movups %xmm0,0x8(%r15)
  6339a1:	41 c6 07 06          	movb   $0x6,(%r15)
  6339a5:	e9 5a ff ff ff       	jmp    633904 <fe2o3_kfd::engineering_gfx950::peer::combined_mlp_state_v1::tests::native::paired::interleaved::interleaved_exercise+0x1b54>
  6339aa:	48 8b 84 24 10 02 00 	mov    0x210(%rsp),%rax
  6339b1:	00 
  6339b2:	49 89 47 18          	mov    %rax,0x18(%r15)
  6339b6:	0f 10 84 24 00 02 00 	movups 0x200(%rsp),%xmm0
  6339bd:	00 
  6339be:	41 0f 11 47 08       	movups %xmm0,0x8(%r15)
  6339c3:	41 c6 07 06          	movb   $0x6,(%r15)
  6339c7:	48 8d bc 24 70 0a 00 	lea    0xa70(%rsp),%rdi
  6339ce:	00 
  6339cf:	e8 bc 3b fd ff       	call   607590 <core::ptr::drop_in_place::<alloc::vec::Vec<u8>>>
  6339d4:	e9 2b ff ff ff       	jmp    633904 <fe2o3_kfd::engineering_gfx950::peer::combined_mlp_state_v1::tests::native::paired::interleaved::interleaved_exercise+0x1b54>
  6339d9:	bf 01 00 00 00       	mov    $0x1,%edi
  6339de:	be 18 00 00 00       	mov    $0x18,%esi
  6339e3:	ff 15 e7 78 27 00    	call   *0x2778e7(%rip)        # 8ab2d0 <_DYNAMIC+0x288>
  6339e9:	e9 f9 38 00 00       	jmp    6372e7 <fe2o3_kfd::engineering_gfx950::peer::combined_mlp_state_v1::tests::native::paired::interleaved::interleaved_exercise+0x5537>
  6339ee:	48 8d bc 24 78 0a 00 	lea    0xa78(%rsp),%rdi
  6339f5:	00 
  6339f6:	e8 65 bb fd ff       	call   60f560 <fe2o3_kfd::engineering_gfx950::peer::combined_mlp_state_v1::tests::native::paired::interleaved::interleaved_exercise::{closure#3}>
  6339fb:	48 8d 35 f3 ee ba ff 	lea    -0x45110d(%rip),%rsi        # 1e28f5 <anon.d17fe627e5d324ea66c61125bb898512.82.llvm.4602735538015308864+0x3d6>
  633a02:	48 8d bc 24 70 0a 00 	lea    0xa70(%rsp),%rdi
  633a09:	00 
  633a0a:	ba 16 00 00 00       	mov    $0x16,%edx
  633a0f:	e8 dc b5 fd ff       	call   60eff0 <<u8 as <[_]>::to_vec_in::ConvertVec>::to_vec::<alloc::alloc::Global>>
  633a14:	48 8b 84 24 80 0a 00 	mov    0xa80(%rsp),%rax
  633a1b:	00 
  633a1c:	49 89 47 18          	mov    %rax,0x18(%r15)
  633a20:	0f 10 84 24 70 0a 00 	movups 0xa70(%rsp),%xmm0
  633a27:	00 
  633a28:	41 0f 11 47 08       	movups %xmm0,0x8(%r15)
  633a2d:	41 c6 07 06          	movb   $0x6,(%r15)
  633a31:	48 8d 7c 24 30       	lea    0x30(%rsp),%rdi
  633a36:	e8 75 2f fd ff       	call   6069b0 <core::ptr::drop_in_place::<alloc::vec::Vec<fe2o3_kfd::engineering_wire::PointerFixupV1>>>
  633a3b:	e9 db fe ff ff       	jmp    63391b <fe2o3_kfd::engineering_gfx950::peer::combined_mlp_state_v1::tests::native::paired::interleaved::interleaved_exercise+0x1b6b>
  633a40:	48 8d bc 24 78 0a 00 	lea    0xa78(%rsp),%rdi
  633a47:	00 
  633a48:	e8 93 b8 fd ff       	call   60f2e0 <fe2o3_kfd::engineering_gfx950::peer::combined_mlp_state_v1::tests::native::paired::paired_exercise::{closure#0}>
  633a4d:	48 8d 35 b7 ee ba ff 	lea    -0x451149(%rip),%rsi        # 1e290b <anon.d17fe627e5d324ea66c61125bb898512.82.llvm.4602735538015308864+0x3ec>
  633a54:	48 8d bc 24 70 0a 00 	lea    0xa70(%rsp),%rdi
  633a5b:	00 
  633a5c:	ba 18 00 00 00       	mov    $0x18,%edx
  633a61:	e8 8a b5 fd ff       	call   60eff0 <<u8 as <[_]>::to_vec_in::ConvertVec>::to_vec::<alloc::alloc::Global>>
  633a66:	48 8b 84 24 80 0a 00 	mov    0xa80(%rsp),%rax
  633a6d:	00 
  633a6e:	49 89 47 18          	mov    %rax,0x18(%r15)
  633a72:	0f 10 84 24 70 0a 00 	movups 0xa70(%rsp),%xmm0
  633a79:	00 
  633a7a:	eb 66                	jmp    633ae2 <fe2o3_kfd::engineering_gfx950::peer::combined_mlp_state_v1::tests::native::paired::interleaved::interleaved_exercise+0x1d32>
  633a7c:	48 8d 8c 24 58 36 00 	lea    0x3658(%rsp),%rcx
  633a83:	00 
  633a84:	48 8b 41 10          	mov    0x10(%rcx),%rax
  633a88:	48 89 84 24 10 02 00 	mov    %rax,0x210(%rsp)
  633a8f:	00 
  633a90:	0f 10 01             	movups (%rcx),%xmm0
  633a93:	0f 29 84 24 00 02 00 	movaps %xmm0,0x200(%rsp)
  633a9a:	00 
  633a9b:	48 8d bc 24 10 08 00 	lea    0x810(%rsp),%rdi
  633aa2:	00 
  633aa3:	48 8d b4 24 a0 00 00 	lea    0xa0(%rsp),%rsi
  633aaa:	00 
  633aab:	48 8d 94 24 00 02 00 	lea    0x200(%rsp),%rdx
  633ab2:	00 
  633ab3:	e8 58 bb fd ff       	call   60f610 <fe2o3_kfd::engineering_gfx950::peer::combined_mlp_state_v1::tests::native::paired::interleaved::interleaved_exercise::{closure#5}>
  633ab8:	48 8b 84 24 20 08 00 	mov    0x820(%rsp),%rax
  633abf:	00 
  633ac0:	48 8d 94 24 58 36 00 	lea    0x3658(%rsp),%rdx
  633ac7:	00 
  633ac8:	48 89 42 10          	mov    %rax,0x10(%rdx)
  633acc:	0f 10 84 24 10 08 00 	movups 0x810(%rsp),%xmm0
  633ad3:	00 
  633ad4:	0f 11 02             	movups %xmm0,(%rdx)
  633ad7:	48 8b 42 10          	mov    0x10(%rdx),%rax
  633adb:	49 89 47 18          	mov    %rax,0x18(%r15)
  633adf:	0f 10 02             	movups (%rdx),%xmm0
  633ae2:	41 0f 11 47 08       	movups %xmm0,0x8(%r15)
  633ae7:	41 c6 07 06          	movb   $0x6,(%r15)
  633aeb:	e9 2b fe ff ff       	jmp    63391b <fe2o3_kfd::engineering_gfx950::peer::combined_mlp_state_v1::tests::native::paired::interleaved::interleaved_exercise+0x1b6b>
  633af0:	0f 10 84 24 71 0a 00 	movups 0xa71(%rsp),%xmm0
  633af7:	00 
  633af8:	0f 10 8c 24 80 0a 00 	movups 0xa80(%rsp),%xmm1
  633aff:	00 
  633b00:	0f 11 8c 24 0f 02 00 	movups %xmm1,0x20f(%rsp)
  633b07:	00 
  633b08:	0f 29 84 24 00 02 00 	movaps %xmm0,0x200(%rsp)
  633b0f:	00 
  633b10:	0f 28 84 24 00 02 00 	movaps 0x200(%rsp),%xmm0
  633b17:	00 
  633b18:	0f 11 84 24 f1 06 00 	movups %xmm0,0x6f1(%rsp)
  633b1f:	00 
  633b20:	0f 10 84 24 0f 02 00 	movups 0x20f(%rsp),%xmm0
  633b27:	00 
  633b28:	0f 11 84 24 00 07 00 	movups %xmm0,0x700(%rsp)
  633b2f:	00 
  633b30:	88 84 24 f0 06 00 00 	mov    %al,0x6f0(%rsp)
  633b37:	c7 84 24 30 07 00 00 	movl   $0x0,0x730(%rsp)
  633b3e:	00 00 00 00 
  633b42:	c7 84 24 38 07 00 00 	movl   $0x0,0x738(%rsp)
  633b49:	00 00 00 00 
  633b4d:	c7 84 24 40 07 00 00 	movl   $0x0,0x740(%rsp)
  633b54:	00 00 00 00 
  633b58:	c7 84 24 48 07 00 00 	movl   $0x0,0x748(%rsp)
  633b5f:	00 00 00 00 
  633b63:	48 c7 84 24 08 06 00 	movq   $0x0,0x608(%rsp)
  633b6a:	00 00 00 00 00 
  633b6f:	48 c7 84 24 10 06 00 	movq   $0x8,0x610(%rsp)
  633b76:	00 08 00 00 00 
  633b7b:	48 c7 84 24 18 06 00 	movq   $0x0,0x618(%rsp)
  633b82:	00 00 00 00 00 
  633b87:	48 c7 84 24 08 01 00 	movq   $0x0,0x108(%rsp)
  633b8e:	00 00 00 00 00 
  633b93:	48 8d 05 ce 26 23 00 	lea    0x2326ce(%rip),%rax        # 866268 <anon.d17fe627e5d324ea66c61125bb898512.647.llvm.4602735538015308864+0x338>
  633b9a:	48 89 84 24 e0 05 00 	mov    %rax,0x5e0(%rsp)
  633ba1:	00 
  633ba2:	48 8d 05 d7 26 23 00 	lea    0x2326d7(%rip),%rax        # 866280 <anon.d17fe627e5d324ea66c61125bb898512.647.llvm.4602735538015308864+0x350>
  633ba9:	48 89 84 24 e8 05 00 	mov    %rax,0x5e8(%rsp)
  633bb0:	00 
  633bb1:	48 8d 84 24 c0 00 00 	lea    0xc0(%rsp),%rax
  633bb8:	00 
  633bb9:	48 89 84 24 f0 05 00 	mov    %rax,0x5f0(%rsp)
  633bc0:	00 
  633bc1:	48 c7 84 24 78 01 00 	movq   $0x0,0x178(%rsp)
  633bc8:	00 00 00 00 00 
  633bcd:	48 8b b4 24 08 01 00 	mov    0x108(%rsp),%rsi
  633bd4:	00 
  633bd5:	48 89 b4 24 38 01 00 	mov    %rsi,0x138(%rsp)
  633bdc:	00 
  633bdd:	48 89 ef             	mov    %rbp,%rdi
  633be0:	31 d2                	xor    %edx,%edx
  633be2:	e8 e9 40 00 00       	call   637cd0 <fe2o3_kfd::engineering_gfx950::peer::combined_mlp_state_v1::tests::native::paired::interleaved::schedule>
  633be7:	48 8b 84 24 78 0a 00 	mov    0xa78(%rsp),%rax
  633bee:	00 
  633bef:	48 89 84 24 10 01 00 	mov    %rax,0x110(%rsp)
  633bf6:	00 
  633bf7:	48 8b 84 24 80 0a 00 	mov    0xa80(%rsp),%rax
  633bfe:	00 
  633bff:	48 89 84 24 70 01 00 	mov    %rax,0x170(%rsp)
  633c06:	00 
  633c07:	83 bc 24 70 0a 00 00 	cmpl   $0x1,0xa70(%rsp)
  633c0e:	01 
  633c0f:	0f 84 37 2d 00 00    	je     63694c <fe2o3_kfd::engineering_gfx950::peer::combined_mlp_state_v1::tests::native::paired::interleaved::interleaved_exercise+0x4b9c>
  633c15:	48 8b 84 24 10 01 00 	mov    0x110(%rsp),%rax
  633c1c:	00 
  633c1d:	48 89 84 24 c0 01 00 	mov    %rax,0x1c0(%rsp)
  633c24:	00 
  633c25:	48 83 bc 24 38 01 00 	cmpq   $0x1,0x138(%rsp)
  633c2c:	00 01 
  633c2e:	0f 86 b7 05 00 00    	jbe    6341eb <fe2o3_kfd::engineering_gfx950::peer::combined_mlp_state_v1::tests::native::paired::interleaved::interleaved_exercise+0x243b>
  633c34:	48 8b 94 24 60 01 00 	mov    0x160(%rsp),%rdx
  633c3b:	00 
  633c3c:	48 8b 8c 24 68 01 00 	mov    0x168(%rsp),%rcx
  633c43:	00 
  633c44:	8b 84 24 e0 00 00 00 	mov    0xe0(%rsp),%eax
  633c4b:	89 04 24             	mov    %eax,(%rsp)
  633c4e:	48 89 ef             	mov    %rbp,%rdi
  633c51:	48 8b 74 24 58       	mov    0x58(%rsp),%rsi
  633c56:	4c 8d 84 24 10 08 00 	lea    0x810(%rsp),%r8
  633c5d:	00 
  633c5e:	4c 8b 8c 24 78 01 00 	mov    0x178(%rsp),%r9
  633c65:	00 
  633c66:	e8 15 bb ff ff       	call   62f780 <fe2o3_kfd::engineering_gfx950::peer::combined_mlp_state_v1::tests::native::paired::interleaved::observe_pairs>
  633c6b:	0f b6 84 24 70 0a 00 	movzbl 0xa70(%rsp),%eax
  633c72:	00 
  633c73:	3c 06                	cmp    $0x6,%al
  633c75:	0f 84 62 2d 00 00    	je     6369dd <fe2o3_kfd::engineering_gfx950::peer::combined_mlp_state_v1::tests::native::paired::interleaved::interleaved_exercise+0x4c2d>
  633c7b:	48 8d 8c 24 71 0a 00 	lea    0xa71(%rsp),%rcx
  633c82:	00 
  633c83:	0f 10 01             	movups (%rcx),%xmm0
  633c86:	0f 10 49 0f          	movups 0xf(%rcx),%xmm1
  633c8a:	0f 11 8c 24 0f 02 00 	movups %xmm1,0x20f(%rsp)
  633c91:	00 
  633c92:	0f 29 84 24 00 02 00 	movaps %xmm0,0x200(%rsp)
  633c99:	00 
  633c9a:	0f 10 84 24 0f 02 00 	movups 0x20f(%rsp),%xmm0
  633ca1:	00 
  633ca2:	48 8d 8c 24 81 00 00 	lea    0x81(%rsp),%rcx
  633ca9:	00 
  633caa:	0f 11 41 0f          	movups %xmm0,0xf(%rcx)
  633cae:	0f 28 84 24 00 02 00 	movaps 0x200(%rsp),%xmm0
  633cb5:	00 
  633cb6:	0f 11 01             	movups %xmm0,(%rcx)
  633cb9:	88 84 24 80 00 00 00 	mov    %al,0x80(%rsp)
  633cc0:	48 83 bc 24 10 01 00 	cmpq   $0x0,0x110(%rsp)
  633cc7:	00 00 
  633cc9:	0f 88 b8 33 00 00    	js     637087 <fe2o3_kfd::engineering_gfx950::peer::combined_mlp_state_v1::tests::native::paired::interleaved::interleaved_exercise+0x52d7>
  633ccf:	48 8b 84 24 10 01 00 	mov    0x110(%rsp),%rax
  633cd6:	00 
  633cd7:	48 01 c0             	add    %rax,%rax
  633cda:	48 89 84 24 28 01 00 	mov    %rax,0x128(%rsp)
  633ce1:	00 
  633ce2:	48 83 f8 fe          	cmp    $0xfffffffffffffffe,%rax
  633ce6:	0f 84 ad 33 00 00    	je     637099 <fe2o3_kfd::engineering_gfx950::peer::combined_mlp_state_v1::tests::native::paired::interleaved::interleaved_exercise+0x52e9>
  633cec:	48 8b 84 24 28 01 00 	mov    0x128(%rsp),%rax
  633cf3:	00 
  633cf4:	48 8d 70 02          	lea    0x2(%rax),%rsi
  633cf8:	48 8b 94 24 68 01 00 	mov    0x168(%rsp),%rdx
  633cff:	00 
  633d00:	48 39 d6             	cmp    %rdx,%rsi
  633d03:	0f 87 3c 30 00 00    	ja     636d45 <fe2o3_kfd::engineering_gfx950::peer::combined_mlp_state_v1::tests::native::paired::interleaved::interleaved_exercise+0x4f95>
  633d09:	48 69 94 24 28 01 00 	imul   $0x1908,0x128(%rsp),%rdx
  633d10:	00 08 19 00 00 
  633d15:	48 03 94 24 60 01 00 	add    0x160(%rsp),%rdx
  633d1c:	00 
  633d1d:	b9 02 00 00 00       	mov    $0x2,%ecx
  633d22:	48 8d bc 24 20 06 00 	lea    0x620(%rsp),%rdi
  633d29:	00 
  633d2a:	48 8b 74 24 58       	mov    0x58(%rsp),%rsi
  633d2f:	44 8b 84 24 e0 00 00 	mov    0xe0(%rsp),%r8d
  633d36:	00 
  633d37:	e8 d4 24 e3 ff       	call   466210 <fe2o3_kfd::engineering_gfx950::peer::combined_mlp_state_v1::paired::retained::rearm_pairs>
  633d3c:	48 b8 00 00 00 00 00 	movabs $0x8000000000000000,%rax
  633d43:	00 00 80 
  633d46:	48 39 84 24 20 06 00 	cmp    %rax,0x620(%rsp)
  633d4d:	00 
  633d4e:	0f 85 b2 2c 00 00    	jne    636a06 <fe2o3_kfd::engineering_gfx950::peer::combined_mlp_state_v1::tests::native::paired::interleaved::interleaved_exercise+0x4c56>
  633d54:	48 8b 84 24 70 01 00 	mov    0x170(%rsp),%rax
  633d5b:	00 
  633d5c:	48 39 84 24 28 06 00 	cmp    %rax,0x628(%rsp)
  633d63:	00 
  633d64:	0f 85 14 2d 00 00    	jne    636a7e <fe2o3_kfd::engineering_gfx950::peer::combined_mlp_state_v1::tests::native::paired::interleaved::interleaved_exercise+0x4cce>
  633d6a:	48 8b 94 24 60 01 00 	mov    0x160(%rsp),%rdx
  633d71:	00 
  633d72:	48 8b 8c 24 68 01 00 	mov    0x168(%rsp),%rcx
  633d79:	00 
  633d7a:	8b 84 24 e0 00 00 00 	mov    0xe0(%rsp),%eax
  633d81:	89 04 24             	mov    %eax,(%rsp)
  633d84:	48 89 ef             	mov    %rbp,%rdi
  633d87:	48 8b 74 24 58       	mov    0x58(%rsp),%rsi
  633d8c:	4c 8d 84 24 10 08 00 	lea    0x810(%rsp),%r8
  633d93:	00 
  633d94:	4c 8b 8c 24 78 01 00 	mov    0x178(%rsp),%r9
  633d9b:	00 
  633d9c:	e8 df b9 ff ff       	call   62f780 <fe2o3_kfd::engineering_gfx950::peer::combined_mlp_state_v1::tests::native::paired::interleaved::observe_pairs>
  633da1:	0f b6 84 24 70 0a 00 	movzbl 0xa70(%rsp),%eax
  633da8:	00 
  633da9:	3c 06                	cmp    $0x6,%al
  633dab:	0f 84 fc 2c 00 00    	je     636aad <fe2o3_kfd::engineering_gfx950::peer::combined_mlp_state_v1::tests::native::paired::interleaved::interleaved_exercise+0x4cfd>
  633db1:	48 8d 8c 24 71 0a 00 	lea    0xa71(%rsp),%rcx
  633db8:	00 
  633db9:	0f 10 01             	movups (%rcx),%xmm0
  633dbc:	0f 10 49 0f          	movups 0xf(%rcx),%xmm1
  633dc0:	0f 11 8c 24 0f 02 00 	movups %xmm1,0x20f(%rsp)
  633dc7:	00 
  633dc8:	0f 29 84 24 00 02 00 	movaps %xmm0,0x200(%rsp)
  633dcf:	00 
  633dd0:	0f 10 84 24 0f 02 00 	movups 0x20f(%rsp),%xmm0
  633dd7:	00 
  633dd8:	48 8d 4c 24 31       	lea    0x31(%rsp),%rcx
  633ddd:	0f 11 41 0f          	movups %xmm0,0xf(%rcx)
  633de1:	0f 28 84 24 00 02 00 	movaps 0x200(%rsp),%xmm0
  633de8:	00 
  633de9:	0f 11 01             	movups %xmm0,(%rcx)
  633dec:	88 44 24 30          	mov    %al,0x30(%rsp)
  633df0:	48 c7 44 24 60 00 00 	movq   $0x0,0x60(%rsp)
  633df7:	00 00 
  633df9:	48 c7 44 24 70 00 00 	movq   $0x0,0x70(%rsp)
  633e00:	00 00 
  633e02:	ba 04 00 00 00       	mov    $0x4,%edx
  633e07:	48 89 ef             	mov    %rbp,%rdi
  633e0a:	48 8d 35 63 41 a7 ff 	lea    -0x58be9d(%rip),%rsi        # a7f74 <anon.75c73590a8a0cca5845942592f529bde.1105.llvm.6044895605640302743+0x24>
  633e11:	e8 da b1 fd ff       	call   60eff0 <<u8 as <[_]>::to_vec_in::ConvertVec>::to_vec::<alloc::alloc::Global>>
  633e16:	48 8b 84 24 80 0a 00 	mov    0xa80(%rsp),%rax
  633e1d:	00 
  633e1e:	48 89 84 24 b0 00 00 	mov    %rax,0xb0(%rsp)
  633e25:	00 
  633e26:	0f 10 84 24 70 0a 00 	movups 0xa70(%rsp),%xmm0
  633e2d:	00 
  633e2e:	0f 29 84 24 a0 00 00 	movaps %xmm0,0xa0(%rsp)
  633e35:	00 
  633e36:	48 89 ef             	mov    %rbp,%rdi
  633e39:	48 8d 35 00 24 23 00 	lea    0x232400(%rip),%rsi        # 866240 <anon.d17fe627e5d324ea66c61125bb898512.647.llvm.4602735538015308864+0x310>
  633e40:	e8 8b 0f 01 00       	call   644dd0 <serde_json::value::to_value::<&&str>>
  633e45:	80 bc 24 70 0a 00 00 	cmpb   $0x6,0xa70(%rsp)
  633e4c:	06 
  633e4d:	0f 84 0c 2f 00 00    	je     636d5f <fe2o3_kfd::engineering_gfx950::peer::combined_mlp_state_v1::tests::native::paired::interleaved::interleaved_exercise+0x4faf>
  633e53:	0f 10 84 24 70 0a 00 	movups 0xa70(%rsp),%xmm0
  633e5a:	00 
  633e5b:	0f 10 8c 24 80 0a 00 	movups 0xa80(%rsp),%xmm1
  633e62:	00 
  633e63:	0f 29 8c 24 10 02 00 	movaps %xmm1,0x210(%rsp)
  633e6a:	00 
  633e6b:	0f 29 84 24 00 02 00 	movaps %xmm0,0x200(%rsp)
  633e72:	00 
  633e73:	48 89 ef             	mov    %rbp,%rdi
  633e76:	48 8d 74 24 60       	lea    0x60(%rsp),%rsi
  633e7b:	48 8d 94 24 a0 00 00 	lea    0xa0(%rsp),%rdx
  633e82:	00 
  633e83:	48 8d 8c 24 00 02 00 	lea    0x200(%rsp),%rcx
  633e8a:	00 
  633e8b:	e8 10 57 f0 ff       	call   5395a0 <<alloc::collections::btree::map::BTreeMap<alloc::string::String, serde_json::value::Value>>::insert>
  633e90:	80 bc 24 70 0a 00 00 	cmpb   $0x6,0xa70(%rsp)
  633e97:	06 
  633e98:	74 08                	je     633ea2 <fe2o3_kfd::engineering_gfx950::peer::combined_mlp_state_v1::tests::native::paired::interleaved::interleaved_exercise+0x20f2>
  633e9a:	48 89 ef             	mov    %rbp,%rdi
  633e9d:	e8 ae 4c fd ff       	call   608b50 <core::ptr::drop_in_place::<serde_json::value::Value>>
  633ea2:	ba 07 00 00 00       	mov    $0x7,%edx
  633ea7:	48 89 ef             	mov    %rbp,%rdi
  633eaa:	48 8d 35 a8 50 bb ff 	lea    -0x44af58(%rip),%rsi        # 1e8f59 <anon.d17fe627e5d324ea66c61125bb898512.645.llvm.4602735538015308864+0x2d3>
  633eb1:	e8 3a b1 fd ff       	call   60eff0 <<u8 as <[_]>::to_vec_in::ConvertVec>::to_vec::<alloc::alloc::Global>>
  633eb6:	48 8b 84 24 80 0a 00 	mov    0xa80(%rsp),%rax
  633ebd:	00 
  633ebe:	48 89 84 24 b0 00 00 	mov    %rax,0xb0(%rsp)
  633ec5:	00 
  633ec6:	0f 10 84 24 70 0a 00 	movups 0xa70(%rsp),%xmm0
  633ecd:	00 
  633ece:	0f 29 84 24 a0 00 00 	movaps %xmm0,0xa0(%rsp)
  633ed5:	00 
  633ed6:	48 8b 84 24 38 01 00 	mov    0x138(%rsp),%rax
  633edd:	00 
  633ede:	c6 84 24 70 0a 00 00 	movb   $0x2,0xa70(%rsp)
  633ee5:	02 
  633ee6:	48 c7 84 24 78 0a 00 	movq   $0x0,0xa78(%rsp)
  633eed:	00 00 00 00 00 
  633ef2:	48 89 84 24 80 0a 00 	mov    %rax,0xa80(%rsp)
  633ef9:	00 
  633efa:	48 8d bc 24 00 02 00 	lea    0x200(%rsp),%rdi
  633f01:	00 
  633f02:	48 8d 74 24 60       	lea    0x60(%rsp),%rsi
  633f07:	48 8d 94 24 a0 00 00 	lea    0xa0(%rsp),%rdx
  633f0e:	00 
  633f0f:	48 89 e9             	mov    %rbp,%rcx
  633f12:	e8 89 56 f0 ff       	call   5395a0 <<alloc::collections::btree::map::BTreeMap<alloc::string::String, serde_json::value::Value>>::insert>
  633f17:	80 bc 24 00 02 00 00 	cmpb   $0x6,0x200(%rsp)
  633f1e:	06 
  633f1f:	74 0d                	je     633f2e <fe2o3_kfd::engineering_gfx950::peer::combined_mlp_state_v1::tests::native::paired::interleaved::interleaved_exercise+0x217e>
  633f21:	48 8d bc 24 00 02 00 	lea    0x200(%rsp),%rdi
  633f28:	00 
  633f29:	e8 22 4c fd ff       	call   608b50 <core::ptr::drop_in_place::<serde_json::value::Value>>
  633f2e:	ba 04 00 00 00       	mov    $0x4,%edx
  633f33:	48 89 ef             	mov    %rbp,%rdi
  633f36:	48 8d 35 7f 42 a7 ff 	lea    -0x58bd81(%rip),%rsi        # a81bc <anon.c4c048158b162c295f88a543dc6fc2a7.294.llvm.9163490545990151295+0x44>
  633f3d:	e8 ae b0 fd ff       	call   60eff0 <<u8 as <[_]>::to_vec_in::ConvertVec>::to_vec::<alloc::alloc::Global>>
  633f42:	48 8b 84 24 80 0a 00 	mov    0xa80(%rsp),%rax
  633f49:	00 
  633f4a:	48 89 84 24 b0 00 00 	mov    %rax,0xb0(%rsp)
  633f51:	00 
  633f52:	0f 10 84 24 70 0a 00 	movups 0xa70(%rsp),%xmm0
  633f59:	00 
  633f5a:	0f 29 84 24 a0 00 00 	movaps %xmm0,0xa0(%rsp)
  633f61:	00 
  633f62:	48 8b 84 24 c0 01 00 	mov    0x1c0(%rsp),%rax
  633f69:	00 
  633f6a:	c6 84 24 70 0a 00 00 	movb   $0x2,0xa70(%rsp)
  633f71:	02 
  633f72:	48 c7 84 24 78 0a 00 	movq   $0x0,0xa78(%rsp)
  633f79:	00 00 00 00 00 
  633f7e:	48 89 84 24 80 0a 00 	mov    %rax,0xa80(%rsp)
  633f85:	00 
  633f86:	48 8d bc 24 00 02 00 	lea    0x200(%rsp),%rdi
  633f8d:	00 
  633f8e:	48 8d 74 24 60       	lea    0x60(%rsp),%rsi
  633f93:	48 8d 94 24 a0 00 00 	lea    0xa0(%rsp),%rdx
  633f9a:	00 
  633f9b:	48 89 e9             	mov    %rbp,%rcx
  633f9e:	e8 fd 55 f0 ff       	call   5395a0 <<alloc::collections::btree::map::BTreeMap<alloc::string::String, serde_json::value::Value>>::insert>
  633fa3:	80 bc 24 00 02 00 00 	cmpb   $0x6,0x200(%rsp)
  633faa:	06 
  633fab:	74 0d                	je     633fba <fe2o3_kfd::engineering_gfx950::peer::combined_mlp_state_v1::tests::native::paired::interleaved::interleaved_exercise+0x220a>
  633fad:	48 8d bc 24 00 02 00 	lea    0x200(%rsp),%rdi
  633fb4:	00 
  633fb5:	e8 96 4b fd ff       	call   608b50 <core::ptr::drop_in_place::<serde_json::value::Value>>
  633fba:	ba 0f 00 00 00       	mov    $0xf,%edx
  633fbf:	48 89 ef             	mov    %rbp,%rdi
  633fc2:	48 8d 35 97 4f bb ff 	lea    -0x44b069(%rip),%rsi        # 1e8f60 <anon.d17fe627e5d324ea66c61125bb898512.645.llvm.4602735538015308864+0x2da>
  633fc9:	e8 22 b0 fd ff       	call   60eff0 <<u8 as <[_]>::to_vec_in::ConvertVec>::to_vec::<alloc::alloc::Global>>
  633fce:	48 8b 84 24 80 0a 00 	mov    0xa80(%rsp),%rax
  633fd5:	00 
  633fd6:	48 89 84 24 b0 00 00 	mov    %rax,0xb0(%rsp)
  633fdd:	00 
  633fde:	0f 10 84 24 70 0a 00 	movups 0xa70(%rsp),%xmm0
  633fe5:	00 
  633fe6:	0f 29 84 24 a0 00 00 	movaps %xmm0,0xa0(%rsp)
  633fed:	00 
  633fee:	c6 84 24 70 0a 00 00 	movb   $0x2,0xa70(%rsp)
  633ff5:	02 
  633ff6:	48 c7 84 24 78 0a 00 	movq   $0x0,0xa78(%rsp)
  633ffd:	00 00 00 00 00 
  634002:	48 8b 84 24 70 01 00 	mov    0x170(%rsp),%rax
  634009:	00 
  63400a:	48 89 84 24 80 0a 00 	mov    %rax,0xa80(%rsp)
  634011:	00 
  634012:	48 8d bc 24 00 02 00 	lea    0x200(%rsp),%rdi
  634019:	00 
  63401a:	48 8d 74 24 60       	lea    0x60(%rsp),%rsi
  63401f:	48 8d 94 24 a0 00 00 	lea    0xa0(%rsp),%rdx
  634026:	00 
  634027:	48 89 e9             	mov    %rbp,%rcx
  63402a:	e8 71 55 f0 ff       	call   5395a0 <<alloc::collections::btree::map::BTreeMap<alloc::string::String, serde_json::value::Value>>::insert>
  63402f:	80 bc 24 00 02 00 00 	cmpb   $0x6,0x200(%rsp)
  634036:	06 
  634037:	74 0d                	je     634046 <fe2o3_kfd::engineering_gfx950::peer::combined_mlp_state_v1::tests::native::paired::interleaved::interleaved_exercise+0x2296>
  634039:	48 8d bc 24 00 02 00 	lea    0x200(%rsp),%rdi
  634040:	00 
  634041:	e8 0a 4b fd ff       	call   608b50 <core::ptr::drop_in_place::<serde_json::value::Value>>
  634046:	ba 06 00 00 00       	mov    $0x6,%edx
  63404b:	48 89 ef             	mov    %rbp,%rdi
  63404e:	48 8d 35 1a 4f bb ff 	lea    -0x44b0e6(%rip),%rsi        # 1e8f6f <anon.d17fe627e5d324ea66c61125bb898512.645.llvm.4602735538015308864+0x2e9>
  634055:	e8 96 af fd ff       	call   60eff0 <<u8 as <[_]>::to_vec_in::ConvertVec>::to_vec::<alloc::alloc::Global>>
  63405a:	48 8b 84 24 80 0a 00 	mov    0xa80(%rsp),%rax
  634061:	00 
  634062:	48 89 84 24 b0 00 00 	mov    %rax,0xb0(%rsp)
  634069:	00 
  63406a:	0f 10 84 24 70 0a 00 	movups 0xa70(%rsp),%xmm0
  634071:	00 
  634072:	0f 29 84 24 a0 00 00 	movaps %xmm0,0xa0(%rsp)
  634079:	00 
  63407a:	48 8d 84 24 80 00 00 	lea    0x80(%rsp),%rax
  634081:	00 
  634082:	48 89 84 24 00 02 00 	mov    %rax,0x200(%rsp)
  634089:	00 
  63408a:	48 89 ef             	mov    %rbp,%rdi
  63408d:	48 8d b4 24 00 02 00 	lea    0x200(%rsp),%rsi
  634094:	00 
  634095:	e8 96 ba 01 00       	call   64fb30 <<&serde_json::value::Value as serde_core::ser::Serialize>::serialize::<serde_json::value::ser::Serializer>>
  63409a:	80 bc 24 70 0a 00 00 	cmpb   $0x6,0xa70(%rsp)
  6340a1:	06 
  6340a2:	0f 84 f4 2c 00 00    	je     636d9c <fe2o3_kfd::engineering_gfx950::peer::combined_mlp_state_v1::tests::native::paired::interleaved::interleaved_exercise+0x4fec>
  6340a8:	0f 10 84 24 70 0a 00 	movups 0xa70(%rsp),%xmm0
  6340af:	00 
  6340b0:	0f 10 8c 24 80 0a 00 	movups 0xa80(%rsp),%xmm1
  6340b7:	00 
  6340b8:	0f 29 8c 24 10 02 00 	movaps %xmm1,0x210(%rsp)
  6340bf:	00 
  6340c0:	0f 29 84 24 00 02 00 	movaps %xmm0,0x200(%rsp)
  6340c7:	00 
  6340c8:	48 89 ef             	mov    %rbp,%rdi
  6340cb:	48 8d 74 24 60       	lea    0x60(%rsp),%rsi
  6340d0:	48 8d 94 24 a0 00 00 	lea    0xa0(%rsp),%rdx
  6340d7:	00 
  6340d8:	48 8d 8c 24 00 02 00 	lea    0x200(%rsp),%rcx
  6340df:	00 
  6340e0:	e8 bb 54 f0 ff       	call   5395a0 <<alloc::collections::btree::map::BTreeMap<alloc::string::String, serde_json::value::Value>>::insert>
  6340e5:	80 bc 24 70 0a 00 00 	cmpb   $0x6,0xa70(%rsp)
  6340ec:	06 
  6340ed:	74 08                	je     6340f7 <fe2o3_kfd::engineering_gfx950::peer::combined_mlp_state_v1::tests::native::paired::interleaved::interleaved_exercise+0x2347>
  6340ef:	48 89 ef             	mov    %rbp,%rdi
  6340f2:	e8 59 4a fd ff       	call   608b50 <core::ptr::drop_in_place::<serde_json::value::Value>>
  6340f7:	ba 05 00 00 00       	mov    $0x5,%edx
  6340fc:	48 89 ef             	mov    %rbp,%rdi
  6340ff:	48 8d 35 6f 4e bb ff 	lea    -0x44b191(%rip),%rsi        # 1e8f75 <anon.d17fe627e5d324ea66c61125bb898512.645.llvm.4602735538015308864+0x2ef>
  634106:	e8 e5 ae fd ff       	call   60eff0 <<u8 as <[_]>::to_vec_in::ConvertVec>::to_vec::<alloc::alloc::Global>>
  63410b:	48 8b 84 24 80 0a 00 	mov    0xa80(%rsp),%rax
  634112:	00 
  634113:	48 89 84 24 b0 00 00 	mov    %rax,0xb0(%rsp)
  63411a:	00 
  63411b:	0f 10 84 24 70 0a 00 	movups 0xa70(%rsp),%xmm0
  634122:	00 
  634123:	0f 29 84 24 a0 00 00 	movaps %xmm0,0xa0(%rsp)
  63412a:	00 
  63412b:	48 8d 44 24 30       	lea    0x30(%rsp),%rax
  634130:	48 89 84 24 00 02 00 	mov    %rax,0x200(%rsp)
  634137:	00 
  634138:	48 89 ef             	mov    %rbp,%rdi
  63413b:	48 8d b4 24 00 02 00 	lea    0x200(%rsp),%rsi
  634142:	00 
  634143:	e8 e8 b9 01 00       	call   64fb30 <<&serde_json::value::Value as serde_core::ser::Serialize>::serialize::<serde_json::value::ser::Serializer>>
  634148:	80 bc 24 70 0a 00 00 	cmpb   $0x6,0xa70(%rsp)
  63414f:	06 
  634150:	0f 84 83 2c 00 00    	je     636dd9 <fe2o3_kfd::engineering_gfx950::peer::combined_mlp_state_v1::tests::native::paired::interleaved::interleaved_exercise+0x5029>
  634156:	0f 10 84 24 70 0a 00 	movups 0xa70(%rsp),%xmm0
  63415d:	00 
  63415e:	0f 10 8c 24 80 0a 00 	movups 0xa80(%rsp),%xmm1
  634165:	00 
  634166:	0f 29 8c 24 10 02 00 	movaps %xmm1,0x210(%rsp)
  63416d:	00 
  63416e:	0f 29 84 24 00 02 00 	movaps %xmm0,0x200(%rsp)
  634175:	00 
  634176:	48 89 ef             	mov    %rbp,%rdi
  634179:	48 8d 74 24 60       	lea    0x60(%rsp),%rsi
  63417e:	48 8d 94 24 a0 00 00 	lea    0xa0(%rsp),%rdx
  634185:	00 
  634186:	48 8d 8c 24 00 02 00 	lea    0x200(%rsp),%rcx
  63418d:	00 
  63418e:	e8 0d 54 f0 ff       	call   5395a0 <<alloc::collections::btree::map::BTreeMap<alloc::string::String, serde_json::value::Value>>::insert>
  634193:	80 bc 24 70 0a 00 00 	cmpb   $0x6,0xa70(%rsp)
  63419a:	06 
  63419b:	74 08                	je     6341a5 <fe2o3_kfd::engineering_gfx950::peer::combined_mlp_state_v1::tests::native::paired::interleaved::interleaved_exercise+0x23f5>
  63419d:	48 89 ef             	mov    %rbp,%rdi
  6341a0:	e8 ab 49 fd ff       	call   608b50 <core::ptr::drop_in_place::<serde_json::value::Value>>
  6341a5:	48 8b 44 24 70       	mov    0x70(%rsp),%rax
  6341aa:	48 8d 4c 24 18       	lea    0x18(%rsp),%rcx
  6341af:	48 89 41 10          	mov    %rax,0x10(%rcx)
  6341b3:	0f 10 44 24 60       	movups 0x60(%rsp),%xmm0
  6341b8:	0f 11 01             	movups %xmm0,(%rcx)
  6341bb:	c6 44 24 10 05       	movb   $0x5,0x10(%rsp)
  6341c0:	48 8d bc 24 08 06 00 	lea    0x608(%rsp),%rdi
  6341c7:	00 
  6341c8:	48 8d 74 24 10       	lea    0x10(%rsp),%rsi
  6341cd:	e8 3e 4d fe ff       	call   618f10 <<alloc::vec::Vec<serde_json::value::Value>>::push_mut>
  6341d2:	48 8d 7c 24 30       	lea    0x30(%rsp),%rdi
  6341d7:	e8 74 49 fd ff       	call   608b50 <core::ptr::drop_in_place::<serde_json::value::Value>>
  6341dc:	48 8d bc 24 80 00 00 	lea    0x80(%rsp),%rdi
  6341e3:	00 
  6341e4:	e8 67 49 fd ff       	call   608b50 <core::ptr::drop_in_place::<serde_json::value::Value>>
  6341e9:	eb 13                	jmp    6341fe <fe2o3_kfd::engineering_gfx950::peer::combined_mlp_state_v1::tests::native::paired::interleaved::interleaved_exercise+0x244e>
  6341eb:	48 8b 84 24 10 01 00 	mov    0x110(%rsp),%rax
  6341f2:	00 
  6341f3:	48 01 c0             	add    %rax,%rax
  6341f6:	48 89 84 24 28 01 00 	mov    %rax,0x128(%rsp)
  6341fd:	00 
  6341fe:	48 ff 84 24 08 01 00 	incq   0x108(%rsp)
  634205:	00 
  634206:	b0 01                	mov    $0x1,%al
  634208:	89 84 24 84 01 00 00 	mov    %eax,0x184(%rsp)
  63420f:	31 d2                	xor    %edx,%edx
  634211:	48 89 94 24 d8 05 00 	mov    %rdx,0x5d8(%rsp)
  634218:	00 
  634219:	48 8b b4 24 38 01 00 	mov    0x138(%rsp),%rsi
  634220:	00 
  634221:	48 89 ef             	mov    %rbp,%rdi
  634224:	e8 a7 3a 00 00       	call   637cd0 <fe2o3_kfd::engineering_gfx950::peer::combined_mlp_state_v1::tests::native::paired::interleaved::schedule>
  634229:	83 bc 24 70 0a 00 00 	cmpl   $0x1,0xa70(%rsp)
  634230:	01 
  634231:	0f 84 37 27 00 00    	je     63696e <fe2o3_kfd::engineering_gfx950::peer::combined_mlp_state_v1::tests::native::paired::interleaved::interleaved_exercise+0x4bbe>
  634237:	48 83 bc 24 10 01 00 	cmpq   $0x0,0x110(%rsp)
  63423e:	00 00 
  634240:	0f 88 65 2e 00 00    	js     6370ab <fe2o3_kfd::engineering_gfx950::peer::combined_mlp_state_v1::tests::native::paired::interleaved::interleaved_exercise+0x52fb>
  634246:	48 8b 84 24 d8 05 00 	mov    0x5d8(%rsp),%rax
  63424d:	00 
  63424e:	48 03 84 24 28 01 00 	add    0x128(%rsp),%rax
  634255:	00 
  634256:	48 89 84 24 d8 00 00 	mov    %rax,0xd8(%rsp)
  63425d:	00 
  63425e:	0f 82 92 2e 00 00    	jb     6370f6 <fe2o3_kfd::engineering_gfx950::peer::combined_mlp_state_v1::tests::native::paired::interleaved::interleaved_exercise+0x5346>
  634264:	48 8b b4 24 b8 01 00 	mov    0x1b8(%rsp),%rsi
  63426b:	00 
  63426c:	48 39 b4 24 d8 00 00 	cmp    %rsi,0xd8(%rsp)
  634273:	00 
  634274:	0f 83 52 2e 00 00    	jae    6370cc <fe2o3_kfd::engineering_gfx950::peer::combined_mlp_state_v1::tests::native::paired::interleaved::interleaved_exercise+0x531c>
  63427a:	8b 84 24 88 0a 00 00 	mov    0xa88(%rsp),%eax
  634281:	89 84 24 e8 00 00 00 	mov    %eax,0xe8(%rsp)
  634288:	48 98                	cltq
  63428a:	48 89 84 24 c8 06 00 	mov    %rax,0x6c8(%rsp)
  634291:	00 
  634292:	48 8b 84 24 b0 01 00 	mov    0x1b0(%rsp),%rax
  634299:	00 
  63429a:	48 69 8c 24 d8 00 00 	imul   $0x2c0,0xd8(%rsp),%rcx
  6342a1:	00 c0 02 00 00 
  6342a6:	4c 8d 2c 08          	lea    (%rax,%rcx,1),%r13
  6342aa:	48 01 c8             	add    %rcx,%rax
  6342ad:	48 05 80 02 00 00    	add    $0x280,%rax
  6342b3:	48 89 84 24 f8 05 00 	mov    %rax,0x5f8(%rsp)
  6342ba:	00 
  6342bb:	41 b6 01             	mov    $0x1,%r14b
  6342be:	31 db                	xor    %ebx,%ebx
  6342c0:	4c 8d 24 9b          	lea    (%rbx,%rbx,4),%r12
  6342c4:	49 c1 e4 06          	shl    $0x6,%r12
  6342c8:	43 0f 10 44 25 60    	movups 0x60(%r13,%r12,1),%xmm0
  6342ce:	43 0f 10 4c 25 70    	movups 0x70(%r13,%r12,1),%xmm1
  6342d4:	0f 29 8c 24 10 02 00 	movaps %xmm1,0x210(%rsp)
  6342db:	00 
  6342dc:	0f 29 84 24 00 02 00 	movaps %xmm0,0x200(%rsp)
  6342e3:	00 
  6342e4:	ba 03 00 00 00       	mov    $0x3,%edx
  6342e9:	48 89 ef             	mov    %rbp,%rdi
  6342ec:	48 89 de             	mov    %rbx,%rsi
  6342ef:	8b 8c 24 e8 00 00 00 	mov    0xe8(%rsp),%ecx
  6342f6:	e8 25 ae ff ff       	call   62f120 <fe2o3_kfd::engineering_gfx950::peer::combined_mlp_state_v1::tests::native::paired::interleaved::scaled_root>
  6342fb:	8b 84 24 70 0a 00 00 	mov    0xa70(%rsp),%eax
  634302:	48 8d 8c 24 78 0a 00 	lea    0xa78(%rsp),%rcx
  634309:	00 
  63430a:	0f 10 01             	movups (%rcx),%xmm0
  63430d:	0f 29 44 24 10       	movaps %xmm0,0x10(%rsp)
  634312:	48 8b 49 10          	mov    0x10(%rcx),%rcx
  634316:	48 89 4c 24 20       	mov    %rcx,0x20(%rsp)
  63431b:	83 f8 01             	cmp    $0x1,%eax
  63431e:	0f 84 f2 25 00 00    	je     636916 <fe2o3_kfd::engineering_gfx950::peer::combined_mlp_state_v1::tests::native::paired::interleaved::interleaved_exercise+0x4b66>
  634324:	48 8b 4c 24 18       	mov    0x18(%rsp),%rcx
  634329:	4c 8b 44 24 20       	mov    0x20(%rsp),%r8
  63432e:	48 8d 7c 24 30       	lea    0x30(%rsp),%rdi
  634333:	48 8b 74 24 58       	mov    0x58(%rsp),%rsi
  634338:	48 8d 94 24 00 02 00 	lea    0x200(%rsp),%rdx
  63433f:	00 
  634340:	e8 fb 7f ff ff       	call   62c340 <fe2o3_kfd::engineering_gfx950::peer::combined_mlp_state_v1::tests::native::paired::write_all>
  634345:	48 b8 00 00 00 00 00 	movabs $0x8000000000000000,%rax
  63434c:	00 00 80 
  63434f:	48 39 44 24 30       	cmp    %rax,0x30(%rsp)
  634354:	0f 85 7c 25 00 00    	jne    6368d6 <fe2o3_kfd::engineering_gfx950::peer::combined_mlp_state_v1::tests::native::paired::interleaved::interleaved_exercise+0x4b26>
  63435a:	48 8d 7c 24 10       	lea    0x10(%rsp),%rdi
  63435f:	e8 2c 32 fd ff       	call   607590 <core::ptr::drop_in_place::<alloc::vec::Vec<u8>>>
  634364:	48 c7 84 24 70 0a 00 	movq   $0x0,0xa70(%rsp)
  63436b:	00 00 00 00 00 
  634370:	48 c7 84 24 78 0a 00 	movq   $0x6,0xa78(%rsp)
  634377:	00 06 00 00 00 
  63437c:	0f 10 05 2d 4b bb ff 	movups -0x44b4d3(%rip),%xmm0        # 1e8eb0 <anon.d17fe627e5d324ea66c61125bb898512.645.llvm.4602735538015308864+0x22a>
  634383:	48 8d 84 24 71 0a 00 	lea    0xa71(%rsp),%rax
  63438a:	00 
  63438b:	0f 11 40 2f          	movups %xmm0,0x2f(%rax)
  63438f:	0f 10 05 0a 4b bb ff 	movups -0x44b4f6(%rip),%xmm0        # 1e8ea0 <anon.d17fe627e5d324ea66c61125bb898512.645.llvm.4602735538015308864+0x21a>
  634396:	0f 11 40 1f          	movups %xmm0,0x1f(%rax)
  63439a:	0f 10 05 ef 4a bb ff 	movups -0x44b511(%rip),%xmm0        # 1e8e90 <anon.d17fe627e5d324ea66c61125bb898512.645.llvm.4602735538015308864+0x20a>
  6343a1:	0f 11 40 0f          	movups %xmm0,0xf(%rax)
  6343a5:	48 89 ef             	mov    %rbp,%rdi
  6343a8:	e8 83 4a fe ff       	call   618e30 <<core::array::iter::iter_inner::PolymorphicIter<[core::mem::maybe_uninit::MaybeUninit<usize>]>>::next>
  6343ad:	48 83 f8 01          	cmp    $0x1,%rax
  6343b1:	0f 85 8c 00 00 00    	jne    634443 <fe2o3_kfd::engineering_gfx950::peer::combined_mlp_state_v1::tests::native::paired::interleaved::interleaved_exercise+0x2693>
  6343b7:	4d 01 ec             	add    %r13,%r12
  6343ba:	48 83 fa 0a          	cmp    $0xa,%rdx
  6343be:	0f 83 52 2a 00 00    	jae    636e16 <fe2o3_kfd::engineering_gfx950::peer::combined_mlp_state_v1::tests::native::paired::interleaved::interleaved_exercise+0x5066>
  6343c4:	48 89 d0             	mov    %rdx,%rax
  6343c7:	48 c1 e0 05          	shl    $0x5,%rax
  6343cb:	41 0f 10 04 04       	movups (%r12,%rax,1),%xmm0
  6343d0:	41 0f 10 4c 04 10    	movups 0x10(%r12,%rax,1),%xmm1
  6343d6:	0f 29 8c 24 10 02 00 	movaps %xmm1,0x210(%rsp)
  6343dd:	00 
  6343de:	0f 29 84 24 00 02 00 	movaps %xmm0,0x200(%rsp)
  6343e5:	00 
  6343e6:	48 8d 7c 24 10       	lea    0x10(%rsp),%rdi
  6343eb:	48 89 d6             	mov    %rdx,%rsi
  6343ee:	e8 fd 79 ff ff       	call   62bdf0 <fe2o3_kfd::engineering_gfx950::peer::combined_mlp_state_v1::tests::native::paired::poison>
  6343f3:	48 8b 4c 24 18       	mov    0x18(%rsp),%rcx
  6343f8:	4c 8b 44 24 20       	mov    0x20(%rsp),%r8
  6343fd:	48 8d 7c 24 30       	lea    0x30(%rsp),%rdi
  634402:	48 8b 74 24 58       	mov    0x58(%rsp),%rsi
  634407:	48 8d 94 24 00 02 00 	lea    0x200(%rsp),%rdx
  63440e:	00 
  63440f:	e8 2c 7f ff ff       	call   62c340 <fe2o3_kfd::engineering_gfx950::peer::combined_mlp_state_v1::tests::native::paired::write_all>
  634414:	48 b8 00 00 00 00 00 	movabs $0x8000000000000000,%rax
  63441b:	00 00 80 
  63441e:	48 39 44 24 30       	cmp    %rax,0x30(%rsp)
  634423:	0f 85 ad 24 00 00    	jne    6368d6 <fe2o3_kfd::engineering_gfx950::peer::combined_mlp_state_v1::tests::native::paired::interleaved::interleaved_exercise+0x4b26>
  634429:	48 8d 7c 24 10       	lea    0x10(%rsp),%rdi
  63442e:	e8 5d 31 fd ff       	call   607590 <core::ptr::drop_in_place::<alloc::vec::Vec<u8>>>
  634433:	48 89 ef             	mov    %rbp,%rdi
  634436:	e8 f5 49 fe ff       	call   618e30 <<core::array::iter::iter_inner::PolymorphicIter<[core::mem::maybe_uninit::MaybeUninit<usize>]>>::next>
  63443b:	a8 01                	test   $0x1,%al
  63443d:	0f 85 77 ff ff ff    	jne    6343ba <fe2o3_kfd::engineering_gfx950::peer::combined_mlp_state_v1::tests::native::paired::interleaved::interleaved_exercise+0x260a>
  634443:	48 c1 e3 05          	shl    $0x5,%rbx
  634447:	48 8b 84 24 f8 05 00 	mov    0x5f8(%rsp),%rax
  63444e:	00 
  63444f:	0f 10 04 18          	movups (%rax,%rbx,1),%xmm0
  634453:	0f 10 4c 18 10       	movups 0x10(%rax,%rbx,1),%xmm1
  634458:	0f 29 8c 24 80 0a 00 	movaps %xmm1,0xa80(%rsp)
  63445f:	00 
  634460:	0f 29 84 24 70 0a 00 	movaps %xmm0,0xa70(%rsp)
  634467:	00 
  634468:	48 8d bc 24 00 02 00 	lea    0x200(%rsp),%rdi
  63446f:	00 
  634470:	31 f6                	xor    %esi,%esi
  634472:	e8 79 79 ff ff       	call   62bdf0 <fe2o3_kfd::engineering_gfx950::peer::combined_mlp_state_v1::tests::native::paired::poison>
  634477:	48 8b 8c 24 08 02 00 	mov    0x208(%rsp),%rcx
  63447e:	00 
  63447f:	4c 8b 84 24 10 02 00 	mov    0x210(%rsp),%r8
  634486:	00 
  634487:	48 8d 7c 24 10       	lea    0x10(%rsp),%rdi
  63448c:	48 8b 74 24 58       	mov    0x58(%rsp),%rsi
  634491:	48 89 ea             	mov    %rbp,%rdx
  634494:	e8 a7 7e ff ff       	call   62c340 <fe2o3_kfd::engineering_gfx950::peer::combined_mlp_state_v1::tests::native::paired::write_all>
  634499:	48 b8 00 00 00 00 00 	movabs $0x8000000000000000,%rax
  6344a0:	00 00 80 
  6344a3:	48 39 44 24 10       	cmp    %rax,0x10(%rsp)
  6344a8:	0f 85 7d 24 00 00    	jne    63692b <fe2o3_kfd::engineering_gfx950::peer::combined_mlp_state_v1::tests::native::paired::interleaved::interleaved_exercise+0x4b7b>
  6344ae:	48 8d bc 24 00 02 00 	lea    0x200(%rsp),%rdi
  6344b5:	00 
  6344b6:	e8 d5 30 fd ff       	call   607590 <core::ptr::drop_in_place::<alloc::vec::Vec<u8>>>
  6344bb:	bb 01 00 00 00       	mov    $0x1,%ebx
  6344c0:	41 f6 c6 01          	test   $0x1,%r14b
  6344c4:	41 be 00 00 00 00    	mov    $0x0,%r14d
  6344ca:	0f 85 f0 fd ff ff    	jne    6342c0 <fe2o3_kfd::engineering_gfx950::peer::combined_mlp_state_v1::tests::native::paired::interleaved::interleaved_exercise+0x2510>
  6344d0:	48 8b b4 24 68 01 00 	mov    0x168(%rsp),%rsi
  6344d7:	00 
  6344d8:	48 39 b4 24 d8 00 00 	cmp    %rsi,0xd8(%rsp)
  6344df:	00 
  6344e0:	0f 83 d7 2b 00 00    	jae    6370bd <fe2o3_kfd::engineering_gfx950::peer::combined_mlp_state_v1::tests::native::paired::interleaved::interleaved_exercise+0x530d>
  6344e6:	48 8b 9c 24 60 01 00 	mov    0x160(%rsp),%rbx
  6344ed:	00 
  6344ee:	48 8b b4 24 48 01 00 	mov    0x148(%rsp),%rsi
  6344f5:	00 
  6344f6:	48 8b 94 24 50 01 00 	mov    0x150(%rsp),%rdx
  6344fd:	00 
  6344fe:	48 8b 84 24 30 01 00 	mov    0x130(%rsp),%rax
  634505:	00 
  634506:	48 89 04 24          	mov    %rax,(%rsp)
  63450a:	48 8d bc 24 00 02 00 	lea    0x200(%rsp),%rdi
  634511:	00 
  634512:	4c 89 e9             	mov    %r13,%rcx
  634515:	4c 8d 84 24 20 09 00 	lea    0x920(%rsp),%r8
  63451c:	00 
  63451d:	4c 8d 8c 24 60 09 00 	lea    0x960(%rsp),%r9
  634524:	00 
  634525:	e8 96 35 00 00       	call   637ac0 <fe2o3_kfd::engineering_gfx950::peer::combined_mlp_state_v1::tests::native::paired::interleaved::inputs>
  63452a:	48 69 84 24 d8 00 00 	imul   $0x1908,0xd8(%rsp),%rax
  634531:	00 08 19 00 00 
  634536:	48 01 c3             	add    %rax,%rbx
  634539:	48 8d bc 24 e0 24 00 	lea    0x24e0(%rsp),%rdi
  634540:	00 
  634541:	48 89 de             	mov    %rbx,%rsi
  634544:	48 8b 54 24 58       	mov    0x58(%rsp),%rdx
  634549:	48 8d 8c 24 00 02 00 	lea    0x200(%rsp),%rcx
  634550:	00 
  634551:	44 8b 84 24 e0 00 00 	mov    0xe0(%rsp),%r8d
  634558:	00 
  634559:	e8 a2 49 e0 ff       	call   438f00 <<fe2o3_kfd::engineering_gfx950::peer::combined_mlp_state_v1::paired::retained::RetainedPair>::run>
  63455e:	48 8d 84 24 38 01 00 	lea    0x138(%rsp),%rax
  634565:	00 
  634566:	48 89 84 24 98 07 00 	mov    %rax,0x798(%rsp)
  63456d:	00 
  63456e:	48 8d 84 24 c0 01 00 	lea    0x1c0(%rsp),%rax
  634575:	00 
  634576:	48 89 84 24 a0 07 00 	mov    %rax,0x7a0(%rsp)
  63457d:	00 
  63457e:	48 8d 84 24 d8 05 00 	lea    0x5d8(%rsp),%rax
  634585:	00 
  634586:	48 89 84 24 a8 07 00 	mov    %rax,0x7a8(%rsp)
  63458d:	00 
  63458e:	83 bc 24 e0 24 00 00 	cmpl   $0x1,0x24e0(%rsp)
  634595:	01 
  634596:	0f 84 d4 25 00 00    	je     636b70 <fe2o3_kfd::engineering_gfx950::peer::combined_mlp_state_v1::tests::native::paired::interleaved::interleaved_exercise+0x4dc0>
  63459c:	ba 68 11 00 00       	mov    $0x1168,%edx
  6345a1:	48 89 ef             	mov    %rbp,%rdi
  6345a4:	48 8d b4 24 e8 24 00 	lea    0x24e8(%rsp),%rsi
  6345ab:	00 
  6345ac:	ff 15 ee 6c 27 00    	call   *0x276cee(%rip)        # 8ab2a0 <memcpy@GLIBC_2.14>
  6345b2:	48 83 bc 24 78 01 00 	cmpq   $0xfffffffffffffffa,0x178(%rsp)
  6345b9:	00 fa 
  6345bb:	0f 87 26 2b 00 00    	ja     6370e7 <fe2o3_kfd::engineering_gfx950::peer::combined_mlp_state_v1::tests::native::paired::interleaved::interleaved_exercise+0x5337>
  6345c1:	48 83 84 24 78 01 00 	addq   $0x5,0x178(%rsp)
  6345c8:	00 05 
  6345ca:	48 c7 84 24 40 06 00 	movq   $0x0,0x640(%rsp)
  6345d1:	00 00 00 00 00 
  6345d6:	48 c7 84 24 48 06 00 	movq   $0x8,0x648(%rsp)
  6345dd:	00 08 00 00 00 
  6345e2:	48 c7 84 24 50 06 00 	movq   $0x0,0x650(%rsp)
  6345e9:	00 00 00 00 00 
  6345ee:	b0 01                	mov    $0x1,%al
  6345f0:	89 84 24 80 01 00 00 	mov    %eax,0x180(%rsp)
  6345f7:	48 8d 84 24 20 09 00 	lea    0x920(%rsp),%rax
  6345fe:	00 
  6345ff:	48 89 84 24 d0 05 00 	mov    %rax,0x5d0(%rsp)
  634606:	00 
  634607:	48 8d 84 24 60 09 00 	lea    0x960(%rsp),%rax
  63460e:	00 
  63460f:	48 89 84 24 c8 05 00 	mov    %rax,0x5c8(%rsp)
  634616:	00 
  634617:	48 89 ac 24 a0 01 00 	mov    %rbp,0x1a0(%rsp)
  63461e:	00 
  63461f:	48 c7 84 24 20 01 00 	movq   $0x0,0x120(%rsp)
  634626:	00 00 00 00 00 
  63462b:	48 8d bc 24 00 02 00 	lea    0x200(%rsp),%rdi
  634632:	00 
  634633:	48 8b b4 24 a0 01 00 	mov    0x1a0(%rsp),%rsi
  63463a:	00 
  63463b:	48 8b 94 24 70 01 00 	mov    0x170(%rsp),%rdx
  634642:	00 
  634643:	e8 e8 8e e6 ff       	call   49d530 <fe2o3_kfd::engineering_gfx950::peer::combined_mlp_state_v1::require_terminal>
  634648:	48 b8 00 00 00 00 00 	movabs $0x8000000000000000,%rax
  63464f:	00 00 80 
  634652:	48 39 84 24 00 02 00 	cmp    %rax,0x200(%rsp)
  634659:	00 
  63465a:	0f 85 f1 24 00 00    	jne    636b51 <fe2o3_kfd::engineering_gfx950::peer::combined_mlp_state_v1::tests::native::paired::interleaved::interleaved_exercise+0x4da1>
  634660:	48 c7 84 24 58 06 00 	movq   $0x0,0x658(%rsp)
  634667:	00 00 00 00 00 
  63466c:	48 c7 84 24 60 06 00 	movq   $0x8,0x660(%rsp)
  634673:	00 08 00 00 00 
  634678:	48 c7 84 24 68 06 00 	movq   $0x0,0x668(%rsp)
  63467f:	00 00 00 00 00 
  634684:	48 8b 84 24 20 01 00 	mov    0x120(%rsp),%rax
  63468b:	00 
  63468c:	48 8d 1c 80          	lea    (%rax,%rax,4),%rbx
  634690:	48 c1 e3 06          	shl    $0x6,%rbx
  634694:	4c 01 eb             	add    %r13,%rbx
  634697:	45 31 f6             	xor    %r14d,%r14d
  63469a:	48 8d bc 24 00 02 00 	lea    0x200(%rsp),%rdi
  6346a1:	00 
  6346a2:	48 8b b4 24 20 01 00 	mov    0x120(%rsp),%rsi
  6346a9:	00 
  6346aa:	4c 89 f2             	mov    %r14,%rdx
  6346ad:	8b 8c 24 e8 00 00 00 	mov    0xe8(%rsp),%ecx
  6346b4:	e8 67 aa ff ff       	call   62f120 <fe2o3_kfd::engineering_gfx950::peer::combined_mlp_state_v1::tests::native::paired::interleaved::scaled_root>
  6346b9:	8b 84 24 00 02 00 00 	mov    0x200(%rsp),%eax
  6346c0:	48 8d 8c 24 08 02 00 	lea    0x208(%rsp),%rcx
  6346c7:	00 
  6346c8:	0f 10 01             	movups (%rcx),%xmm0
  6346cb:	0f 29 44 24 10       	movaps %xmm0,0x10(%rsp)
  6346d0:	48 8b 49 10          	mov    0x10(%rcx),%rcx
  6346d4:	48 89 4c 24 20       	mov    %rcx,0x20(%rsp)
  6346d9:	83 f8 01             	cmp    $0x1,%eax
  6346dc:	0f 84 c3 22 00 00    	je     6369a5 <fe2o3_kfd::engineering_gfx950::peer::combined_mlp_state_v1::tests::native::paired::interleaved::interleaved_exercise+0x4bf5>
  6346e2:	4c 8b 64 24 20       	mov    0x20(%rsp),%r12
  6346e7:	4c 89 a4 24 00 01 00 	mov    %r12,0x100(%rsp)
  6346ee:	00 
  6346ef:	0f 28 44 24 10       	movaps 0x10(%rsp),%xmm0
  6346f4:	0f 29 84 24 f0 00 00 	movaps %xmm0,0xf0(%rsp)
  6346fb:	00 
  6346fc:	0f 10 03             	movups (%rbx),%xmm0
  6346ff:	0f 10 4b 10          	movups 0x10(%rbx),%xmm1
  634703:	0f 29 84 24 10 0a 00 	movaps %xmm0,0xa10(%rsp)
  63470a:	00 
  63470b:	0f 29 8c 24 20 0a 00 	movaps %xmm1,0xa20(%rsp)
  634712:	00 
  634713:	48 8b 8c 24 f8 00 00 	mov    0xf8(%rsp),%rcx
  63471a:	00 
  63471b:	0f 10 03             	movups (%rbx),%xmm0
  63471e:	0f 10 4b 10          	movups 0x10(%rbx),%xmm1
  634722:	0f 29 8c 24 10 02 00 	movaps %xmm1,0x210(%rsp)
  634729:	00 
  63472a:	0f 29 84 24 00 02 00 	movaps %xmm0,0x200(%rsp)
  634731:	00 
  634732:	48 8d 7c 24 10       	lea    0x10(%rsp),%rdi
  634737:	48 8b 74 24 58       	mov    0x58(%rsp),%rsi
  63473c:	48 8d 94 24 00 02 00 	lea    0x200(%rsp),%rdx
  634743:	00 
  634744:	4d 89 e0             	mov    %r12,%r8
  634747:	e8 64 77 ff ff       	call   62beb0 <fe2o3_kfd::engineering_gfx950::peer::combined_mlp_state_v1::tests::native::paired::check_all>
  63474c:	8b 44 24 10          	mov    0x10(%rsp),%eax
  634750:	48 8d 4c 24 18       	lea    0x18(%rsp),%rcx
  634755:	0f 10 01             	movups (%rcx),%xmm0
  634758:	0f 29 44 24 30       	movaps %xmm0,0x30(%rsp)
  63475d:	48 8b 49 10          	mov    0x10(%rcx),%rcx
  634761:	48 89 4c 24 40       	mov    %rcx,0x40(%rsp)
  634766:	83 f8 01             	cmp    $0x1,%eax
  634769:	0f 84 52 22 00 00    	je     6369c1 <fe2o3_kfd::engineering_gfx950::peer::combined_mlp_state_v1::tests::native::paired::interleaved::interleaved_exercise+0x4c11>
  63476f:	48 8b 44 24 40       	mov    0x40(%rsp),%rax
  634774:	48 89 84 24 d0 00 00 	mov    %rax,0xd0(%rsp)
  63477b:	00 
  63477c:	0f 28 44 24 30       	movaps 0x30(%rsp),%xmm0
  634781:	0f 29 84 24 c0 00 00 	movaps %xmm0,0xc0(%rsp)
  634788:	00 
  634789:	49 83 c6 fe          	add    $0xfffffffffffffffe,%r14
  63478d:	49 83 fe 03          	cmp    $0x3,%r14
  634791:	73 11                	jae    6347a4 <fe2o3_kfd::engineering_gfx950::peer::combined_mlp_state_v1::tests::native::paired::interleaved::interleaved_exercise+0x29f4>
  634793:	48 b8 00 00 00 00 00 	movabs $0x8000000000000000,%rax
  63479a:	00 00 80 
  63479d:	48 89 44 24 60       	mov    %rax,0x60(%rsp)
  6347a2:	eb 7d                	jmp    634821 <fe2o3_kfd::engineering_gfx950::peer::combined_mlp_state_v1::tests::native::paired::interleaved::interleaved_exercise+0x2a71>
  6347a4:	48 8d bc 24 00 02 00 	lea    0x200(%rsp),%rdi
  6347ab:	00 
  6347ac:	48 8b 74 24 58       	mov    0x58(%rsp),%rsi
  6347b1:	48 8d 94 24 10 0a 00 	lea    0xa10(%rsp),%rdx
  6347b8:	00 
  6347b9:	31 c9                	xor    %ecx,%ecx
  6347bb:	45 89 e0             	mov    %r12d,%r8d
  6347be:	e8 8d 26 fe ff       	call   616e50 <<fe2o3_kfd::engineering_gfx950::peer::Gfx950EngineeringPeerGroupV1>::read>
  6347c3:	8b 84 24 00 02 00 00 	mov    0x200(%rsp),%eax
  6347ca:	48 8d 8c 24 08 02 00 	lea    0x208(%rsp),%rcx
  6347d1:	00 
  6347d2:	0f 10 01             	movups (%rcx),%xmm0
  6347d5:	0f 29 44 24 10       	movaps %xmm0,0x10(%rsp)
  6347da:	48 8b 49 10          	mov    0x10(%rcx),%rcx
  6347de:	48 89 4c 24 20       	mov    %rcx,0x20(%rsp)
  6347e3:	83 f8 01             	cmp    $0x1,%eax
  6347e6:	0f 84 15 23 00 00    	je     636b01 <fe2o3_kfd::engineering_gfx950::peer::combined_mlp_state_v1::tests::native::paired::interleaved::interleaved_exercise+0x4d51>
  6347ec:	48 8b 74 24 18       	mov    0x18(%rsp),%rsi
  6347f1:	48 8b 54 24 20       	mov    0x20(%rsp),%rdx
  6347f6:	48 01 f2             	add    %rsi,%rdx
  6347f9:	48 8d 7c 24 30       	lea    0x30(%rsp),%rdi
  6347fe:	e8 2d 9a e9 ff       	call   4ce230 <<alloc::string::String as core::iter::traits::collect::FromIterator<alloc::string::String>>::from_iter::<core::iter::adapters::map::Map<core::slice::iter::Iter<u8>, fe2o3_kfd::debug_trap::tests::debug_session_manifest_is_frozen::{closure#0}>>>
  634803:	48 8b 44 24 40       	mov    0x40(%rsp),%rax
  634808:	48 89 44 24 70       	mov    %rax,0x70(%rsp)
  63480d:	0f 10 44 24 30       	movups 0x30(%rsp),%xmm0
  634812:	0f 29 44 24 60       	movaps %xmm0,0x60(%rsp)
  634817:	48 8d 7c 24 10       	lea    0x10(%rsp),%rdi
  63481c:	e8 6f 2d fd ff       	call   607590 <core::ptr::drop_in_place::<alloc::vec::Vec<u8>>>
  634821:	48 c7 84 24 a0 00 00 	movq   $0x0,0xa0(%rsp)
  634828:	00 00 00 00 00 
  63482d:	48 c7 84 24 b0 00 00 	movq   $0x0,0xb0(%rsp)
  634834:	00 00 00 00 00 
  634839:	ba 04 00 00 00       	mov    $0x4,%edx
  63483e:	48 8d bc 24 00 02 00 	lea    0x200(%rsp),%rdi
  634845:	00 
  634846:	48 8d 35 27 39 a7 ff 	lea    -0x58c6d9(%rip),%rsi        # a8174 <anon.336897c4df43a4c99a59f42bc2ba48b3.113.llvm.9032448430607581206+0xec>
  63484d:	e8 9e a7 fd ff       	call   60eff0 <<u8 as <[_]>::to_vec_in::ConvertVec>::to_vec::<alloc::alloc::Global>>
  634852:	48 8b 84 24 10 02 00 	mov    0x210(%rsp),%rax
  634859:	00 
  63485a:	48 89 84 24 90 00 00 	mov    %rax,0x90(%rsp)
  634861:	00 
  634862:	0f 10 84 24 00 02 00 	movups 0x200(%rsp),%xmm0
  634869:	00 
  63486a:	0f 29 84 24 80 00 00 	movaps %xmm0,0x80(%rsp)
  634871:	00 
  634872:	c6 84 24 00 02 00 00 	movb   $0x2,0x200(%rsp)
  634879:	02 
  63487a:	48 c7 84 24 08 02 00 	movq   $0x0,0x208(%rsp)
  634881:	00 00 00 00 00 
  634886:	49 83 c6 02          	add    $0x2,%r14
  63488a:	4c 89 b4 24 10 02 00 	mov    %r14,0x210(%rsp)
  634891:	00 
  634892:	48 8d 7c 24 10       	lea    0x10(%rsp),%rdi
  634897:	48 8d b4 24 a0 00 00 	lea    0xa0(%rsp),%rsi
  63489e:	00 
  63489f:	48 8d 94 24 80 00 00 	lea    0x80(%rsp),%rdx
  6348a6:	00 
  6348a7:	48 8d 8c 24 00 02 00 	lea    0x200(%rsp),%rcx
  6348ae:	00 
  6348af:	e8 ec 4c f0 ff       	call   5395a0 <<alloc::collections::btree::map::BTreeMap<alloc::string::String, serde_json::value::Value>>::insert>
  6348b4:	80 7c 24 10 06       	cmpb   $0x6,0x10(%rsp)
  6348b9:	74 0a                	je     6348c5 <fe2o3_kfd::engineering_gfx950::peer::combined_mlp_state_v1::tests::native::paired::interleaved::interleaved_exercise+0x2b15>
  6348bb:	48 8d 7c 24 10       	lea    0x10(%rsp),%rdi
  6348c0:	e8 8b 42 fd ff       	call   608b50 <core::ptr::drop_in_place::<serde_json::value::Value>>
  6348c5:	ba 05 00 00 00       	mov    $0x5,%edx
  6348ca:	48 8d bc 24 00 02 00 	lea    0x200(%rsp),%rdi
  6348d1:	00 
  6348d2:	48 8d 35 9b 40 bb ff 	lea    -0x44bf65(%rip),%rsi        # 1e8974 <anon.d17fe627e5d324ea66c61125bb898512.532.llvm.4602735538015308864+0x46c>
  6348d9:	e8 12 a7 fd ff       	call   60eff0 <<u8 as <[_]>::to_vec_in::ConvertVec>::to_vec::<alloc::alloc::Global>>
  6348de:	48 8b 84 24 10 02 00 	mov    0x210(%rsp),%rax
  6348e5:	00 
  6348e6:	48 89 84 24 90 00 00 	mov    %rax,0x90(%rsp)
  6348ed:	00 
  6348ee:	0f 10 84 24 00 02 00 	movups 0x200(%rsp),%xmm0
  6348f5:	00 
  6348f6:	0f 29 84 24 80 00 00 	movaps %xmm0,0x80(%rsp)
  6348fd:	00 
  6348fe:	c6 84 24 00 02 00 00 	movb   $0x2,0x200(%rsp)
  634905:	02 
  634906:	48 c7 84 24 08 02 00 	movq   $0x0,0x208(%rsp)
  63490d:	00 00 00 00 00 
  634912:	4c 89 a4 24 10 02 00 	mov    %r12,0x210(%rsp)
  634919:	00 
  63491a:	48 8d 7c 24 10       	lea    0x10(%rsp),%rdi
  63491f:	48 8d b4 24 a0 00 00 	lea    0xa0(%rsp),%rsi
  634926:	00 
  634927:	48 8d 94 24 80 00 00 	lea    0x80(%rsp),%rdx
  63492e:	00 
  63492f:	48 8d 8c 24 00 02 00 	lea    0x200(%rsp),%rcx
  634936:	00 
  634937:	e8 64 4c f0 ff       	call   5395a0 <<alloc::collections::btree::map::BTreeMap<alloc::string::String, serde_json::value::Value>>::insert>
  63493c:	80 7c 24 10 06       	cmpb   $0x6,0x10(%rsp)
  634941:	74 0a                	je     63494d <fe2o3_kfd::engineering_gfx950::peer::combined_mlp_state_v1::tests::native::paired::interleaved::interleaved_exercise+0x2b9d>
  634943:	48 8d 7c 24 10       	lea    0x10(%rsp),%rdi
  634948:	e8 03 42 fd ff       	call   608b50 <core::ptr::drop_in_place::<serde_json::value::Value>>
  63494d:	ba 06 00 00 00       	mov    $0x6,%edx
  634952:	48 8d bc 24 00 02 00 	lea    0x200(%rsp),%rdi
  634959:	00 
  63495a:	48 8d 35 18 40 bb ff 	lea    -0x44bfe8(%rip),%rsi        # 1e8979 <anon.d17fe627e5d324ea66c61125bb898512.532.llvm.4602735538015308864+0x471>
  634961:	e8 8a a6 fd ff       	call   60eff0 <<u8 as <[_]>::to_vec_in::ConvertVec>::to_vec::<alloc::alloc::Global>>
  634966:	48 8b 84 24 10 02 00 	mov    0x210(%rsp),%rax
  63496d:	00 
  63496e:	48 89 84 24 90 00 00 	mov    %rax,0x90(%rsp)
  634975:	00 
  634976:	0f 10 84 24 00 02 00 	movups 0x200(%rsp),%xmm0
  63497d:	00 
  63497e:	0f 29 84 24 80 00 00 	movaps %xmm0,0x80(%rsp)
  634985:	00 
  634986:	48 8d bc 24 00 02 00 	lea    0x200(%rsp),%rdi
  63498d:	00 
  63498e:	48 8d b4 24 c0 00 00 	lea    0xc0(%rsp),%rsi
  634995:	00 
  634996:	e8 35 ea 00 00       	call   6433d0 <serde_json::value::to_value::<&alloc::string::String>>
  63499b:	80 bc 24 00 02 00 00 	cmpb   $0x6,0x200(%rsp)
  6349a2:	06 
  6349a3:	0f 84 2e 23 00 00    	je     636cd7 <fe2o3_kfd::engineering_gfx950::peer::combined_mlp_state_v1::tests::native::paired::interleaved::interleaved_exercise+0x4f27>
  6349a9:	0f 10 84 24 00 02 00 	movups 0x200(%rsp),%xmm0
  6349b0:	00 
  6349b1:	0f 10 8c 24 10 02 00 	movups 0x210(%rsp),%xmm1
  6349b8:	00 
  6349b9:	0f 29 4c 24 20       	movaps %xmm1,0x20(%rsp)
  6349be:	0f 29 44 24 10       	movaps %xmm0,0x10(%rsp)
  6349c3:	48 8d bc 24 00 02 00 	lea    0x200(%rsp),%rdi
  6349ca:	00 
  6349cb:	48 8d b4 24 a0 00 00 	lea    0xa0(%rsp),%rsi
  6349d2:	00 
  6349d3:	48 8d 94 24 80 00 00 	lea    0x80(%rsp),%rdx
  6349da:	00 
  6349db:	48 8d 4c 24 10       	lea    0x10(%rsp),%rcx
  6349e0:	e8 bb 4b f0 ff       	call   5395a0 <<alloc::collections::btree::map::BTreeMap<alloc::string::String, serde_json::value::Value>>::insert>
  6349e5:	80 bc 24 00 02 00 00 	cmpb   $0x6,0x200(%rsp)
  6349ec:	06 
  6349ed:	74 0d                	je     6349fc <fe2o3_kfd::engineering_gfx950::peer::combined_mlp_state_v1::tests::native::paired::interleaved::interleaved_exercise+0x2c4c>
  6349ef:	48 8d bc 24 00 02 00 	lea    0x200(%rsp),%rdi
  6349f6:	00 
  6349f7:	e8 54 41 fd ff       	call   608b50 <core::ptr::drop_in_place::<serde_json::value::Value>>
  6349fc:	ba 06 00 00 00       	mov    $0x6,%edx
  634a01:	48 8d bc 24 00 02 00 	lea    0x200(%rsp),%rdi
  634a08:	00 
  634a09:	48 8d 35 6f 3f bb ff 	lea    -0x44c091(%rip),%rsi        # 1e897f <anon.d17fe627e5d324ea66c61125bb898512.532.llvm.4602735538015308864+0x477>
  634a10:	e8 db a5 fd ff       	call   60eff0 <<u8 as <[_]>::to_vec_in::ConvertVec>::to_vec::<alloc::alloc::Global>>
  634a15:	48 8b 84 24 10 02 00 	mov    0x210(%rsp),%rax
  634a1c:	00 
  634a1d:	48 89 84 24 90 00 00 	mov    %rax,0x90(%rsp)
  634a24:	00 
  634a25:	0f 10 84 24 00 02 00 	movups 0x200(%rsp),%xmm0
  634a2c:	00 
  634a2d:	0f 29 84 24 80 00 00 	movaps %xmm0,0x80(%rsp)
  634a34:	00 
  634a35:	48 8d bc 24 00 02 00 	lea    0x200(%rsp),%rdi
  634a3c:	00 
  634a3d:	48 8d 74 24 60       	lea    0x60(%rsp),%rsi
  634a42:	e8 b9 e8 00 00       	call   643300 <serde_json::value::to_value::<&core::option::Option<alloc::string::String>>>
  634a47:	80 bc 24 00 02 00 00 	cmpb   $0x6,0x200(%rsp)
  634a4e:	06 
  634a4f:	0f 84 b9 22 00 00    	je     636d0e <fe2o3_kfd::engineering_gfx950::peer::combined_mlp_state_v1::tests::native::paired::interleaved::interleaved_exercise+0x4f5e>
  634a55:	0f 10 84 24 00 02 00 	movups 0x200(%rsp),%xmm0
  634a5c:	00 
  634a5d:	0f 10 8c 24 10 02 00 	movups 0x210(%rsp),%xmm1
  634a64:	00 
  634a65:	0f 29 4c 24 20       	movaps %xmm1,0x20(%rsp)
  634a6a:	0f 29 44 24 10       	movaps %xmm0,0x10(%rsp)
  634a6f:	48 8d bc 24 00 02 00 	lea    0x200(%rsp),%rdi
  634a76:	00 
  634a77:	48 8d b4 24 a0 00 00 	lea    0xa0(%rsp),%rsi
  634a7e:	00 
  634a7f:	48 8d 94 24 80 00 00 	lea    0x80(%rsp),%rdx
  634a86:	00 
  634a87:	48 8d 4c 24 10       	lea    0x10(%rsp),%rcx
  634a8c:	e8 0f 4b f0 ff       	call   5395a0 <<alloc::collections::btree::map::BTreeMap<alloc::string::String, serde_json::value::Value>>::insert>
  634a91:	80 bc 24 00 02 00 00 	cmpb   $0x6,0x200(%rsp)
  634a98:	06 
  634a99:	74 0d                	je     634aa8 <fe2o3_kfd::engineering_gfx950::peer::combined_mlp_state_v1::tests::native::paired::interleaved::interleaved_exercise+0x2cf8>
  634a9b:	48 8d bc 24 00 02 00 	lea    0x200(%rsp),%rdi
  634aa2:	00 
  634aa3:	e8 a8 40 fd ff       	call   608b50 <core::ptr::drop_in_place::<serde_json::value::Value>>
  634aa8:	48 8b 84 24 b0 00 00 	mov    0xb0(%rsp),%rax
  634aaf:	00 
  634ab0:	48 8d 4c 24 31       	lea    0x31(%rsp),%rcx
  634ab5:	48 89 41 17          	mov    %rax,0x17(%rcx)
  634ab9:	0f 10 84 24 a0 00 00 	movups 0xa0(%rsp),%xmm0
  634ac0:	00 
  634ac1:	0f 11 41 07          	movups %xmm0,0x7(%rcx)
  634ac5:	c6 44 24 30 05       	movb   $0x5,0x30(%rsp)
  634aca:	48 8d bc 24 58 06 00 	lea    0x658(%rsp),%rdi
  634ad1:	00 
  634ad2:	48 8d 74 24 30       	lea    0x30(%rsp),%rsi
  634ad7:	e8 34 44 fe ff       	call   618f10 <<alloc::vec::Vec<serde_json::value::Value>>::push_mut>
  634adc:	48 8d 7c 24 60       	lea    0x60(%rsp),%rdi
  634ae1:	e8 8a 0e fd ff       	call   605970 <core::ptr::drop_in_place::<core::option::Option<alloc::string::String>>>
  634ae6:	48 8d bc 24 c0 00 00 	lea    0xc0(%rsp),%rdi
  634aed:	00 
  634aee:	e8 6d 31 fd ff       	call   607c60 <core::ptr::drop_in_place::<alloc::string::String>>
  634af3:	48 8d bc 24 f0 00 00 	lea    0xf0(%rsp),%rdi
  634afa:	00 
  634afb:	e8 90 2a fd ff       	call   607590 <core::ptr::drop_in_place::<alloc::vec::Vec<u8>>>
  634b00:	48 83 c3 20          	add    $0x20,%rbx
  634b04:	49 ff c6             	inc    %r14
  634b07:	49 83 fe 0a          	cmp    $0xa,%r14
  634b0b:	0f 85 89 fb ff ff    	jne    63469a <fe2o3_kfd::engineering_gfx950::peer::combined_mlp_state_v1::tests::native::paired::interleaved::interleaved_exercise+0x28ea>
  634b11:	48 8b b4 24 20 01 00 	mov    0x120(%rsp),%rsi
  634b18:	00 
  634b19:	48 89 f0             	mov    %rsi,%rax
  634b1c:	48 c1 e0 05          	shl    $0x5,%rax
  634b20:	48 8b 8c 24 f8 05 00 	mov    0x5f8(%rsp),%rcx
  634b27:	00 
  634b28:	0f 10 04 01          	movups (%rcx,%rax,1),%xmm0
  634b2c:	0f 10 4c 01 10       	movups 0x10(%rcx,%rax,1),%xmm1
  634b31:	0f 29 84 24 f0 07 00 	movaps %xmm0,0x7f0(%rsp)
  634b38:	00 
  634b39:	0f 29 8c 24 00 08 00 	movaps %xmm1,0x800(%rsp)
  634b40:	00 
  634b41:	48 8d bc 24 00 02 00 	lea    0x200(%rsp),%rdi
  634b48:	00 
  634b49:	8b 94 24 e8 00 00 00 	mov    0xe8(%rsp),%edx
  634b50:	e8 ab aa ff ff       	call   62f600 <fe2o3_kfd::engineering_gfx950::peer::combined_mlp_state_v1::tests::native::paired::interleaved::scaled_final>
  634b55:	8b 84 24 00 02 00 00 	mov    0x200(%rsp),%eax
  634b5c:	48 8d 8c 24 08 02 00 	lea    0x208(%rsp),%rcx
  634b63:	00 
  634b64:	0f 10 01             	movups (%rcx),%xmm0
  634b67:	0f 29 44 24 30       	movaps %xmm0,0x30(%rsp)
  634b6c:	48 8b 49 10          	mov    0x10(%rcx),%rcx
  634b70:	48 89 4c 24 40       	mov    %rcx,0x40(%rsp)
  634b75:	83 f8 01             	cmp    $0x1,%eax
  634b78:	0f 84 97 20 00 00    	je     636c15 <fe2o3_kfd::engineering_gfx950::peer::combined_mlp_state_v1::tests::native::paired::interleaved::interleaved_exercise+0x4e65>
  634b7e:	48 8b 4c 24 38       	mov    0x38(%rsp),%rcx
  634b83:	4c 8b 44 24 40       	mov    0x40(%rsp),%r8
  634b88:	0f 28 84 24 f0 07 00 	movaps 0x7f0(%rsp),%xmm0
  634b8f:	00 
  634b90:	0f 28 8c 24 00 08 00 	movaps 0x800(%rsp),%xmm1
  634b97:	00 
  634b98:	0f 29 8c 24 10 02 00 	movaps %xmm1,0x210(%rsp)
  634b9f:	00 
  634ba0:	0f 29 84 24 00 02 00 	movaps %xmm0,0x200(%rsp)
  634ba7:	00 
  634ba8:	48 8d 7c 24 10       	lea    0x10(%rsp),%rdi
  634bad:	48 8b 74 24 58       	mov    0x58(%rsp),%rsi
  634bb2:	48 8d 94 24 00 02 00 	lea    0x200(%rsp),%rdx
  634bb9:	00 
  634bba:	e8 f1 72 ff ff       	call   62beb0 <fe2o3_kfd::engineering_gfx950::peer::combined_mlp_state_v1::tests::native::paired::check_all>
  634bbf:	8b 44 24 10          	mov    0x10(%rsp),%eax
  634bc3:	48 8d 4c 24 18       	lea    0x18(%rsp),%rcx
  634bc8:	0f 10 01             	movups (%rcx),%xmm0
  634bcb:	0f 29 84 24 80 00 00 	movaps %xmm0,0x80(%rsp)
  634bd2:	00 
  634bd3:	48 8b 49 10          	mov    0x10(%rcx),%rcx
  634bd7:	48 89 8c 24 90 00 00 	mov    %rcx,0x90(%rsp)
  634bde:	00 
  634bdf:	83 f8 01             	cmp    $0x1,%eax
  634be2:	0f 84 40 20 00 00    	je     636c28 <fe2o3_kfd::engineering_gfx950::peer::combined_mlp_state_v1::tests::native::paired::interleaved::interleaved_exercise+0x4e78>
  634be8:	48 8b 84 24 90 00 00 	mov    0x90(%rsp),%rax
  634bef:	00 
  634bf0:	48 89 84 24 80 06 00 	mov    %rax,0x680(%rsp)
  634bf7:	00 
  634bf8:	0f 28 84 24 80 00 00 	movaps 0x80(%rsp),%xmm0
  634bff:	00 
  634c00:	0f 29 84 24 70 06 00 	movaps %xmm0,0x670(%rsp)
  634c07:	00 
  634c08:	48 8d 5c 24 30       	lea    0x30(%rsp),%rbx
  634c0d:	48 89 df             	mov    %rbx,%rdi
  634c10:	e8 7b 29 fd ff       	call   607590 <core::ptr::drop_in_place::<alloc::vec::Vec<u8>>>
  634c15:	48 8b 84 24 d0 05 00 	mov    0x5d0(%rsp),%rax
  634c1c:	00 
  634c1d:	0f 10 00             	movups (%rax),%xmm0
  634c20:	0f 10 48 10          	movups 0x10(%rax),%xmm1
  634c24:	0f 29 84 24 30 0a 00 	movaps %xmm0,0xa30(%rsp)
  634c2b:	00 
  634c2c:	0f 29 8c 24 40 0a 00 	movaps %xmm1,0xa40(%rsp)
  634c33:	00 
  634c34:	48 89 df             	mov    %rbx,%rdi
  634c37:	48 8b b4 24 20 01 00 	mov    0x120(%rsp),%rsi
  634c3e:	00 
  634c3f:	e8 dc 68 ff ff       	call   62b520 <fe2o3_kfd::engineering_gfx950::peer::combined_mlp_state_v1::tests::native::paired::original_partial>
  634c44:	48 8b 4c 24 38       	mov    0x38(%rsp),%rcx
  634c49:	4c 8b 44 24 40       	mov    0x40(%rsp),%r8
  634c4e:	48 8b 84 24 d0 05 00 	mov    0x5d0(%rsp),%rax
  634c55:	00 
  634c56:	0f 10 00             	movups (%rax),%xmm0
  634c59:	0f 10 48 10          	movups 0x10(%rax),%xmm1
  634c5d:	0f 29 8c 24 10 02 00 	movaps %xmm1,0x210(%rsp)
  634c64:	00 
  634c65:	0f 29 84 24 00 02 00 	movaps %xmm0,0x200(%rsp)
  634c6c:	00 
  634c6d:	48 8d 7c 24 10       	lea    0x10(%rsp),%rdi
  634c72:	48 8b 74 24 58       	mov    0x58(%rsp),%rsi
  634c77:	48 8d 94 24 00 02 00 	lea    0x200(%rsp),%rdx
  634c7e:	00 
  634c7f:	e8 2c 72 ff ff       	call   62beb0 <fe2o3_kfd::engineering_gfx950::peer::combined_mlp_state_v1::tests::native::paired::check_all>
  634c84:	8b 44 24 10          	mov    0x10(%rsp),%eax
  634c88:	48 8d 4c 24 18       	lea    0x18(%rsp),%rcx
  634c8d:	0f 10 01             	movups (%rcx),%xmm0
  634c90:	0f 29 84 24 80 00 00 	movaps %xmm0,0x80(%rsp)
  634c97:	00 
  634c98:	48 8b 49 10          	mov    0x10(%rcx),%rcx
  634c9c:	48 89 8c 24 90 00 00 	mov    %rcx,0x90(%rsp)
  634ca3:	00 
  634ca4:	83 f8 01             	cmp    $0x1,%eax
  634ca7:	0f 84 a2 1f 00 00    	je     636c4f <fe2o3_kfd::engineering_gfx950::peer::combined_mlp_state_v1::tests::native::paired::interleaved::interleaved_exercise+0x4e9f>
  634cad:	48 8b 84 24 90 00 00 	mov    0x90(%rsp),%rax
  634cb4:	00 
  634cb5:	48 89 84 24 a0 06 00 	mov    %rax,0x6a0(%rsp)
  634cbc:	00 
  634cbd:	0f 28 84 24 80 00 00 	movaps 0x80(%rsp),%xmm0
  634cc4:	00 
  634cc5:	0f 29 84 24 90 06 00 	movaps %xmm0,0x690(%rsp)
  634ccc:	00 
  634ccd:	48 8d 7c 24 30       	lea    0x30(%rsp),%rdi
  634cd2:	e8 b9 28 fd ff       	call   607590 <core::ptr::drop_in_place::<alloc::vec::Vec<u8>>>
  634cd7:	48 8b 84 24 c8 05 00 	mov    0x5c8(%rsp),%rax
  634cde:	00 
  634cdf:	0f 10 00             	movups (%rax),%xmm0
  634ce2:	0f 10 48 10          	movups 0x10(%rax),%xmm1
  634ce6:	0f 29 84 24 50 0a 00 	movaps %xmm0,0xa50(%rsp)
  634ced:	00 
  634cee:	0f 29 8c 24 60 0a 00 	movaps %xmm1,0xa60(%rsp)
  634cf5:	00 
  634cf6:	48 8d bc 24 00 02 00 	lea    0x200(%rsp),%rdi
  634cfd:	00 
  634cfe:	48 8b b4 24 20 01 00 	mov    0x120(%rsp),%rsi
  634d05:	00 
  634d06:	e8 75 68 ff ff       	call   62b580 <fe2o3_kfd::engineering_gfx950::peer::combined_mlp_state_v1::tests::native::paired::original_residual>
  634d0b:	8b 84 24 00 02 00 00 	mov    0x200(%rsp),%eax
  634d12:	48 8d 8c 24 08 02 00 	lea    0x208(%rsp),%rcx
  634d19:	00 
  634d1a:	0f 10 01             	movups (%rcx),%xmm0
  634d1d:	0f 29 44 24 30       	movaps %xmm0,0x30(%rsp)
  634d22:	48 8b 49 10          	mov    0x10(%rcx),%rcx
  634d26:	48 89 4c 24 40       	mov    %rcx,0x40(%rsp)
  634d2b:	83 f8 01             	cmp    $0x1,%eax
  634d2e:	0f 84 44 1f 00 00    	je     636c78 <fe2o3_kfd::engineering_gfx950::peer::combined_mlp_state_v1::tests::native::paired::interleaved::interleaved_exercise+0x4ec8>
  634d34:	48 8b 4c 24 38       	mov    0x38(%rsp),%rcx
  634d39:	4c 8b 44 24 40       	mov    0x40(%rsp),%r8
  634d3e:	48 8b 84 24 c8 05 00 	mov    0x5c8(%rsp),%rax
  634d45:	00 
  634d46:	0f 10 00             	movups (%rax),%xmm0
  634d49:	0f 10 48 10          	movups 0x10(%rax),%xmm1
  634d4d:	0f 29 8c 24 10 02 00 	movaps %xmm1,0x210(%rsp)
  634d54:	00 
  634d55:	0f 29 84 24 00 02 00 	movaps %xmm0,0x200(%rsp)
  634d5c:	00 
  634d5d:	48 8d 7c 24 10       	lea    0x10(%rsp),%rdi
  634d62:	48 8b 74 24 58       	mov    0x58(%rsp),%rsi
  634d67:	48 8d 94 24 00 02 00 	lea    0x200(%rsp),%rdx
  634d6e:	00 
  634d6f:	e8 3c 71 ff ff       	call   62beb0 <fe2o3_kfd::engineering_gfx950::peer::combined_mlp_state_v1::tests::native::paired::check_all>
  634d74:	8b 44 24 10          	mov    0x10(%rsp),%eax
  634d78:	48 8d 4c 24 18       	lea    0x18(%rsp),%rcx
  634d7d:	0f 10 01             	movups (%rcx),%xmm0
  634d80:	0f 29 84 24 80 00 00 	movaps %xmm0,0x80(%rsp)
  634d87:	00 
  634d88:	48 8b 49 10          	mov    0x10(%rcx),%rcx
  634d8c:	48 89 8c 24 90 00 00 	mov    %rcx,0x90(%rsp)
  634d93:	00 
  634d94:	83 f8 01             	cmp    $0x1,%eax
  634d97:	0f 84 f4 1e 00 00    	je     636c91 <fe2o3_kfd::engineering_gfx950::peer::combined_mlp_state_v1::tests::native::paired::interleaved::interleaved_exercise+0x4ee1>
  634d9d:	48 8b 84 24 90 00 00 	mov    0x90(%rsp),%rax
  634da4:	00 
  634da5:	48 89 84 24 c0 06 00 	mov    %rax,0x6c0(%rsp)
  634dac:	00 
  634dad:	0f 28 84 24 80 00 00 	movaps 0x80(%rsp),%xmm0
  634db4:	00 
  634db5:	0f 29 84 24 b0 06 00 	movaps %xmm0,0x6b0(%rsp)
  634dbc:	00 
  634dbd:	48 8d 7c 24 30       	lea    0x30(%rsp),%rdi
  634dc2:	e8 c9 27 fd ff       	call   607590 <core::ptr::drop_in_place::<alloc::vec::Vec<u8>>>
  634dc7:	48 c7 84 24 88 01 00 	movq   $0x0,0x188(%rsp)
  634dce:	00 00 00 00 00 
  634dd3:	48 c7 84 24 98 01 00 	movq   $0x0,0x198(%rsp)
  634dda:	00 00 00 00 00 
  634ddf:	ba 04 00 00 00       	mov    $0x4,%edx
  634de4:	48 8d bc 24 00 02 00 	lea    0x200(%rsp),%rdi
  634deb:	00 
  634dec:	48 8d 35 35 35 a7 ff 	lea    -0x58cacb(%rip),%rsi        # a8328 <anon.180aee9bb8e9d9ee52cb91d891d40ed2.1673.llvm.16613476246738148015+0x38>
  634df3:	e8 f8 a1 fd ff       	call   60eff0 <<u8 as <[_]>::to_vec_in::ConvertVec>::to_vec::<alloc::alloc::Global>>
  634df8:	48 8b 84 24 10 02 00 	mov    0x210(%rsp),%rax
  634dff:	00 
  634e00:	48 89 44 24 40       	mov    %rax,0x40(%rsp)
  634e05:	0f 10 84 24 00 02 00 	movups 0x200(%rsp),%xmm0
  634e0c:	00 
  634e0d:	0f 29 44 24 30       	movaps %xmm0,0x30(%rsp)
  634e12:	c6 84 24 00 02 00 00 	movb   $0x2,0x200(%rsp)
  634e19:	02 
  634e1a:	48 c7 84 24 08 02 00 	movq   $0x0,0x208(%rsp)
  634e21:	00 00 00 00 00 
  634e26:	48 8b 84 24 20 01 00 	mov    0x120(%rsp),%rax
  634e2d:	00 
  634e2e:	48 89 84 24 10 02 00 	mov    %rax,0x210(%rsp)
  634e35:	00 
  634e36:	48 8d 7c 24 10       	lea    0x10(%rsp),%rdi
  634e3b:	48 8d b4 24 88 01 00 	lea    0x188(%rsp),%rsi
  634e42:	00 
  634e43:	48 8d 54 24 30       	lea    0x30(%rsp),%rdx
  634e48:	48 8d 8c 24 00 02 00 	lea    0x200(%rsp),%rcx
  634e4f:	00 
  634e50:	e8 4b 47 f0 ff       	call   5395a0 <<alloc::collections::btree::map::BTreeMap<alloc::string::String, serde_json::value::Value>>::insert>
  634e55:	80 7c 24 10 06       	cmpb   $0x6,0x10(%rsp)
  634e5a:	74 0a                	je     634e66 <fe2o3_kfd::engineering_gfx950::peer::combined_mlp_state_v1::tests::native::paired::interleaved::interleaved_exercise+0x30b6>
  634e5c:	48 8d 7c 24 10       	lea    0x10(%rsp),%rdi
  634e61:	e8 ea 3c fd ff       	call   608b50 <core::ptr::drop_in_place::<serde_json::value::Value>>
  634e66:	ba 06 00 00 00       	mov    $0x6,%edx
  634e6b:	48 8d bc 24 00 02 00 	lea    0x200(%rsp),%rdi
  634e72:	00 
  634e73:	48 8d 35 95 3a bb ff 	lea    -0x44c56b(%rip),%rsi        # 1e890f <anon.d17fe627e5d324ea66c61125bb898512.532.llvm.4602735538015308864+0x407>
  634e7a:	e8 71 a1 fd ff       	call   60eff0 <<u8 as <[_]>::to_vec_in::ConvertVec>::to_vec::<alloc::alloc::Global>>
  634e7f:	48 8b 84 24 10 02 00 	mov    0x210(%rsp),%rax
  634e86:	00 
  634e87:	48 89 44 24 40       	mov    %rax,0x40(%rsp)
  634e8c:	0f 10 84 24 00 02 00 	movups 0x200(%rsp),%xmm0
  634e93:	00 
  634e94:	0f 29 44 24 30       	movaps %xmm0,0x30(%rsp)
  634e99:	48 8d bc 24 00 02 00 	lea    0x200(%rsp),%rdi
  634ea0:	00 
  634ea1:	48 8d b4 24 58 06 00 	lea    0x658(%rsp),%rsi
  634ea8:	00 
  634ea9:	e8 52 cb d1 ff       	call   351a00 <<serde_json::value::ser::Serializer as serde_core::ser::Serializer>::collect_seq::<&alloc::vec::Vec<serde_json::value::Value>>>
  634eae:	80 bc 24 00 02 00 00 	cmpb   $0x6,0x200(%rsp)
  634eb5:	06 
  634eb6:	0f 84 d3 1f 00 00    	je     636e8f <fe2o3_kfd::engineering_gfx950::peer::combined_mlp_state_v1::tests::native::paired::interleaved::interleaved_exercise+0x50df>
  634ebc:	0f 10 84 24 00 02 00 	movups 0x200(%rsp),%xmm0
  634ec3:	00 
  634ec4:	0f 10 8c 24 10 02 00 	movups 0x210(%rsp),%xmm1
  634ecb:	00 
  634ecc:	0f 29 4c 24 20       	movaps %xmm1,0x20(%rsp)
  634ed1:	0f 29 44 24 10       	movaps %xmm0,0x10(%rsp)
  634ed6:	48 8d bc 24 00 02 00 	lea    0x200(%rsp),%rdi
  634edd:	00 
  634ede:	48 8d b4 24 88 01 00 	lea    0x188(%rsp),%rsi
  634ee5:	00 
  634ee6:	48 8d 54 24 30       	lea    0x30(%rsp),%rdx
  634eeb:	48 8d 4c 24 10       	lea    0x10(%rsp),%rcx
  634ef0:	e8 ab 46 f0 ff       	call   5395a0 <<alloc::collections::btree::map::BTreeMap<alloc::string::String, serde_json::value::Value>>::insert>
  634ef5:	80 bc 24 00 02 00 00 	cmpb   $0x6,0x200(%rsp)
  634efc:	06 
  634efd:	74 0d                	je     634f0c <fe2o3_kfd::engineering_gfx950::peer::combined_mlp_state_v1::tests::native::paired::interleaved::interleaved_exercise+0x315c>
  634eff:	48 8d bc 24 00 02 00 	lea    0x200(%rsp),%rdi
  634f06:	00 
  634f07:	e8 44 3c fd ff       	call   608b50 <core::ptr::drop_in_place::<serde_json::value::Value>>
  634f0c:	ba 0e 00 00 00       	mov    $0xe,%edx
  634f11:	48 8d bc 24 00 02 00 	lea    0x200(%rsp),%rdi
  634f18:	00 
  634f19:	48 8d 35 f5 39 bb ff 	lea    -0x44c60b(%rip),%rsi        # 1e8915 <anon.d17fe627e5d324ea66c61125bb898512.532.llvm.4602735538015308864+0x40d>
  634f20:	e8 cb a0 fd ff       	call   60eff0 <<u8 as <[_]>::to_vec_in::ConvertVec>::to_vec::<alloc::alloc::Global>>
  634f25:	48 8b 84 24 10 02 00 	mov    0x210(%rsp),%rax
  634f2c:	00 
  634f2d:	48 89 84 24 00 01 00 	mov    %rax,0x100(%rsp)
  634f34:	00 
  634f35:	0f 10 84 24 00 02 00 	movups 0x200(%rsp),%xmm0
  634f3c:	00 
  634f3d:	0f 29 84 24 f0 00 00 	movaps %xmm0,0xf0(%rsp)
  634f44:	00 
  634f45:	48 8d bc 24 00 02 00 	lea    0x200(%rsp),%rdi
  634f4c:	00 
  634f4d:	48 8b 74 24 58       	mov    0x58(%rsp),%rsi
  634f52:	48 8d 94 24 30 0a 00 	lea    0xa30(%rsp),%rdx
  634f59:	00 
  634f5a:	31 c9                	xor    %ecx,%ecx
  634f5c:	41 b8 00 40 00 00    	mov    $0x4000,%r8d
  634f62:	e8 e9 1e fe ff       	call   616e50 <<fe2o3_kfd::engineering_gfx950::peer::Gfx950EngineeringPeerGroupV1>::read>
  634f67:	8b 84 24 00 02 00 00 	mov    0x200(%rsp),%eax
  634f6e:	48 8d 8c 24 08 02 00 	lea    0x208(%rsp),%rcx
  634f75:	00 
  634f76:	0f 10 01             	movups (%rcx),%xmm0
  634f79:	0f 29 44 24 60       	movaps %xmm0,0x60(%rsp)
  634f7e:	48 8b 49 10          	mov    0x10(%rcx),%rcx
  634f82:	48 89 4c 24 70       	mov    %rcx,0x70(%rsp)
  634f87:	83 f8 01             	cmp    $0x1,%eax
  634f8a:	0f 84 42 1c 00 00    	je     636bd2 <fe2o3_kfd::engineering_gfx950::peer::combined_mlp_state_v1::tests::native::paired::interleaved::interleaved_exercise+0x4e22>
  634f90:	48 8b 74 24 68       	mov    0x68(%rsp),%rsi
  634f95:	48 8b 54 24 70       	mov    0x70(%rsp),%rdx
  634f9a:	48 01 f2             	add    %rsi,%rdx
  634f9d:	48 8d bc 24 c0 00 00 	lea    0xc0(%rsp),%rdi
  634fa4:	00 
  634fa5:	e8 86 92 e9 ff       	call   4ce230 <<alloc::string::String as core::iter::traits::collect::FromIterator<alloc::string::String>>::from_iter::<core::iter::adapters::map::Map<core::slice::iter::Iter<u8>, fe2o3_kfd::debug_trap::tests::debug_session_manifest_is_frozen::{closure#0}>>>
  634faa:	48 8d 7c 24 10       	lea    0x10(%rsp),%rdi
  634faf:	48 8d b4 24 c0 00 00 	lea    0xc0(%rsp),%rsi
  634fb6:	00 
  634fb7:	e8 14 e4 00 00       	call   6433d0 <serde_json::value::to_value::<&alloc::string::String>>
  634fbc:	80 7c 24 10 06       	cmpb   $0x6,0x10(%rsp)
  634fc1:	0f 84 ff 1e 00 00    	je     636ec6 <fe2o3_kfd::engineering_gfx950::peer::combined_mlp_state_v1::tests::native::paired::interleaved::interleaved_exercise+0x5116>
  634fc7:	0f 10 44 24 10       	movups 0x10(%rsp),%xmm0
  634fcc:	0f 10 4c 24 20       	movups 0x20(%rsp),%xmm1
  634fd1:	0f 29 4c 24 40       	movaps %xmm1,0x40(%rsp)
  634fd6:	0f 29 44 24 30       	movaps %xmm0,0x30(%rsp)
  634fdb:	48 8d bc 24 80 00 00 	lea    0x80(%rsp),%rdi
  634fe2:	00 
  634fe3:	48 8d b4 24 88 01 00 	lea    0x188(%rsp),%rsi
  634fea:	00 
  634feb:	48 8d 94 24 f0 00 00 	lea    0xf0(%rsp),%rdx
  634ff2:	00 
  634ff3:	48 8d 4c 24 30       	lea    0x30(%rsp),%rcx
  634ff8:	e8 a3 45 f0 ff       	call   5395a0 <<alloc::collections::btree::map::BTreeMap<alloc::string::String, serde_json::value::Value>>::insert>
  634ffd:	80 bc 24 80 00 00 00 	cmpb   $0x6,0x80(%rsp)
  635004:	06 
  635005:	74 0d                	je     635014 <fe2o3_kfd::engineering_gfx950::peer::combined_mlp_state_v1::tests::native::paired::interleaved::interleaved_exercise+0x3264>
  635007:	48 8d bc 24 80 00 00 	lea    0x80(%rsp),%rdi
  63500e:	00 
  63500f:	e8 3c 3b fd ff       	call   608b50 <core::ptr::drop_in_place::<serde_json::value::Value>>
  635014:	48 8d bc 24 c0 00 00 	lea    0xc0(%rsp),%rdi
  63501b:	00 
  63501c:	e8 3f 2c fd ff       	call   607c60 <core::ptr::drop_in_place::<alloc::string::String>>
  635021:	48 8d 7c 24 60       	lea    0x60(%rsp),%rdi
  635026:	e8 65 25 fd ff       	call   607590 <core::ptr::drop_in_place::<alloc::vec::Vec<u8>>>
  63502b:	ba 0e 00 00 00       	mov    $0xe,%edx
  635030:	48 8d bc 24 00 02 00 	lea    0x200(%rsp),%rdi
  635037:	00 
  635038:	48 8d 35 e4 38 bb ff 	lea    -0x44c71c(%rip),%rsi        # 1e8923 <anon.d17fe627e5d324ea66c61125bb898512.532.llvm.4602735538015308864+0x41b>
  63503f:	e8 ac 9f fd ff       	call   60eff0 <<u8 as <[_]>::to_vec_in::ConvertVec>::to_vec::<alloc::alloc::Global>>
  635044:	48 8b 84 24 10 02 00 	mov    0x210(%rsp),%rax
  63504b:	00 
  63504c:	48 89 44 24 40       	mov    %rax,0x40(%rsp)
  635051:	0f 10 84 24 00 02 00 	movups 0x200(%rsp),%xmm0
  635058:	00 
  635059:	0f 29 44 24 30       	movaps %xmm0,0x30(%rsp)
  63505e:	48 8d bc 24 00 02 00 	lea    0x200(%rsp),%rdi
  635065:	00 
  635066:	48 8d b4 24 90 06 00 	lea    0x690(%rsp),%rsi
  63506d:	00 
  63506e:	e8 5d e3 00 00       	call   6433d0 <serde_json::value::to_value::<&alloc::string::String>>
  635073:	80 bc 24 00 02 00 00 	cmpb   $0x6,0x200(%rsp)
  63507a:	06 
  63507b:	0f 84 7f 1e 00 00    	je     636f00 <fe2o3_kfd::engineering_gfx950::peer::combined_mlp_state_v1::tests::native::paired::interleaved::interleaved_exercise+0x5150>
  635081:	0f 10 84 24 00 02 00 	movups 0x200(%rsp),%xmm0
  635088:	00 
  635089:	0f 10 8c 24 10 02 00 	movups 0x210(%rsp),%xmm1
  635090:	00 
  635091:	0f 29 4c 24 20       	movaps %xmm1,0x20(%rsp)
  635096:	0f 29 44 24 10       	movaps %xmm0,0x10(%rsp)
  63509b:	48 8d bc 24 00 02 00 	lea    0x200(%rsp),%rdi
  6350a2:	00 
  6350a3:	48 8d b4 24 88 01 00 	lea    0x188(%rsp),%rsi
  6350aa:	00 
  6350ab:	48 8d 54 24 30       	lea    0x30(%rsp),%rdx
  6350b0:	48 8d 4c 24 10       	lea    0x10(%rsp),%rcx
  6350b5:	e8 e6 44 f0 ff       	call   5395a0 <<alloc::collections::btree::map::BTreeMap<alloc::string::String, serde_json::value::Value>>::insert>
  6350ba:	80 bc 24 00 02 00 00 	cmpb   $0x6,0x200(%rsp)
  6350c1:	06 
  6350c2:	74 0d                	je     6350d1 <fe2o3_kfd::engineering_gfx950::peer::combined_mlp_state_v1::tests::native::paired::interleaved::interleaved_exercise+0x3321>
  6350c4:	48 8d bc 24 00 02 00 	lea    0x200(%rsp),%rdi
  6350cb:	00 
  6350cc:	e8 7f 3a fd ff       	call   608b50 <core::ptr::drop_in_place::<serde_json::value::Value>>
  6350d1:	ba 0f 00 00 00       	mov    $0xf,%edx
  6350d6:	48 8d bc 24 00 02 00 	lea    0x200(%rsp),%rdi
  6350dd:	00 
  6350de:	48 8d 35 4c 38 bb ff 	lea    -0x44c7b4(%rip),%rsi        # 1e8931 <anon.d17fe627e5d324ea66c61125bb898512.532.llvm.4602735538015308864+0x429>
  6350e5:	e8 06 9f fd ff       	call   60eff0 <<u8 as <[_]>::to_vec_in::ConvertVec>::to_vec::<alloc::alloc::Global>>
  6350ea:	48 8b 84 24 10 02 00 	mov    0x210(%rsp),%rax
  6350f1:	00 
  6350f2:	48 89 84 24 00 01 00 	mov    %rax,0x100(%rsp)
  6350f9:	00 
  6350fa:	0f 10 84 24 00 02 00 	movups 0x200(%rsp),%xmm0
  635101:	00 
  635102:	0f 29 84 24 f0 00 00 	movaps %xmm0,0xf0(%rsp)
  635109:	00 
  63510a:	48 8d bc 24 00 02 00 	lea    0x200(%rsp),%rdi
  635111:	00 
  635112:	48 8b 74 24 58       	mov    0x58(%rsp),%rsi
  635117:	48 8d 94 24 50 0a 00 	lea    0xa50(%rsp),%rdx
  63511e:	00 
  63511f:	31 c9                	xor    %ecx,%ecx
  635121:	41 b8 00 20 00 00    	mov    $0x2000,%r8d
  635127:	e8 24 1d fe ff       	call   616e50 <<fe2o3_kfd::engineering_gfx950::peer::Gfx950EngineeringPeerGroupV1>::read>
  63512c:	8b 84 24 00 02 00 00 	mov    0x200(%rsp),%eax
  635133:	48 8d 8c 24 08 02 00 	lea    0x208(%rsp),%rcx
  63513a:	00 
  63513b:	0f 10 01             	movups (%rcx),%xmm0
  63513e:	0f 29 44 24 60       	movaps %xmm0,0x60(%rsp)
  635143:	48 8b 49 10          	mov    0x10(%rcx),%rcx
  635147:	48 89 4c 24 70       	mov    %rcx,0x70(%rsp)
  63514c:	83 f8 01             	cmp    $0x1,%eax
  63514f:	0f 84 7d 1a 00 00    	je     636bd2 <fe2o3_kfd::engineering_gfx950::peer::combined_mlp_state_v1::tests::native::paired::interleaved::interleaved_exercise+0x4e22>
  635155:	48 8b 74 24 68       	mov    0x68(%rsp),%rsi
  63515a:	48 8b 54 24 70       	mov    0x70(%rsp),%rdx
  63515f:	48 01 f2             	add    %rsi,%rdx
  635162:	48 8d bc 24 c0 00 00 	lea    0xc0(%rsp),%rdi
  635169:	00 
  63516a:	e8 c1 90 e9 ff       	call   4ce230 <<alloc::string::String as core::iter::traits::collect::FromIterator<alloc::string::String>>::from_iter::<core::iter::adapters::map::Map<core::slice::iter::Iter<u8>, fe2o3_kfd::debug_trap::tests::debug_session_manifest_is_frozen::{closure#0}>>>
  63516f:	48 8d 7c 24 10       	lea    0x10(%rsp),%rdi
  635174:	48 8d b4 24 c0 00 00 	lea    0xc0(%rsp),%rsi
  63517b:	00 
  63517c:	e8 4f e2 00 00       	call   6433d0 <serde_json::value::to_value::<&alloc::string::String>>
  635181:	80 7c 24 10 06       	cmpb   $0x6,0x10(%rsp)
  635186:	0f 84 ab 1d 00 00    	je     636f37 <fe2o3_kfd::engineering_gfx950::peer::combined_mlp_state_v1::tests::native::paired::interleaved::interleaved_exercise+0x5187>
  63518c:	0f 10 44 24 10       	movups 0x10(%rsp),%xmm0
  635191:	0f 10 4c 24 20       	movups 0x20(%rsp),%xmm1
  635196:	0f 29 4c 24 40       	movaps %xmm1,0x40(%rsp)
  63519b:	0f 29 44 24 30       	movaps %xmm0,0x30(%rsp)
  6351a0:	48 8d bc 24 80 00 00 	lea    0x80(%rsp),%rdi
  6351a7:	00 
  6351a8:	48 8d b4 24 88 01 00 	lea    0x188(%rsp),%rsi
  6351af:	00 
  6351b0:	48 8d 94 24 f0 00 00 	lea    0xf0(%rsp),%rdx
  6351b7:	00 
  6351b8:	48 8d 4c 24 30       	lea    0x30(%rsp),%rcx
  6351bd:	e8 de 43 f0 ff       	call   5395a0 <<alloc::collections::btree::map::BTreeMap<alloc::string::String, serde_json::value::Value>>::insert>
  6351c2:	80 bc 24 80 00 00 00 	cmpb   $0x6,0x80(%rsp)
  6351c9:	06 
  6351ca:	74 0d                	je     6351d9 <fe2o3_kfd::engineering_gfx950::peer::combined_mlp_state_v1::tests::native::paired::interleaved::interleaved_exercise+0x3429>
  6351cc:	48 8d bc 24 80 00 00 	lea    0x80(%rsp),%rdi
  6351d3:	00 
  6351d4:	e8 77 39 fd ff       	call   608b50 <core::ptr::drop_in_place::<serde_json::value::Value>>
  6351d9:	48 8d bc 24 c0 00 00 	lea    0xc0(%rsp),%rdi
  6351e0:	00 
  6351e1:	e8 7a 2a fd ff       	call   607c60 <core::ptr::drop_in_place::<alloc::string::String>>
  6351e6:	48 8d 7c 24 60       	lea    0x60(%rsp),%rdi
  6351eb:	e8 a0 23 fd ff       	call   607590 <core::ptr::drop_in_place::<alloc::vec::Vec<u8>>>
  6351f0:	ba 0f 00 00 00       	mov    $0xf,%edx
  6351f5:	48 8d bc 24 00 02 00 	lea    0x200(%rsp),%rdi
  6351fc:	00 
  6351fd:	48 8d 35 3c 37 bb ff 	lea    -0x44c8c4(%rip),%rsi        # 1e8940 <anon.d17fe627e5d324ea66c61125bb898512.532.llvm.4602735538015308864+0x438>
  635204:	e8 e7 9d fd ff       	call   60eff0 <<u8 as <[_]>::to_vec_in::ConvertVec>::to_vec::<alloc::alloc::Global>>
  635209:	48 8b 84 24 10 02 00 	mov    0x210(%rsp),%rax
  635210:	00 
  635211:	48 89 44 24 40       	mov    %rax,0x40(%rsp)
  635216:	0f 10 84 24 00 02 00 	movups 0x200(%rsp),%xmm0
  63521d:	00 
  63521e:	0f 29 44 24 30       	movaps %xmm0,0x30(%rsp)
  635223:	48 8d bc 24 00 02 00 	lea    0x200(%rsp),%rdi
  63522a:	00 
  63522b:	48 8d b4 24 b0 06 00 	lea    0x6b0(%rsp),%rsi
  635232:	00 
  635233:	e8 98 e1 00 00       	call   6433d0 <serde_json::value::to_value::<&alloc::string::String>>
  635238:	80 bc 24 00 02 00 00 	cmpb   $0x6,0x200(%rsp)
  63523f:	06 
  635240:	0f 84 2b 1d 00 00    	je     636f71 <fe2o3_kfd::engineering_gfx950::peer::combined_mlp_state_v1::tests::native::paired::interleaved::interleaved_exercise+0x51c1>
  635246:	0f 10 84 24 00 02 00 	movups 0x200(%rsp),%xmm0
  63524d:	00 
  63524e:	0f 10 8c 24 10 02 00 	movups 0x210(%rsp),%xmm1
  635255:	00 
  635256:	0f 29 4c 24 20       	movaps %xmm1,0x20(%rsp)
  63525b:	0f 29 44 24 10       	movaps %xmm0,0x10(%rsp)
  635260:	48 8d bc 24 00 02 00 	lea    0x200(%rsp),%rdi
  635267:	00 
  635268:	48 8d b4 24 88 01 00 	lea    0x188(%rsp),%rsi
  63526f:	00 
  635270:	48 8d 54 24 30       	lea    0x30(%rsp),%rdx
  635275:	48 8d 4c 24 10       	lea    0x10(%rsp),%rcx
  63527a:	e8 21 43 f0 ff       	call   5395a0 <<alloc::collections::btree::map::BTreeMap<alloc::string::String, serde_json::value::Value>>::insert>
  63527f:	80 bc 24 00 02 00 00 	cmpb   $0x6,0x200(%rsp)
  635286:	06 
  635287:	74 0d                	je     635296 <fe2o3_kfd::engineering_gfx950::peer::combined_mlp_state_v1::tests::native::paired::interleaved::interleaved_exercise+0x34e6>
  635289:	48 8d bc 24 00 02 00 	lea    0x200(%rsp),%rdi
  635290:	00 
  635291:	e8 ba 38 fd ff       	call   608b50 <core::ptr::drop_in_place::<serde_json::value::Value>>
  635296:	ba 0d 00 00 00       	mov    $0xd,%edx
  63529b:	48 8d bc 24 00 02 00 	lea    0x200(%rsp),%rdi
  6352a2:	00 
  6352a3:	48 8d 35 a5 36 bb ff 	lea    -0x44c95b(%rip),%rsi        # 1e894f <anon.d17fe627e5d324ea66c61125bb898512.532.llvm.4602735538015308864+0x447>
  6352aa:	e8 41 9d fd ff       	call   60eff0 <<u8 as <[_]>::to_vec_in::ConvertVec>::to_vec::<alloc::alloc::Global>>
  6352af:	48 8b 84 24 10 02 00 	mov    0x210(%rsp),%rax
  6352b6:	00 
  6352b7:	48 89 84 24 00 01 00 	mov    %rax,0x100(%rsp)
  6352be:	00 
  6352bf:	0f 10 84 24 00 02 00 	movups 0x200(%rsp),%xmm0
  6352c6:	00 
  6352c7:	0f 29 84 24 f0 00 00 	movaps %xmm0,0xf0(%rsp)
  6352ce:	00 
  6352cf:	48 8d bc 24 00 02 00 	lea    0x200(%rsp),%rdi
  6352d6:	00 
  6352d7:	48 8b 74 24 58       	mov    0x58(%rsp),%rsi
  6352dc:	48 8d 94 24 f0 07 00 	lea    0x7f0(%rsp),%rdx
  6352e3:	00 
  6352e4:	31 c9                	xor    %ecx,%ecx
  6352e6:	41 b8 00 20 00 00    	mov    $0x2000,%r8d
  6352ec:	e8 5f 1b fe ff       	call   616e50 <<fe2o3_kfd::engineering_gfx950::peer::Gfx950EngineeringPeerGroupV1>::read>
  6352f1:	8b 84 24 00 02 00 00 	mov    0x200(%rsp),%eax
  6352f8:	48 8d 8c 24 08 02 00 	lea    0x208(%rsp),%rcx
  6352ff:	00 
  635300:	0f 10 01             	movups (%rcx),%xmm0
  635303:	0f 29 44 24 60       	movaps %xmm0,0x60(%rsp)
  635308:	48 8b 49 10          	mov    0x10(%rcx),%rcx
  63530c:	48 89 4c 24 70       	mov    %rcx,0x70(%rsp)
  635311:	83 f8 01             	cmp    $0x1,%eax
  635314:	0f 84 b8 18 00 00    	je     636bd2 <fe2o3_kfd::engineering_gfx950::peer::combined_mlp_state_v1::tests::native::paired::interleaved::interleaved_exercise+0x4e22>
  63531a:	48 8b 74 24 68       	mov    0x68(%rsp),%rsi
  63531f:	48 8b 54 24 70       	mov    0x70(%rsp),%rdx
  635324:	48 01 f2             	add    %rsi,%rdx
  635327:	48 8d bc 24 c0 00 00 	lea    0xc0(%rsp),%rdi
  63532e:	00 
  63532f:	e8 fc 8e e9 ff       	call   4ce230 <<alloc::string::String as core::iter::traits::collect::FromIterator<alloc::string::String>>::from_iter::<core::iter::adapters::map::Map<core::slice::iter::Iter<u8>, fe2o3_kfd::debug_trap::tests::debug_session_manifest_is_frozen::{closure#0}>>>
  635334:	48 8d 7c 24 10       	lea    0x10(%rsp),%rdi
  635339:	48 8d b4 24 c0 00 00 	lea    0xc0(%rsp),%rsi
  635340:	00 
  635341:	e8 8a e0 00 00       	call   6433d0 <serde_json::value::to_value::<&alloc::string::String>>
  635346:	80 7c 24 10 06       	cmpb   $0x6,0x10(%rsp)
  63534b:	0f 84 57 1c 00 00    	je     636fa8 <fe2o3_kfd::engineering_gfx950::peer::combined_mlp_state_v1::tests::native::paired::interleaved::interleaved_exercise+0x51f8>
  635351:	0f 10 44 24 10       	movups 0x10(%rsp),%xmm0
  635356:	0f 10 4c 24 20       	movups 0x20(%rsp),%xmm1
  63535b:	0f 29 4c 24 40       	movaps %xmm1,0x40(%rsp)
  635360:	0f 29 44 24 30       	movaps %xmm0,0x30(%rsp)
  635365:	48 8d bc 24 80 00 00 	lea    0x80(%rsp),%rdi
  63536c:	00 
  63536d:	48 8d b4 24 88 01 00 	lea    0x188(%rsp),%rsi
  635374:	00 
  635375:	48 8d 94 24 f0 00 00 	lea    0xf0(%rsp),%rdx
  63537c:	00 
  63537d:	48 8d 4c 24 30       	lea    0x30(%rsp),%rcx
  635382:	e8 19 42 f0 ff       	call   5395a0 <<alloc::collections::btree::map::BTreeMap<alloc::string::String, serde_json::value::Value>>::insert>
  635387:	80 bc 24 80 00 00 00 	cmpb   $0x6,0x80(%rsp)
  63538e:	06 
  63538f:	74 0d                	je     63539e <fe2o3_kfd::engineering_gfx950::peer::combined_mlp_state_v1::tests::native::paired::interleaved::interleaved_exercise+0x35ee>
  635391:	48 8d bc 24 80 00 00 	lea    0x80(%rsp),%rdi
  635398:	00 
  635399:	e8 b2 37 fd ff       	call   608b50 <core::ptr::drop_in_place::<serde_json::value::Value>>
  63539e:	48 8d bc 24 c0 00 00 	lea    0xc0(%rsp),%rdi
  6353a5:	00 
  6353a6:	e8 b5 28 fd ff       	call   607c60 <core::ptr::drop_in_place::<alloc::string::String>>
  6353ab:	48 8d 7c 24 60       	lea    0x60(%rsp),%rdi
  6353b0:	e8 db 21 fd ff       	call   607590 <core::ptr::drop_in_place::<alloc::vec::Vec<u8>>>
  6353b5:	ba 0d 00 00 00       	mov    $0xd,%edx
  6353ba:	48 8d bc 24 00 02 00 	lea    0x200(%rsp),%rdi
  6353c1:	00 
  6353c2:	48 8d 35 93 35 bb ff 	lea    -0x44ca6d(%rip),%rsi        # 1e895c <anon.d17fe627e5d324ea66c61125bb898512.532.llvm.4602735538015308864+0x454>
  6353c9:	e8 22 9c fd ff       	call   60eff0 <<u8 as <[_]>::to_vec_in::ConvertVec>::to_vec::<alloc::alloc::Global>>
  6353ce:	48 8b 84 24 10 02 00 	mov    0x210(%rsp),%rax
  6353d5:	00 
  6353d6:	48 89 44 24 40       	mov    %rax,0x40(%rsp)
  6353db:	0f 10 84 24 00 02 00 	movups 0x200(%rsp),%xmm0
  6353e2:	00 
  6353e3:	0f 29 44 24 30       	movaps %xmm0,0x30(%rsp)
  6353e8:	48 8d bc 24 00 02 00 	lea    0x200(%rsp),%rdi
  6353ef:	00 
  6353f0:	48 8d b4 24 70 06 00 	lea    0x670(%rsp),%rsi
  6353f7:	00 
  6353f8:	e8 d3 df 00 00       	call   6433d0 <serde_json::value::to_value::<&alloc::string::String>>
  6353fd:	80 bc 24 00 02 00 00 	cmpb   $0x6,0x200(%rsp)
  635404:	06 
  635405:	0f 84 d7 1b 00 00    	je     636fe2 <fe2o3_kfd::engineering_gfx950::peer::combined_mlp_state_v1::tests::native::paired::interleaved::interleaved_exercise+0x5232>
  63540b:	0f 10 84 24 00 02 00 	movups 0x200(%rsp),%xmm0
  635412:	00 
  635413:	0f 10 8c 24 10 02 00 	movups 0x210(%rsp),%xmm1
  63541a:	00 
  63541b:	0f 29 4c 24 20       	movaps %xmm1,0x20(%rsp)
  635420:	0f 29 44 24 10       	movaps %xmm0,0x10(%rsp)
  635425:	48 8d bc 24 00 02 00 	lea    0x200(%rsp),%rdi
  63542c:	00 
  63542d:	48 8d b4 24 88 01 00 	lea    0x188(%rsp),%rsi
  635434:	00 
  635435:	48 8d 54 24 30       	lea    0x30(%rsp),%rdx
  63543a:	48 8d 4c 24 10       	lea    0x10(%rsp),%rcx
  63543f:	e8 5c 41 f0 ff       	call   5395a0 <<alloc::collections::btree::map::BTreeMap<alloc::string::String, serde_json::value::Value>>::insert>
  635444:	80 bc 24 00 02 00 00 	cmpb   $0x6,0x200(%rsp)
  63544b:	06 
  63544c:	74 0d                	je     63545b <fe2o3_kfd::engineering_gfx950::peer::combined_mlp_state_v1::tests::native::paired::interleaved::interleaved_exercise+0x36ab>
  63544e:	48 8d bc 24 00 02 00 	lea    0x200(%rsp),%rdi
  635455:	00 
  635456:	e8 f5 36 fd ff       	call   608b50 <core::ptr::drop_in_place::<serde_json::value::Value>>
  63545b:	ba 06 00 00 00       	mov    $0x6,%edx
  635460:	48 8d bc 24 00 02 00 	lea    0x200(%rsp),%rdi
  635467:	00 
  635468:	48 8d 35 fa 34 bb ff 	lea    -0x44cb06(%rip),%rsi        # 1e8969 <anon.d17fe627e5d324ea66c61125bb898512.532.llvm.4602735538015308864+0x461>
  63546f:	e8 7c 9b fd ff       	call   60eff0 <<u8 as <[_]>::to_vec_in::ConvertVec>::to_vec::<alloc::alloc::Global>>
  635474:	48 8b 84 24 10 02 00 	mov    0x210(%rsp),%rax
  63547b:	00 
  63547c:	48 89 84 24 90 00 00 	mov    %rax,0x90(%rsp)
  635483:	00 
  635484:	0f 10 84 24 00 02 00 	movups 0x200(%rsp),%xmm0
  63548b:	00 
  63548c:	0f 29 84 24 80 00 00 	movaps %xmm0,0x80(%rsp)
  635493:	00 
  635494:	48 8d 7c 24 30       	lea    0x30(%rsp),%rdi
  635499:	48 8b b4 24 a0 01 00 	mov    0x1a0(%rsp),%rsi
  6354a0:	00 
  6354a1:	e8 fa 9b fd ff       	call   60f0a0 <<u32 as <[_]>::to_vec_in::ConvertVec>::to_vec::<alloc::alloc::Global>>
  6354a6:	48 8d bc 24 00 02 00 	lea    0x200(%rsp),%rdi
  6354ad:	00 
  6354ae:	48 8d 74 24 30       	lea    0x30(%rsp),%rsi
  6354b3:	e8 58 cf d1 ff       	call   352410 <<serde_json::value::ser::Serializer as serde_core::ser::Serializer>::collect_seq::<&alloc::vec::Vec<u32>>>
  6354b8:	80 bc 24 00 02 00 00 	cmpb   $0x6,0x200(%rsp)
  6354bf:	06 
  6354c0:	0f 84 53 1b 00 00    	je     637019 <fe2o3_kfd::engineering_gfx950::peer::combined_mlp_state_v1::tests::native::paired::interleaved::interleaved_exercise+0x5269>
  6354c6:	0f 10 84 24 00 02 00 	movups 0x200(%rsp),%xmm0
  6354cd:	00 
  6354ce:	0f 10 8c 24 10 02 00 	movups 0x210(%rsp),%xmm1
  6354d5:	00 
  6354d6:	0f 29 4c 24 20       	movaps %xmm1,0x20(%rsp)
  6354db:	0f 29 44 24 10       	movaps %xmm0,0x10(%rsp)
  6354e0:	48 8d bc 24 00 02 00 	lea    0x200(%rsp),%rdi
  6354e7:	00 
  6354e8:	48 8d b4 24 88 01 00 	lea    0x188(%rsp),%rsi
  6354ef:	00 
  6354f0:	48 8d 94 24 80 00 00 	lea    0x80(%rsp),%rdx
  6354f7:	00 
  6354f8:	48 8d 4c 24 10       	lea    0x10(%rsp),%rcx
  6354fd:	e8 9e 40 f0 ff       	call   5395a0 <<alloc::collections::btree::map::BTreeMap<alloc::string::String, serde_json::value::Value>>::insert>
  635502:	80 bc 24 00 02 00 00 	cmpb   $0x6,0x200(%rsp)
  635509:	06 
  63550a:	74 0d                	je     635519 <fe2o3_kfd::engineering_gfx950::peer::combined_mlp_state_v1::tests::native::paired::interleaved::interleaved_exercise+0x3769>
  63550c:	48 8d bc 24 00 02 00 	lea    0x200(%rsp),%rdi
  635513:	00 
  635514:	e8 37 36 fd ff       	call   608b50 <core::ptr::drop_in_place::<serde_json::value::Value>>
  635519:	48 8d 7c 24 30       	lea    0x30(%rsp),%rdi
  63551e:	e8 ad 20 fd ff       	call   6075d0 <core::ptr::drop_in_place::<alloc::vec::Vec<u32>>>
  635523:	ba 05 00 00 00       	mov    $0x5,%edx
  635528:	48 8d bc 24 00 02 00 	lea    0x200(%rsp),%rdi
  63552f:	00 
  635530:	48 8d 35 38 34 bb ff 	lea    -0x44cbc8(%rip),%rsi        # 1e896f <anon.d17fe627e5d324ea66c61125bb898512.532.llvm.4602735538015308864+0x467>
  635537:	e8 b4 9a fd ff       	call   60eff0 <<u8 as <[_]>::to_vec_in::ConvertVec>::to_vec::<alloc::alloc::Global>>
  63553c:	48 8b 84 24 10 02 00 	mov    0x210(%rsp),%rax
  635543:	00 
  635544:	48 89 44 24 40       	mov    %rax,0x40(%rsp)
  635549:	0f 10 84 24 00 02 00 	movups 0x200(%rsp),%xmm0
  635550:	00 
  635551:	0f 29 44 24 30       	movaps %xmm0,0x30(%rsp)
  635556:	48 8b b4 24 a0 01 00 	mov    0x1a0(%rsp),%rsi
  63555d:	00 
  63555e:	48 81 c6 90 08 00 00 	add    $0x890,%rsi
  635565:	48 8d bc 24 00 02 00 	lea    0x200(%rsp),%rdi
  63556c:	00 
  63556d:	e8 7e d5 00 00       	call   642af0 <serde_json::value::to_value::<&[u32; 4]>>
  635572:	80 bc 24 00 02 00 00 	cmpb   $0x6,0x200(%rsp)
  635579:	06 
  63557a:	0f 84 d0 1a 00 00    	je     637050 <fe2o3_kfd::engineering_gfx950::peer::combined_mlp_state_v1::tests::native::paired::interleaved::interleaved_exercise+0x52a0>
  635580:	0f 10 84 24 00 02 00 	movups 0x200(%rsp),%xmm0
  635587:	00 
  635588:	0f 10 8c 24 10 02 00 	movups 0x210(%rsp),%xmm1
  63558f:	00 
  635590:	0f 29 4c 24 20       	movaps %xmm1,0x20(%rsp)
  635595:	0f 29 44 24 10       	movaps %xmm0,0x10(%rsp)
  63559a:	48 8d bc 24 00 02 00 	lea    0x200(%rsp),%rdi
  6355a1:	00 
  6355a2:	48 8d b4 24 88 01 00 	lea    0x188(%rsp),%rsi
  6355a9:	00 
  6355aa:	48 8d 54 24 30       	lea    0x30(%rsp),%rdx
  6355af:	48 8d 4c 24 10       	lea    0x10(%rsp),%rcx
  6355b4:	e8 e7 3f f0 ff       	call   5395a0 <<alloc::collections::btree::map::BTreeMap<alloc::string::String, serde_json::value::Value>>::insert>
  6355b9:	80 bc 24 00 02 00 00 	cmpb   $0x6,0x200(%rsp)
  6355c0:	06 
  6355c1:	74 0d                	je     6355d0 <fe2o3_kfd::engineering_gfx950::peer::combined_mlp_state_v1::tests::native::paired::interleaved::interleaved_exercise+0x3820>
  6355c3:	48 8d bc 24 00 02 00 	lea    0x200(%rsp),%rdi
  6355ca:	00 
  6355cb:	e8 80 35 fd ff       	call   608b50 <core::ptr::drop_in_place::<serde_json::value::Value>>
  6355d0:	48 8b 84 24 98 01 00 	mov    0x198(%rsp),%rax
  6355d7:	00 
  6355d8:	48 8d 8c 24 a8 00 00 	lea    0xa8(%rsp),%rcx
  6355df:	00 
  6355e0:	48 89 41 10          	mov    %rax,0x10(%rcx)
  6355e4:	0f 10 84 24 88 01 00 	movups 0x188(%rsp),%xmm0
  6355eb:	00 
  6355ec:	0f 11 01             	movups %xmm0,(%rcx)
  6355ef:	c6 84 24 a0 00 00 00 	movb   $0x5,0xa0(%rsp)
  6355f6:	05 
  6355f7:	48 8d bc 24 40 06 00 	lea    0x640(%rsp),%rdi
  6355fe:	00 
  6355ff:	48 8d b4 24 a0 00 00 	lea    0xa0(%rsp),%rsi
  635606:	00 
  635607:	e8 04 39 fe ff       	call   618f10 <<alloc::vec::Vec<serde_json::value::Value>>::push_mut>
  63560c:	48 8d bc 24 b0 06 00 	lea    0x6b0(%rsp),%rdi
  635613:	00 
  635614:	e8 47 26 fd ff       	call   607c60 <core::ptr::drop_in_place::<alloc::string::String>>
  635619:	48 8d bc 24 90 06 00 	lea    0x690(%rsp),%rdi
  635620:	00 
  635621:	e8 3a 26 fd ff       	call   607c60 <core::ptr::drop_in_place::<alloc::string::String>>
  635626:	48 8d bc 24 70 06 00 	lea    0x670(%rsp),%rdi
  63562d:	00 
  63562e:	e8 2d 26 fd ff       	call   607c60 <core::ptr::drop_in_place::<alloc::string::String>>
  635633:	48 8d bc 24 58 06 00 	lea    0x658(%rsp),%rdi
  63563a:	00 
  63563b:	e8 d0 16 fd ff       	call   606d10 <core::ptr::drop_in_place::<alloc::vec::Vec<serde_json::value::Value>>>
  635640:	b8 01 00 00 00       	mov    $0x1,%eax
  635645:	48 89 84 24 20 01 00 	mov    %rax,0x120(%rsp)
  63564c:	00 
  63564d:	48 8d 84 24 40 09 00 	lea    0x940(%rsp),%rax
  635654:	00 
  635655:	48 89 84 24 d0 05 00 	mov    %rax,0x5d0(%rsp)
  63565c:	00 
  63565d:	48 8d 84 24 80 09 00 	lea    0x980(%rsp),%rax
  635664:	00 
  635665:	48 89 84 24 c8 05 00 	mov    %rax,0x5c8(%rsp)
  63566c:	00 
  63566d:	48 8d 84 24 10 13 00 	lea    0x1310(%rsp),%rax
  635674:	00 
  635675:	48 89 84 24 a0 01 00 	mov    %rax,0x1a0(%rsp)
  63567c:	00 
  63567d:	f6 84 24 80 01 00 00 	testb  $0x1,0x180(%rsp)
  635684:	01 
  635685:	c7 84 24 80 01 00 00 	movl   $0x0,0x180(%rsp)
  63568c:	00 00 00 00 
  635690:	0f 85 95 ef ff ff    	jne    63462b <fe2o3_kfd::engineering_gfx950::peer::combined_mlp_state_v1::tests::native::paired::interleaved::interleaved_exercise+0x287b>
  635696:	48 83 bc 24 d8 00 00 	cmpq   $0x4,0xd8(%rsp)
  63569d:	00 04 
  63569f:	0f 83 64 1a 00 00    	jae    637109 <fe2o3_kfd::engineering_gfx950::peer::combined_mlp_state_v1::tests::native::paired::interleaved::interleaved_exercise+0x5359>
  6356a5:	4c 8b 84 24 d8 00 00 	mov    0xd8(%rsp),%r8
  6356ac:	00 
  6356ad:	42 c7 84 c4 30 07 00 	movl   $0x1,0x730(%rsp,%r8,8)
  6356b4:	00 01 00 00 00 
  6356b9:	8b 84 24 e8 00 00 00 	mov    0xe8(%rsp),%eax
  6356c0:	42 89 84 c4 34 07 00 	mov    %eax,0x734(%rsp,%r8,8)
  6356c7:	00 
  6356c8:	48 8b 94 24 b0 01 00 	mov    0x1b0(%rsp),%rdx
  6356cf:	00 
  6356d0:	48 8b 8c 24 b8 01 00 	mov    0x1b8(%rsp),%rcx
  6356d7:	00 
  6356d8:	48 8d bc 24 00 02 00 	lea    0x200(%rsp),%rdi
  6356df:	00 
  6356e0:	48 8b 74 24 58       	mov    0x58(%rsp),%rsi
  6356e5:	4c 8d 8c 24 30 07 00 	lea    0x730(%rsp),%r9
  6356ec:	00 
  6356ed:	e8 0e b2 ff ff       	call   630900 <fe2o3_kfd::engineering_gfx950::peer::combined_mlp_state_v1::tests::native::paired::interleaved::check_inactive>
  6356f2:	0f b6 84 24 00 02 00 	movzbl 0x200(%rsp),%eax
  6356f9:	00 
  6356fa:	3c 06                	cmp    $0x6,%al
  6356fc:	0f 84 31 17 00 00    	je     636e33 <fe2o3_kfd::engineering_gfx950::peer::combined_mlp_state_v1::tests::native::paired::interleaved::interleaved_exercise+0x5083>
  635702:	48 8d 8c 24 08 02 00 	lea    0x208(%rsp),%rcx
  635709:	00 
  63570a:	0f 10 41 f9          	movups -0x7(%rcx),%xmm0
  63570e:	0f 10 49 08          	movups 0x8(%rcx),%xmm1
  635712:	0f 11 4c 24 1f       	movups %xmm1,0x1f(%rsp)
  635717:	0f 29 44 24 10       	movaps %xmm0,0x10(%rsp)
  63571c:	0f 10 44 24 1f       	movups 0x1f(%rsp),%xmm0
  635721:	48 8d 8c 24 a8 00 00 	lea    0xa8(%rsp),%rcx
  635728:	00 
  635729:	0f 11 41 08          	movups %xmm0,0x8(%rcx)
  63572d:	0f 28 44 24 10       	movaps 0x10(%rsp),%xmm0
  635732:	0f 11 41 f9          	movups %xmm0,-0x7(%rcx)
  635736:	88 84 24 a0 00 00 00 	mov    %al,0xa0(%rsp)
  63573d:	48 8b 94 24 60 01 00 	mov    0x160(%rsp),%rdx
  635744:	00 
  635745:	48 8b 8c 24 68 01 00 	mov    0x168(%rsp),%rcx
  63574c:	00 
  63574d:	8b 84 24 e0 00 00 00 	mov    0xe0(%rsp),%eax
  635754:	89 04 24             	mov    %eax,(%rsp)
  635757:	48 8d bc 24 00 02 00 	lea    0x200(%rsp),%rdi
  63575e:	00 
  63575f:	48 8b 74 24 58       	mov    0x58(%rsp),%rsi
  635764:	4c 8d 84 24 10 08 00 	lea    0x810(%rsp),%r8
  63576b:	00 
  63576c:	4c 8b 8c 24 78 01 00 	mov    0x178(%rsp),%r9
  635773:	00 
  635774:	e8 07 a0 ff ff       	call   62f780 <fe2o3_kfd::engineering_gfx950::peer::combined_mlp_state_v1::tests::native::paired::interleaved::observe_pairs>
  635779:	0f b6 84 24 00 02 00 	movzbl 0x200(%rsp),%eax
  635780:	00 
  635781:	3c 06                	cmp    $0x6,%al
  635783:	0f 84 cd 16 00 00    	je     636e56 <fe2o3_kfd::engineering_gfx950::peer::combined_mlp_state_v1::tests::native::paired::interleaved::interleaved_exercise+0x50a6>
  635789:	48 8d 8c 24 08 02 00 	lea    0x208(%rsp),%rcx
  635790:	00 
  635791:	0f 10 41 f9          	movups -0x7(%rcx),%xmm0
  635795:	0f 10 49 08          	movups 0x8(%rcx),%xmm1
  635799:	0f 11 4c 24 1f       	movups %xmm1,0x1f(%rsp)
  63579e:	0f 29 44 24 10       	movaps %xmm0,0x10(%rsp)
  6357a3:	0f 10 44 24 1f       	movups 0x1f(%rsp),%xmm0
  6357a8:	48 8d 8c 24 81 00 00 	lea    0x81(%rsp),%rcx
  6357af:	00 
  6357b0:	0f 11 41 0f          	movups %xmm0,0xf(%rcx)
  6357b4:	0f 28 44 24 10       	movaps 0x10(%rsp),%xmm0
  6357b9:	0f 11 01             	movups %xmm0,(%rcx)
  6357bc:	88 84 24 80 00 00 00 	mov    %al,0x80(%rsp)
  6357c3:	48 c7 84 24 c0 00 00 	movq   $0x0,0xc0(%rsp)
  6357ca:	00 00 00 00 00 
  6357cf:	48 c7 84 24 d0 00 00 	movq   $0x0,0xd0(%rsp)
  6357d6:	00 00 00 00 00 
  6357db:	ba 04 00 00 00       	mov    $0x4,%edx
  6357e0:	48 8d bc 24 00 02 00 	lea    0x200(%rsp),%rdi
  6357e7:	00 
  6357e8:	48 8d 35 85 27 a7 ff 	lea    -0x58d87b(%rip),%rsi        # a7f74 <anon.75c73590a8a0cca5845942592f529bde.1105.llvm.6044895605640302743+0x24>
  6357ef:	e8 fc 97 fd ff       	call   60eff0 <<u8 as <[_]>::to_vec_in::ConvertVec>::to_vec::<alloc::alloc::Global>>
  6357f4:	48 8b 84 24 10 02 00 	mov    0x210(%rsp),%rax
  6357fb:	00 
  6357fc:	48 89 44 24 70       	mov    %rax,0x70(%rsp)
  635801:	0f 10 84 24 00 02 00 	movups 0x200(%rsp),%xmm0
  635808:	00 
  635809:	0f 29 44 24 60       	movaps %xmm0,0x60(%rsp)
  63580e:	48 8d bc 24 00 02 00 	lea    0x200(%rsp),%rdi
  635815:	00 
  635816:	48 8d 35 c3 0a 23 00 	lea    0x230ac3(%rip),%rsi        # 8662e0 <anon.d17fe627e5d324ea66c61125bb898512.647.llvm.4602735538015308864+0x3b0>
  63581d:	e8 ae f5 00 00       	call   644dd0 <serde_json::value::to_value::<&&str>>
  635822:	80 bc 24 00 02 00 00 	cmpb   $0x6,0x200(%rsp)
  635829:	06 
  63582a:	0f 84 f8 18 00 00    	je     637128 <fe2o3_kfd::engineering_gfx950::peer::combined_mlp_state_v1::tests::native::paired::interleaved::interleaved_exercise+0x5378>
  635830:	0f 10 84 24 00 02 00 	movups 0x200(%rsp),%xmm0
  635837:	00 
  635838:	0f 10 8c 24 10 02 00 	movups 0x210(%rsp),%xmm1
  63583f:	00 
  635840:	0f 29 4c 24 20       	movaps %xmm1,0x20(%rsp)
  635845:	0f 29 44 24 10       	movaps %xmm0,0x10(%rsp)
  63584a:	48 8d bc 24 00 02 00 	lea    0x200(%rsp),%rdi
  635851:	00 
  635852:	48 8d b4 24 c0 00 00 	lea    0xc0(%rsp),%rsi
  635859:	00 
  63585a:	48 8d 54 24 60       	lea    0x60(%rsp),%rdx
  63585f:	48 8d 4c 24 10       	lea    0x10(%rsp),%rcx
  635864:	e8 37 3d f0 ff       	call   5395a0 <<alloc::collections::btree::map::BTreeMap<alloc::string::String, serde_json::value::Value>>::insert>
  635869:	80 bc 24 00 02 00 00 	cmpb   $0x6,0x200(%rsp)
  635870:	06 
  635871:	74 0d                	je     635880 <fe2o3_kfd::engineering_gfx950::peer::combined_mlp_state_v1::tests::native::paired::interleaved::interleaved_exercise+0x3ad0>
  635873:	48 8d bc 24 00 02 00 	lea    0x200(%rsp),%rdi
  63587a:	00 
  63587b:	e8 d0 32 fd ff       	call   608b50 <core::ptr::drop_in_place::<serde_json::value::Value>>
  635880:	ba 07 00 00 00       	mov    $0x7,%edx
  635885:	48 8d bc 24 00 02 00 	lea    0x200(%rsp),%rdi
  63588c:	00 
  63588d:	48 8d 35 c5 36 bb ff 	lea    -0x44c93b(%rip),%rsi        # 1e8f59 <anon.d17fe627e5d324ea66c61125bb898512.645.llvm.4602735538015308864+0x2d3>
  635894:	e8 57 97 fd ff       	call   60eff0 <<u8 as <[_]>::to_vec_in::ConvertVec>::to_vec::<alloc::alloc::Global>>
  635899:	48 8b 84 24 10 02 00 	mov    0x210(%rsp),%rax
  6358a0:	00 
  6358a1:	48 89 44 24 70       	mov    %rax,0x70(%rsp)
  6358a6:	0f 10 84 24 00 02 00 	movups 0x200(%rsp),%xmm0
  6358ad:	00 
  6358ae:	0f 29 44 24 60       	movaps %xmm0,0x60(%rsp)
  6358b3:	48 8b 84 24 38 01 00 	mov    0x138(%rsp),%rax
  6358ba:	00 
  6358bb:	c6 84 24 00 02 00 00 	movb   $0x2,0x200(%rsp)
  6358c2:	02 
  6358c3:	48 c7 84 24 08 02 00 	movq   $0x0,0x208(%rsp)
  6358ca:	00 00 00 00 00 
  6358cf:	48 89 84 24 10 02 00 	mov    %rax,0x210(%rsp)
  6358d6:	00 
  6358d7:	48 8d 7c 24 10       	lea    0x10(%rsp),%rdi
  6358dc:	48 8d b4 24 c0 00 00 	lea    0xc0(%rsp),%rsi
  6358e3:	00 
  6358e4:	48 8d 54 24 60       	lea    0x60(%rsp),%rdx
  6358e9:	48 8d 8c 24 00 02 00 	lea    0x200(%rsp),%rcx
  6358f0:	00 
  6358f1:	e8 aa 3c f0 ff       	call   5395a0 <<alloc::collections::btree::map::BTreeMap<alloc::string::String, serde_json::value::Value>>::insert>
  6358f6:	80 7c 24 10 06       	cmpb   $0x6,0x10(%rsp)
  6358fb:	74 0a                	je     635907 <fe2o3_kfd::engineering_gfx950::peer::combined_mlp_state_v1::tests::native::paired::interleaved::interleaved_exercise+0x3b57>
  6358fd:	48 8d 7c 24 10       	lea    0x10(%rsp),%rdi
  635902:	e8 49 32 fd ff       	call   608b50 <core::ptr::drop_in_place::<serde_json::value::Value>>
  635907:	ba 04 00 00 00       	mov    $0x4,%edx
  63590c:	48 8d bc 24 00 02 00 	lea    0x200(%rsp),%rdi
  635913:	00 
  635914:	48 8d 35 a1 28 a7 ff 	lea    -0x58d75f(%rip),%rsi        # a81bc <anon.c4c048158b162c295f88a543dc6fc2a7.294.llvm.9163490545990151295+0x44>
  63591b:	e8 d0 96 fd ff       	call   60eff0 <<u8 as <[_]>::to_vec_in::ConvertVec>::to_vec::<alloc::alloc::Global>>
  635920:	48 8b 84 24 10 02 00 	mov    0x210(%rsp),%rax
  635927:	00 
  635928:	48 89 44 24 70       	mov    %rax,0x70(%rsp)
  63592d:	0f 10 84 24 00 02 00 	movups 0x200(%rsp),%xmm0
  635934:	00 
  635935:	0f 29 44 24 60       	movaps %xmm0,0x60(%rsp)
  63593a:	48 8b 84 24 c0 01 00 	mov    0x1c0(%rsp),%rax
  635941:	00 
  635942:	c6 84 24 00 02 00 00 	movb   $0x2,0x200(%rsp)
  635949:	02 
  63594a:	48 c7 84 24 08 02 00 	movq   $0x0,0x208(%rsp)
  635951:	00 00 00 00 00 
  635956:	48 89 84 24 10 02 00 	mov    %rax,0x210(%rsp)
  63595d:	00 
  63595e:	48 8d 7c 24 10       	lea    0x10(%rsp),%rdi
  635963:	48 8d b4 24 c0 00 00 	lea    0xc0(%rsp),%rsi
  63596a:	00 
  63596b:	48 8d 54 24 60       	lea    0x60(%rsp),%rdx
  635970:	48 8d 8c 24 00 02 00 	lea    0x200(%rsp),%rcx
  635977:	00 
  635978:	e8 23 3c f0 ff       	call   5395a0 <<alloc::collections::btree::map::BTreeMap<alloc::string::String, serde_json::value::Value>>::insert>
  63597d:	80 7c 24 10 06       	cmpb   $0x6,0x10(%rsp)
  635982:	74 0a                	je     63598e <fe2o3_kfd::engineering_gfx950::peer::combined_mlp_state_v1::tests::native::paired::interleaved::interleaved_exercise+0x3bde>
  635984:	48 8d 7c 24 10       	lea    0x10(%rsp),%rdi
  635989:	e8 c2 31 fd ff       	call   608b50 <core::ptr::drop_in_place::<serde_json::value::Value>>
  63598e:	ba 05 00 00 00       	mov    $0x5,%edx
  635993:	48 8d bc 24 00 02 00 	lea    0x200(%rsp),%rdi
  63599a:	00 
  63599b:	48 8d 35 df 35 bb ff 	lea    -0x44ca21(%rip),%rsi        # 1e8f81 <anon.d17fe627e5d324ea66c61125bb898512.645.llvm.4602735538015308864+0x2fb>
  6359a2:	e8 49 96 fd ff       	call   60eff0 <<u8 as <[_]>::to_vec_in::ConvertVec>::to_vec::<alloc::alloc::Global>>
  6359a7:	48 8b 84 24 10 02 00 	mov    0x210(%rsp),%rax
  6359ae:	00 
  6359af:	48 89 44 24 70       	mov    %rax,0x70(%rsp)
  6359b4:	0f 10 84 24 00 02 00 	movups 0x200(%rsp),%xmm0
  6359bb:	00 
  6359bc:	0f 29 44 24 60       	movaps %xmm0,0x60(%rsp)
  6359c1:	48 8b 84 24 d8 05 00 	mov    0x5d8(%rsp),%rax
  6359c8:	00 
  6359c9:	c6 84 24 00 02 00 00 	movb   $0x2,0x200(%rsp)
  6359d0:	02 
  6359d1:	48 c7 84 24 08 02 00 	movq   $0x0,0x208(%rsp)
  6359d8:	00 00 00 00 00 
  6359dd:	48 89 84 24 10 02 00 	mov    %rax,0x210(%rsp)
  6359e4:	00 
  6359e5:	48 8d 7c 24 10       	lea    0x10(%rsp),%rdi
  6359ea:	48 8d b4 24 c0 00 00 	lea    0xc0(%rsp),%rsi
  6359f1:	00 
  6359f2:	48 8d 54 24 60       	lea    0x60(%rsp),%rdx
  6359f7:	48 8d 8c 24 00 02 00 	lea    0x200(%rsp),%rcx
  6359fe:	00 
  6359ff:	e8 9c 3b f0 ff       	call   5395a0 <<alloc::collections::btree::map::BTreeMap<alloc::string::String, serde_json::value::Value>>::insert>
  635a04:	80 7c 24 10 06       	cmpb   $0x6,0x10(%rsp)
  635a09:	74 0a                	je     635a15 <fe2o3_kfd::engineering_gfx950::peer::combined_mlp_state_v1::tests::native::paired::interleaved::interleaved_exercise+0x3c65>
  635a0b:	48 8d 7c 24 10       	lea    0x10(%rsp),%rdi
  635a10:	e8 3b 31 fd ff       	call   608b50 <core::ptr::drop_in_place::<serde_json::value::Value>>
  635a15:	ba 0a 00 00 00       	mov    $0xa,%edx
  635a1a:	48 8d bc 24 00 02 00 	lea    0x200(%rsp),%rdi
  635a21:	00 
  635a22:	48 8d 35 0b 2e bb ff 	lea    -0x44d1f5(%rip),%rsi        # 1e8834 <anon.d17fe627e5d324ea66c61125bb898512.532.llvm.4602735538015308864+0x32c>
  635a29:	e8 c2 95 fd ff       	call   60eff0 <<u8 as <[_]>::to_vec_in::ConvertVec>::to_vec::<alloc::alloc::Global>>
  635a2e:	48 8b 84 24 10 02 00 	mov    0x210(%rsp),%rax
  635a35:	00 
  635a36:	48 89 44 24 70       	mov    %rax,0x70(%rsp)
  635a3b:	0f 10 84 24 00 02 00 	movups 0x200(%rsp),%xmm0
  635a42:	00 
  635a43:	0f 29 44 24 60       	movaps %xmm0,0x60(%rsp)
  635a48:	c6 84 24 00 02 00 00 	movb   $0x2,0x200(%rsp)
  635a4f:	02 
  635a50:	48 c7 84 24 08 02 00 	movq   $0x0,0x208(%rsp)
  635a57:	00 00 00 00 00 
  635a5c:	48 8b 84 24 70 01 00 	mov    0x170(%rsp),%rax
  635a63:	00 
  635a64:	48 89 84 24 10 02 00 	mov    %rax,0x210(%rsp)
  635a6b:	00 
  635a6c:	48 8d 7c 24 10       	lea    0x10(%rsp),%rdi
  635a71:	48 8d b4 24 c0 00 00 	lea    0xc0(%rsp),%rsi
  635a78:	00 
  635a79:	48 8d 54 24 60       	lea    0x60(%rsp),%rdx
  635a7e:	48 8d 8c 24 00 02 00 	lea    0x200(%rsp),%rcx
  635a85:	00 
  635a86:	e8 15 3b f0 ff       	call   5395a0 <<alloc::collections::btree::map::BTreeMap<alloc::string::String, serde_json::value::Value>>::insert>
  635a8b:	80 7c 24 10 06       	cmpb   $0x6,0x10(%rsp)
  635a90:	74 0a                	je     635a9c <fe2o3_kfd::engineering_gfx950::peer::combined_mlp_state_v1::tests::native::paired::interleaved::interleaved_exercise+0x3cec>
  635a92:	48 8d 7c 24 10       	lea    0x10(%rsp),%rdi
  635a97:	e8 b4 30 fd ff       	call   608b50 <core::ptr::drop_in_place::<serde_json::value::Value>>
  635a9c:	ba 05 00 00 00       	mov    $0x5,%edx
  635aa1:	48 8d bc 24 00 02 00 	lea    0x200(%rsp),%rdi
  635aa8:	00 
  635aa9:	48 8d 35 10 34 bb ff 	lea    -0x44cbf0(%rip),%rsi        # 1e8ec0 <anon.d17fe627e5d324ea66c61125bb898512.645.llvm.4602735538015308864+0x23a>
  635ab0:	e8 3b 95 fd ff       	call   60eff0 <<u8 as <[_]>::to_vec_in::ConvertVec>::to_vec::<alloc::alloc::Global>>
  635ab5:	48 8b 84 24 10 02 00 	mov    0x210(%rsp),%rax
  635abc:	00 
  635abd:	48 89 44 24 70       	mov    %rax,0x70(%rsp)
  635ac2:	0f 10 84 24 00 02 00 	movups 0x200(%rsp),%xmm0
  635ac9:	00 
  635aca:	0f 29 44 24 60       	movaps %xmm0,0x60(%rsp)
  635acf:	48 8b 8c 24 c8 06 00 	mov    0x6c8(%rsp),%rcx
  635ad6:	00 
  635ad7:	48 89 c8             	mov    %rcx,%rax
  635ada:	48 c1 e8 3f          	shr    $0x3f,%rax
  635ade:	c6 84 24 00 02 00 00 	movb   $0x2,0x200(%rsp)
  635ae5:	02 
  635ae6:	48 89 84 24 08 02 00 	mov    %rax,0x208(%rsp)
  635aed:	00 
  635aee:	48 89 8c 24 10 02 00 	mov    %rcx,0x210(%rsp)
  635af5:	00 
  635af6:	48 8d 7c 24 10       	lea    0x10(%rsp),%rdi
  635afb:	48 8d b4 24 c0 00 00 	lea    0xc0(%rsp),%rsi
  635b02:	00 
  635b03:	48 8d 54 24 60       	lea    0x60(%rsp),%rdx
  635b08:	48 8d 8c 24 00 02 00 	lea    0x200(%rsp),%rcx
  635b0f:	00 
  635b10:	e8 8b 3a f0 ff       	call   5395a0 <<alloc::collections::btree::map::BTreeMap<alloc::string::String, serde_json::value::Value>>::insert>
  635b15:	80 7c 24 10 06       	cmpb   $0x6,0x10(%rsp)
  635b1a:	74 0a                	je     635b26 <fe2o3_kfd::engineering_gfx950::peer::combined_mlp_state_v1::tests::native::paired::interleaved::interleaved_exercise+0x3d76>
  635b1c:	48 8d 7c 24 10       	lea    0x10(%rsp),%rdi
  635b21:	e8 2a 30 fd ff       	call   608b50 <core::ptr::drop_in_place::<serde_json::value::Value>>
  635b26:	ba 07 00 00 00       	mov    $0x7,%edx
  635b2b:	48 8d bc 24 00 02 00 	lea    0x200(%rsp),%rdi
  635b32:	00 
  635b33:	48 8d 35 f3 2c bb ff 	lea    -0x44d30d(%rip),%rsi        # 1e882d <anon.d17fe627e5d324ea66c61125bb898512.532.llvm.4602735538015308864+0x325>
  635b3a:	e8 b1 94 fd ff       	call   60eff0 <<u8 as <[_]>::to_vec_in::ConvertVec>::to_vec::<alloc::alloc::Global>>
  635b3f:	48 8b 84 24 10 02 00 	mov    0x210(%rsp),%rax
  635b46:	00 
  635b47:	48 89 44 24 70       	mov    %rax,0x70(%rsp)
  635b4c:	0f 10 84 24 00 02 00 	movups 0x200(%rsp),%xmm0
  635b53:	00 
  635b54:	0f 29 44 24 60       	movaps %xmm0,0x60(%rsp)
  635b59:	48 8d bc 24 00 02 00 	lea    0x200(%rsp),%rdi
  635b60:	00 
  635b61:	48 8d b4 24 40 06 00 	lea    0x640(%rsp),%rsi
  635b68:	00 
  635b69:	e8 92 be d1 ff       	call   351a00 <<serde_json::value::ser::Serializer as serde_core::ser::Serializer>::collect_seq::<&alloc::vec::Vec<serde_json::value::Value>>>
  635b6e:	80 bc 24 00 02 00 00 	cmpb   $0x6,0x200(%rsp)
  635b75:	06 
  635b76:	0f 84 e3 15 00 00    	je     63715f <fe2o3_kfd::engineering_gfx950::peer::combined_mlp_state_v1::tests::native::paired::interleaved::interleaved_exercise+0x53af>
  635b7c:	0f 10 84 24 00 02 00 	movups 0x200(%rsp),%xmm0
  635b83:	00 
  635b84:	0f 10 8c 24 10 02 00 	movups 0x210(%rsp),%xmm1
  635b8b:	00 
  635b8c:	0f 29 4c 24 20       	movaps %xmm1,0x20(%rsp)
  635b91:	0f 29 44 24 10       	movaps %xmm0,0x10(%rsp)
  635b96:	48 8d bc 24 00 02 00 	lea    0x200(%rsp),%rdi
  635b9d:	00 
  635b9e:	48 8d b4 24 c0 00 00 	lea    0xc0(%rsp),%rsi
  635ba5:	00 
  635ba6:	48 8d 54 24 60       	lea    0x60(%rsp),%rdx
  635bab:	48 8d 4c 24 10       	lea    0x10(%rsp),%rcx
  635bb0:	e8 eb 39 f0 ff       	call   5395a0 <<alloc::collections::btree::map::BTreeMap<alloc::string::String, serde_json::value::Value>>::insert>
  635bb5:	80 bc 24 00 02 00 00 	cmpb   $0x6,0x200(%rsp)
  635bbc:	06 
  635bbd:	74 0d                	je     635bcc <fe2o3_kfd::engineering_gfx950::peer::combined_mlp_state_v1::tests::native::paired::interleaved::interleaved_exercise+0x3e1c>
  635bbf:	48 8d bc 24 00 02 00 	lea    0x200(%rsp),%rdi
  635bc6:	00 
  635bc7:	e8 84 2f fd ff       	call   608b50 <core::ptr::drop_in_place::<serde_json::value::Value>>
  635bcc:	ba 11 00 00 00       	mov    $0x11,%edx
  635bd1:	48 8d bc 24 00 02 00 	lea    0x200(%rsp),%rdi
  635bd8:	00 
  635bd9:	48 8d 35 a6 33 bb ff 	lea    -0x44cc5a(%rip),%rsi        # 1e8f86 <anon.d17fe627e5d324ea66c61125bb898512.645.llvm.4602735538015308864+0x300>
  635be0:	e8 0b 94 fd ff       	call   60eff0 <<u8 as <[_]>::to_vec_in::ConvertVec>::to_vec::<alloc::alloc::Global>>
  635be5:	48 8b 84 24 10 02 00 	mov    0x210(%rsp),%rax
  635bec:	00 
  635bed:	48 89 44 24 70       	mov    %rax,0x70(%rsp)
  635bf2:	0f 10 84 24 00 02 00 	movups 0x200(%rsp),%xmm0
  635bf9:	00 
  635bfa:	0f 29 44 24 60       	movaps %xmm0,0x60(%rsp)
  635bff:	48 8d 84 24 a0 00 00 	lea    0xa0(%rsp),%rax
  635c06:	00 
  635c07:	48 89 44 24 10       	mov    %rax,0x10(%rsp)
  635c0c:	48 8d bc 24 00 02 00 	lea    0x200(%rsp),%rdi
  635c13:	00 
  635c14:	48 8d 74 24 10       	lea    0x10(%rsp),%rsi
  635c19:	e8 12 9f 01 00       	call   64fb30 <<&serde_json::value::Value as serde_core::ser::Serialize>::serialize::<serde_json::value::ser::Serializer>>
  635c1e:	80 bc 24 00 02 00 00 	cmpb   $0x6,0x200(%rsp)
  635c25:	06 
  635c26:	0f 84 6a 15 00 00    	je     637196 <fe2o3_kfd::engineering_gfx950::peer::combined_mlp_state_v1::tests::native::paired::interleaved::interleaved_exercise+0x53e6>
  635c2c:	0f 10 84 24 00 02 00 	movups 0x200(%rsp),%xmm0
  635c33:	00 
  635c34:	0f 10 8c 24 10 02 00 	movups 0x210(%rsp),%xmm1
  635c3b:	00 
  635c3c:	0f 29 4c 24 20       	movaps %xmm1,0x20(%rsp)
  635c41:	0f 29 44 24 10       	movaps %xmm0,0x10(%rsp)
  635c46:	48 8d bc 24 00 02 00 	lea    0x200(%rsp),%rdi
  635c4d:	00 
  635c4e:	48 8d b4 24 c0 00 00 	lea    0xc0(%rsp),%rsi
  635c55:	00 
  635c56:	48 8d 54 24 60       	lea    0x60(%rsp),%rdx
  635c5b:	48 8d 4c 24 10       	lea    0x10(%rsp),%rcx
  635c60:	e8 3b 39 f0 ff       	call   5395a0 <<alloc::collections::btree::map::BTreeMap<alloc::string::String, serde_json::value::Value>>::insert>
  635c65:	80 bc 24 00 02 00 00 	cmpb   $0x6,0x200(%rsp)
  635c6c:	06 
  635c6d:	74 0d                	je     635c7c <fe2o3_kfd::engineering_gfx950::peer::combined_mlp_state_v1::tests::native::paired::interleaved::interleaved_exercise+0x3ecc>
  635c6f:	48 8d bc 24 00 02 00 	lea    0x200(%rsp),%rdi
  635c76:	00 
  635c77:	e8 d4 2e fd ff       	call   608b50 <core::ptr::drop_in_place::<serde_json::value::Value>>
  635c7c:	ba 06 00 00 00       	mov    $0x6,%edx
  635c81:	48 8d bc 24 00 02 00 	lea    0x200(%rsp),%rdi
  635c88:	00 
  635c89:	48 8d 35 9b 31 bb ff 	lea    -0x44ce65(%rip),%rsi        # 1e8e2b <anon.d17fe627e5d324ea66c61125bb898512.645.llvm.4602735538015308864+0x1a5>
  635c90:	e8 5b 93 fd ff       	call   60eff0 <<u8 as <[_]>::to_vec_in::ConvertVec>::to_vec::<alloc::alloc::Global>>
  635c95:	48 8b 84 24 10 02 00 	mov    0x210(%rsp),%rax
  635c9c:	00 
  635c9d:	48 89 44 24 70       	mov    %rax,0x70(%rsp)
  635ca2:	0f 10 84 24 00 02 00 	movups 0x200(%rsp),%xmm0
  635ca9:	00 
  635caa:	0f 29 44 24 60       	movaps %xmm0,0x60(%rsp)
  635caf:	48 8d 84 24 80 00 00 	lea    0x80(%rsp),%rax
  635cb6:	00 
  635cb7:	48 89 44 24 10       	mov    %rax,0x10(%rsp)
  635cbc:	48 8d bc 24 00 02 00 	lea    0x200(%rsp),%rdi
  635cc3:	00 
  635cc4:	48 8d 74 24 10       	lea    0x10(%rsp),%rsi
  635cc9:	e8 62 9e 01 00       	call   64fb30 <<&serde_json::value::Value as serde_core::ser::Serialize>::serialize::<serde_json::value::ser::Serializer>>
  635cce:	80 bc 24 00 02 00 00 	cmpb   $0x6,0x200(%rsp)
  635cd5:	06 
  635cd6:	0f 84 f1 14 00 00    	je     6371cd <fe2o3_kfd::engineering_gfx950::peer::combined_mlp_state_v1::tests::native::paired::interleaved::interleaved_exercise+0x541d>
  635cdc:	0f 10 84 24 00 02 00 	movups 0x200(%rsp),%xmm0
  635ce3:	00 
  635ce4:	0f 10 8c 24 10 02 00 	movups 0x210(%rsp),%xmm1
  635ceb:	00 
  635cec:	0f 29 4c 24 20       	movaps %xmm1,0x20(%rsp)
  635cf1:	0f 29 44 24 10       	movaps %xmm0,0x10(%rsp)
  635cf6:	48 8d bc 24 00 02 00 	lea    0x200(%rsp),%rdi
  635cfd:	00 
  635cfe:	48 8d b4 24 c0 00 00 	lea    0xc0(%rsp),%rsi
  635d05:	00 
  635d06:	48 8d 54 24 60       	lea    0x60(%rsp),%rdx
  635d0b:	48 8d 4c 24 10       	lea    0x10(%rsp),%rcx
  635d10:	e8 8b 38 f0 ff       	call   5395a0 <<alloc::collections::btree::map::BTreeMap<alloc::string::String, serde_json::value::Value>>::insert>
  635d15:	80 bc 24 00 02 00 00 	cmpb   $0x6,0x200(%rsp)
  635d1c:	06 
  635d1d:	74 0d                	je     635d2c <fe2o3_kfd::engineering_gfx950::peer::combined_mlp_state_v1::tests::native::paired::interleaved::interleaved_exercise+0x3f7c>
  635d1f:	48 8d bc 24 00 02 00 	lea    0x200(%rsp),%rdi
  635d26:	00 
  635d27:	e8 24 2e fd ff       	call   608b50 <core::ptr::drop_in_place::<serde_json::value::Value>>
  635d2c:	ba 18 00 00 00       	mov    $0x18,%edx
  635d31:	48 8d bc 24 00 02 00 	lea    0x200(%rsp),%rdi
  635d38:	00 
  635d39:	48 8d 35 88 2b bb ff 	lea    -0x44d478(%rip),%rsi        # 1e88c8 <anon.d17fe627e5d324ea66c61125bb898512.532.llvm.4602735538015308864+0x3c0>
  635d40:	e8 ab 92 fd ff       	call   60eff0 <<u8 as <[_]>::to_vec_in::ConvertVec>::to_vec::<alloc::alloc::Global>>
  635d45:	48 8b 84 24 10 02 00 	mov    0x210(%rsp),%rax
  635d4c:	00 
  635d4d:	48 89 44 24 70       	mov    %rax,0x70(%rsp)
  635d52:	0f 10 84 24 00 02 00 	movups 0x200(%rsp),%xmm0
  635d59:	00 
  635d5a:	0f 29 44 24 60       	movaps %xmm0,0x60(%rsp)
  635d5f:	48 8d bc 24 00 02 00 	lea    0x200(%rsp),%rdi
  635d66:	00 
  635d67:	48 8d b4 24 b0 1b 00 	lea    0x1bb0(%rsp),%rsi
  635d6e:	00 
  635d6f:	e8 dc c7 00 00       	call   642550 <serde_json::value::to_value::<&[(u64, u64); 2]>>
  635d74:	80 bc 24 00 02 00 00 	cmpb   $0x6,0x200(%rsp)
  635d7b:	06 
  635d7c:	0f 84 82 14 00 00    	je     637204 <fe2o3_kfd::engineering_gfx950::peer::combined_mlp_state_v1::tests::native::paired::interleaved::interleaved_exercise+0x5454>
  635d82:	0f 10 84 24 00 02 00 	movups 0x200(%rsp),%xmm0
  635d89:	00 
  635d8a:	0f 10 8c 24 10 02 00 	movups 0x210(%rsp),%xmm1
  635d91:	00 
  635d92:	0f 29 4c 24 20       	movaps %xmm1,0x20(%rsp)
  635d97:	0f 29 44 24 10       	movaps %xmm0,0x10(%rsp)
  635d9c:	48 8d bc 24 00 02 00 	lea    0x200(%rsp),%rdi
  635da3:	00 
  635da4:	48 8d b4 24 c0 00 00 	lea    0xc0(%rsp),%rsi
  635dab:	00 
  635dac:	48 8d 54 24 60       	lea    0x60(%rsp),%rdx
  635db1:	48 8d 4c 24 10       	lea    0x10(%rsp),%rcx
  635db6:	e8 e5 37 f0 ff       	call   5395a0 <<alloc::collections::btree::map::BTreeMap<alloc::string::String, serde_json::value::Value>>::insert>
  635dbb:	80 bc 24 00 02 00 00 	cmpb   $0x6,0x200(%rsp)
  635dc2:	06 
  635dc3:	74 0d                	je     635dd2 <fe2o3_kfd::engineering_gfx950::peer::combined_mlp_state_v1::tests::native::paired::interleaved::interleaved_exercise+0x4022>
  635dc5:	48 8d bc 24 00 02 00 	lea    0x200(%rsp),%rdi
  635dcc:	00 
  635dcd:	e8 7e 2d fd ff       	call   608b50 <core::ptr::drop_in_place::<serde_json::value::Value>>
  635dd2:	ba 0f 00 00 00       	mov    $0xf,%edx
  635dd7:	48 8d bc 24 00 02 00 	lea    0x200(%rsp),%rdi
  635dde:	00 
  635ddf:	48 8d 35 fa 2a bb ff 	lea    -0x44d506(%rip),%rsi        # 1e88e0 <anon.d17fe627e5d324ea66c61125bb898512.532.llvm.4602735538015308864+0x3d8>
  635de6:	e8 05 92 fd ff       	call   60eff0 <<u8 as <[_]>::to_vec_in::ConvertVec>::to_vec::<alloc::alloc::Global>>
  635deb:	48 8b 84 24 10 02 00 	mov    0x210(%rsp),%rax
  635df2:	00 
  635df3:	48 89 44 24 70       	mov    %rax,0x70(%rsp)
  635df8:	0f 10 84 24 00 02 00 	movups 0x200(%rsp),%xmm0
  635dff:	00 
  635e00:	0f 29 44 24 60       	movaps %xmm0,0x60(%rsp)
  635e05:	48 8b 84 24 d0 1b 00 	mov    0x1bd0(%rsp),%rax
  635e0c:	00 
  635e0d:	c6 84 24 00 02 00 00 	movb   $0x2,0x200(%rsp)
  635e14:	02 
  635e15:	48 c7 84 24 08 02 00 	movq   $0x0,0x208(%rsp)
  635e1c:	00 00 00 00 00 
  635e21:	48 89 84 24 10 02 00 	mov    %rax,0x210(%rsp)
  635e28:	00 
  635e29:	48 8d 7c 24 10       	lea    0x10(%rsp),%rdi
  635e2e:	48 8d b4 24 c0 00 00 	lea    0xc0(%rsp),%rsi
  635e35:	00 
  635e36:	48 8d 54 24 60       	lea    0x60(%rsp),%rdx
  635e3b:	48 8d 8c 24 00 02 00 	lea    0x200(%rsp),%rcx
  635e42:	00 
  635e43:	e8 58 37 f0 ff       	call   5395a0 <<alloc::collections::btree::map::BTreeMap<alloc::string::String, serde_json::value::Value>>::insert>
  635e48:	80 7c 24 10 06       	cmpb   $0x6,0x10(%rsp)
  635e4d:	74 0a                	je     635e59 <fe2o3_kfd::engineering_gfx950::peer::combined_mlp_state_v1::tests::native::paired::interleaved::interleaved_exercise+0x40a9>
  635e4f:	48 8d 7c 24 10       	lea    0x10(%rsp),%rdi
  635e54:	e8 f7 2c fd ff       	call   608b50 <core::ptr::drop_in_place::<serde_json::value::Value>>
  635e59:	48 8b 84 24 d0 00 00 	mov    0xd0(%rsp),%rax
  635e60:	00 
  635e61:	48 8d 4c 24 31       	lea    0x31(%rsp),%rcx
  635e66:	48 89 41 17          	mov    %rax,0x17(%rcx)
  635e6a:	0f 10 84 24 c0 00 00 	movups 0xc0(%rsp),%xmm0
  635e71:	00 
  635e72:	0f 11 41 07          	movups %xmm0,0x7(%rcx)
  635e76:	c6 44 24 30 05       	movb   $0x5,0x30(%rsp)
  635e7b:	48 8d bc 24 08 06 00 	lea    0x608(%rsp),%rdi
  635e82:	00 
  635e83:	48 8d 74 24 30       	lea    0x30(%rsp),%rsi
  635e88:	e8 83 30 fe ff       	call   618f10 <<alloc::vec::Vec<serde_json::value::Value>>::push_mut>
  635e8d:	48 8d bc 24 80 00 00 	lea    0x80(%rsp),%rdi
  635e94:	00 
  635e95:	e8 b6 2c fd ff       	call   608b50 <core::ptr::drop_in_place::<serde_json::value::Value>>
  635e9a:	48 8d bc 24 a0 00 00 	lea    0xa0(%rsp),%rdi
  635ea1:	00 
  635ea2:	e8 a9 2c fd ff       	call   608b50 <core::ptr::drop_in_place::<serde_json::value::Value>>
  635ea7:	48 8d bc 24 40 06 00 	lea    0x640(%rsp),%rdi
  635eae:	00 
  635eaf:	e8 5c 0e fd ff       	call   606d10 <core::ptr::drop_in_place::<alloc::vec::Vec<serde_json::value::Value>>>
  635eb4:	ba 01 00 00 00       	mov    $0x1,%edx
  635eb9:	f6 84 24 84 01 00 00 	testb  $0x1,0x184(%rsp)
  635ec0:	01 
  635ec1:	c7 84 24 84 01 00 00 	movl   $0x0,0x184(%rsp)
  635ec8:	00 00 00 00 
  635ecc:	0f 85 3f e3 ff ff    	jne    634211 <fe2o3_kfd::engineering_gfx950::peer::combined_mlp_state_v1::tests::native::paired::interleaved::interleaved_exercise+0x2461>
  635ed2:	48 83 bc 24 08 01 00 	cmpq   $0x4,0x108(%rsp)
  635ed9:	00 04 
  635edb:	0f 85 ec dc ff ff    	jne    633bcd <fe2o3_kfd::engineering_gfx950::peer::combined_mlp_state_v1::tests::native::paired::interleaved::interleaved_exercise+0x1e1d>
  635ee1:	48 c7 44 24 30 00 00 	movq   $0x0,0x30(%rsp)
  635ee8:	00 00 
  635eea:	48 c7 44 24 40 00 00 	movq   $0x0,0x40(%rsp)
  635ef1:	00 00 
  635ef3:	48 8d 35 d0 2f bb ff 	lea    -0x44d030(%rip),%rsi        # 1e8eca <anon.d17fe627e5d324ea66c61125bb898512.645.llvm.4602735538015308864+0x244>
  635efa:	48 8d bc 24 70 0a 00 	lea    0xa70(%rsp),%rdi
  635f01:	00 
  635f02:	ba 07 00 00 00       	mov    $0x7,%edx
  635f07:	e8 e4 90 fd ff       	call   60eff0 <<u8 as <[_]>::to_vec_in::ConvertVec>::to_vec::<alloc::alloc::Global>>
  635f0c:	48 8b 84 24 80 0a 00 	mov    0xa80(%rsp),%rax
  635f13:	00 
  635f14:	48 89 44 24 20       	mov    %rax,0x20(%rsp)
  635f19:	0f 10 84 24 70 0a 00 	movups 0xa70(%rsp),%xmm0
  635f20:	00 
  635f21:	0f 29 44 24 10       	movaps %xmm0,0x10(%rsp)
  635f26:	48 8d 84 24 f0 06 00 	lea    0x6f0(%rsp),%rax
  635f2d:	00 
  635f2e:	48 89 84 24 00 02 00 	mov    %rax,0x200(%rsp)
  635f35:	00 
  635f36:	48 8d bc 24 70 0a 00 	lea    0xa70(%rsp),%rdi
  635f3d:	00 
  635f3e:	48 8d b4 24 00 02 00 	lea    0x200(%rsp),%rsi
  635f45:	00 
  635f46:	e8 e5 9b 01 00       	call   64fb30 <<&serde_json::value::Value as serde_core::ser::Serialize>::serialize::<serde_json::value::ser::Serializer>>
  635f4b:	80 bc 24 70 0a 00 00 	cmpb   $0x6,0xa70(%rsp)
  635f52:	06 
  635f53:	0f 84 e2 12 00 00    	je     63723b <fe2o3_kfd::engineering_gfx950::peer::combined_mlp_state_v1::tests::native::paired::interleaved::interleaved_exercise+0x548b>
  635f59:	0f 10 84 24 70 0a 00 	movups 0xa70(%rsp),%xmm0
  635f60:	00 
  635f61:	0f 10 8c 24 80 0a 00 	movups 0xa80(%rsp),%xmm1
  635f68:	00 
  635f69:	0f 29 8c 24 10 02 00 	movaps %xmm1,0x210(%rsp)
  635f70:	00 
  635f71:	0f 29 84 24 00 02 00 	movaps %xmm0,0x200(%rsp)
  635f78:	00 
  635f79:	48 8d bc 24 70 0a 00 	lea    0xa70(%rsp),%rdi
  635f80:	00 
  635f81:	48 8d 74 24 30       	lea    0x30(%rsp),%rsi
  635f86:	48 8d 54 24 10       	lea    0x10(%rsp),%rdx
  635f8b:	48 8d 8c 24 00 02 00 	lea    0x200(%rsp),%rcx
  635f92:	00 
  635f93:	e8 08 36 f0 ff       	call   5395a0 <<alloc::collections::btree::map::BTreeMap<alloc::string::String, serde_json::value::Value>>::insert>
  635f98:	80 bc 24 70 0a 00 00 	cmpb   $0x6,0xa70(%rsp)
  635f9f:	06 
  635fa0:	74 0d                	je     635faf <fe2o3_kfd::engineering_gfx950::peer::combined_mlp_state_v1::tests::native::paired::interleaved::interleaved_exercise+0x41ff>
  635fa2:	48 8d bc 24 70 0a 00 	lea    0xa70(%rsp),%rdi
  635fa9:	00 
  635faa:	e8 a1 2b fd ff       	call   608b50 <core::ptr::drop_in_place::<serde_json::value::Value>>
  635faf:	48 8d 35 1b 2f bb ff 	lea    -0x44d0e5(%rip),%rsi        # 1e8ed1 <anon.d17fe627e5d324ea66c61125bb898512.645.llvm.4602735538015308864+0x24b>
  635fb6:	48 8d bc 24 70 0a 00 	lea    0xa70(%rsp),%rdi
  635fbd:	00 
  635fbe:	ba 06 00 00 00       	mov    $0x6,%edx
  635fc3:	e8 28 90 fd ff       	call   60eff0 <<u8 as <[_]>::to_vec_in::ConvertVec>::to_vec::<alloc::alloc::Global>>
  635fc8:	48 8b 84 24 80 0a 00 	mov    0xa80(%rsp),%rax
  635fcf:	00 
  635fd0:	48 89 44 24 20       	mov    %rax,0x20(%rsp)
  635fd5:	0f 10 84 24 70 0a 00 	movups 0xa70(%rsp),%xmm0
  635fdc:	00 
  635fdd:	0f 29 44 24 10       	movaps %xmm0,0x10(%rsp)
  635fe2:	48 8d bc 24 70 0a 00 	lea    0xa70(%rsp),%rdi
  635fe9:	00 
  635fea:	48 8d b4 24 08 06 00 	lea    0x608(%rsp),%rsi
  635ff1:	00 
  635ff2:	e8 09 ba d1 ff       	call   351a00 <<serde_json::value::ser::Serializer as serde_core::ser::Serializer>::collect_seq::<&alloc::vec::Vec<serde_json::value::Value>>>
  635ff7:	80 bc 24 70 0a 00 00 	cmpb   $0x6,0xa70(%rsp)
  635ffe:	06 
  635fff:	0f 84 70 12 00 00    	je     637275 <fe2o3_kfd::engineering_gfx950::peer::combined_mlp_state_v1::tests::native::paired::interleaved::interleaved_exercise+0x54c5>
  636005:	0f 10 84 24 70 0a 00 	movups 0xa70(%rsp),%xmm0
  63600c:	00 
  63600d:	0f 10 8c 24 80 0a 00 	movups 0xa80(%rsp),%xmm1
  636014:	00 
  636015:	0f 29 8c 24 10 02 00 	movaps %xmm1,0x210(%rsp)
  63601c:	00 
  63601d:	0f 29 84 24 00 02 00 	movaps %xmm0,0x200(%rsp)
  636024:	00 
  636025:	48 8d bc 24 70 0a 00 	lea    0xa70(%rsp),%rdi
  63602c:	00 
  63602d:	48 8d 74 24 30       	lea    0x30(%rsp),%rsi
  636032:	48 8d 54 24 10       	lea    0x10(%rsp),%rdx
  636037:	48 8d 8c 24 00 02 00 	lea    0x200(%rsp),%rcx
  63603e:	00 
  63603f:	e8 5c 35 f0 ff       	call   5395a0 <<alloc::collections::btree::map::BTreeMap<alloc::string::String, serde_json::value::Value>>::insert>
  636044:	80 bc 24 70 0a 00 00 	cmpb   $0x6,0xa70(%rsp)
  63604b:	06 
  63604c:	74 0d                	je     63605b <fe2o3_kfd::engineering_gfx950::peer::combined_mlp_state_v1::tests::native::paired::interleaved::interleaved_exercise+0x42ab>
  63604e:	48 8d bc 24 70 0a 00 	lea    0xa70(%rsp),%rdi
  636055:	00 
  636056:	e8 f5 2a fd ff       	call   608b50 <core::ptr::drop_in_place::<serde_json::value::Value>>
  63605b:	48 8d 35 dc 27 bb ff 	lea    -0x44d824(%rip),%rsi        # 1e883e <anon.d17fe627e5d324ea66c61125bb898512.532.llvm.4602735538015308864+0x336>
  636062:	48 8d bc 24 70 0a 00 	lea    0xa70(%rsp),%rdi
  636069:	00 
  63606a:	ba 11 00 00 00       	mov    $0x11,%edx
  63606f:	e8 7c 8f fd ff       	call   60eff0 <<u8 as <[_]>::to_vec_in::ConvertVec>::to_vec::<alloc::alloc::Global>>
  636074:	48 8b 84 24 80 0a 00 	mov    0xa80(%rsp),%rax
  63607b:	00 
  63607c:	48 89 44 24 20       	mov    %rax,0x20(%rsp)
  636081:	0f 10 84 24 70 0a 00 	movups 0xa70(%rsp),%xmm0
  636088:	00 
  636089:	0f 29 44 24 10       	movaps %xmm0,0x10(%rsp)
  63608e:	c6 84 24 70 0a 00 00 	movb   $0x2,0xa70(%rsp)
  636095:	02 
  636096:	48 c7 84 24 78 0a 00 	movq   $0x0,0xa78(%rsp)
  63609d:	00 00 00 00 00 
  6360a2:	48 c7 84 24 80 0a 00 	movq   $0x40,0xa80(%rsp)
  6360a9:	00 40 00 00 00 
  6360ae:	48 8d bc 24 00 02 00 	lea    0x200(%rsp),%rdi
  6360b5:	00 
  6360b6:	48 8d 74 24 30       	lea    0x30(%rsp),%rsi
  6360bb:	48 8d 54 24 10       	lea    0x10(%rsp),%rdx
  6360c0:	48 8d 8c 24 70 0a 00 	lea    0xa70(%rsp),%rcx
  6360c7:	00 
  6360c8:	e8 d3 34 f0 ff       	call   5395a0 <<alloc::collections::btree::map::BTreeMap<alloc::string::String, serde_json::value::Value>>::insert>
  6360cd:	80 bc 24 00 02 00 00 	cmpb   $0x6,0x200(%rsp)
  6360d4:	06 
  6360d5:	74 0d                	je     6360e4 <fe2o3_kfd::engineering_gfx950::peer::combined_mlp_state_v1::tests::native::paired::interleaved::interleaved_exercise+0x4334>
  6360d7:	48 8d bc 24 00 02 00 	lea    0x200(%rsp),%rdi
  6360de:	00 
  6360df:	e8 6c 2a fd ff       	call   608b50 <core::ptr::drop_in_place::<serde_json::value::Value>>
  6360e4:	48 8d 35 64 27 bb ff 	lea    -0x44d89c(%rip),%rsi        # 1e884f <anon.d17fe627e5d324ea66c61125bb898512.532.llvm.4602735538015308864+0x347>
  6360eb:	48 8d bc 24 70 0a 00 	lea    0xa70(%rsp),%rdi
  6360f2:	00 
  6360f3:	ba 0f 00 00 00       	mov    $0xf,%edx
  6360f8:	e8 f3 8e fd ff       	call   60eff0 <<u8 as <[_]>::to_vec_in::ConvertVec>::to_vec::<alloc::alloc::Global>>
  6360fd:	48 8b 84 24 80 0a 00 	mov    0xa80(%rsp),%rax
  636104:	00 
  636105:	48 89 44 24 20       	mov    %rax,0x20(%rsp)
  63610a:	0f 10 84 24 70 0a 00 	movups 0xa70(%rsp),%xmm0
  636111:	00 
  636112:	0f 29 44 24 10       	movaps %xmm0,0x10(%rsp)
  636117:	c6 84 24 70 0a 00 00 	movb   $0x2,0xa70(%rsp)
  63611e:	02 
  63611f:	48 c7 84 24 78 0a 00 	movq   $0x0,0xa78(%rsp)
  636126:	00 00 00 00 00 
  63612b:	48 c7 84 24 80 0a 00 	movq   $0x10,0xa80(%rsp)
  636132:	00 10 00 00 00 
  636137:	48 8d bc 24 00 02 00 	lea    0x200(%rsp),%rdi
  63613e:	00 
  63613f:	48 8d 74 24 30       	lea    0x30(%rsp),%rsi
  636144:	48 8d 54 24 10       	lea    0x10(%rsp),%rdx
  636149:	48 8d 8c 24 70 0a 00 	lea    0xa70(%rsp),%rcx
  636150:	00 
  636151:	e8 4a 34 f0 ff       	call   5395a0 <<alloc::collections::btree::map::BTreeMap<alloc::string::String, serde_json::value::Value>>::insert>
  636156:	80 bc 24 00 02 00 00 	cmpb   $0x6,0x200(%rsp)
  63615d:	06 
  63615e:	74 0d                	je     63616d <fe2o3_kfd::engineering_gfx950::peer::combined_mlp_state_v1::tests::native::paired::interleaved::interleaved_exercise+0x43bd>
  636160:	48 8d bc 24 00 02 00 	lea    0x200(%rsp),%rdi
  636167:	00 
  636168:	e8 e3 29 fd ff       	call   608b50 <core::ptr::drop_in_place::<serde_json::value::Value>>
  63616d:	48 8d 35 ea 26 bb ff 	lea    -0x44d916(%rip),%rsi        # 1e885e <anon.d17fe627e5d324ea66c61125bb898512.532.llvm.4602735538015308864+0x356>
  636174:	48 8d bc 24 70 0a 00 	lea    0xa70(%rsp),%rdi
  63617b:	00 
  63617c:	ba 12 00 00 00       	mov    $0x12,%edx
  636181:	e8 6a 8e fd ff       	call   60eff0 <<u8 as <[_]>::to_vec_in::ConvertVec>::to_vec::<alloc::alloc::Global>>
  636186:	48 8b 84 24 80 0a 00 	mov    0xa80(%rsp),%rax
  63618d:	00 
  63618e:	48 89 44 24 20       	mov    %rax,0x20(%rsp)
  636193:	0f 10 84 24 70 0a 00 	movups 0xa70(%rsp),%xmm0
  63619a:	00 
  63619b:	0f 29 44 24 10       	movaps %xmm0,0x10(%rsp)
  6361a0:	c6 84 24 70 0a 00 00 	movb   $0x2,0xa70(%rsp)
  6361a7:	02 
  6361a8:	48 c7 84 24 78 0a 00 	movq   $0x0,0xa78(%rsp)
  6361af:	00 00 00 00 00 
  6361b4:	48 c7 84 24 80 0a 00 	movq   $0x50,0xa80(%rsp)
  6361bb:	00 50 00 00 00 
  6361c0:	48 8d bc 24 00 02 00 	lea    0x200(%rsp),%rdi
  6361c7:	00 
  6361c8:	48 8d 74 24 30       	lea    0x30(%rsp),%rsi
  6361cd:	48 8d 54 24 10       	lea    0x10(%rsp),%rdx
  6361d2:	48 8d 8c 24 70 0a 00 	lea    0xa70(%rsp),%rcx
  6361d9:	00 
  6361da:	e8 c1 33 f0 ff       	call   5395a0 <<alloc::collections::btree::map::BTreeMap<alloc::string::String, serde_json::value::Value>>::insert>
  6361df:	80 bc 24 00 02 00 00 	cmpb   $0x6,0x200(%rsp)
  6361e6:	06 
  6361e7:	74 0d                	je     6361f6 <fe2o3_kfd::engineering_gfx950::peer::combined_mlp_state_v1::tests::native::paired::interleaved::interleaved_exercise+0x4446>
  6361e9:	48 8d bc 24 00 02 00 	lea    0x200(%rsp),%rdi
  6361f0:	00 
  6361f1:	e8 5a 29 fd ff       	call   608b50 <core::ptr::drop_in_place::<serde_json::value::Value>>
  6361f6:	48 8d 35 73 26 bb ff 	lea    -0x44d98d(%rip),%rsi        # 1e8870 <anon.d17fe627e5d324ea66c61125bb898512.532.llvm.4602735538015308864+0x368>
  6361fd:	48 8d bc 24 70 0a 00 	lea    0xa70(%rsp),%rdi
  636204:	00 
  636205:	ba 19 00 00 00       	mov    $0x19,%edx
  63620a:	e8 e1 8d fd ff       	call   60eff0 <<u8 as <[_]>::to_vec_in::ConvertVec>::to_vec::<alloc::alloc::Global>>
  63620f:	48 8b 84 24 80 0a 00 	mov    0xa80(%rsp),%rax
  636216:	00 
  636217:	48 89 44 24 20       	mov    %rax,0x20(%rsp)
  63621c:	0f 10 84 24 70 0a 00 	movups 0xa70(%rsp),%xmm0
  636223:	00 
  636224:	0f 29 44 24 10       	movaps %xmm0,0x10(%rsp)
  636229:	66 c7 84 24 e0 01 00 	movw   $0x101,0x1e0(%rsp)
  636230:	00 01 01 
  636233:	0f 10 84 24 f0 01 00 	movups 0x1f0(%rsp),%xmm0
  63623a:	00 
  63623b:	0f 29 84 24 80 0a 00 	movaps %xmm0,0xa80(%rsp)
  636242:	00 
  636243:	0f b7 84 24 e0 01 00 	movzwl 0x1e0(%rsp),%eax
  63624a:	00 
  63624b:	66 89 84 24 70 0a 00 	mov    %ax,0xa70(%rsp)
  636252:	00 
  636253:	48 8b 84 24 e2 01 00 	mov    0x1e2(%rsp),%rax
  63625a:	00 
  63625b:	48 89 84 24 72 0a 00 	mov    %rax,0xa72(%rsp)
  636262:	00 
  636263:	8b 84 24 ea 01 00 00 	mov    0x1ea(%rsp),%eax
  63626a:	89 84 24 7a 0a 00 00 	mov    %eax,0xa7a(%rsp)
  636271:	0f b7 84 24 ee 01 00 	movzwl 0x1ee(%rsp),%eax
  636278:	00 
  636279:	66 89 84 24 7e 0a 00 	mov    %ax,0xa7e(%rsp)
  636280:	00 
  636281:	48 8d bc 24 00 02 00 	lea    0x200(%rsp),%rdi
  636288:	00 
  636289:	48 8d 74 24 30       	lea    0x30(%rsp),%rsi
  63628e:	48 8d 54 24 10       	lea    0x10(%rsp),%rdx
  636293:	48 8d 8c 24 70 0a 00 	lea    0xa70(%rsp),%rcx
  63629a:	00 
  63629b:	e8 00 33 f0 ff       	call   5395a0 <<alloc::collections::btree::map::BTreeMap<alloc::string::String, serde_json::value::Value>>::insert>
  6362a0:	80 bc 24 00 02 00 00 	cmpb   $0x6,0x200(%rsp)
  6362a7:	06 
  6362a8:	74 0d                	je     6362b7 <fe2o3_kfd::engineering_gfx950::peer::combined_mlp_state_v1::tests::native::paired::interleaved::interleaved_exercise+0x4507>
  6362aa:	48 8d bc 24 00 02 00 	lea    0x200(%rsp),%rdi
  6362b1:	00 
  6362b2:	e8 99 28 fd ff       	call   608b50 <core::ptr::drop_in_place::<serde_json::value::Value>>
  6362b7:	48 8d 35 cb 25 bb ff 	lea    -0x44da35(%rip),%rsi        # 1e8889 <anon.d17fe627e5d324ea66c61125bb898512.532.llvm.4602735538015308864+0x381>
  6362be:	48 8d bc 24 70 0a 00 	lea    0xa70(%rsp),%rdi
  6362c5:	00 
  6362c6:	ba 16 00 00 00       	mov    $0x16,%edx
  6362cb:	e8 20 8d fd ff       	call   60eff0 <<u8 as <[_]>::to_vec_in::ConvertVec>::to_vec::<alloc::alloc::Global>>
  6362d0:	48 8b 84 24 80 0a 00 	mov    0xa80(%rsp),%rax
  6362d7:	00 
  6362d8:	48 89 44 24 20       	mov    %rax,0x20(%rsp)
  6362dd:	0f 10 84 24 70 0a 00 	movups 0xa70(%rsp),%xmm0
  6362e4:	00 
  6362e5:	0f 29 44 24 10       	movaps %xmm0,0x10(%rsp)
  6362ea:	0f 10 84 24 e0 01 00 	movups 0x1e0(%rsp),%xmm0
  6362f1:	00 
  6362f2:	0f 10 8c 24 f0 01 00 	movups 0x1f0(%rsp),%xmm1
  6362f9:	00 
  6362fa:	0f 29 8c 24 80 0a 00 	movaps %xmm1,0xa80(%rsp)
  636301:	00 
  636302:	0f 29 84 24 70 0a 00 	movaps %xmm0,0xa70(%rsp)
  636309:	00 
  63630a:	48 8d bc 24 00 02 00 	lea    0x200(%rsp),%rdi
  636311:	00 
  636312:	48 8d 74 24 30       	lea    0x30(%rsp),%rsi
  636317:	48 8d 54 24 10       	lea    0x10(%rsp),%rdx
  63631c:	48 8d 8c 24 70 0a 00 	lea    0xa70(%rsp),%rcx
  636323:	00 
  636324:	e8 77 32 f0 ff       	call   5395a0 <<alloc::collections::btree::map::BTreeMap<alloc::string::String, serde_json::value::Value>>::insert>
  636329:	80 bc 24 00 02 00 00 	cmpb   $0x6,0x200(%rsp)
  636330:	06 
  636331:	74 0d                	je     636340 <fe2o3_kfd::engineering_gfx950::peer::combined_mlp_state_v1::tests::native::paired::interleaved::interleaved_exercise+0x4590>
  636333:	48 8d bc 24 00 02 00 	lea    0x200(%rsp),%rdi
  63633a:	00 
  63633b:	e8 10 28 fd ff       	call   608b50 <core::ptr::drop_in_place::<serde_json::value::Value>>
  636340:	48 8d 35 58 25 bb ff 	lea    -0x44daa8(%rip),%rsi        # 1e889f <anon.d17fe627e5d324ea66c61125bb898512.532.llvm.4602735538015308864+0x397>
  636347:	48 8d bc 24 70 0a 00 	lea    0xa70(%rsp),%rdi
  63634e:	00 
  63634f:	ba 0c 00 00 00       	mov    $0xc,%edx
  636354:	e8 97 8c fd ff       	call   60eff0 <<u8 as <[_]>::to_vec_in::ConvertVec>::to_vec::<alloc::alloc::Global>>
  636359:	48 8b 84 24 80 0a 00 	mov    0xa80(%rsp),%rax
  636360:	00 
  636361:	48 89 44 24 20       	mov    %rax,0x20(%rsp)
  636366:	0f 10 84 24 70 0a 00 	movups 0xa70(%rsp),%xmm0
  63636d:	00 
  63636e:	0f 29 44 24 10       	movaps %xmm0,0x10(%rsp)
  636373:	0f 10 84 24 e0 01 00 	movups 0x1e0(%rsp),%xmm0
  63637a:	00 
  63637b:	0f 10 8c 24 f0 01 00 	movups 0x1f0(%rsp),%xmm1
  636382:	00 
  636383:	0f 29 8c 24 80 0a 00 	movaps %xmm1,0xa80(%rsp)
  63638a:	00 
  63638b:	0f 29 84 24 70 0a 00 	movaps %xmm0,0xa70(%rsp)
  636392:	00 
  636393:	48 8d bc 24 00 02 00 	lea    0x200(%rsp),%rdi
  63639a:	00 
  63639b:	48 8d 74 24 30       	lea    0x30(%rsp),%rsi
  6363a0:	48 8d 54 24 10       	lea    0x10(%rsp),%rdx
  6363a5:	48 8d 8c 24 70 0a 00 	lea    0xa70(%rsp),%rcx
  6363ac:	00 
  6363ad:	e8 ee 31 f0 ff       	call   5395a0 <<alloc::collections::btree::map::BTreeMap<alloc::string::String, serde_json::value::Value>>::insert>
  6363b2:	80 bc 24 00 02 00 00 	cmpb   $0x6,0x200(%rsp)
  6363b9:	06 
  6363ba:	74 0d                	je     6363c9 <fe2o3_kfd::engineering_gfx950::peer::combined_mlp_state_v1::tests::native::paired::interleaved::interleaved_exercise+0x4619>
  6363bc:	48 8d bc 24 00 02 00 	lea    0x200(%rsp),%rdi
  6363c3:	00 
  6363c4:	e8 87 27 fd ff       	call   608b50 <core::ptr::drop_in_place::<serde_json::value::Value>>
  6363c9:	48 8d 35 07 2b bb ff 	lea    -0x44d4f9(%rip),%rsi        # 1e8ed7 <anon.d17fe627e5d324ea66c61125bb898512.645.llvm.4602735538015308864+0x251>
  6363d0:	48 8d bc 24 70 0a 00 	lea    0xa70(%rsp),%rdi
  6363d7:	00 
  6363d8:	ba 0d 00 00 00       	mov    $0xd,%edx
  6363dd:	e8 0e 8c fd ff       	call   60eff0 <<u8 as <[_]>::to_vec_in::ConvertVec>::to_vec::<alloc::alloc::Global>>
  6363e2:	48 8b 84 24 80 0a 00 	mov    0xa80(%rsp),%rax
  6363e9:	00 
  6363ea:	48 89 44 24 20       	mov    %rax,0x20(%rsp)
  6363ef:	0f 10 84 24 70 0a 00 	movups 0xa70(%rsp),%xmm0
  6363f6:	00 
  6363f7:	0f 29 44 24 10       	movaps %xmm0,0x10(%rsp)
  6363fc:	0f 10 84 24 e0 01 00 	movups 0x1e0(%rsp),%xmm0
  636403:	00 
  636404:	0f 10 8c 24 f0 01 00 	movups 0x1f0(%rsp),%xmm1
  63640b:	00 
  63640c:	0f 29 8c 24 80 0a 00 	movaps %xmm1,0xa80(%rsp)
  636413:	00 
  636414:	0f 29 84 24 70 0a 00 	movaps %xmm0,0xa70(%rsp)
  63641b:	00 
  63641c:	48 8d bc 24 00 02 00 	lea    0x200(%rsp),%rdi
  636423:	00 
  636424:	48 8d 74 24 30       	lea    0x30(%rsp),%rsi
  636429:	48 8d 54 24 10       	lea    0x10(%rsp),%rdx
  63642e:	48 8d 8c 24 70 0a 00 	lea    0xa70(%rsp),%rcx
  636435:	00 
  636436:	e8 65 31 f0 ff       	call   5395a0 <<alloc::collections::btree::map::BTreeMap<alloc::string::String, serde_json::value::Value>>::insert>
  63643b:	80 bc 24 00 02 00 00 	cmpb   $0x6,0x200(%rsp)
  636442:	06 
  636443:	74 0d                	je     636452 <fe2o3_kfd::engineering_gfx950::peer::combined_mlp_state_v1::tests::native::paired::interleaved::interleaved_exercise+0x46a2>
  636445:	48 8d bc 24 00 02 00 	lea    0x200(%rsp),%rdi
  63644c:	00 
  63644d:	e8 fe 26 fd ff       	call   608b50 <core::ptr::drop_in_place::<serde_json::value::Value>>
  636452:	48 8d 35 8b 2a bb ff 	lea    -0x44d575(%rip),%rsi        # 1e8ee4 <anon.d17fe627e5d324ea66c61125bb898512.645.llvm.4602735538015308864+0x25e>
  636459:	48 8d bc 24 70 0a 00 	lea    0xa70(%rsp),%rdi
  636460:	00 
  636461:	ba 0f 00 00 00       	mov    $0xf,%edx
  636466:	e8 85 8b fd ff       	call   60eff0 <<u8 as <[_]>::to_vec_in::ConvertVec>::to_vec::<alloc::alloc::Global>>
  63646b:	48 8b 84 24 80 0a 00 	mov    0xa80(%rsp),%rax
  636472:	00 
  636473:	48 89 44 24 20       	mov    %rax,0x20(%rsp)
  636478:	0f 10 84 24 70 0a 00 	movups 0xa70(%rsp),%xmm0
  63647f:	00 
  636480:	0f 29 44 24 10       	movaps %xmm0,0x10(%rsp)
  636485:	0f 10 84 24 e0 01 00 	movups 0x1e0(%rsp),%xmm0
  63648c:	00 
  63648d:	0f 10 8c 24 f0 01 00 	movups 0x1f0(%rsp),%xmm1
  636494:	00 
  636495:	0f 29 8c 24 80 0a 00 	movaps %xmm1,0xa80(%rsp)
  63649c:	00 
  63649d:	0f 29 84 24 70 0a 00 	movaps %xmm0,0xa70(%rsp)
  6364a4:	00 
  6364a5:	48 8d bc 24 00 02 00 	lea    0x200(%rsp),%rdi
  6364ac:	00 
  6364ad:	48 8d 74 24 30       	lea    0x30(%rsp),%rsi
  6364b2:	48 8d 54 24 10       	lea    0x10(%rsp),%rdx
  6364b7:	48 8d 8c 24 70 0a 00 	lea    0xa70(%rsp),%rcx
  6364be:	00 
  6364bf:	e8 dc 30 f0 ff       	call   5395a0 <<alloc::collections::btree::map::BTreeMap<alloc::string::String, serde_json::value::Value>>::insert>
  6364c4:	80 bc 24 00 02 00 00 	cmpb   $0x6,0x200(%rsp)
  6364cb:	06 
  6364cc:	74 0d                	je     6364db <fe2o3_kfd::engineering_gfx950::peer::combined_mlp_state_v1::tests::native::paired::interleaved::interleaved_exercise+0x472b>
  6364ce:	48 8d bc 24 00 02 00 	lea    0x200(%rsp),%rdi
  6364d5:	00 
  6364d6:	e8 75 26 fd ff       	call   608b50 <core::ptr::drop_in_place::<serde_json::value::Value>>
  6364db:	48 8d 35 11 2a bb ff 	lea    -0x44d5ef(%rip),%rsi        # 1e8ef3 <anon.d17fe627e5d324ea66c61125bb898512.645.llvm.4602735538015308864+0x26d>
  6364e2:	48 8d bc 24 70 0a 00 	lea    0xa70(%rsp),%rdi
  6364e9:	00 
  6364ea:	ba 18 00 00 00       	mov    $0x18,%edx
  6364ef:	e8 fc 8a fd ff       	call   60eff0 <<u8 as <[_]>::to_vec_in::ConvertVec>::to_vec::<alloc::alloc::Global>>
  6364f4:	48 8b 84 24 80 0a 00 	mov    0xa80(%rsp),%rax
  6364fb:	00 
  6364fc:	48 89 44 24 20       	mov    %rax,0x20(%rsp)
  636501:	0f 10 84 24 70 0a 00 	movups 0xa70(%rsp),%xmm0
  636508:	00 
  636509:	0f 29 44 24 10       	movaps %xmm0,0x10(%rsp)
  63650e:	0f 10 84 24 e0 01 00 	movups 0x1e0(%rsp),%xmm0
  636515:	00 
  636516:	0f 10 8c 24 f0 01 00 	movups 0x1f0(%rsp),%xmm1
  63651d:	00 
  63651e:	0f 29 8c 24 80 0a 00 	movaps %xmm1,0xa80(%rsp)
  636525:	00 
  636526:	0f 29 84 24 70 0a 00 	movaps %xmm0,0xa70(%rsp)
  63652d:	00 
  63652e:	48 8d bc 24 00 02 00 	lea    0x200(%rsp),%rdi
  636535:	00 
  636536:	48 8d 74 24 30       	lea    0x30(%rsp),%rsi
  63653b:	48 8d 54 24 10       	lea    0x10(%rsp),%rdx
  636540:	48 8d 8c 24 70 0a 00 	lea    0xa70(%rsp),%rcx
  636547:	00 
  636548:	e8 53 30 f0 ff       	call   5395a0 <<alloc::collections::btree::map::BTreeMap<alloc::string::String, serde_json::value::Value>>::insert>
  63654d:	80 bc 24 00 02 00 00 	cmpb   $0x6,0x200(%rsp)
  636554:	06 
  636555:	74 0d                	je     636564 <fe2o3_kfd::engineering_gfx950::peer::combined_mlp_state_v1::tests::native::paired::interleaved::interleaved_exercise+0x47b4>
  636557:	48 8d bc 24 00 02 00 	lea    0x200(%rsp),%rdi
  63655e:	00 
  63655f:	e8 ec 25 fd ff       	call   608b50 <core::ptr::drop_in_place::<serde_json::value::Value>>
  636564:	48 8d 35 a0 29 bb ff 	lea    -0x44d660(%rip),%rsi        # 1e8f0b <anon.d17fe627e5d324ea66c61125bb898512.645.llvm.4602735538015308864+0x285>
  63656b:	48 8d bc 24 70 0a 00 	lea    0xa70(%rsp),%rdi
  636572:	00 
  636573:	ba 13 00 00 00       	mov    $0x13,%edx
  636578:	e8 73 8a fd ff       	call   60eff0 <<u8 as <[_]>::to_vec_in::ConvertVec>::to_vec::<alloc::alloc::Global>>
  63657d:	48 8b 84 24 80 0a 00 	mov    0xa80(%rsp),%rax
  636584:	00 
  636585:	48 89 84 24 10 02 00 	mov    %rax,0x210(%rsp)
  63658c:	00 
  63658d:	0f 10 84 24 70 0a 00 	movups 0xa70(%rsp),%xmm0
  636594:	00 
  636595:	0f 29 84 24 00 02 00 	movaps %xmm0,0x200(%rsp)
  63659c:	00 
  63659d:	48 8d bc 24 70 0a 00 	lea    0xa70(%rsp),%rdi
  6365a4:	00 
  6365a5:	48 8d 74 24 30       	lea    0x30(%rsp),%rsi
  6365aa:	48 8d 94 24 00 02 00 	lea    0x200(%rsp),%rdx
  6365b1:	00 
  6365b2:	48 8d 8c 24 e0 01 00 	lea    0x1e0(%rsp),%rcx
  6365b9:	00 
  6365ba:	e8 e1 2f f0 ff       	call   5395a0 <<alloc::collections::btree::map::BTreeMap<alloc::string::String, serde_json::value::Value>>::insert>
  6365bf:	80 bc 24 70 0a 00 00 	cmpb   $0x6,0xa70(%rsp)
  6365c6:	06 
  6365c7:	74 0d                	je     6365d6 <fe2o3_kfd::engineering_gfx950::peer::combined_mlp_state_v1::tests::native::paired::interleaved::interleaved_exercise+0x4826>
  6365c9:	48 8d bc 24 70 0a 00 	lea    0xa70(%rsp),%rdi
  6365d0:	00 
  6365d1:	e8 7a 25 fd ff       	call   608b50 <core::ptr::drop_in_place::<serde_json::value::Value>>
  6365d6:	48 8d 35 41 29 bb ff 	lea    -0x44d6bf(%rip),%rsi        # 1e8f1e <anon.d17fe627e5d324ea66c61125bb898512.645.llvm.4602735538015308864+0x298>
  6365dd:	48 8d bc 24 70 0a 00 	lea    0xa70(%rsp),%rdi
  6365e4:	00 
  6365e5:	ba 17 00 00 00       	mov    $0x17,%edx
  6365ea:	e8 01 8a fd ff       	call   60eff0 <<u8 as <[_]>::to_vec_in::ConvertVec>::to_vec::<alloc::alloc::Global>>
  6365ef:	48 8b 84 24 80 0a 00 	mov    0xa80(%rsp),%rax
  6365f6:	00 
  6365f7:	48 89 44 24 20       	mov    %rax,0x20(%rsp)
  6365fc:	0f 10 84 24 70 0a 00 	movups 0xa70(%rsp),%xmm0
  636603:	00 
  636604:	0f 29 44 24 10       	movaps %xmm0,0x10(%rsp)
  636609:	c6 84 24 70 0a 00 00 	movb   $0x2,0xa70(%rsp)
  636610:	02 
  636611:	48 c7 84 24 78 0a 00 	movq   $0x0,0xa78(%rsp)
  636618:	00 00 00 00 00 
  63661d:	48 c7 84 24 80 0a 00 	movq   $0x150,0xa80(%rsp)
  636624:	00 50 01 00 00 
  636629:	48 8d bc 24 00 02 00 	lea    0x200(%rsp),%rdi
  636630:	00 
  636631:	48 8d 74 24 30       	lea    0x30(%rsp),%rsi
  636636:	48 8d 54 24 10       	lea    0x10(%rsp),%rdx
  63663b:	48 8d 8c 24 70 0a 00 	lea    0xa70(%rsp),%rcx
  636642:	00 
  636643:	e8 58 2f f0 ff       	call   5395a0 <<alloc::collections::btree::map::BTreeMap<alloc::string::String, serde_json::value::Value>>::insert>
  636648:	80 bc 24 00 02 00 00 	cmpb   $0x6,0x200(%rsp)
  63664f:	06 
  636650:	74 0d                	je     63665f <fe2o3_kfd::engineering_gfx950::peer::combined_mlp_state_v1::tests::native::paired::interleaved::interleaved_exercise+0x48af>
  636652:	48 8d bc 24 00 02 00 	lea    0x200(%rsp),%rdi
  636659:	00 
  63665a:	e8 f1 24 fd ff       	call   608b50 <core::ptr::drop_in_place::<serde_json::value::Value>>
  63665f:	48 8d 35 45 22 bb ff 	lea    -0x44ddbb(%rip),%rsi        # 1e88ab <anon.d17fe627e5d324ea66c61125bb898512.532.llvm.4602735538015308864+0x3a3>
  636666:	48 8d bc 24 70 0a 00 	lea    0xa70(%rsp),%rdi
  63666d:	00 
  63666e:	ba 07 00 00 00       	mov    $0x7,%edx
  636673:	e8 78 89 fd ff       	call   60eff0 <<u8 as <[_]>::to_vec_in::ConvertVec>::to_vec::<alloc::alloc::Global>>
  636678:	48 8b 84 24 80 0a 00 	mov    0xa80(%rsp),%rax
  63667f:	00 
  636680:	48 89 44 24 20       	mov    %rax,0x20(%rsp)
  636685:	0f 10 84 24 70 0a 00 	movups 0xa70(%rsp),%xmm0
  63668c:	00 
  63668d:	0f 29 44 24 10       	movaps %xmm0,0x10(%rsp)
  636692:	48 8d 35 67 fb 22 00 	lea    0x22fb67(%rip),%rsi        # 866200 <anon.d17fe627e5d324ea66c61125bb898512.647.llvm.4602735538015308864+0x2d0>
  636699:	48 8d bc 24 70 0a 00 	lea    0xa70(%rsp),%rdi
  6366a0:	00 
  6366a1:	e8 2a e7 00 00       	call   644dd0 <serde_json::value::to_value::<&&str>>
  6366a6:	80 bc 24 70 0a 00 00 	cmpb   $0x6,0xa70(%rsp)
  6366ad:	06 
  6366ae:	0f 84 fb 0b 00 00    	je     6372af <fe2o3_kfd::engineering_gfx950::peer::combined_mlp_state_v1::tests::native::paired::interleaved::interleaved_exercise+0x54ff>
  6366b4:	0f 10 84 24 70 0a 00 	movups 0xa70(%rsp),%xmm0
  6366bb:	00 
  6366bc:	0f 10 8c 24 80 0a 00 	movups 0xa80(%rsp),%xmm1
  6366c3:	00 
  6366c4:	0f 29 8c 24 10 02 00 	movaps %xmm1,0x210(%rsp)
  6366cb:	00 
  6366cc:	0f 29 84 24 00 02 00 	movaps %xmm0,0x200(%rsp)
  6366d3:	00 
  6366d4:	48 8d bc 24 70 0a 00 	lea    0xa70(%rsp),%rdi
  6366db:	00 
  6366dc:	48 8d 74 24 30       	lea    0x30(%rsp),%rsi
  6366e1:	48 8d 54 24 10       	lea    0x10(%rsp),%rdx
  6366e6:	48 8d 8c 24 00 02 00 	lea    0x200(%rsp),%rcx
  6366ed:	00 
  6366ee:	e8 ad 2e f0 ff       	call   5395a0 <<alloc::collections::btree::map::BTreeMap<alloc::string::String, serde_json::value::Value>>::insert>
  6366f3:	80 bc 24 70 0a 00 00 	cmpb   $0x6,0xa70(%rsp)
  6366fa:	06 
  6366fb:	74 0d                	je     63670a <fe2o3_kfd::engineering_gfx950::peer::combined_mlp_state_v1::tests::native::paired::interleaved::interleaved_exercise+0x495a>
  6366fd:	48 8d bc 24 70 0a 00 	lea    0xa70(%rsp),%rdi
  636704:	00 
  636705:	e8 46 24 fd ff       	call   608b50 <core::ptr::drop_in_place::<serde_json::value::Value>>
  63670a:	48 8d 35 de 21 bb ff 	lea    -0x44de22(%rip),%rsi        # 1e88ef <anon.d17fe627e5d324ea66c61125bb898512.532.llvm.4602735538015308864+0x3e7>
  636711:	48 8d bc 24 70 0a 00 	lea    0xa70(%rsp),%rdi
  636718:	00 
  636719:	ba 11 00 00 00       	mov    $0x11,%edx
  63671e:	e8 cd 88 fd ff       	call   60eff0 <<u8 as <[_]>::to_vec_in::ConvertVec>::to_vec::<alloc::alloc::Global>>
  636723:	48 8b 84 24 80 0a 00 	mov    0xa80(%rsp),%rax
  63672a:	00 
  63672b:	48 89 44 24 20       	mov    %rax,0x20(%rsp)
  636730:	0f 10 84 24 70 0a 00 	movups 0xa70(%rsp),%xmm0
  636737:	00 
  636738:	0f 29 44 24 10       	movaps %xmm0,0x10(%rsp)
  63673d:	66 c7 84 24 10 07 00 	movw   $0x1,0x710(%rsp)
  636744:	00 01 00 
  636747:	0f 10 84 24 20 07 00 	movups 0x720(%rsp),%xmm0
  63674e:	00 
  63674f:	0f 29 84 24 80 0a 00 	movaps %xmm0,0xa80(%rsp)
  636756:	00 
  636757:	0f b7 84 24 10 07 00 	movzwl 0x710(%rsp),%eax
  63675e:	00 
  63675f:	66 89 84 24 70 0a 00 	mov    %ax,0xa70(%rsp)
  636766:	00 
  636767:	48 8b 84 24 12 07 00 	mov    0x712(%rsp),%rax
  63676e:	00 
  63676f:	48 89 84 24 72 0a 00 	mov    %rax,0xa72(%rsp)
  636776:	00 
  636777:	8b 84 24 1a 07 00 00 	mov    0x71a(%rsp),%eax
  63677e:	89 84 24 7a 0a 00 00 	mov    %eax,0xa7a(%rsp)
  636785:	0f b7 84 24 1e 07 00 	movzwl 0x71e(%rsp),%eax
  63678c:	00 
  63678d:	66 89 84 24 7e 0a 00 	mov    %ax,0xa7e(%rsp)
  636794:	00 
  636795:	48 8d bc 24 00 02 00 	lea    0x200(%rsp),%rdi
  63679c:	00 
  63679d:	48 8d 74 24 30       	lea    0x30(%rsp),%rsi
  6367a2:	48 8d 54 24 10       	lea    0x10(%rsp),%rdx
  6367a7:	48 8d 8c 24 70 0a 00 	lea    0xa70(%rsp),%rcx
  6367ae:	00 
  6367af:	e8 ec 2d f0 ff       	call   5395a0 <<alloc::collections::btree::map::BTreeMap<alloc::string::String, serde_json::value::Value>>::insert>
  6367b4:	80 bc 24 00 02 00 00 	cmpb   $0x6,0x200(%rsp)
  6367bb:	06 
  6367bc:	74 0d                	je     6367cb <fe2o3_kfd::engineering_gfx950::peer::combined_mlp_state_v1::tests::native::paired::interleaved::interleaved_exercise+0x4a1b>
  6367be:	48 8d bc 24 00 02 00 	lea    0x200(%rsp),%rdi
  6367c5:	00 
  6367c6:	e8 85 23 fd ff       	call   608b50 <core::ptr::drop_in_place::<serde_json::value::Value>>
  6367cb:	48 8d 35 2e 21 bb ff 	lea    -0x44ded2(%rip),%rsi        # 1e8900 <anon.d17fe627e5d324ea66c61125bb898512.532.llvm.4602735538015308864+0x3f8>
  6367d2:	48 8d bc 24 70 0a 00 	lea    0xa70(%rsp),%rdi
  6367d9:	00 
  6367da:	ba 0f 00 00 00       	mov    $0xf,%edx
  6367df:	e8 0c 88 fd ff       	call   60eff0 <<u8 as <[_]>::to_vec_in::ConvertVec>::to_vec::<alloc::alloc::Global>>
  6367e4:	48 8b 84 24 80 0a 00 	mov    0xa80(%rsp),%rax
  6367eb:	00 
  6367ec:	48 89 84 24 10 02 00 	mov    %rax,0x210(%rsp)
  6367f3:	00 
  6367f4:	0f 10 84 24 70 0a 00 	movups 0xa70(%rsp),%xmm0
  6367fb:	00 
  6367fc:	0f 29 84 24 00 02 00 	movaps %xmm0,0x200(%rsp)
  636803:	00 
  636804:	48 8d bc 24 70 0a 00 	lea    0xa70(%rsp),%rdi
  63680b:	00 
  63680c:	48 8d 74 24 30       	lea    0x30(%rsp),%rsi
  636811:	48 8d 94 24 00 02 00 	lea    0x200(%rsp),%rdx
  636818:	00 
  636819:	48 8d 8c 24 10 07 00 	lea    0x710(%rsp),%rcx
  636820:	00 
  636821:	e8 7a 2d f0 ff       	call   5395a0 <<alloc::collections::btree::map::BTreeMap<alloc::string::String, serde_json::value::Value>>::insert>
  636826:	80 bc 24 70 0a 00 00 	cmpb   $0x6,0xa70(%rsp)
  63682d:	06 
  63682e:	74 0d                	je     63683d <fe2o3_kfd::engineering_gfx950::peer::combined_mlp_state_v1::tests::native::paired::interleaved::interleaved_exercise+0x4a8d>
  636830:	48 8d bc 24 70 0a 00 	lea    0xa70(%rsp),%rdi
  636837:	00 
  636838:	e8 13 23 fd ff       	call   608b50 <core::ptr::drop_in_place::<serde_json::value::Value>>
  63683d:	48 8b 44 24 40       	mov    0x40(%rsp),%rax
  636842:	0f 10 44 24 30       	movups 0x30(%rsp),%xmm0
  636847:	0f 11 84 24 77 0a 00 	movups %xmm0,0xa77(%rsp)
  63684e:	00 
  63684f:	48 89 84 24 87 0a 00 	mov    %rax,0xa87(%rsp)
  636856:	00 
  636857:	41 c6 07 05          	movb   $0x5,(%r15)
  63685b:	0f 10 84 24 70 0a 00 	movups 0xa70(%rsp),%xmm0
  636862:	00 
  636863:	48 8b 84 24 7f 0a 00 	mov    0xa7f(%rsp),%rax
  63686a:	00 
  63686b:	48 8b 8c 24 87 0a 00 	mov    0xa87(%rsp),%rcx
  636872:	00 
  636873:	41 0f 11 47 01       	movups %xmm0,0x1(%r15)
  636878:	49 89 47 10          	mov    %rax,0x10(%r15)
  63687c:	49 89 4f 18          	mov    %rcx,0x18(%r15)
  636880:	48 8d bc 24 08 06 00 	lea    0x608(%rsp),%rdi
  636887:	00 
  636888:	e8 83 04 fd ff       	call   606d10 <core::ptr::drop_in_place::<alloc::vec::Vec<serde_json::value::Value>>>
  63688d:	48 8d bc 24 f0 06 00 	lea    0x6f0(%rsp),%rdi
  636894:	00 
  636895:	e8 b6 22 fd ff       	call   608b50 <core::ptr::drop_in_place::<serde_json::value::Value>>
  63689a:	48 8d bc 24 58 01 00 	lea    0x158(%rsp),%rdi
  6368a1:	00 
  6368a2:	e8 69 0a fd ff       	call   607310 <core::ptr::drop_in_place::<alloc::vec::Vec<fe2o3_kfd::engineering_gfx950::peer::combined_mlp_state_v1::paired::retained::RetainedPair>>>
  6368a7:	48 8d bc 24 a8 01 00 	lea    0x1a8(%rsp),%rdi
  6368ae:	00 
  6368af:	e8 8c 0b fd ff       	call   607440 <core::ptr::drop_in_place::<alloc::vec::Vec<fe2o3_kfd::engineering_gfx950::peer::combined_mlp_state_v1::tests::native::paired::interleaved::Payloads>>>
  6368b4:	48 8d bc 24 c8 01 00 	lea    0x1c8(%rsp),%rdi
  6368bb:	00 
  6368bc:	e8 9f f5 fc ff       	call   605e60 <core::ptr::drop_in_place::<alloc::vec::Vec<[fe2o3_kfd::engineering_gfx950::peer::Gfx950EngineeringPeerBufferV1; 4]>>>
  6368c1:	48 8d bc 24 40 01 00 	lea    0x140(%rsp),%rdi
  6368c8:	00 
  6368c9:	e8 e2 f6 fc ff       	call   605fb0 <core::ptr::drop_in_place::<alloc::vec::Vec<[fe2o3_kfd::engineering_gfx950::peer::Gfx950EngineeringPeerKernelV1; 4]>>>
  6368ce:	4d 89 fd             	mov    %r15,%r13
  6368d1:	e9 19 c2 ff ff       	jmp    632aef <fe2o3_kfd::engineering_gfx950::peer::combined_mlp_state_v1::tests::native::paired::interleaved::interleaved_exercise+0xd3f>
  6368d6:	48 8b 44 24 40       	mov    0x40(%rsp),%rax
  6368db:	49 89 47 18          	mov    %rax,0x18(%r15)
  6368df:	0f 10 44 24 30       	movups 0x30(%rsp),%xmm0
  6368e4:	41 0f 11 47 08       	movups %xmm0,0x8(%r15)
  6368e9:	41 c6 07 06          	movb   $0x6,(%r15)
  6368ed:	48 8d 7c 24 10       	lea    0x10(%rsp),%rdi
  6368f2:	e8 99 0c fd ff       	call   607590 <core::ptr::drop_in_place::<alloc::vec::Vec<u8>>>
  6368f7:	48 8d bc 24 08 06 00 	lea    0x608(%rsp),%rdi
  6368fe:	00 
  6368ff:	e8 0c 04 fd ff       	call   606d10 <core::ptr::drop_in_place::<alloc::vec::Vec<serde_json::value::Value>>>
  636904:	48 8d bc 24 f0 06 00 	lea    0x6f0(%rsp),%rdi
  63690b:	00 
  63690c:	e8 3f 22 fd ff       	call   608b50 <core::ptr::drop_in_place::<serde_json::value::Value>>
  636911:	e9 05 d0 ff ff       	jmp    63391b <fe2o3_kfd::engineering_gfx950::peer::combined_mlp_state_v1::tests::native::paired::interleaved::interleaved_exercise+0x1b6b>
  636916:	48 8b 44 24 20       	mov    0x20(%rsp),%rax
  63691b:	49 89 47 18          	mov    %rax,0x18(%r15)
  63691f:	0f 28 44 24 10       	movaps 0x10(%rsp),%xmm0
  636924:	41 0f 11 47 08       	movups %xmm0,0x8(%r15)
  636929:	eb 5c                	jmp    636987 <fe2o3_kfd::engineering_gfx950::peer::combined_mlp_state_v1::tests::native::paired::interleaved::interleaved_exercise+0x4bd7>
  63692b:	48 8b 44 24 20       	mov    0x20(%rsp),%rax
  636930:	49 89 47 18          	mov    %rax,0x18(%r15)
  636934:	0f 10 44 24 10       	movups 0x10(%rsp),%xmm0
  636939:	41 0f 11 47 08       	movups %xmm0,0x8(%r15)
  63693e:	41 c6 07 06          	movb   $0x6,(%r15)
  636942:	48 8d bc 24 00 02 00 	lea    0x200(%rsp),%rdi
  636949:	00 
  63694a:	eb a6                	jmp    6368f2 <fe2o3_kfd::engineering_gfx950::peer::combined_mlp_state_v1::tests::native::paired::interleaved::interleaved_exercise+0x4b42>
  63694c:	48 8b 84 24 88 0a 00 	mov    0xa88(%rsp),%rax
  636953:	00 
  636954:	48 8b 94 24 10 01 00 	mov    0x110(%rsp),%rdx
  63695b:	00 
  63695c:	49 89 57 08          	mov    %rdx,0x8(%r15)
  636960:	48 8b 94 24 70 01 00 	mov    0x170(%rsp),%rdx
  636967:	00 
  636968:	49 89 57 10          	mov    %rdx,0x10(%r15)
  63696c:	eb 15                	jmp    636983 <fe2o3_kfd::engineering_gfx950::peer::combined_mlp_state_v1::tests::native::paired::interleaved::interleaved_exercise+0x4bd3>
  63696e:	0f 10 84 24 78 0a 00 	movups 0xa78(%rsp),%xmm0
  636975:	00 
  636976:	48 8b 84 24 88 0a 00 	mov    0xa88(%rsp),%rax
  63697d:	00 
  63697e:	41 0f 11 47 08       	movups %xmm0,0x8(%r15)
  636983:	49 89 47 18          	mov    %rax,0x18(%r15)
  636987:	41 c6 07 06          	movb   $0x6,(%r15)
  63698b:	e9 67 ff ff ff       	jmp    6368f7 <fe2o3_kfd::engineering_gfx950::peer::combined_mlp_state_v1::tests::native::paired::interleaved::interleaved_exercise+0x4b47>
  636990:	48 8d 15 e9 f9 22 00 	lea    0x22f9e9(%rip),%rdx        # 866380 <anon.d17fe627e5d324ea66c61125bb898512.647.llvm.4602735538015308864+0x450>
  636997:	4c 89 f7             	mov    %r14,%rdi
  63699a:	ff 15 60 49 27 00    	call   *0x274960(%rip)        # 8ab300 <_DYNAMIC+0x2b8>
  6369a0:	e9 42 09 00 00       	jmp    6372e7 <fe2o3_kfd::engineering_gfx950::peer::combined_mlp_state_v1::tests::native::paired::interleaved::interleaved_exercise+0x5537>
  6369a5:	48 8b 44 24 20       	mov    0x20(%rsp),%rax
  6369aa:	49 89 47 18          	mov    %rax,0x18(%r15)
  6369ae:	0f 28 44 24 10       	movaps 0x10(%rsp),%xmm0
  6369b3:	41 0f 11 47 08       	movups %xmm0,0x8(%r15)
  6369b8:	41 c6 07 06          	movb   $0x6,(%r15)
  6369bc:	e9 71 01 00 00       	jmp    636b32 <fe2o3_kfd::engineering_gfx950::peer::combined_mlp_state_v1::tests::native::paired::interleaved::interleaved_exercise+0x4d82>
  6369c1:	48 8b 44 24 40       	mov    0x40(%rsp),%rax
  6369c6:	49 89 47 18          	mov    %rax,0x18(%r15)
  6369ca:	0f 28 44 24 30       	movaps 0x30(%rsp),%xmm0
  6369cf:	41 0f 11 47 08       	movups %xmm0,0x8(%r15)
  6369d4:	41 c6 07 06          	movb   $0x6,(%r15)
  6369d8:	e9 48 01 00 00       	jmp    636b25 <fe2o3_kfd::engineering_gfx950::peer::combined_mlp_state_v1::tests::native::paired::interleaved::interleaved_exercise+0x4d75>
  6369dd:	48 8b 84 24 88 0a 00 	mov    0xa88(%rsp),%rax
  6369e4:	00 
  6369e5:	48 89 84 24 17 02 00 	mov    %rax,0x217(%rsp)
  6369ec:	00 
  6369ed:	0f 10 84 24 78 0a 00 	movups 0xa78(%rsp),%xmm0
  6369f4:	00 
  6369f5:	0f 11 84 24 07 02 00 	movups %xmm0,0x207(%rsp)
  6369fc:	00 
  6369fd:	49 89 47 18          	mov    %rax,0x18(%r15)
  636a01:	e9 1e ff ff ff       	jmp    636924 <fe2o3_kfd::engineering_gfx950::peer::combined_mlp_state_v1::tests::native::paired::interleaved::interleaved_exercise+0x4b74>
  636a06:	48 8b 84 24 30 06 00 	mov    0x630(%rsp),%rax
  636a0d:	00 
  636a0e:	48 89 84 24 80 0a 00 	mov    %rax,0xa80(%rsp)
  636a15:	00 
  636a16:	0f 10 84 24 20 06 00 	movups 0x620(%rsp),%xmm0
  636a1d:	00 
  636a1e:	0f 29 84 24 70 0a 00 	movaps %xmm0,0xa70(%rsp)
  636a25:	00 
  636a26:	48 8d bc 24 00 02 00 	lea    0x200(%rsp),%rdi
  636a2d:	00 
  636a2e:	48 8d b4 24 38 01 00 	lea    0x138(%rsp),%rsi
  636a35:	00 
  636a36:	48 8d 94 24 c0 01 00 	lea    0x1c0(%rsp),%rdx
  636a3d:	00 
  636a3e:	48 8d 8c 24 70 0a 00 	lea    0xa70(%rsp),%rcx
  636a45:	00 
  636a46:	e8 65 8c fd ff       	call   60f6b0 <fe2o3_kfd::engineering_gfx950::peer::combined_mlp_state_v1::tests::native::paired::interleaved::interleaved_exercise::{closure#6}>
  636a4b:	0f 10 84 24 00 02 00 	movups 0x200(%rsp),%xmm0
  636a52:	00 
  636a53:	0f 29 84 24 20 06 00 	movaps %xmm0,0x620(%rsp)
  636a5a:	00 
  636a5b:	48 8b 84 24 10 02 00 	mov    0x210(%rsp),%rax
  636a62:	00 
  636a63:	48 89 84 24 30 06 00 	mov    %rax,0x630(%rsp)
  636a6a:	00 
  636a6b:	0f 28 84 24 20 06 00 	movaps 0x620(%rsp),%xmm0
  636a72:	00 
  636a73:	41 0f 11 47 08       	movups %xmm0,0x8(%r15)
  636a78:	49 89 47 18          	mov    %rax,0x18(%r15)
  636a7c:	eb 58                	jmp    636ad6 <fe2o3_kfd::engineering_gfx950::peer::combined_mlp_state_v1::tests::native::paired::interleaved::interleaved_exercise+0x4d26>
  636a7e:	48 8d 35 12 25 bb ff 	lea    -0x44daee(%rip),%rsi        # 1e8f97 <anon.d17fe627e5d324ea66c61125bb898512.645.llvm.4602735538015308864+0x311>
  636a85:	48 8d bc 24 70 0a 00 	lea    0xa70(%rsp),%rdi
  636a8c:	00 
  636a8d:	ba 1c 00 00 00       	mov    $0x1c,%edx
  636a92:	e8 59 85 fd ff       	call   60eff0 <<u8 as <[_]>::to_vec_in::ConvertVec>::to_vec::<alloc::alloc::Global>>
  636a97:	48 8b 84 24 80 0a 00 	mov    0xa80(%rsp),%rax
  636a9e:	00 
  636a9f:	49 89 47 18          	mov    %rax,0x18(%r15)
  636aa3:	0f 10 84 24 70 0a 00 	movups 0xa70(%rsp),%xmm0
  636aaa:	00 
  636aab:	eb 24                	jmp    636ad1 <fe2o3_kfd::engineering_gfx950::peer::combined_mlp_state_v1::tests::native::paired::interleaved::interleaved_exercise+0x4d21>
  636aad:	48 8b 84 24 88 0a 00 	mov    0xa88(%rsp),%rax
  636ab4:	00 
  636ab5:	48 89 84 24 17 02 00 	mov    %rax,0x217(%rsp)
  636abc:	00 
  636abd:	0f 10 84 24 78 0a 00 	movups 0xa78(%rsp),%xmm0
  636ac4:	00 
  636ac5:	0f 11 84 24 07 02 00 	movups %xmm0,0x207(%rsp)
  636acc:	00 
  636acd:	49 89 47 18          	mov    %rax,0x18(%r15)
  636ad1:	41 0f 11 47 08       	movups %xmm0,0x8(%r15)
  636ad6:	41 c6 07 06          	movb   $0x6,(%r15)
  636ada:	48 8d bc 24 80 00 00 	lea    0x80(%rsp),%rdi
  636ae1:	00 
  636ae2:	e8 69 20 fd ff       	call   608b50 <core::ptr::drop_in_place::<serde_json::value::Value>>
  636ae7:	e9 0b fe ff ff       	jmp    6368f7 <fe2o3_kfd::engineering_gfx950::peer::combined_mlp_state_v1::tests::native::paired::interleaved::interleaved_exercise+0x4b47>
  636aec:	48 8d 15 75 f8 22 00 	lea    0x22f875(%rip),%rdx        # 866368 <anon.d17fe627e5d324ea66c61125bb898512.647.llvm.4602735538015308864+0x438>
  636af3:	bf 08 00 00 00       	mov    $0x8,%edi
  636af8:	48 89 ce             	mov    %rcx,%rsi
  636afb:	ff 15 07 49 27 00    	call   *0x274907(%rip)        # 8ab408 <_DYNAMIC+0x3c0>
  636b01:	48 8b 44 24 20       	mov    0x20(%rsp),%rax
  636b06:	49 89 47 18          	mov    %rax,0x18(%r15)
  636b0a:	0f 28 44 24 10       	movaps 0x10(%rsp),%xmm0
  636b0f:	41 0f 11 47 08       	movups %xmm0,0x8(%r15)
  636b14:	41 c6 07 06          	movb   $0x6,(%r15)
  636b18:	48 8d bc 24 c0 00 00 	lea    0xc0(%rsp),%rdi
  636b1f:	00 
  636b20:	e8 3b 11 fd ff       	call   607c60 <core::ptr::drop_in_place::<alloc::string::String>>
  636b25:	48 8d bc 24 f0 00 00 	lea    0xf0(%rsp),%rdi
  636b2c:	00 
  636b2d:	e8 5e 0a fd ff       	call   607590 <core::ptr::drop_in_place::<alloc::vec::Vec<u8>>>
  636b32:	48 8d bc 24 58 06 00 	lea    0x658(%rsp),%rdi
  636b39:	00 
  636b3a:	e8 d1 01 fd ff       	call   606d10 <core::ptr::drop_in_place::<alloc::vec::Vec<serde_json::value::Value>>>
  636b3f:	48 8d bc 24 40 06 00 	lea    0x640(%rsp),%rdi
  636b46:	00 
  636b47:	e8 c4 01 fd ff       	call   606d10 <core::ptr::drop_in_place::<alloc::vec::Vec<serde_json::value::Value>>>
  636b4c:	e9 a6 fd ff ff       	jmp    6368f7 <fe2o3_kfd::engineering_gfx950::peer::combined_mlp_state_v1::tests::native::paired::interleaved::interleaved_exercise+0x4b47>
  636b51:	48 8b 84 24 10 02 00 	mov    0x210(%rsp),%rax
  636b58:	00 
  636b59:	49 89 47 18          	mov    %rax,0x18(%r15)
  636b5d:	0f 10 84 24 00 02 00 	movups 0x200(%rsp),%xmm0
  636b64:	00 
  636b65:	41 0f 11 47 08       	movups %xmm0,0x8(%r15)
  636b6a:	41 c6 07 06          	movb   $0x6,(%r15)
  636b6e:	eb cf                	jmp    636b3f <fe2o3_kfd::engineering_gfx950::peer::combined_mlp_state_v1::tests::native::paired::interleaved::interleaved_exercise+0x4d8f>
  636b70:	48 8d 8c 24 e8 24 00 	lea    0x24e8(%rsp),%rcx
  636b77:	00 
  636b78:	48 8b 41 10          	mov    0x10(%rcx),%rax
  636b7c:	48 89 84 24 10 02 00 	mov    %rax,0x210(%rsp)
  636b83:	00 
  636b84:	0f 10 01             	movups (%rcx),%xmm0
  636b87:	0f 29 84 24 00 02 00 	movaps %xmm0,0x200(%rsp)
  636b8e:	00 
  636b8f:	48 8d 7c 24 10       	lea    0x10(%rsp),%rdi
  636b94:	48 8d b4 24 98 07 00 	lea    0x798(%rsp),%rsi
  636b9b:	00 
  636b9c:	48 8d 94 24 00 02 00 	lea    0x200(%rsp),%rdx
  636ba3:	00 
  636ba4:	e8 b7 8b fd ff       	call   60f760 <fe2o3_kfd::engineering_gfx950::peer::combined_mlp_state_v1::tests::native::paired::interleaved::interleaved_exercise::{closure#7}>
  636ba9:	48 8b 44 24 20       	mov    0x20(%rsp),%rax
  636bae:	48 8d 94 24 e8 24 00 	lea    0x24e8(%rsp),%rdx
  636bb5:	00 
  636bb6:	48 89 42 10          	mov    %rax,0x10(%rdx)
  636bba:	0f 10 44 24 10       	movups 0x10(%rsp),%xmm0
  636bbf:	0f 11 02             	movups %xmm0,(%rdx)
  636bc2:	48 8b 42 10          	mov    0x10(%rdx),%rax
  636bc6:	49 89 47 18          	mov    %rax,0x18(%r15)
  636bca:	0f 10 02             	movups (%rdx),%xmm0
  636bcd:	e9 52 fd ff ff       	jmp    636924 <fe2o3_kfd::engineering_gfx950::peer::combined_mlp_state_v1::tests::native::paired::interleaved::interleaved_exercise+0x4b74>
  636bd2:	48 8b 44 24 70       	mov    0x70(%rsp),%rax
  636bd7:	49 89 47 18          	mov    %rax,0x18(%r15)
  636bdb:	0f 28 44 24 60       	movaps 0x60(%rsp),%xmm0
  636be0:	41 0f 11 47 08       	movups %xmm0,0x8(%r15)
  636be5:	41 c6 07 06          	movb   $0x6,(%r15)
  636be9:	48 8d bc 24 f0 00 00 	lea    0xf0(%rsp),%rdi
  636bf0:	00 
  636bf1:	e8 6a 10 fd ff       	call   607c60 <core::ptr::drop_in_place::<alloc::string::String>>
  636bf6:	48 8d bc 24 88 01 00 	lea    0x188(%rsp),%rdi
  636bfd:	00 
  636bfe:	e8 2d f3 f0 ff       	call   545f30 <<alloc::collections::btree::map::BTreeMap<alloc::string::String, serde_json::value::Value> as core::ops::drop::Drop>::drop>
  636c03:	48 8d bc 24 b0 06 00 	lea    0x6b0(%rsp),%rdi
  636c0a:	00 
  636c0b:	e8 50 10 fd ff       	call   607c60 <core::ptr::drop_in_place::<alloc::string::String>>
  636c10:	e9 a3 00 00 00       	jmp    636cb8 <fe2o3_kfd::engineering_gfx950::peer::combined_mlp_state_v1::tests::native::paired::interleaved::interleaved_exercise+0x4f08>
  636c15:	48 8b 44 24 40       	mov    0x40(%rsp),%rax
  636c1a:	49 89 47 18          	mov    %rax,0x18(%r15)
  636c1e:	0f 28 44 24 30       	movaps 0x30(%rsp),%xmm0
  636c23:	e9 8b fd ff ff       	jmp    6369b3 <fe2o3_kfd::engineering_gfx950::peer::combined_mlp_state_v1::tests::native::paired::interleaved::interleaved_exercise+0x4c03>
  636c28:	48 8b 84 24 90 00 00 	mov    0x90(%rsp),%rax
  636c2f:	00 
  636c30:	49 89 47 18          	mov    %rax,0x18(%r15)
  636c34:	0f 28 84 24 80 00 00 	movaps 0x80(%rsp),%xmm0
  636c3b:	00 
  636c3c:	41 0f 11 47 08       	movups %xmm0,0x8(%r15)
  636c41:	41 c6 07 06          	movb   $0x6,(%r15)
  636c45:	48 8d 7c 24 30       	lea    0x30(%rsp),%rdi
  636c4a:	e9 de fe ff ff       	jmp    636b2d <fe2o3_kfd::engineering_gfx950::peer::combined_mlp_state_v1::tests::native::paired::interleaved::interleaved_exercise+0x4d7d>
  636c4f:	48 8b 84 24 90 00 00 	mov    0x90(%rsp),%rax
  636c56:	00 
  636c57:	49 89 47 18          	mov    %rax,0x18(%r15)
  636c5b:	0f 28 84 24 80 00 00 	movaps 0x80(%rsp),%xmm0
  636c62:	00 
  636c63:	41 0f 11 47 08       	movups %xmm0,0x8(%r15)
  636c68:	41 c6 07 06          	movb   $0x6,(%r15)
  636c6c:	48 8d 7c 24 30       	lea    0x30(%rsp),%rdi
  636c71:	e8 1a 09 fd ff       	call   607590 <core::ptr::drop_in_place::<alloc::vec::Vec<u8>>>
  636c76:	eb 4d                	jmp    636cc5 <fe2o3_kfd::engineering_gfx950::peer::combined_mlp_state_v1::tests::native::paired::interleaved::interleaved_exercise+0x4f15>
  636c78:	48 8b 44 24 40       	mov    0x40(%rsp),%rax
  636c7d:	49 89 47 18          	mov    %rax,0x18(%r15)
  636c81:	0f 28 44 24 30       	movaps 0x30(%rsp),%xmm0
  636c86:	41 0f 11 47 08       	movups %xmm0,0x8(%r15)
  636c8b:	41 c6 07 06          	movb   $0x6,(%r15)
  636c8f:	eb 27                	jmp    636cb8 <fe2o3_kfd::engineering_gfx950::peer::combined_mlp_state_v1::tests::native::paired::interleaved::interleaved_exercise+0x4f08>
  636c91:	48 8b 84 24 90 00 00 	mov    0x90(%rsp),%rax
  636c98:	00 
  636c99:	49 89 47 18          	mov    %rax,0x18(%r15)
  636c9d:	0f 28 84 24 80 00 00 	movaps 0x80(%rsp),%xmm0
  636ca4:	00 
  636ca5:	41 0f 11 47 08       	movups %xmm0,0x8(%r15)
  636caa:	41 c6 07 06          	movb   $0x6,(%r15)
  636cae:	48 8d 7c 24 30       	lea    0x30(%rsp),%rdi
  636cb3:	e8 d8 08 fd ff       	call   607590 <core::ptr::drop_in_place::<alloc::vec::Vec<u8>>>
  636cb8:	48 8d bc 24 90 06 00 	lea    0x690(%rsp),%rdi
  636cbf:	00 
  636cc0:	e8 9b 0f fd ff       	call   607c60 <core::ptr::drop_in_place::<alloc::string::String>>
  636cc5:	48 8d bc 24 70 06 00 	lea    0x670(%rsp),%rdi
  636ccc:	00 
  636ccd:	e8 8e 0f fd ff       	call   607c60 <core::ptr::drop_in_place::<alloc::string::String>>
  636cd2:	e9 5b fe ff ff       	jmp    636b32 <fe2o3_kfd::engineering_gfx950::peer::combined_mlp_state_v1::tests::native::paired::interleaved::interleaved_exercise+0x4d82>
  636cd7:	48 8b 84 24 08 02 00 	mov    0x208(%rsp),%rax
  636cde:	00 
  636cdf:	48 89 44 24 10       	mov    %rax,0x10(%rsp)
  636ce4:	48 8d 3d 55 bc ba ff 	lea    -0x4543ab(%rip),%rdi        # 1e2940 <anon.d17fe627e5d324ea66c61125bb898512.153.llvm.4602735538015308864>
  636ceb:	48 8d 0d 0e e2 22 00 	lea    0x22e20e(%rip),%rcx        # 864f00 <anon.d17fe627e5d324ea66c61125bb898512.155.llvm.4602735538015308864+0x20>
  636cf2:	4c 8d 05 27 f6 22 00 	lea    0x22f627(%rip),%r8        # 866320 <anon.d17fe627e5d324ea66c61125bb898512.647.llvm.4602735538015308864+0x3f0>
  636cf9:	48 8d 54 24 10       	lea    0x10(%rsp),%rdx
  636cfe:	be 2b 00 00 00       	mov    $0x2b,%esi
  636d03:	ff 15 87 46 27 00    	call   *0x274687(%rip)        # 8ab390 <_DYNAMIC+0x348>
  636d09:	e9 d9 05 00 00       	jmp    6372e7 <fe2o3_kfd::engineering_gfx950::peer::combined_mlp_state_v1::tests::native::paired::interleaved::interleaved_exercise+0x5537>
  636d0e:	48 8b 84 24 08 02 00 	mov    0x208(%rsp),%rax
  636d15:	00 
  636d16:	48 89 44 24 10       	mov    %rax,0x10(%rsp)
  636d1b:	48 8d 3d 1e bc ba ff 	lea    -0x4543e2(%rip),%rdi        # 1e2940 <anon.d17fe627e5d324ea66c61125bb898512.153.llvm.4602735538015308864>
  636d22:	48 8d 0d d7 e1 22 00 	lea    0x22e1d7(%rip),%rcx        # 864f00 <anon.d17fe627e5d324ea66c61125bb898512.155.llvm.4602735538015308864+0x20>
  636d29:	4c 8d 05 f0 f5 22 00 	lea    0x22f5f0(%rip),%r8        # 866320 <anon.d17fe627e5d324ea66c61125bb898512.647.llvm.4602735538015308864+0x3f0>
  636d30:	48 8d 54 24 10       	lea    0x10(%rsp),%rdx
  636d35:	be 2b 00 00 00       	mov    $0x2b,%esi
  636d3a:	ff 15 50 46 27 00    	call   *0x274650(%rip)        # 8ab390 <_DYNAMIC+0x348>
  636d40:	e9 a2 05 00 00       	jmp    6372e7 <fe2o3_kfd::engineering_gfx950::peer::combined_mlp_state_v1::tests::native::paired::interleaved::interleaved_exercise+0x5537>
  636d45:	48 8d 0d 04 f6 22 00 	lea    0x22f604(%rip),%rcx        # 866350 <anon.d17fe627e5d324ea66c61125bb898512.647.llvm.4602735538015308864+0x420>
  636d4c:	48 8b bc 24 28 01 00 	mov    0x128(%rsp),%rdi
  636d53:	00 
  636d54:	ff 15 96 45 27 00    	call   *0x274596(%rip)        # 8ab2f0 <_DYNAMIC+0x2a8>
  636d5a:	e9 88 05 00 00       	jmp    6372e7 <fe2o3_kfd::engineering_gfx950::peer::combined_mlp_state_v1::tests::native::paired::interleaved::interleaved_exercise+0x5537>
  636d5f:	48 8b 84 24 78 0a 00 	mov    0xa78(%rsp),%rax
  636d66:	00 
  636d67:	48 89 84 24 00 02 00 	mov    %rax,0x200(%rsp)
  636d6e:	00 
  636d6f:	48 8d 3d ca bb ba ff 	lea    -0x454436(%rip),%rdi        # 1e2940 <anon.d17fe627e5d324ea66c61125bb898512.153.llvm.4602735538015308864>
  636d76:	48 8d 0d 83 e1 22 00 	lea    0x22e183(%rip),%rcx        # 864f00 <anon.d17fe627e5d324ea66c61125bb898512.155.llvm.4602735538015308864+0x20>
  636d7d:	4c 8d 05 cc f4 22 00 	lea    0x22f4cc(%rip),%r8        # 866250 <anon.d17fe627e5d324ea66c61125bb898512.647.llvm.4602735538015308864+0x320>
  636d84:	48 8d 94 24 00 02 00 	lea    0x200(%rsp),%rdx
  636d8b:	00 
  636d8c:	be 2b 00 00 00       	mov    $0x2b,%esi
  636d91:	ff 15 f9 45 27 00    	call   *0x2745f9(%rip)        # 8ab390 <_DYNAMIC+0x348>
  636d97:	e9 4b 05 00 00       	jmp    6372e7 <fe2o3_kfd::engineering_gfx950::peer::combined_mlp_state_v1::tests::native::paired::interleaved::interleaved_exercise+0x5537>
  636d9c:	48 8b 84 24 78 0a 00 	mov    0xa78(%rsp),%rax
  636da3:	00 
  636da4:	48 89 84 24 00 02 00 	mov    %rax,0x200(%rsp)
  636dab:	00 
  636dac:	48 8d 3d 8d bb ba ff 	lea    -0x454473(%rip),%rdi        # 1e2940 <anon.d17fe627e5d324ea66c61125bb898512.153.llvm.4602735538015308864>
  636db3:	48 8d 0d 46 e1 22 00 	lea    0x22e146(%rip),%rcx        # 864f00 <anon.d17fe627e5d324ea66c61125bb898512.155.llvm.4602735538015308864+0x20>
  636dba:	4c 8d 05 8f f4 22 00 	lea    0x22f48f(%rip),%r8        # 866250 <anon.d17fe627e5d324ea66c61125bb898512.647.llvm.4602735538015308864+0x320>
  636dc1:	48 8d 94 24 00 02 00 	lea    0x200(%rsp),%rdx
  636dc8:	00 
  636dc9:	be 2b 00 00 00       	mov    $0x2b,%esi
  636dce:	ff 15 bc 45 27 00    	call   *0x2745bc(%rip)        # 8ab390 <_DYNAMIC+0x348>
  636dd4:	e9 0e 05 00 00       	jmp    6372e7 <fe2o3_kfd::engineering_gfx950::peer::combined_mlp_state_v1::tests::native::paired::interleaved::interleaved_exercise+0x5537>
  636dd9:	48 8b 84 24 78 0a 00 	mov    0xa78(%rsp),%rax
  636de0:	00 
  636de1:	48 89 84 24 00 02 00 	mov    %rax,0x200(%rsp)
  636de8:	00 
  636de9:	48 8d 3d 50 bb ba ff 	lea    -0x4544b0(%rip),%rdi        # 1e2940 <anon.d17fe627e5d324ea66c61125bb898512.153.llvm.4602735538015308864>
  636df0:	48 8d 0d 09 e1 22 00 	lea    0x22e109(%rip),%rcx        # 864f00 <anon.d17fe627e5d324ea66c61125bb898512.155.llvm.4602735538015308864+0x20>
  636df7:	4c 8d 05 52 f4 22 00 	lea    0x22f452(%rip),%r8        # 866250 <anon.d17fe627e5d324ea66c61125bb898512.647.llvm.4602735538015308864+0x320>
  636dfe:	48 8d 94 24 00 02 00 	lea    0x200(%rsp),%rdx
  636e05:	00 
  636e06:	be 2b 00 00 00       	mov    $0x2b,%esi
  636e0b:	ff 15 7f 45 27 00    	call   *0x27457f(%rip)        # 8ab390 <_DYNAMIC+0x348>
  636e11:	e9 d1 04 00 00       	jmp    6372e7 <fe2o3_kfd::engineering_gfx950::peer::combined_mlp_state_v1::tests::native::paired::interleaved::interleaved_exercise+0x5537>
  636e16:	48 8d 05 1b f5 22 00 	lea    0x22f51b(%rip),%rax        # 866338 <anon.d17fe627e5d324ea66c61125bb898512.647.llvm.4602735538015308864+0x408>
  636e1d:	be 0a 00 00 00       	mov    $0xa,%esi
  636e22:	48 89 d7             	mov    %rdx,%rdi
  636e25:	48 89 c2             	mov    %rax,%rdx
  636e28:	ff 15 d2 44 27 00    	call   *0x2744d2(%rip)        # 8ab300 <_DYNAMIC+0x2b8>
  636e2e:	e9 b4 04 00 00       	jmp    6372e7 <fe2o3_kfd::engineering_gfx950::peer::combined_mlp_state_v1::tests::native::paired::interleaved::interleaved_exercise+0x5537>
  636e33:	48 8b 84 24 18 02 00 	mov    0x218(%rsp),%rax
  636e3a:	00 
  636e3b:	48 89 44 24 27       	mov    %rax,0x27(%rsp)
  636e40:	0f 10 84 24 08 02 00 	movups 0x208(%rsp),%xmm0
  636e47:	00 
  636e48:	0f 11 44 24 17       	movups %xmm0,0x17(%rsp)
  636e4d:	49 89 47 18          	mov    %rax,0x18(%r15)
  636e51:	e9 0f fd ff ff       	jmp    636b65 <fe2o3_kfd::engineering_gfx950::peer::combined_mlp_state_v1::tests::native::paired::interleaved::interleaved_exercise+0x4db5>
  636e56:	48 8b 84 24 18 02 00 	mov    0x218(%rsp),%rax
  636e5d:	00 
  636e5e:	48 89 44 24 27       	mov    %rax,0x27(%rsp)
  636e63:	0f 10 84 24 08 02 00 	movups 0x208(%rsp),%xmm0
  636e6a:	00 
  636e6b:	0f 11 44 24 17       	movups %xmm0,0x17(%rsp)
  636e70:	49 89 47 18          	mov    %rax,0x18(%r15)
  636e74:	41 0f 11 47 08       	movups %xmm0,0x8(%r15)
  636e79:	41 c6 07 06          	movb   $0x6,(%r15)
  636e7d:	48 8d bc 24 a0 00 00 	lea    0xa0(%rsp),%rdi
  636e84:	00 
  636e85:	e8 c6 1c fd ff       	call   608b50 <core::ptr::drop_in_place::<serde_json::value::Value>>
  636e8a:	e9 b0 fc ff ff       	jmp    636b3f <fe2o3_kfd::engineering_gfx950::peer::combined_mlp_state_v1::tests::native::paired::interleaved::interleaved_exercise+0x4d8f>
  636e8f:	48 8b 84 24 08 02 00 	mov    0x208(%rsp),%rax
  636e96:	00 
  636e97:	48 89 44 24 10       	mov    %rax,0x10(%rsp)
  636e9c:	48 8d 3d 9d ba ba ff 	lea    -0x454563(%rip),%rdi        # 1e2940 <anon.d17fe627e5d324ea66c61125bb898512.153.llvm.4602735538015308864>
  636ea3:	48 8d 0d 56 e0 22 00 	lea    0x22e056(%rip),%rcx        # 864f00 <anon.d17fe627e5d324ea66c61125bb898512.155.llvm.4602735538015308864+0x20>
  636eaa:	4c 8d 05 57 f4 22 00 	lea    0x22f457(%rip),%r8        # 866308 <anon.d17fe627e5d324ea66c61125bb898512.647.llvm.4602735538015308864+0x3d8>
  636eb1:	48 8d 54 24 10       	lea    0x10(%rsp),%rdx
  636eb6:	be 2b 00 00 00       	mov    $0x2b,%esi
  636ebb:	ff 15 cf 44 27 00    	call   *0x2744cf(%rip)        # 8ab390 <_DYNAMIC+0x348>
  636ec1:	e9 21 04 00 00       	jmp    6372e7 <fe2o3_kfd::engineering_gfx950::peer::combined_mlp_state_v1::tests::native::paired::interleaved::interleaved_exercise+0x5537>
  636ec6:	48 8b 44 24 18       	mov    0x18(%rsp),%rax
  636ecb:	48 89 84 24 00 02 00 	mov    %rax,0x200(%rsp)
  636ed2:	00 
  636ed3:	48 8d 3d 66 ba ba ff 	lea    -0x45459a(%rip),%rdi        # 1e2940 <anon.d17fe627e5d324ea66c61125bb898512.153.llvm.4602735538015308864>
  636eda:	48 8d 0d 1f e0 22 00 	lea    0x22e01f(%rip),%rcx        # 864f00 <anon.d17fe627e5d324ea66c61125bb898512.155.llvm.4602735538015308864+0x20>
  636ee1:	4c 8d 05 20 f4 22 00 	lea    0x22f420(%rip),%r8        # 866308 <anon.d17fe627e5d324ea66c61125bb898512.647.llvm.4602735538015308864+0x3d8>
  636ee8:	48 8d 94 24 00 02 00 	lea    0x200(%rsp),%rdx
  636eef:	00 
  636ef0:	be 2b 00 00 00       	mov    $0x2b,%esi
  636ef5:	ff 15 95 44 27 00    	call   *0x274495(%rip)        # 8ab390 <_DYNAMIC+0x348>
  636efb:	e9 e7 03 00 00       	jmp    6372e7 <fe2o3_kfd::engineering_gfx950::peer::combined_mlp_state_v1::tests::native::paired::interleaved::interleaved_exercise+0x5537>
  636f00:	48 8b 84 24 08 02 00 	mov    0x208(%rsp),%rax
  636f07:	00 
  636f08:	48 89 44 24 10       	mov    %rax,0x10(%rsp)
  636f0d:	48 8d 3d 2c ba ba ff 	lea    -0x4545d4(%rip),%rdi        # 1e2940 <anon.d17fe627e5d324ea66c61125bb898512.153.llvm.4602735538015308864>
  636f14:	48 8d 0d e5 df 22 00 	lea    0x22dfe5(%rip),%rcx        # 864f00 <anon.d17fe627e5d324ea66c61125bb898512.155.llvm.4602735538015308864+0x20>
  636f1b:	4c 8d 05 e6 f3 22 00 	lea    0x22f3e6(%rip),%r8        # 866308 <anon.d17fe627e5d324ea66c61125bb898512.647.llvm.4602735538015308864+0x3d8>
  636f22:	48 8d 54 24 10       	lea    0x10(%rsp),%rdx
  636f27:	be 2b 00 00 00       	mov    $0x2b,%esi
  636f2c:	ff 15 5e 44 27 00    	call   *0x27445e(%rip)        # 8ab390 <_DYNAMIC+0x348>
  636f32:	e9 b0 03 00 00       	jmp    6372e7 <fe2o3_kfd::engineering_gfx950::peer::combined_mlp_state_v1::tests::native::paired::interleaved::interleaved_exercise+0x5537>
  636f37:	48 8b 44 24 18       	mov    0x18(%rsp),%rax
  636f3c:	48 89 84 24 00 02 00 	mov    %rax,0x200(%rsp)
  636f43:	00 
  636f44:	48 8d 3d f5 b9 ba ff 	lea    -0x45460b(%rip),%rdi        # 1e2940 <anon.d17fe627e5d324ea66c61125bb898512.153.llvm.4602735538015308864>
  636f4b:	48 8d 0d ae df 22 00 	lea    0x22dfae(%rip),%rcx        # 864f00 <anon.d17fe627e5d324ea66c61125bb898512.155.llvm.4602735538015308864+0x20>
  636f52:	4c 8d 05 af f3 22 00 	lea    0x22f3af(%rip),%r8        # 866308 <anon.d17fe627e5d324ea66c61125bb898512.647.llvm.4602735538015308864+0x3d8>
  636f59:	48 8d 94 24 00 02 00 	lea    0x200(%rsp),%rdx
  636f60:	00 
  636f61:	be 2b 00 00 00       	mov    $0x2b,%esi
  636f66:	ff 15 24 44 27 00    	call   *0x274424(%rip)        # 8ab390 <_DYNAMIC+0x348>
  636f6c:	e9 76 03 00 00       	jmp    6372e7 <fe2o3_kfd::engineering_gfx950::peer::combined_mlp_state_v1::tests::native::paired::interleaved::interleaved_exercise+0x5537>
  636f71:	48 8b 84 24 08 02 00 	mov    0x208(%rsp),%rax
  636f78:	00 
  636f79:	48 89 44 24 10       	mov    %rax,0x10(%rsp)
  636f7e:	48 8d 3d bb b9 ba ff 	lea    -0x454645(%rip),%rdi        # 1e2940 <anon.d17fe627e5d324ea66c61125bb898512.153.llvm.4602735538015308864>
  636f85:	48 8d 0d 74 df 22 00 	lea    0x22df74(%rip),%rcx        # 864f00 <anon.d17fe627e5d324ea66c61125bb898512.155.llvm.4602735538015308864+0x20>
  636f8c:	4c 8d 05 75 f3 22 00 	lea    0x22f375(%rip),%r8        # 866308 <anon.d17fe627e5d324ea66c61125bb898512.647.llvm.4602735538015308864+0x3d8>
  636f93:	48 8d 54 24 10       	lea    0x10(%rsp),%rdx
  636f98:	be 2b 00 00 00       	mov    $0x2b,%esi
  636f9d:	ff 15 ed 43 27 00    	call   *0x2743ed(%rip)        # 8ab390 <_DYNAMIC+0x348>
  636fa3:	e9 3f 03 00 00       	jmp    6372e7 <fe2o3_kfd::engineering_gfx950::peer::combined_mlp_state_v1::tests::native::paired::interleaved::interleaved_exercise+0x5537>
  636fa8:	48 8b 44 24 18       	mov    0x18(%rsp),%rax
  636fad:	48 89 84 24 00 02 00 	mov    %rax,0x200(%rsp)
  636fb4:	00 
  636fb5:	48 8d 3d 84 b9 ba ff 	lea    -0x45467c(%rip),%rdi        # 1e2940 <anon.d17fe627e5d324ea66c61125bb898512.153.llvm.4602735538015308864>
  636fbc:	48 8d 0d 3d df 22 00 	lea    0x22df3d(%rip),%rcx        # 864f00 <anon.d17fe627e5d324ea66c61125bb898512.155.llvm.4602735538015308864+0x20>
  636fc3:	4c 8d 05 3e f3 22 00 	lea    0x22f33e(%rip),%r8        # 866308 <anon.d17fe627e5d324ea66c61125bb898512.647.llvm.4602735538015308864+0x3d8>
  636fca:	48 8d 94 24 00 02 00 	lea    0x200(%rsp),%rdx
  636fd1:	00 
  636fd2:	be 2b 00 00 00       	mov    $0x2b,%esi
  636fd7:	ff 15 b3 43 27 00    	call   *0x2743b3(%rip)        # 8ab390 <_DYNAMIC+0x348>
  636fdd:	e9 05 03 00 00       	jmp    6372e7 <fe2o3_kfd::engineering_gfx950::peer::combined_mlp_state_v1::tests::native::paired::interleaved::interleaved_exercise+0x5537>
  636fe2:	48 8b 84 24 08 02 00 	mov    0x208(%rsp),%rax
  636fe9:	00 
  636fea:	48 89 44 24 10       	mov    %rax,0x10(%rsp)
  636fef:	48 8d 3d 4a b9 ba ff 	lea    -0x4546b6(%rip),%rdi        # 1e2940 <anon.d17fe627e5d324ea66c61125bb898512.153.llvm.4602735538015308864>
  636ff6:	48 8d 0d 03 df 22 00 	lea    0x22df03(%rip),%rcx        # 864f00 <anon.d17fe627e5d324ea66c61125bb898512.155.llvm.4602735538015308864+0x20>
  636ffd:	4c 8d 05 04 f3 22 00 	lea    0x22f304(%rip),%r8        # 866308 <anon.d17fe627e5d324ea66c61125bb898512.647.llvm.4602735538015308864+0x3d8>
  637004:	48 8d 54 24 10       	lea    0x10(%rsp),%rdx
  637009:	be 2b 00 00 00       	mov    $0x2b,%esi
  63700e:	ff 15 7c 43 27 00    	call   *0x27437c(%rip)        # 8ab390 <_DYNAMIC+0x348>
  637014:	e9 ce 02 00 00       	jmp    6372e7 <fe2o3_kfd::engineering_gfx950::peer::combined_mlp_state_v1::tests::native::paired::interleaved::interleaved_exercise+0x5537>
  637019:	48 8b 84 24 08 02 00 	mov    0x208(%rsp),%rax
  637020:	00 
  637021:	48 89 44 24 10       	mov    %rax,0x10(%rsp)
  637026:	48 8d 3d 13 b9 ba ff 	lea    -0x4546ed(%rip),%rdi        # 1e2940 <anon.d17fe627e5d324ea66c61125bb898512.153.llvm.4602735538015308864>
  63702d:	48 8d 0d cc de 22 00 	lea    0x22decc(%rip),%rcx        # 864f00 <anon.d17fe627e5d324ea66c61125bb898512.155.llvm.4602735538015308864+0x20>
  637034:	4c 8d 05 cd f2 22 00 	lea    0x22f2cd(%rip),%r8        # 866308 <anon.d17fe627e5d324ea66c61125bb898512.647.llvm.4602735538015308864+0x3d8>
  63703b:	48 8d 54 24 10       	lea    0x10(%rsp),%rdx
  637040:	be 2b 00 00 00       	mov    $0x2b,%esi
  637045:	ff 15 45 43 27 00    	call   *0x274345(%rip)        # 8ab390 <_DYNAMIC+0x348>
  63704b:	e9 97 02 00 00       	jmp    6372e7 <fe2o3_kfd::engineering_gfx950::peer::combined_mlp_state_v1::tests::native::paired::interleaved::interleaved_exercise+0x5537>
  637050:	48 8b 84 24 08 02 00 	mov    0x208(%rsp),%rax
  637057:	00 
  637058:	48 89 44 24 10       	mov    %rax,0x10(%rsp)
  63705d:	48 8d 3d dc b8 ba ff 	lea    -0x454724(%rip),%rdi        # 1e2940 <anon.d17fe627e5d324ea66c61125bb898512.153.llvm.4602735538015308864>
  637064:	48 8d 0d 95 de 22 00 	lea    0x22de95(%rip),%rcx        # 864f00 <anon.d17fe627e5d324ea66c61125bb898512.155.llvm.4602735538015308864+0x20>
  63706b:	4c 8d 05 96 f2 22 00 	lea    0x22f296(%rip),%r8        # 866308 <anon.d17fe627e5d324ea66c61125bb898512.647.llvm.4602735538015308864+0x3d8>
  637072:	48 8d 54 24 10       	lea    0x10(%rsp),%rdx
  637077:	be 2b 00 00 00       	mov    $0x2b,%esi
  63707c:	ff 15 0e 43 27 00    	call   *0x27430e(%rip)        # 8ab390 <_DYNAMIC+0x348>
  637082:	e9 60 02 00 00       	jmp    6372e7 <fe2o3_kfd::engineering_gfx950::peer::combined_mlp_state_v1::tests::native::paired::interleaved::interleaved_exercise+0x5537>
  637087:	48 8d 3d 82 f1 22 00 	lea    0x22f182(%rip),%rdi        # 866210 <anon.d17fe627e5d324ea66c61125bb898512.647.llvm.4602735538015308864+0x2e0>
  63708e:	ff 15 04 43 27 00    	call   *0x274304(%rip)        # 8ab398 <_DYNAMIC+0x350>
  637094:	e9 4e 02 00 00       	jmp    6372e7 <fe2o3_kfd::engineering_gfx950::peer::combined_mlp_state_v1::tests::native::paired::interleaved::interleaved_exercise+0x5537>
  637099:	48 8d 3d 88 f1 22 00 	lea    0x22f188(%rip),%rdi        # 866228 <anon.d17fe627e5d324ea66c61125bb898512.647.llvm.4602735538015308864+0x2f8>
  6370a0:	ff 15 6a 42 27 00    	call   *0x27426a(%rip)        # 8ab310 <_DYNAMIC+0x2c8>
  6370a6:	e9 3c 02 00 00       	jmp    6372e7 <fe2o3_kfd::engineering_gfx950::peer::combined_mlp_state_v1::tests::native::paired::interleaved::interleaved_exercise+0x5537>
  6370ab:	48 8d 3d b6 f1 22 00 	lea    0x22f1b6(%rip),%rdi        # 866268 <anon.d17fe627e5d324ea66c61125bb898512.647.llvm.4602735538015308864+0x338>
  6370b2:	ff 15 e0 42 27 00    	call   *0x2742e0(%rip)        # 8ab398 <_DYNAMIC+0x350>
  6370b8:	e9 2a 02 00 00       	jmp    6372e7 <fe2o3_kfd::engineering_gfx950::peer::combined_mlp_state_v1::tests::native::paired::interleaved::interleaved_exercise+0x5537>
  6370bd:	48 8d 05 d4 f1 22 00 	lea    0x22f1d4(%rip),%rax        # 866298 <anon.d17fe627e5d324ea66c61125bb898512.647.llvm.4602735538015308864+0x368>
  6370c4:	48 89 84 24 e8 05 00 	mov    %rax,0x5e8(%rsp)
  6370cb:	00 
  6370cc:	48 8b bc 24 d8 00 00 	mov    0xd8(%rsp),%rdi
  6370d3:	00 
  6370d4:	48 8b 94 24 e8 05 00 	mov    0x5e8(%rsp),%rdx
  6370db:	00 
  6370dc:	ff 15 1e 42 27 00    	call   *0x27421e(%rip)        # 8ab300 <_DYNAMIC+0x2b8>
  6370e2:	e9 00 02 00 00       	jmp    6372e7 <fe2o3_kfd::engineering_gfx950::peer::combined_mlp_state_v1::tests::native::paired::interleaved::interleaved_exercise+0x5537>
  6370e7:	48 8d 05 c2 f1 22 00 	lea    0x22f1c2(%rip),%rax        # 8662b0 <anon.d17fe627e5d324ea66c61125bb898512.647.llvm.4602735538015308864+0x380>
  6370ee:	48 89 84 24 e0 05 00 	mov    %rax,0x5e0(%rsp)
  6370f5:	00 
  6370f6:	48 8b bc 24 e0 05 00 	mov    0x5e0(%rsp),%rdi
  6370fd:	00 
  6370fe:	ff 15 0c 42 27 00    	call   *0x27420c(%rip)        # 8ab310 <_DYNAMIC+0x2c8>
  637104:	e9 de 01 00 00       	jmp    6372e7 <fe2o3_kfd::engineering_gfx950::peer::combined_mlp_state_v1::tests::native::paired::interleaved::interleaved_exercise+0x5537>
  637109:	48 8d 15 b8 f1 22 00 	lea    0x22f1b8(%rip),%rdx        # 8662c8 <anon.d17fe627e5d324ea66c61125bb898512.647.llvm.4602735538015308864+0x398>
  637110:	be 04 00 00 00       	mov    $0x4,%esi
  637115:	48 8b bc 24 d8 00 00 	mov    0xd8(%rsp),%rdi
  63711c:	00 
  63711d:	ff 15 dd 41 27 00    	call   *0x2741dd(%rip)        # 8ab300 <_DYNAMIC+0x2b8>
  637123:	e9 bf 01 00 00       	jmp    6372e7 <fe2o3_kfd::engineering_gfx950::peer::combined_mlp_state_v1::tests::native::paired::interleaved::interleaved_exercise+0x5537>
  637128:	48 8b 84 24 08 02 00 	mov    0x208(%rsp),%rax
  63712f:	00 
  637130:	48 89 44 24 10       	mov    %rax,0x10(%rsp)
  637135:	48 8d 3d 04 b8 ba ff 	lea    -0x4547fc(%rip),%rdi        # 1e2940 <anon.d17fe627e5d324ea66c61125bb898512.153.llvm.4602735538015308864>
  63713c:	48 8d 0d bd dd 22 00 	lea    0x22ddbd(%rip),%rcx        # 864f00 <anon.d17fe627e5d324ea66c61125bb898512.155.llvm.4602735538015308864+0x20>
  637143:	4c 8d 05 a6 f1 22 00 	lea    0x22f1a6(%rip),%r8        # 8662f0 <anon.d17fe627e5d324ea66c61125bb898512.647.llvm.4602735538015308864+0x3c0>
  63714a:	48 8d 54 24 10       	lea    0x10(%rsp),%rdx
  63714f:	be 2b 00 00 00       	mov    $0x2b,%esi
  637154:	ff 15 36 42 27 00    	call   *0x274236(%rip)        # 8ab390 <_DYNAMIC+0x348>
  63715a:	e9 88 01 00 00       	jmp    6372e7 <fe2o3_kfd::engineering_gfx950::peer::combined_mlp_state_v1::tests::native::paired::interleaved::interleaved_exercise+0x5537>
  63715f:	48 8b 84 24 08 02 00 	mov    0x208(%rsp),%rax
  637166:	00 
  637167:	48 89 44 24 10       	mov    %rax,0x10(%rsp)
  63716c:	48 8d 3d cd b7 ba ff 	lea    -0x454833(%rip),%rdi        # 1e2940 <anon.d17fe627e5d324ea66c61125bb898512.153.llvm.4602735538015308864>
  637173:	48 8d 0d 86 dd 22 00 	lea    0x22dd86(%rip),%rcx        # 864f00 <anon.d17fe627e5d324ea66c61125bb898512.155.llvm.4602735538015308864+0x20>
  63717a:	4c 8d 05 6f f1 22 00 	lea    0x22f16f(%rip),%r8        # 8662f0 <anon.d17fe627e5d324ea66c61125bb898512.647.llvm.4602735538015308864+0x3c0>
  637181:	48 8d 54 24 10       	lea    0x10(%rsp),%rdx
  637186:	be 2b 00 00 00       	mov    $0x2b,%esi
  63718b:	ff 15 ff 41 27 00    	call   *0x2741ff(%rip)        # 8ab390 <_DYNAMIC+0x348>
  637191:	e9 51 01 00 00       	jmp    6372e7 <fe2o3_kfd::engineering_gfx950::peer::combined_mlp_state_v1::tests::native::paired::interleaved::interleaved_exercise+0x5537>
  637196:	48 8b 84 24 08 02 00 	mov    0x208(%rsp),%rax
  63719d:	00 
  63719e:	48 89 44 24 10       	mov    %rax,0x10(%rsp)
  6371a3:	48 8d 3d 96 b7 ba ff 	lea    -0x45486a(%rip),%rdi        # 1e2940 <anon.d17fe627e5d324ea66c61125bb898512.153.llvm.4602735538015308864>
  6371aa:	48 8d 0d 4f dd 22 00 	lea    0x22dd4f(%rip),%rcx        # 864f00 <anon.d17fe627e5d324ea66c61125bb898512.155.llvm.4602735538015308864+0x20>
  6371b1:	4c 8d 05 38 f1 22 00 	lea    0x22f138(%rip),%r8        # 8662f0 <anon.d17fe627e5d324ea66c61125bb898512.647.llvm.4602735538015308864+0x3c0>
  6371b8:	48 8d 54 24 10       	lea    0x10(%rsp),%rdx
  6371bd:	be 2b 00 00 00       	mov    $0x2b,%esi
  6371c2:	ff 15 c8 41 27 00    	call   *0x2741c8(%rip)        # 8ab390 <_DYNAMIC+0x348>
  6371c8:	e9 1a 01 00 00       	jmp    6372e7 <fe2o3_kfd::engineering_gfx950::peer::combined_mlp_state_v1::tests::native::paired::interleaved::interleaved_exercise+0x5537>
  6371cd:	48 8b 84 24 08 02 00 	mov    0x208(%rsp),%rax
  6371d4:	00 
  6371d5:	48 89 44 24 10       	mov    %rax,0x10(%rsp)
  6371da:	48 8d 3d 5f b7 ba ff 	lea    -0x4548a1(%rip),%rdi        # 1e2940 <anon.d17fe627e5d324ea66c61125bb898512.153.llvm.4602735538015308864>
  6371e1:	48 8d 0d 18 dd 22 00 	lea    0x22dd18(%rip),%rcx        # 864f00 <anon.d17fe627e5d324ea66c61125bb898512.155.llvm.4602735538015308864+0x20>
  6371e8:	4c 8d 05 01 f1 22 00 	lea    0x22f101(%rip),%r8        # 8662f0 <anon.d17fe627e5d324ea66c61125bb898512.647.llvm.4602735538015308864+0x3c0>
  6371ef:	48 8d 54 24 10       	lea    0x10(%rsp),%rdx
  6371f4:	be 2b 00 00 00       	mov    $0x2b,%esi
  6371f9:	ff 15 91 41 27 00    	call   *0x274191(%rip)        # 8ab390 <_DYNAMIC+0x348>
  6371ff:	e9 e3 00 00 00       	jmp    6372e7 <fe2o3_kfd::engineering_gfx950::peer::combined_mlp_state_v1::tests::native::paired::interleaved::interleaved_exercise+0x5537>
  637204:	48 8b 84 24 08 02 00 	mov    0x208(%rsp),%rax
  63720b:	00 
  63720c:	48 89 44 24 10       	mov    %rax,0x10(%rsp)
  637211:	48 8d 3d 28 b7 ba ff 	lea    -0x4548d8(%rip),%rdi        # 1e2940 <anon.d17fe627e5d324ea66c61125bb898512.153.llvm.4602735538015308864>
  637218:	48 8d 0d e1 dc 22 00 	lea    0x22dce1(%rip),%rcx        # 864f00 <anon.d17fe627e5d324ea66c61125bb898512.155.llvm.4602735538015308864+0x20>
  63721f:	4c 8d 05 ca f0 22 00 	lea    0x22f0ca(%rip),%r8        # 8662f0 <anon.d17fe627e5d324ea66c61125bb898512.647.llvm.4602735538015308864+0x3c0>
  637226:	48 8d 54 24 10       	lea    0x10(%rsp),%rdx
  63722b:	be 2b 00 00 00       	mov    $0x2b,%esi
  637230:	ff 15 5a 41 27 00    	call   *0x27415a(%rip)        # 8ab390 <_DYNAMIC+0x348>
  637236:	e9 ac 00 00 00       	jmp    6372e7 <fe2o3_kfd::engineering_gfx950::peer::combined_mlp_state_v1::tests::native::paired::interleaved::interleaved_exercise+0x5537>
  63723b:	48 8b 84 24 78 0a 00 	mov    0xa78(%rsp),%rax
  637242:	00 
  637243:	48 89 84 24 00 02 00 	mov    %rax,0x200(%rsp)
  63724a:	00 
  63724b:	48 8d 3d ee b6 ba ff 	lea    -0x454912(%rip),%rdi        # 1e2940 <anon.d17fe627e5d324ea66c61125bb898512.153.llvm.4602735538015308864>
  637252:	48 8d 0d a7 dc 22 00 	lea    0x22dca7(%rip),%rcx        # 864f00 <anon.d17fe627e5d324ea66c61125bb898512.155.llvm.4602735538015308864+0x20>
  637259:	4c 8d 05 88 ef 22 00 	lea    0x22ef88(%rip),%r8        # 8661e8 <anon.d17fe627e5d324ea66c61125bb898512.647.llvm.4602735538015308864+0x2b8>
  637260:	48 8d 94 24 00 02 00 	lea    0x200(%rsp),%rdx
  637267:	00 
  637268:	be 2b 00 00 00       	mov    $0x2b,%esi
  63726d:	ff 15 1d 41 27 00    	call   *0x27411d(%rip)        # 8ab390 <_DYNAMIC+0x348>
  637273:	eb 72                	jmp    6372e7 <fe2o3_kfd::engineering_gfx950::peer::combined_mlp_state_v1::tests::native::paired::interleaved::interleaved_exercise+0x5537>
  637275:	48 8b 84 24 78 0a 00 	mov    0xa78(%rsp),%rax
  63727c:	00 
  63727d:	48 89 84 24 00 02 00 	mov    %rax,0x200(%rsp)
  637284:	00 
  637285:	48 8d 3d b4 b6 ba ff 	lea    -0x45494c(%rip),%rdi        # 1e2940 <anon.d17fe627e5d324ea66c61125bb898512.153.llvm.4602735538015308864>
  63728c:	48 8d 0d 6d dc 22 00 	lea    0x22dc6d(%rip),%rcx        # 864f00 <anon.d17fe627e5d324ea66c61125bb898512.155.llvm.4602735538015308864+0x20>
  637293:	4c 8d 05 4e ef 22 00 	lea    0x22ef4e(%rip),%r8        # 8661e8 <anon.d17fe627e5d324ea66c61125bb898512.647.llvm.4602735538015308864+0x2b8>
  63729a:	48 8d 94 24 00 02 00 	lea    0x200(%rsp),%rdx
  6372a1:	00 
  6372a2:	be 2b 00 00 00       	mov    $0x2b,%esi
  6372a7:	ff 15 e3 40 27 00    	call   *0x2740e3(%rip)        # 8ab390 <_DYNAMIC+0x348>
  6372ad:	eb 38                	jmp    6372e7 <fe2o3_kfd::engineering_gfx950::peer::combined_mlp_state_v1::tests::native::paired::interleaved::interleaved_exercise+0x5537>
  6372af:	48 8b 84 24 78 0a 00 	mov    0xa78(%rsp),%rax
  6372b6:	00 
  6372b7:	48 89 84 24 00 02 00 	mov    %rax,0x200(%rsp)
  6372be:	00 
  6372bf:	48 8d 3d 7a b6 ba ff 	lea    -0x454986(%rip),%rdi        # 1e2940 <anon.d17fe627e5d324ea66c61125bb898512.153.llvm.4602735538015308864>
  6372c6:	48 8d 0d 33 dc 22 00 	lea    0x22dc33(%rip),%rcx        # 864f00 <anon.d17fe627e5d324ea66c61125bb898512.155.llvm.4602735538015308864+0x20>
  6372cd:	4c 8d 05 14 ef 22 00 	lea    0x22ef14(%rip),%r8        # 8661e8 <anon.d17fe627e5d324ea66c61125bb898512.647.llvm.4602735538015308864+0x2b8>
  6372d4:	48 8d 94 24 00 02 00 	lea    0x200(%rsp),%rdx
  6372db:	00 
  6372dc:	be 2b 00 00 00       	mov    $0x2b,%esi
  6372e1:	ff 15 a9 40 27 00    	call   *0x2740a9(%rip)        # 8ab390 <_DYNAMIC+0x348>
  6372e7:	0f 0b                	ud2
  6372e9:	48 89 c3             	mov    %rax,%rbx
  6372ec:	48 8d bc 24 00 02 00 	lea    0x200(%rsp),%rdi
  6372f3:	00 
  6372f4:	e8 c7 17 fd ff       	call   608ac0 <core::ptr::drop_in_place::<serde_json::error::Error>>
  6372f9:	e9 e0 00 00 00       	jmp    6373de <fe2o3_kfd::engineering_gfx950::peer::combined_mlp_state_v1::tests::native::paired::interleaved::interleaved_exercise+0x562e>
  6372fe:	ff 15 dc 3f 27 00    	call   *0x273fdc(%rip)        # 8ab2e0 <_DYNAMIC+0x298>
  637304:	48 89 c3             	mov    %rax,%rbx
  637307:	48 8d bc 24 00 02 00 	lea    0x200(%rsp),%rdi
  63730e:	00 
  63730f:	e8 ac 17 fd ff       	call   608ac0 <core::ptr::drop_in_place::<serde_json::error::Error>>
  637314:	e9 c5 00 00 00       	jmp    6373de <fe2o3_kfd::engineering_gfx950::peer::combined_mlp_state_v1::tests::native::paired::interleaved::interleaved_exercise+0x562e>
  637319:	ff 15 c1 3f 27 00    	call   *0x273fc1(%rip)        # 8ab2e0 <_DYNAMIC+0x298>
  63731f:	48 89 c3             	mov    %rax,%rbx
  637322:	48 8d bc 24 00 02 00 	lea    0x200(%rsp),%rdi
  637329:	00 
  63732a:	e8 91 17 fd ff       	call   608ac0 <core::ptr::drop_in_place::<serde_json::error::Error>>
  63732f:	e9 aa 00 00 00       	jmp    6373de <fe2o3_kfd::engineering_gfx950::peer::combined_mlp_state_v1::tests::native::paired::interleaved::interleaved_exercise+0x562e>
  637334:	ff 15 a6 3f 27 00    	call   *0x273fa6(%rip)        # 8ab2e0 <_DYNAMIC+0x298>
  63733a:	48 89 c3             	mov    %rax,%rbx
  63733d:	48 8d 7c 24 10       	lea    0x10(%rsp),%rdi
  637342:	e8 79 17 fd ff       	call   608ac0 <core::ptr::drop_in_place::<serde_json::error::Error>>
  637347:	e9 e5 00 00 00       	jmp    637431 <fe2o3_kfd::engineering_gfx950::peer::combined_mlp_state_v1::tests::native::paired::interleaved::interleaved_exercise+0x5681>
  63734c:	ff 15 8e 3f 27 00    	call   *0x273f8e(%rip)        # 8ab2e0 <_DYNAMIC+0x298>
  637352:	48 89 c3             	mov    %rax,%rbx
  637355:	48 8d 7c 24 10       	lea    0x10(%rsp),%rdi
  63735a:	e8 61 17 fd ff       	call   608ac0 <core::ptr::drop_in_place::<serde_json::error::Error>>
  63735f:	e9 cd 00 00 00       	jmp    637431 <fe2o3_kfd::engineering_gfx950::peer::combined_mlp_state_v1::tests::native::paired::interleaved::interleaved_exercise+0x5681>
  637364:	ff 15 76 3f 27 00    	call   *0x273f76(%rip)        # 8ab2e0 <_DYNAMIC+0x298>
  63736a:	48 89 c3             	mov    %rax,%rbx
  63736d:	48 8d 7c 24 10       	lea    0x10(%rsp),%rdi
  637372:	e8 49 17 fd ff       	call   608ac0 <core::ptr::drop_in_place::<serde_json::error::Error>>
  637377:	e9 b5 00 00 00       	jmp    637431 <fe2o3_kfd::engineering_gfx950::peer::combined_mlp_state_v1::tests::native::paired::interleaved::interleaved_exercise+0x5681>
  63737c:	ff 15 5e 3f 27 00    	call   *0x273f5e(%rip)        # 8ab2e0 <_DYNAMIC+0x298>
  637382:	48 89 c3             	mov    %rax,%rbx
  637385:	48 8d 7c 24 10       	lea    0x10(%rsp),%rdi
  63738a:	e8 31 17 fd ff       	call   608ac0 <core::ptr::drop_in_place::<serde_json::error::Error>>
  63738f:	e9 9d 00 00 00       	jmp    637431 <fe2o3_kfd::engineering_gfx950::peer::combined_mlp_state_v1::tests::native::paired::interleaved::interleaved_exercise+0x5681>
  637394:	ff 15 46 3f 27 00    	call   *0x273f46(%rip)        # 8ab2e0 <_DYNAMIC+0x298>
  63739a:	48 89 c3             	mov    %rax,%rbx
  63739d:	48 8d 7c 24 10       	lea    0x10(%rsp),%rdi
  6373a2:	e8 19 17 fd ff       	call   608ac0 <core::ptr::drop_in_place::<serde_json::error::Error>>
  6373a7:	e9 85 00 00 00       	jmp    637431 <fe2o3_kfd::engineering_gfx950::peer::combined_mlp_state_v1::tests::native::paired::interleaved::interleaved_exercise+0x5681>
  6373ac:	ff 15 2e 3f 27 00    	call   *0x273f2e(%rip)        # 8ab2e0 <_DYNAMIC+0x298>
  6373b2:	e9 b0 00 00 00       	jmp    637467 <fe2o3_kfd::engineering_gfx950::peer::combined_mlp_state_v1::tests::native::paired::interleaved::interleaved_exercise+0x56b7>
  6373b7:	e9 b3 00 00 00       	jmp    63746f <fe2o3_kfd::engineering_gfx950::peer::combined_mlp_state_v1::tests::native::paired::interleaved::interleaved_exercise+0x56bf>
  6373bc:	48 89 c3             	mov    %rax,%rbx
  6373bf:	e9 1f 05 00 00       	jmp    6378e3 <fe2o3_kfd::engineering_gfx950::peer::combined_mlp_state_v1::tests::native::paired::interleaved::interleaved_exercise+0x5b33>
  6373c4:	eb 10                	jmp    6373d6 <fe2o3_kfd::engineering_gfx950::peer::combined_mlp_state_v1::tests::native::paired::interleaved::interleaved_exercise+0x5626>
  6373c6:	eb 0e                	jmp    6373d6 <fe2o3_kfd::engineering_gfx950::peer::combined_mlp_state_v1::tests::native::paired::interleaved::interleaved_exercise+0x5626>
  6373c8:	eb 11                	jmp    6373db <fe2o3_kfd::engineering_gfx950::peer::combined_mlp_state_v1::tests::native::paired::interleaved::interleaved_exercise+0x562b>
  6373ca:	eb 0a                	jmp    6373d6 <fe2o3_kfd::engineering_gfx950::peer::combined_mlp_state_v1::tests::native::paired::interleaved::interleaved_exercise+0x5626>
  6373cc:	eb 08                	jmp    6373d6 <fe2o3_kfd::engineering_gfx950::peer::combined_mlp_state_v1::tests::native::paired::interleaved::interleaved_exercise+0x5626>
  6373ce:	eb 06                	jmp    6373d6 <fe2o3_kfd::engineering_gfx950::peer::combined_mlp_state_v1::tests::native::paired::interleaved::interleaved_exercise+0x5626>
  6373d0:	eb 04                	jmp    6373d6 <fe2o3_kfd::engineering_gfx950::peer::combined_mlp_state_v1::tests::native::paired::interleaved::interleaved_exercise+0x5626>
  6373d2:	eb 02                	jmp    6373d6 <fe2o3_kfd::engineering_gfx950::peer::combined_mlp_state_v1::tests::native::paired::interleaved::interleaved_exercise+0x5626>
  6373d4:	eb 05                	jmp    6373db <fe2o3_kfd::engineering_gfx950::peer::combined_mlp_state_v1::tests::native::paired::interleaved::interleaved_exercise+0x562b>
  6373d6:	48 89 c3             	mov    %rax,%rbx
  6373d9:	eb 0d                	jmp    6373e8 <fe2o3_kfd::engineering_gfx950::peer::combined_mlp_state_v1::tests::native::paired::interleaved::interleaved_exercise+0x5638>
  6373db:	48 89 c3             	mov    %rax,%rbx
  6373de:	48 8d 7c 24 10       	lea    0x10(%rsp),%rdi
  6373e3:	e8 78 08 fd ff       	call   607c60 <core::ptr::drop_in_place::<alloc::string::String>>
  6373e8:	48 8d 7c 24 30       	lea    0x30(%rsp),%rdi
  6373ed:	e8 3e eb f0 ff       	call   545f30 <<alloc::collections::btree::map::BTreeMap<alloc::string::String, serde_json::value::Value> as core::ops::drop::Drop>::drop>
  6373f2:	e9 df 04 00 00       	jmp    6378d6 <fe2o3_kfd::engineering_gfx950::peer::combined_mlp_state_v1::tests::native::paired::interleaved::interleaved_exercise+0x5b26>
  6373f7:	48 89 c3             	mov    %rax,%rbx
  6373fa:	e9 d7 04 00 00       	jmp    6378d6 <fe2o3_kfd::engineering_gfx950::peer::combined_mlp_state_v1::tests::native::paired::interleaved::interleaved_exercise+0x5b26>
  6373ff:	eb 66                	jmp    637467 <fe2o3_kfd::engineering_gfx950::peer::combined_mlp_state_v1::tests::native::paired::interleaved::interleaved_exercise+0x56b7>
  637401:	48 89 c3             	mov    %rax,%rbx
  637404:	eb 4f                	jmp    637455 <fe2o3_kfd::engineering_gfx950::peer::combined_mlp_state_v1::tests::native::paired::interleaved::interleaved_exercise+0x56a5>
  637406:	48 89 c3             	mov    %rax,%rbx
  637409:	eb 3d                	jmp    637448 <fe2o3_kfd::engineering_gfx950::peer::combined_mlp_state_v1::tests::native::paired::interleaved::interleaved_exercise+0x5698>
  63740b:	eb 1c                	jmp    637429 <fe2o3_kfd::engineering_gfx950::peer::combined_mlp_state_v1::tests::native::paired::interleaved::interleaved_exercise+0x5679>
  63740d:	eb 1a                	jmp    637429 <fe2o3_kfd::engineering_gfx950::peer::combined_mlp_state_v1::tests::native::paired::interleaved::interleaved_exercise+0x5679>
  63740f:	eb 18                	jmp    637429 <fe2o3_kfd::engineering_gfx950::peer::combined_mlp_state_v1::tests::native::paired::interleaved::interleaved_exercise+0x5679>
  637411:	eb 1b                	jmp    63742e <fe2o3_kfd::engineering_gfx950::peer::combined_mlp_state_v1::tests::native::paired::interleaved::interleaved_exercise+0x567e>
  637413:	eb 14                	jmp    637429 <fe2o3_kfd::engineering_gfx950::peer::combined_mlp_state_v1::tests::native::paired::interleaved::interleaved_exercise+0x5679>
  637415:	eb 17                	jmp    63742e <fe2o3_kfd::engineering_gfx950::peer::combined_mlp_state_v1::tests::native::paired::interleaved::interleaved_exercise+0x567e>
  637417:	eb 10                	jmp    637429 <fe2o3_kfd::engineering_gfx950::peer::combined_mlp_state_v1::tests::native::paired::interleaved::interleaved_exercise+0x5679>
  637419:	eb 13                	jmp    63742e <fe2o3_kfd::engineering_gfx950::peer::combined_mlp_state_v1::tests::native::paired::interleaved::interleaved_exercise+0x567e>
  63741b:	eb 0c                	jmp    637429 <fe2o3_kfd::engineering_gfx950::peer::combined_mlp_state_v1::tests::native::paired::interleaved::interleaved_exercise+0x5679>
  63741d:	eb 0f                	jmp    63742e <fe2o3_kfd::engineering_gfx950::peer::combined_mlp_state_v1::tests::native::paired::interleaved::interleaved_exercise+0x567e>
  63741f:	eb 08                	jmp    637429 <fe2o3_kfd::engineering_gfx950::peer::combined_mlp_state_v1::tests::native::paired::interleaved::interleaved_exercise+0x5679>
  637421:	eb 06                	jmp    637429 <fe2o3_kfd::engineering_gfx950::peer::combined_mlp_state_v1::tests::native::paired::interleaved::interleaved_exercise+0x5679>
  637423:	eb 04                	jmp    637429 <fe2o3_kfd::engineering_gfx950::peer::combined_mlp_state_v1::tests::native::paired::interleaved::interleaved_exercise+0x5679>
  637425:	eb 02                	jmp    637429 <fe2o3_kfd::engineering_gfx950::peer::combined_mlp_state_v1::tests::native::paired::interleaved::interleaved_exercise+0x5679>
  637427:	eb 00                	jmp    637429 <fe2o3_kfd::engineering_gfx950::peer::combined_mlp_state_v1::tests::native::paired::interleaved::interleaved_exercise+0x5679>
  637429:	48 89 c3             	mov    %rax,%rbx
  63742c:	eb 0d                	jmp    63743b <fe2o3_kfd::engineering_gfx950::peer::combined_mlp_state_v1::tests::native::paired::interleaved::interleaved_exercise+0x568b>
  63742e:	48 89 c3             	mov    %rax,%rbx
  637431:	48 8d 7c 24 60       	lea    0x60(%rsp),%rdi
  637436:	e8 25 08 fd ff       	call   607c60 <core::ptr::drop_in_place::<alloc::string::String>>
  63743b:	48 8d bc 24 c0 00 00 	lea    0xc0(%rsp),%rdi
  637442:	00 
  637443:	e8 e8 ea f0 ff       	call   545f30 <<alloc::collections::btree::map::BTreeMap<alloc::string::String, serde_json::value::Value> as core::ops::drop::Drop>::drop>
  637448:	48 8d bc 24 80 00 00 	lea    0x80(%rsp),%rdi
  63744f:	00 
  637450:	e8 fb 16 fd ff       	call   608b50 <core::ptr::drop_in_place::<serde_json::value::Value>>
  637455:	48 8d bc 24 a0 00 00 	lea    0xa0(%rsp),%rdi
  63745c:	00 
  63745d:	e8 ee 16 fd ff       	call   608b50 <core::ptr::drop_in_place::<serde_json::value::Value>>
  637462:	e9 62 04 00 00       	jmp    6378c9 <fe2o3_kfd::engineering_gfx950::peer::combined_mlp_state_v1::tests::native::paired::interleaved::interleaved_exercise+0x5b19>
  637467:	48 89 c3             	mov    %rax,%rbx
  63746a:	e9 5a 04 00 00       	jmp    6378c9 <fe2o3_kfd::engineering_gfx950::peer::combined_mlp_state_v1::tests::native::paired::interleaved::interleaved_exercise+0x5b19>
  63746f:	48 89 c3             	mov    %rax,%rbx
  637472:	e9 09 03 00 00       	jmp    637780 <fe2o3_kfd::engineering_gfx950::peer::combined_mlp_state_v1::tests::native::paired::interleaved::interleaved_exercise+0x59d0>
  637477:	e9 b5 00 00 00       	jmp    637531 <fe2o3_kfd::engineering_gfx950::peer::combined_mlp_state_v1::tests::native::paired::interleaved::interleaved_exercise+0x5781>
  63747c:	e9 b0 00 00 00       	jmp    637531 <fe2o3_kfd::engineering_gfx950::peer::combined_mlp_state_v1::tests::native::paired::interleaved::interleaved_exercise+0x5781>
  637481:	e9 a3 00 00 00       	jmp    637529 <fe2o3_kfd::engineering_gfx950::peer::combined_mlp_state_v1::tests::native::paired::interleaved::interleaved_exercise+0x5779>
  637486:	eb 00                	jmp    637488 <fe2o3_kfd::engineering_gfx950::peer::combined_mlp_state_v1::tests::native::paired::interleaved::interleaved_exercise+0x56d8>
  637488:	48 89 c3             	mov    %rax,%rbx
  63748b:	e9 f1 01 00 00       	jmp    637681 <fe2o3_kfd::engineering_gfx950::peer::combined_mlp_state_v1::tests::native::paired::interleaved::interleaved_exercise+0x58d1>
  637490:	48 89 c3             	mov    %rax,%rbx
  637493:	e9 dc 01 00 00       	jmp    637674 <fe2o3_kfd::engineering_gfx950::peer::combined_mlp_state_v1::tests::native::paired::interleaved::interleaved_exercise+0x58c4>
  637498:	48 89 c3             	mov    %rax,%rbx
  63749b:	48 8d bc 24 80 00 00 	lea    0x80(%rsp),%rdi
  6374a2:	00 
  6374a3:	e9 c6 02 00 00       	jmp    63776e <fe2o3_kfd::engineering_gfx950::peer::combined_mlp_state_v1::tests::native::paired::interleaved::interleaved_exercise+0x59be>
  6374a8:	e9 84 00 00 00       	jmp    637531 <fe2o3_kfd::engineering_gfx950::peer::combined_mlp_state_v1::tests::native::paired::interleaved::interleaved_exercise+0x5781>
  6374ad:	eb 7a                	jmp    637529 <fe2o3_kfd::engineering_gfx950::peer::combined_mlp_state_v1::tests::native::paired::interleaved::interleaved_exercise+0x5779>
  6374af:	eb 0e                	jmp    6374bf <fe2o3_kfd::engineering_gfx950::peer::combined_mlp_state_v1::tests::native::paired::interleaved::interleaved_exercise+0x570f>
  6374b1:	eb 0c                	jmp    6374bf <fe2o3_kfd::engineering_gfx950::peer::combined_mlp_state_v1::tests::native::paired::interleaved::interleaved_exercise+0x570f>
  6374b3:	eb 1a                	jmp    6374cf <fe2o3_kfd::engineering_gfx950::peer::combined_mlp_state_v1::tests::native::paired::interleaved::interleaved_exercise+0x571f>
  6374b5:	eb 20                	jmp    6374d7 <fe2o3_kfd::engineering_gfx950::peer::combined_mlp_state_v1::tests::native::paired::interleaved::interleaved_exercise+0x5727>
  6374b7:	eb 5e                	jmp    637517 <fe2o3_kfd::engineering_gfx950::peer::combined_mlp_state_v1::tests::native::paired::interleaved::interleaved_exercise+0x5767>
  6374b9:	eb 76                	jmp    637531 <fe2o3_kfd::engineering_gfx950::peer::combined_mlp_state_v1::tests::native::paired::interleaved::interleaved_exercise+0x5781>
  6374bb:	eb 6c                	jmp    637529 <fe2o3_kfd::engineering_gfx950::peer::combined_mlp_state_v1::tests::native::paired::interleaved::interleaved_exercise+0x5779>
  6374bd:	eb 00                	jmp    6374bf <fe2o3_kfd::engineering_gfx950::peer::combined_mlp_state_v1::tests::native::paired::interleaved::interleaved_exercise+0x570f>
  6374bf:	48 89 c3             	mov    %rax,%rbx
  6374c2:	48 8d bc 24 c0 00 00 	lea    0xc0(%rsp),%rdi
  6374c9:	00 
  6374ca:	e9 76 02 00 00       	jmp    637745 <fe2o3_kfd::engineering_gfx950::peer::combined_mlp_state_v1::tests::native::paired::interleaved::interleaved_exercise+0x5995>
  6374cf:	48 89 c3             	mov    %rax,%rbx
  6374d2:	e9 17 02 00 00       	jmp    6376ee <fe2o3_kfd::engineering_gfx950::peer::combined_mlp_state_v1::tests::native::paired::interleaved::interleaved_exercise+0x593e>
  6374d7:	48 89 c3             	mov    %rax,%rbx
  6374da:	48 8d bc 24 f0 00 00 	lea    0xf0(%rsp),%rdi
  6374e1:	00 
  6374e2:	e9 5e 02 00 00       	jmp    637745 <fe2o3_kfd::engineering_gfx950::peer::combined_mlp_state_v1::tests::native::paired::interleaved::interleaved_exercise+0x5995>
  6374e7:	eb 2e                	jmp    637517 <fe2o3_kfd::engineering_gfx950::peer::combined_mlp_state_v1::tests::native::paired::interleaved::interleaved_exercise+0x5767>
  6374e9:	eb 46                	jmp    637531 <fe2o3_kfd::engineering_gfx950::peer::combined_mlp_state_v1::tests::native::paired::interleaved::interleaved_exercise+0x5781>
  6374eb:	eb 3c                	jmp    637529 <fe2o3_kfd::engineering_gfx950::peer::combined_mlp_state_v1::tests::native::paired::interleaved::interleaved_exercise+0x5779>
  6374ed:	eb 00                	jmp    6374ef <fe2o3_kfd::engineering_gfx950::peer::combined_mlp_state_v1::tests::native::paired::interleaved::interleaved_exercise+0x573f>
  6374ef:	48 89 c3             	mov    %rax,%rbx
  6374f2:	e9 46 02 00 00       	jmp    63773d <fe2o3_kfd::engineering_gfx950::peer::combined_mlp_state_v1::tests::native::paired::interleaved::interleaved_exercise+0x598d>
  6374f7:	48 89 c3             	mov    %rax,%rbx
  6374fa:	e9 31 02 00 00       	jmp    637730 <fe2o3_kfd::engineering_gfx950::peer::combined_mlp_state_v1::tests::native::paired::interleaved::interleaved_exercise+0x5980>
  6374ff:	48 89 c3             	mov    %rax,%rbx
  637502:	48 8d 84 24 f0 00 00 	lea    0xf0(%rsp),%rax
  637509:	00 
  63750a:	48 89 84 24 f0 05 00 	mov    %rax,0x5f0(%rsp)
  637511:	00 
  637512:	e9 26 02 00 00       	jmp    63773d <fe2o3_kfd::engineering_gfx950::peer::combined_mlp_state_v1::tests::native::paired::interleaved::interleaved_exercise+0x598d>
  637517:	48 89 c3             	mov    %rax,%rbx
  63751a:	48 8d bc 24 f0 00 00 	lea    0xf0(%rsp),%rdi
  637521:	00 
  637522:	e9 47 02 00 00       	jmp    63776e <fe2o3_kfd::engineering_gfx950::peer::combined_mlp_state_v1::tests::native::paired::interleaved::interleaved_exercise+0x59be>
  637527:	eb 08                	jmp    637531 <fe2o3_kfd::engineering_gfx950::peer::combined_mlp_state_v1::tests::native::paired::interleaved::interleaved_exercise+0x5781>
  637529:	48 89 c3             	mov    %rax,%rbx
  63752c:	e9 38 02 00 00       	jmp    637769 <fe2o3_kfd::engineering_gfx950::peer::combined_mlp_state_v1::tests::native::paired::interleaved::interleaved_exercise+0x59b9>
  637531:	48 89 c3             	mov    %rax,%rbx
  637534:	e9 3a 02 00 00       	jmp    637773 <fe2o3_kfd::engineering_gfx950::peer::combined_mlp_state_v1::tests::native::paired::interleaved::interleaved_exercise+0x59c3>
  637539:	48 89 c3             	mov    %rax,%rbx
  63753c:	48 8d 7c 24 30       	lea    0x30(%rsp),%rdi
  637541:	e8 4a 00 fd ff       	call   607590 <core::ptr::drop_in_place::<alloc::vec::Vec<u8>>>
  637546:	e9 42 02 00 00       	jmp    63778d <fe2o3_kfd::engineering_gfx950::peer::combined_mlp_state_v1::tests::native::paired::interleaved::interleaved_exercise+0x59dd>
  63754b:	48 89 c3             	mov    %rax,%rbx
  63754e:	e9 3a 02 00 00       	jmp    63778d <fe2o3_kfd::engineering_gfx950::peer::combined_mlp_state_v1::tests::native::paired::interleaved::interleaved_exercise+0x59dd>
  637553:	48 89 c3             	mov    %rax,%rbx
  637556:	48 8d 7c 24 30       	lea    0x30(%rsp),%rdi
  63755b:	e8 30 00 fd ff       	call   607590 <core::ptr::drop_in_place::<alloc::vec::Vec<u8>>>
  637560:	e9 35 02 00 00       	jmp    63779a <fe2o3_kfd::engineering_gfx950::peer::combined_mlp_state_v1::tests::native::paired::interleaved::interleaved_exercise+0x59ea>
  637565:	48 89 c3             	mov    %rax,%rbx
  637568:	e9 2d 02 00 00       	jmp    63779a <fe2o3_kfd::engineering_gfx950::peer::combined_mlp_state_v1::tests::native::paired::interleaved::interleaved_exercise+0x59ea>
  63756d:	48 89 c3             	mov    %rax,%rbx
  637570:	48 8d 7c 24 30       	lea    0x30(%rsp),%rdi
  637575:	e9 3d 03 00 00       	jmp    6378b7 <fe2o3_kfd::engineering_gfx950::peer::combined_mlp_state_v1::tests::native::paired::interleaved::interleaved_exercise+0x5b07>
  63757a:	eb 48                	jmp    6375c4 <fe2o3_kfd::engineering_gfx950::peer::combined_mlp_state_v1::tests::native::paired::interleaved::interleaved_exercise+0x5814>
  63757c:	48 89 c3             	mov    %rax,%rbx
  63757f:	e9 14 03 00 00       	jmp    637898 <fe2o3_kfd::engineering_gfx950::peer::combined_mlp_state_v1::tests::native::paired::interleaved::interleaved_exercise+0x5ae8>
  637584:	e9 a9 00 00 00       	jmp    637632 <fe2o3_kfd::engineering_gfx950::peer::combined_mlp_state_v1::tests::native::paired::interleaved::interleaved_exercise+0x5882>
  637589:	eb 05                	jmp    637590 <fe2o3_kfd::engineering_gfx950::peer::combined_mlp_state_v1::tests::native::paired::interleaved::interleaved_exercise+0x57e0>
  63758b:	e9 a2 00 00 00       	jmp    637632 <fe2o3_kfd::engineering_gfx950::peer::combined_mlp_state_v1::tests::native::paired::interleaved::interleaved_exercise+0x5882>
  637590:	48 89 c3             	mov    %rax,%rbx
  637593:	e9 e6 02 00 00       	jmp    63787e <fe2o3_kfd::engineering_gfx950::peer::combined_mlp_state_v1::tests::native::paired::interleaved::interleaved_exercise+0x5ace>
  637598:	e9 95 00 00 00       	jmp    637632 <fe2o3_kfd::engineering_gfx950::peer::combined_mlp_state_v1::tests::native::paired::interleaved::interleaved_exercise+0x5882>
  63759d:	e9 90 00 00 00       	jmp    637632 <fe2o3_kfd::engineering_gfx950::peer::combined_mlp_state_v1::tests::native::paired::interleaved::interleaved_exercise+0x5882>
  6375a2:	48 89 c3             	mov    %rax,%rbx
  6375a5:	48 8d 7c 24 10       	lea    0x10(%rsp),%rdi
  6375aa:	e8 e1 ff fc ff       	call   607590 <core::ptr::drop_in_place::<alloc::vec::Vec<u8>>>
  6375af:	e9 ee 02 00 00       	jmp    6378a2 <fe2o3_kfd::engineering_gfx950::peer::combined_mlp_state_v1::tests::native::paired::interleaved::interleaved_exercise+0x5af2>
  6375b4:	48 89 c3             	mov    %rax,%rbx
  6375b7:	e9 e6 02 00 00       	jmp    6378a2 <fe2o3_kfd::engineering_gfx950::peer::combined_mlp_state_v1::tests::native::paired::interleaved::interleaved_exercise+0x5af2>
  6375bc:	48 89 c3             	mov    %rax,%rbx
  6375bf:	e9 eb 02 00 00       	jmp    6378af <fe2o3_kfd::engineering_gfx950::peer::combined_mlp_state_v1::tests::native::paired::interleaved::interleaved_exercise+0x5aff>
  6375c4:	48 89 c3             	mov    %rax,%rbx
  6375c7:	e9 f0 02 00 00       	jmp    6378bc <fe2o3_kfd::engineering_gfx950::peer::combined_mlp_state_v1::tests::native::paired::interleaved::interleaved_exercise+0x5b0c>
  6375cc:	48 89 c3             	mov    %rax,%rbx
  6375cf:	48 8d bc 24 00 02 00 	lea    0x200(%rsp),%rdi
  6375d6:	00 
  6375d7:	e8 b4 ff fc ff       	call   607590 <core::ptr::drop_in_place::<alloc::vec::Vec<u8>>>
  6375dc:	e9 f5 02 00 00       	jmp    6378d6 <fe2o3_kfd::engineering_gfx950::peer::combined_mlp_state_v1::tests::native::paired::interleaved::interleaved_exercise+0x5b26>
  6375e1:	48 89 c3             	mov    %rax,%rbx
  6375e4:	e9 ed 02 00 00       	jmp    6378d6 <fe2o3_kfd::engineering_gfx950::peer::combined_mlp_state_v1::tests::native::paired::interleaved::interleaved_exercise+0x5b26>
  6375e9:	e9 5c 02 00 00       	jmp    63784a <fe2o3_kfd::engineering_gfx950::peer::combined_mlp_state_v1::tests::native::paired::interleaved::interleaved_exercise+0x5a9a>
  6375ee:	48 89 c3             	mov    %rax,%rbx
  6375f1:	e9 3a 02 00 00       	jmp    637830 <fe2o3_kfd::engineering_gfx950::peer::combined_mlp_state_v1::tests::native::paired::interleaved::interleaved_exercise+0x5a80>
  6375f6:	eb 42                	jmp    63763a <fe2o3_kfd::engineering_gfx950::peer::combined_mlp_state_v1::tests::native::paired::interleaved::interleaved_exercise+0x588a>
  6375f8:	eb 0c                	jmp    637606 <fe2o3_kfd::engineering_gfx950::peer::combined_mlp_state_v1::tests::native::paired::interleaved::interleaved_exercise+0x5856>
  6375fa:	eb 3e                	jmp    63763a <fe2o3_kfd::engineering_gfx950::peer::combined_mlp_state_v1::tests::native::paired::interleaved::interleaved_exercise+0x588a>
  6375fc:	eb 08                	jmp    637606 <fe2o3_kfd::engineering_gfx950::peer::combined_mlp_state_v1::tests::native::paired::interleaved::interleaved_exercise+0x5856>
  6375fe:	eb 3a                	jmp    63763a <fe2o3_kfd::engineering_gfx950::peer::combined_mlp_state_v1::tests::native::paired::interleaved::interleaved_exercise+0x588a>
  637600:	eb 38                	jmp    63763a <fe2o3_kfd::engineering_gfx950::peer::combined_mlp_state_v1::tests::native::paired::interleaved::interleaved_exercise+0x588a>
  637602:	eb 36                	jmp    63763a <fe2o3_kfd::engineering_gfx950::peer::combined_mlp_state_v1::tests::native::paired::interleaved::interleaved_exercise+0x588a>
  637604:	eb 34                	jmp    63763a <fe2o3_kfd::engineering_gfx950::peer::combined_mlp_state_v1::tests::native::paired::interleaved::interleaved_exercise+0x588a>
  637606:	48 89 c3             	mov    %rax,%rbx
  637609:	e9 0b 02 00 00       	jmp    637819 <fe2o3_kfd::engineering_gfx950::peer::combined_mlp_state_v1::tests::native::paired::interleaved::interleaved_exercise+0x5a69>
  63760e:	48 89 c3             	mov    %rax,%rbx
  637611:	e9 c0 02 00 00       	jmp    6378d6 <fe2o3_kfd::engineering_gfx950::peer::combined_mlp_state_v1::tests::native::paired::interleaved::interleaved_exercise+0x5b26>
  637616:	e9 27 02 00 00       	jmp    637842 <fe2o3_kfd::engineering_gfx950::peer::combined_mlp_state_v1::tests::native::paired::interleaved::interleaved_exercise+0x5a92>
  63761b:	e9 9a 01 00 00       	jmp    6377ba <fe2o3_kfd::engineering_gfx950::peer::combined_mlp_state_v1::tests::native::paired::interleaved::interleaved_exercise+0x5a0a>
  637620:	48 89 c3             	mov    %rax,%rbx
  637623:	48 8d 7c 24 30       	lea    0x30(%rsp),%rdi
  637628:	e8 83 f3 fc ff       	call   6069b0 <core::ptr::drop_in_place::<alloc::vec::Vec<fe2o3_kfd::engineering_wire::PointerFixupV1>>>
  63762d:	e9 3c 03 00 00       	jmp    63796e <fe2o3_kfd::engineering_gfx950::peer::combined_mlp_state_v1::tests::native::paired::interleaved::interleaved_exercise+0x5bbe>
  637632:	48 89 c3             	mov    %rax,%rbx
  637635:	e9 51 02 00 00       	jmp    63788b <fe2o3_kfd::engineering_gfx950::peer::combined_mlp_state_v1::tests::native::paired::interleaved::interleaved_exercise+0x5adb>
  63763a:	48 89 c3             	mov    %rax,%rbx
  63763d:	e9 e4 01 00 00       	jmp    637826 <fe2o3_kfd::engineering_gfx950::peer::combined_mlp_state_v1::tests::native::paired::interleaved::interleaved_exercise+0x5a76>
  637642:	48 89 c3             	mov    %rax,%rbx
  637645:	e9 8c 02 00 00       	jmp    6378d6 <fe2o3_kfd::engineering_gfx950::peer::combined_mlp_state_v1::tests::native::paired::interleaved::interleaved_exercise+0x5b26>
  63764a:	e9 f3 01 00 00       	jmp    637842 <fe2o3_kfd::engineering_gfx950::peer::combined_mlp_state_v1::tests::native::paired::interleaved::interleaved_exercise+0x5a92>
  63764f:	48 89 c3             	mov    %rax,%rbx
  637652:	48 8d 7c 24 10       	lea    0x10(%rsp),%rdi
  637657:	e8 64 14 fd ff       	call   608ac0 <core::ptr::drop_in_place::<serde_json::error::Error>>
  63765c:	e9 08 01 00 00       	jmp    637769 <fe2o3_kfd::engineering_gfx950::peer::combined_mlp_state_v1::tests::native::paired::interleaved::interleaved_exercise+0x59b9>
  637661:	ff 15 79 3c 27 00    	call   *0x273c79(%rip)        # 8ab2e0 <_DYNAMIC+0x298>
  637667:	48 89 c3             	mov    %rax,%rbx
  63766a:	48 8d 7c 24 10       	lea    0x10(%rsp),%rdi
  63766f:	e8 4c 14 fd ff       	call   608ac0 <core::ptr::drop_in_place::<serde_json::error::Error>>
  637674:	48 8d bc 24 80 00 00 	lea    0x80(%rsp),%rdi
  63767b:	00 
  63767c:	e8 df 05 fd ff       	call   607c60 <core::ptr::drop_in_place::<alloc::string::String>>
  637681:	48 8d 7c 24 30       	lea    0x30(%rsp),%rdi
  637686:	e8 45 ff fc ff       	call   6075d0 <core::ptr::drop_in_place::<alloc::vec::Vec<u32>>>
  63768b:	e9 e3 00 00 00       	jmp    637773 <fe2o3_kfd::engineering_gfx950::peer::combined_mlp_state_v1::tests::native::paired::interleaved::interleaved_exercise+0x59c3>
  637690:	ff 15 4a 3c 27 00    	call   *0x273c4a(%rip)        # 8ab2e0 <_DYNAMIC+0x298>
  637696:	48 89 c3             	mov    %rax,%rbx
  637699:	48 8d 7c 24 10       	lea    0x10(%rsp),%rdi
  63769e:	e8 1d 14 fd ff       	call   608ac0 <core::ptr::drop_in_place::<serde_json::error::Error>>
  6376a3:	e9 c1 00 00 00       	jmp    637769 <fe2o3_kfd::engineering_gfx950::peer::combined_mlp_state_v1::tests::native::paired::interleaved::interleaved_exercise+0x59b9>
  6376a8:	ff 15 32 3c 27 00    	call   *0x273c32(%rip)        # 8ab2e0 <_DYNAMIC+0x298>
  6376ae:	48 89 c3             	mov    %rax,%rbx
  6376b1:	48 8d bc 24 00 02 00 	lea    0x200(%rsp),%rdi
  6376b8:	00 
  6376b9:	e8 02 14 fd ff       	call   608ac0 <core::ptr::drop_in_place::<serde_json::error::Error>>
  6376be:	eb 2e                	jmp    6376ee <fe2o3_kfd::engineering_gfx950::peer::combined_mlp_state_v1::tests::native::paired::interleaved::interleaved_exercise+0x593e>
  6376c0:	ff 15 1a 3c 27 00    	call   *0x273c1a(%rip)        # 8ab2e0 <_DYNAMIC+0x298>
  6376c6:	48 89 c3             	mov    %rax,%rbx
  6376c9:	48 8d 7c 24 10       	lea    0x10(%rsp),%rdi
  6376ce:	e8 ed 13 fd ff       	call   608ac0 <core::ptr::drop_in_place::<serde_json::error::Error>>
  6376d3:	e9 91 00 00 00       	jmp    637769 <fe2o3_kfd::engineering_gfx950::peer::combined_mlp_state_v1::tests::native::paired::interleaved::interleaved_exercise+0x59b9>
  6376d8:	ff 15 02 3c 27 00    	call   *0x273c02(%rip)        # 8ab2e0 <_DYNAMIC+0x298>
  6376de:	48 89 c3             	mov    %rax,%rbx
  6376e1:	48 8d bc 24 00 02 00 	lea    0x200(%rsp),%rdi
  6376e8:	00 
  6376e9:	e8 d2 13 fd ff       	call   608ac0 <core::ptr::drop_in_place::<serde_json::error::Error>>
  6376ee:	48 8d bc 24 f0 00 00 	lea    0xf0(%rsp),%rdi
  6376f5:	00 
  6376f6:	e8 65 05 fd ff       	call   607c60 <core::ptr::drop_in_place::<alloc::string::String>>
  6376fb:	48 8d bc 24 c0 00 00 	lea    0xc0(%rsp),%rdi
  637702:	00 
  637703:	eb 40                	jmp    637745 <fe2o3_kfd::engineering_gfx950::peer::combined_mlp_state_v1::tests::native::paired::interleaved::interleaved_exercise+0x5995>
  637705:	ff 15 d5 3b 27 00    	call   *0x273bd5(%rip)        # 8ab2e0 <_DYNAMIC+0x298>
  63770b:	48 89 c3             	mov    %rax,%rbx
  63770e:	48 8d 7c 24 10       	lea    0x10(%rsp),%rdi
  637713:	e8 a8 13 fd ff       	call   608ac0 <core::ptr::drop_in_place::<serde_json::error::Error>>
  637718:	eb 4f                	jmp    637769 <fe2o3_kfd::engineering_gfx950::peer::combined_mlp_state_v1::tests::native::paired::interleaved::interleaved_exercise+0x59b9>
  63771a:	ff 15 c0 3b 27 00    	call   *0x273bc0(%rip)        # 8ab2e0 <_DYNAMIC+0x298>
  637720:	48 89 c3             	mov    %rax,%rbx
  637723:	48 8d bc 24 00 02 00 	lea    0x200(%rsp),%rdi
  63772a:	00 
  63772b:	e8 90 13 fd ff       	call   608ac0 <core::ptr::drop_in_place::<serde_json::error::Error>>
  637730:	48 8d bc 24 f0 00 00 	lea    0xf0(%rsp),%rdi
  637737:	00 
  637738:	e8 23 05 fd ff       	call   607c60 <core::ptr::drop_in_place::<alloc::string::String>>
  63773d:	48 8b bc 24 f0 05 00 	mov    0x5f0(%rsp),%rdi
  637744:	00 
  637745:	e8 16 05 fd ff       	call   607c60 <core::ptr::drop_in_place::<alloc::string::String>>
  63774a:	48 8d 7c 24 60       	lea    0x60(%rsp),%rdi
  63774f:	e8 3c fe fc ff       	call   607590 <core::ptr::drop_in_place::<alloc::vec::Vec<u8>>>
  637754:	eb 1d                	jmp    637773 <fe2o3_kfd::engineering_gfx950::peer::combined_mlp_state_v1::tests::native::paired::interleaved::interleaved_exercise+0x59c3>
  637756:	ff 15 84 3b 27 00    	call   *0x273b84(%rip)        # 8ab2e0 <_DYNAMIC+0x298>
  63775c:	48 89 c3             	mov    %rax,%rbx
  63775f:	48 8d 7c 24 10       	lea    0x10(%rsp),%rdi
  637764:	e8 57 13 fd ff       	call   608ac0 <core::ptr::drop_in_place::<serde_json::error::Error>>
  637769:	48 8d 7c 24 30       	lea    0x30(%rsp),%rdi
  63776e:	e8 ed 04 fd ff       	call   607c60 <core::ptr::drop_in_place::<alloc::string::String>>
  637773:	48 8d bc 24 88 01 00 	lea    0x188(%rsp),%rdi
  63777a:	00 
  63777b:	e8 b0 e7 f0 ff       	call   545f30 <<alloc::collections::btree::map::BTreeMap<alloc::string::String, serde_json::value::Value> as core::ops::drop::Drop>::drop>
  637780:	48 8d bc 24 b0 06 00 	lea    0x6b0(%rsp),%rdi
  637787:	00 
  637788:	e8 d3 04 fd ff       	call   607c60 <core::ptr::drop_in_place::<alloc::string::String>>
  63778d:	48 8d bc 24 90 06 00 	lea    0x690(%rsp),%rdi
  637794:	00 
  637795:	e8 c6 04 fd ff       	call   607c60 <core::ptr::drop_in_place::<alloc::string::String>>
  63779a:	48 8d bc 24 70 06 00 	lea    0x670(%rsp),%rdi
  6377a1:	00 
  6377a2:	e8 b9 04 fd ff       	call   607c60 <core::ptr::drop_in_place::<alloc::string::String>>
  6377a7:	e9 10 01 00 00       	jmp    6378bc <fe2o3_kfd::engineering_gfx950::peer::combined_mlp_state_v1::tests::native::paired::interleaved::interleaved_exercise+0x5b0c>
  6377ac:	ff 15 2e 3b 27 00    	call   *0x273b2e(%rip)        # 8ab2e0 <_DYNAMIC+0x298>
  6377b2:	48 89 c3             	mov    %rax,%rbx
  6377b5:	e9 1c 01 00 00       	jmp    6378d6 <fe2o3_kfd::engineering_gfx950::peer::combined_mlp_state_v1::tests::native::paired::interleaved::interleaved_exercise+0x5b26>
  6377ba:	48 89 c3             	mov    %rax,%rbx
  6377bd:	48 8d 7c 24 10       	lea    0x10(%rsp),%rdi
  6377c2:	e8 c9 fd fc ff       	call   607590 <core::ptr::drop_in_place::<alloc::vec::Vec<u8>>>
  6377c7:	e9 0a 01 00 00       	jmp    6378d6 <fe2o3_kfd::engineering_gfx950::peer::combined_mlp_state_v1::tests::native::paired::interleaved::interleaved_exercise+0x5b26>
  6377cc:	48 89 c3             	mov    %rax,%rbx
  6377cf:	e9 02 01 00 00       	jmp    6378d6 <fe2o3_kfd::engineering_gfx950::peer::combined_mlp_state_v1::tests::native::paired::interleaved::interleaved_exercise+0x5b26>
  6377d4:	e9 31 01 00 00       	jmp    63790a <fe2o3_kfd::engineering_gfx950::peer::combined_mlp_state_v1::tests::native::paired::interleaved::interleaved_exercise+0x5b5a>
  6377d9:	48 89 c3             	mov    %rax,%rbx
  6377dc:	48 8d bc 24 00 02 00 	lea    0x200(%rsp),%rdi
  6377e3:	00 
  6377e4:	e8 d7 12 fd ff       	call   608ac0 <core::ptr::drop_in_place::<serde_json::error::Error>>
  6377e9:	eb 2e                	jmp    637819 <fe2o3_kfd::engineering_gfx950::peer::combined_mlp_state_v1::tests::native::paired::interleaved::interleaved_exercise+0x5a69>
  6377eb:	ff 15 ef 3a 27 00    	call   *0x273aef(%rip)        # 8ab2e0 <_DYNAMIC+0x298>
  6377f1:	48 89 c3             	mov    %rax,%rbx
  6377f4:	48 8d bc 24 00 02 00 	lea    0x200(%rsp),%rdi
  6377fb:	00 
  6377fc:	e8 bf 12 fd ff       	call   608ac0 <core::ptr::drop_in_place::<serde_json::error::Error>>
  637801:	eb 16                	jmp    637819 <fe2o3_kfd::engineering_gfx950::peer::combined_mlp_state_v1::tests::native::paired::interleaved::interleaved_exercise+0x5a69>
  637803:	ff 15 d7 3a 27 00    	call   *0x273ad7(%rip)        # 8ab2e0 <_DYNAMIC+0x298>
  637809:	48 89 c3             	mov    %rax,%rbx
  63780c:	48 8d bc 24 00 02 00 	lea    0x200(%rsp),%rdi
  637813:	00 
  637814:	e8 a7 12 fd ff       	call   608ac0 <core::ptr::drop_in_place::<serde_json::error::Error>>
  637819:	48 8d bc 24 a0 00 00 	lea    0xa0(%rsp),%rdi
  637820:	00 
  637821:	e8 3a 04 fd ff       	call   607c60 <core::ptr::drop_in_place::<alloc::string::String>>
  637826:	48 8d 7c 24 60       	lea    0x60(%rsp),%rdi
  63782b:	e8 00 e7 f0 ff       	call   545f30 <<alloc::collections::btree::map::BTreeMap<alloc::string::String, serde_json::value::Value> as core::ops::drop::Drop>::drop>
  637830:	48 8d 7c 24 30       	lea    0x30(%rsp),%rdi
  637835:	e8 16 13 fd ff       	call   608b50 <core::ptr::drop_in_place::<serde_json::value::Value>>
  63783a:	eb 11                	jmp    63784d <fe2o3_kfd::engineering_gfx950::peer::combined_mlp_state_v1::tests::native::paired::interleaved::interleaved_exercise+0x5a9d>
  63783c:	ff 15 9e 3a 27 00    	call   *0x273a9e(%rip)        # 8ab2e0 <_DYNAMIC+0x298>
  637842:	48 89 c3             	mov    %rax,%rbx
  637845:	e9 24 01 00 00       	jmp    63796e <fe2o3_kfd::engineering_gfx950::peer::combined_mlp_state_v1::tests::native::paired::interleaved::interleaved_exercise+0x5bbe>
  63784a:	48 89 c3             	mov    %rax,%rbx
  63784d:	48 8d bc 24 80 00 00 	lea    0x80(%rsp),%rdi
  637854:	00 
  637855:	e8 f6 12 fd ff       	call   608b50 <core::ptr::drop_in_place::<serde_json::value::Value>>
  63785a:	eb 7a                	jmp    6378d6 <fe2o3_kfd::engineering_gfx950::peer::combined_mlp_state_v1::tests::native::paired::interleaved::interleaved_exercise+0x5b26>
  63785c:	48 89 c3             	mov    %rax,%rbx
  63785f:	48 8d 7c 24 10       	lea    0x10(%rsp),%rdi
  637864:	e8 57 12 fd ff       	call   608ac0 <core::ptr::drop_in_place::<serde_json::error::Error>>
  637869:	eb 13                	jmp    63787e <fe2o3_kfd::engineering_gfx950::peer::combined_mlp_state_v1::tests::native::paired::interleaved::interleaved_exercise+0x5ace>
  63786b:	ff 15 6f 3a 27 00    	call   *0x273a6f(%rip)        # 8ab2e0 <_DYNAMIC+0x298>
  637871:	48 89 c3             	mov    %rax,%rbx
  637874:	48 8d 7c 24 10       	lea    0x10(%rsp),%rdi
  637879:	e8 42 12 fd ff       	call   608ac0 <core::ptr::drop_in_place::<serde_json::error::Error>>
  63787e:	48 8d bc 24 80 00 00 	lea    0x80(%rsp),%rdi
  637885:	00 
  637886:	e8 d5 03 fd ff       	call   607c60 <core::ptr::drop_in_place::<alloc::string::String>>
  63788b:	48 8d bc 24 a0 00 00 	lea    0xa0(%rsp),%rdi
  637892:	00 
  637893:	e8 98 e6 f0 ff       	call   545f30 <<alloc::collections::btree::map::BTreeMap<alloc::string::String, serde_json::value::Value> as core::ops::drop::Drop>::drop>
  637898:	48 8d 7c 24 60       	lea    0x60(%rsp),%rdi
  63789d:	e8 ce e0 fc ff       	call   605970 <core::ptr::drop_in_place::<core::option::Option<alloc::string::String>>>
  6378a2:	48 8d bc 24 c0 00 00 	lea    0xc0(%rsp),%rdi
  6378a9:	00 
  6378aa:	e8 b1 03 fd ff       	call   607c60 <core::ptr::drop_in_place::<alloc::string::String>>
  6378af:	48 8d bc 24 f0 00 00 	lea    0xf0(%rsp),%rdi
  6378b6:	00 
  6378b7:	e8 d4 fc fc ff       	call   607590 <core::ptr::drop_in_place::<alloc::vec::Vec<u8>>>
  6378bc:	48 8d bc 24 58 06 00 	lea    0x658(%rsp),%rdi
  6378c3:	00 
  6378c4:	e8 47 f4 fc ff       	call   606d10 <core::ptr::drop_in_place::<alloc::vec::Vec<serde_json::value::Value>>>
  6378c9:	48 8d bc 24 40 06 00 	lea    0x640(%rsp),%rdi
  6378d0:	00 
  6378d1:	e8 3a f4 fc ff       	call   606d10 <core::ptr::drop_in_place::<alloc::vec::Vec<serde_json::value::Value>>>
  6378d6:	48 8d bc 24 08 06 00 	lea    0x608(%rsp),%rdi
  6378dd:	00 
  6378de:	e8 2d f4 fc ff       	call   606d10 <core::ptr::drop_in_place::<alloc::vec::Vec<serde_json::value::Value>>>
  6378e3:	48 8d bc 24 f0 06 00 	lea    0x6f0(%rsp),%rdi
  6378ea:	00 
  6378eb:	e8 60 12 fd ff       	call   608b50 <core::ptr::drop_in_place::<serde_json::value::Value>>
  6378f0:	eb 7c                	jmp    63796e <fe2o3_kfd::engineering_gfx950::peer::combined_mlp_state_v1::tests::native::paired::interleaved::interleaved_exercise+0x5bbe>
  6378f2:	ff 15 e8 39 27 00    	call   *0x2739e8(%rip)        # 8ab2e0 <_DYNAMIC+0x298>
  6378f8:	48 89 c3             	mov    %rax,%rbx
  6378fb:	48 8d bc 24 70 0a 00 	lea    0xa70(%rsp),%rdi
  637902:	00 
  637903:	e8 88 fc fc ff       	call   607590 <core::ptr::drop_in_place::<alloc::vec::Vec<u8>>>
  637908:	eb 4d                	jmp    637957 <fe2o3_kfd::engineering_gfx950::peer::combined_mlp_state_v1::tests::native::paired::interleaved::interleaved_exercise+0x5ba7>
  63790a:	48 89 c3             	mov    %rax,%rbx
  63790d:	eb 48                	jmp    637957 <fe2o3_kfd::engineering_gfx950::peer::combined_mlp_state_v1::tests::native::paired::interleaved::interleaved_exercise+0x5ba7>
  63790f:	eb 00                	jmp    637911 <fe2o3_kfd::engineering_gfx950::peer::combined_mlp_state_v1::tests::native::paired::interleaved::interleaved_exercise+0x5b61>
  637911:	48 89 c3             	mov    %rax,%rbx
  637914:	eb 37                	jmp    63794d <fe2o3_kfd::engineering_gfx950::peer::combined_mlp_state_v1::tests::native::paired::interleaved::interleaved_exercise+0x5b9d>
  637916:	48 89 c3             	mov    %rax,%rbx
  637919:	48 8d bc 24 70 0a 00 	lea    0xa70(%rsp),%rdi
  637920:	00 
  637921:	e8 6a fc fc ff       	call   607590 <core::ptr::drop_in_place::<alloc::vec::Vec<u8>>>
  637926:	eb 18                	jmp    637940 <fe2o3_kfd::engineering_gfx950::peer::combined_mlp_state_v1::tests::native::paired::interleaved::interleaved_exercise+0x5b90>
  637928:	48 89 c3             	mov    %rax,%rbx
  63792b:	48 8d bc 24 10 08 00 	lea    0x810(%rsp),%rdi
  637932:	00 
  637933:	e8 58 fc fc ff       	call   607590 <core::ptr::drop_in_place::<alloc::vec::Vec<u8>>>
  637938:	e9 56 01 00 00       	jmp    637a93 <fe2o3_kfd::engineering_gfx950::peer::combined_mlp_state_v1::tests::native::paired::interleaved::interleaved_exercise+0x5ce3>
  63793d:	48 89 c3             	mov    %rax,%rbx
  637940:	48 8d bc 24 10 08 00 	lea    0x810(%rsp),%rdi
  637947:	00 
  637948:	e8 a3 fb fc ff       	call   6074f0 <core::ptr::drop_in_place::<alloc::vec::Vec<&fe2o3_kfd::topology::KfdTopologyLinkV1>>>
  63794d:	48 8d 7c 24 10       	lea    0x10(%rsp),%rdi
  637952:	e8 59 f0 fc ff       	call   6069b0 <core::ptr::drop_in_place::<alloc::vec::Vec<fe2o3_kfd::engineering_wire::PointerFixupV1>>>
  637957:	48 8d 7c 24 30       	lea    0x30(%rsp),%rdi
  63795c:	e8 4f f0 fc ff       	call   6069b0 <core::ptr::drop_in_place::<alloc::vec::Vec<fe2o3_kfd::engineering_wire::PointerFixupV1>>>
  637961:	48 8d bc 24 80 00 00 	lea    0x80(%rsp),%rdi
  637968:	00 
  637969:	e8 92 e5 fc ff       	call   605f00 <core::ptr::drop_in_place::<alloc::vec::Vec<[fe2o3_kfd::engineering_gfx950::peer::Gfx950EngineeringPeerBufferV1; 10]>>>
  63796e:	48 8d bc 24 58 01 00 	lea    0x158(%rsp),%rdi
  637975:	00 
  637976:	e8 95 f9 fc ff       	call   607310 <core::ptr::drop_in_place::<alloc::vec::Vec<fe2o3_kfd::engineering_gfx950::peer::combined_mlp_state_v1::paired::retained::RetainedPair>>>
  63797b:	48 8d bc 24 a8 01 00 	lea    0x1a8(%rsp),%rdi
  637982:	00 
  637983:	e8 b8 fa fc ff       	call   607440 <core::ptr::drop_in_place::<alloc::vec::Vec<fe2o3_kfd::engineering_gfx950::peer::combined_mlp_state_v1::tests::native::paired::interleaved::Payloads>>>
  637988:	e9 06 01 00 00       	jmp    637a93 <fe2o3_kfd::engineering_gfx950::peer::combined_mlp_state_v1::tests::native::paired::interleaved::interleaved_exercise+0x5ce3>
  63798d:	48 89 c3             	mov    %rax,%rbx
  637990:	48 8d bc 24 70 0a 00 	lea    0xa70(%rsp),%rdi
  637997:	00 
  637998:	e8 f3 fb fc ff       	call   607590 <core::ptr::drop_in_place::<alloc::vec::Vec<u8>>>
  63799d:	e9 f1 00 00 00       	jmp    637a93 <fe2o3_kfd::engineering_gfx950::peer::combined_mlp_state_v1::tests::native::paired::interleaved::interleaved_exercise+0x5ce3>
  6379a2:	48 89 c3             	mov    %rax,%rbx
  6379a5:	e9 e9 00 00 00       	jmp    637a93 <fe2o3_kfd::engineering_gfx950::peer::combined_mlp_state_v1::tests::native::paired::interleaved::interleaved_exercise+0x5ce3>
  6379aa:	48 89 c3             	mov    %rax,%rbx
  6379ad:	e9 e1 00 00 00       	jmp    637a93 <fe2o3_kfd::engineering_gfx950::peer::combined_mlp_state_v1::tests::native::paired::interleaved::interleaved_exercise+0x5ce3>
  6379b2:	48 89 c3             	mov    %rax,%rbx
  6379b5:	e9 d9 00 00 00       	jmp    637a93 <fe2o3_kfd::engineering_gfx950::peer::combined_mlp_state_v1::tests::native::paired::interleaved::interleaved_exercise+0x5ce3>
  6379ba:	48 89 c3             	mov    %rax,%rbx
  6379bd:	e9 d1 00 00 00       	jmp    637a93 <fe2o3_kfd::engineering_gfx950::peer::combined_mlp_state_v1::tests::native::paired::interleaved::interleaved_exercise+0x5ce3>
  6379c2:	eb 2a                	jmp    6379ee <fe2o3_kfd::engineering_gfx950::peer::combined_mlp_state_v1::tests::native::paired::interleaved::interleaved_exercise+0x5c3e>
  6379c4:	48 89 c3             	mov    %rax,%rbx
  6379c7:	e9 c7 00 00 00       	jmp    637a93 <fe2o3_kfd::engineering_gfx950::peer::combined_mlp_state_v1::tests::native::paired::interleaved::interleaved_exercise+0x5ce3>
  6379cc:	48 89 c3             	mov    %rax,%rbx
  6379cf:	48 8d bc 24 a0 00 00 	lea    0xa0(%rsp),%rdi
  6379d6:	00 
  6379d7:	eb 20                	jmp    6379f9 <fe2o3_kfd::engineering_gfx950::peer::combined_mlp_state_v1::tests::native::paired::interleaved::interleaved_exercise+0x5c49>
  6379d9:	48 89 c3             	mov    %rax,%rbx
  6379dc:	48 8d bc 24 60 1c 00 	lea    0x1c60(%rsp),%rdi
  6379e3:	00 
  6379e4:	e8 e7 de fc ff       	call   6058d0 <core::ptr::drop_in_place::<[fe2o3_kfd::engineering_gfx950::peer::Gfx950EngineeringPeerKernelV1; 4]>>
  6379e9:	e9 a5 00 00 00       	jmp    637a93 <fe2o3_kfd::engineering_gfx950::peer::combined_mlp_state_v1::tests::native::paired::interleaved::interleaved_exercise+0x5ce3>
  6379ee:	48 89 c3             	mov    %rax,%rbx
  6379f1:	48 8d bc 24 00 02 00 	lea    0x200(%rsp),%rdi
  6379f8:	00 
  6379f9:	e8 22 fb f4 ff       	call   587520 <<alloc::raw_vec::RawVec<fe2o3_kfd::engineering_gfx950::peer::Gfx950EngineeringPeerKernelV1> as core::ops::drop::Drop>::drop>
  6379fe:	e9 90 00 00 00       	jmp    637a93 <fe2o3_kfd::engineering_gfx950::peer::combined_mlp_state_v1::tests::native::paired::interleaved::interleaved_exercise+0x5ce3>
  637a03:	48 89 c3             	mov    %rax,%rbx
  637a06:	48 8d bc 24 d8 1b 00 	lea    0x1bd8(%rsp),%rdi
  637a0d:	00 
  637a0e:	e8 1d 04 fd ff       	call   607e30 <core::ptr::drop_in_place::<fe2o3_kfd::engineering_wire::KernelMetadataV1>>
  637a13:	eb 71                	jmp    637a86 <fe2o3_kfd::engineering_gfx950::peer::combined_mlp_state_v1::tests::native::paired::interleaved::interleaved_exercise+0x5cd6>
  637a15:	eb 6c                	jmp    637a83 <fe2o3_kfd::engineering_gfx950::peer::combined_mlp_state_v1::tests::native::paired::interleaved::interleaved_exercise+0x5cd3>
  637a17:	48 89 c3             	mov    %rax,%rbx
  637a1a:	48 8d bc 24 00 02 00 	lea    0x200(%rsp),%rdi
  637a21:	00 
  637a22:	e8 69 fb fc ff       	call   607590 <core::ptr::drop_in_place::<alloc::vec::Vec<u8>>>
  637a27:	eb 03                	jmp    637a2c <fe2o3_kfd::engineering_gfx950::peer::combined_mlp_state_v1::tests::native::paired::interleaved::interleaved_exercise+0x5c7c>
  637a29:	48 89 c3             	mov    %rax,%rbx
  637a2c:	48 8d 7c 24 10       	lea    0x10(%rsp),%rdi
  637a31:	e8 7a ef fc ff       	call   6069b0 <core::ptr::drop_in_place::<alloc::vec::Vec<fe2o3_kfd::engineering_wire::PointerFixupV1>>>
  637a36:	eb 5b                	jmp    637a93 <fe2o3_kfd::engineering_gfx950::peer::combined_mlp_state_v1::tests::native::paired::interleaved::interleaved_exercise+0x5ce3>
  637a38:	eb 49                	jmp    637a83 <fe2o3_kfd::engineering_gfx950::peer::combined_mlp_state_v1::tests::native::paired::interleaved::interleaved_exercise+0x5cd3>
  637a3a:	48 89 c3             	mov    %rax,%rbx
  637a3d:	0f 1f 00             	nopl   (%rax)
  637a40:	49 ff cf             	dec    %r15
  637a43:	74 14                	je     637a59 <fe2o3_kfd::engineering_gfx950::peer::combined_mlp_state_v1::tests::native::paired::interleaved::interleaved_exercise+0x5ca9>
  637a45:	4d 8d a6 20 02 00 00 	lea    0x220(%r14),%r12
  637a4c:	4c 89 f7             	mov    %r14,%rdi
  637a4f:	e8 0c d5 d8 ff       	call   3c4f60 <core::ptr::drop_in_place::<[fe2o3_kfd::engineering_gfx950::peer::Gfx950EngineeringPeerKernelV1; 4]>>
  637a54:	4d 89 e6             	mov    %r12,%r14
  637a57:	eb e7                	jmp    637a40 <fe2o3_kfd::engineering_gfx950::peer::combined_mlp_state_v1::tests::native::paired::interleaved::interleaved_exercise+0x5c90>
  637a59:	48 8d bc 24 40 01 00 	lea    0x140(%rsp),%rdi
  637a60:	00 
  637a61:	e8 da e6 f4 ff       	call   586140 <<alloc::raw_vec::RawVec<[fe2o3_kfd::engineering_gfx950::peer::Gfx950EngineeringPeerKernelV1; 4]> as core::ops::drop::Drop>::drop>
  637a66:	48 89 df             	mov    %rbx,%rdi
  637a69:	e8 52 33 20 00       	call   83adc0 <_Unwind_Resume@plt>
  637a6e:	ff 15 6c 38 27 00    	call   *0x27386c(%rip)        # 8ab2e0 <_DYNAMIC+0x298>
  637a74:	48 89 c3             	mov    %rax,%rbx
  637a77:	48 8d 7c 24 30       	lea    0x30(%rsp),%rdi
  637a7c:	e8 0f fb fc ff       	call   607590 <core::ptr::drop_in_place::<alloc::vec::Vec<u8>>>
  637a81:	eb 03                	jmp    637a86 <fe2o3_kfd::engineering_gfx950::peer::combined_mlp_state_v1::tests::native::paired::interleaved::interleaved_exercise+0x5cd6>
  637a83:	48 89 c3             	mov    %rax,%rbx
  637a86:	48 8d bc 24 a0 00 00 	lea    0xa0(%rsp),%rdi
  637a8d:	00 
  637a8e:	e8 4d f3 fc ff       	call   606de0 <core::ptr::drop_in_place::<alloc::vec::Vec<fe2o3_kfd::engineering_gfx950::peer::Gfx950EngineeringPeerKernelV1>>>
  637a93:	48 8d bc 24 c8 01 00 	lea    0x1c8(%rsp),%rdi
  637a9a:	00 
  637a9b:	e8 c0 e3 fc ff       	call   605e60 <core::ptr::drop_in_place::<alloc::vec::Vec<[fe2o3_kfd::engineering_gfx950::peer::Gfx950EngineeringPeerBufferV1; 4]>>>
  637aa0:	48 8d bc 24 40 01 00 	lea    0x140(%rsp),%rdi
  637aa7:	00 
  637aa8:	e8 03 e5 fc ff       	call   605fb0 <core::ptr::drop_in_place::<alloc::vec::Vec<[fe2o3_kfd::engineering_gfx950::peer::Gfx950EngineeringPeerKernelV1; 4]>>>
  637aad:	48 89 df             	mov    %rbx,%rdi
  637ab0:	e8 0b 33 20 00       	call   83adc0 <_Unwind_Resume@plt>
  637ab5:	ff 15 25 38 27 00    	call   *0x273825(%rip)        # 8ab2e0 <_DYNAMIC+0x298>
