
/home/harmenon/ferric-asrock-42/evidence/finite-resident-integration-v220/guarded-mlp-atomic-load-alias-lowering-v228-v1/fe2o3-engineering-v1/d98a12d35a2f0ecea506a9384213c22dbf692c03347efb91a009fc24e0982e1b/observation.hsaco:	file format elf64-amdgpu

Disassembly of section .text:

0000000000002100 <ferric_qwen3_mlp_state_guard_v2>:
	s_load_dwordx4 s[92:95], s[2:3], 0x0                       // 000000002100: C00A1701 00000000
	s_load_dwordx2 s[90:91], s[2:3], 0x10                      // 000000002108: C0061681 00000010
	s_waitcnt lgkmcnt(0)                                       // 000000002110: BF8CC07F
	s_cmp_lg_u64 s[94:95], 0x228                               // 000000002114: BF13FF5E 00000228
	s_cselect_b64 s[2:3], -1, 0                                // 00000000211C: 858280C1
	s_or_b32 s5, s91, s90                                      // 000000002120: 87055A5B
	s_cmp_eq_u32 s5, 0                                         // 000000002124: BF068005
	s_cselect_b64 s[6:7], -1, 0                                // 000000002128: 858680C1
	s_or_b64 s[2:3], s[2:3], s[6:7]                            // 00000000212C: 87820602
	s_and_b64 vcc, exec, s[2:3]                                // 000000002130: 86EA027E
	s_cbranch_vccnz 4064                                       // 000000002134: BF870FE0 <ferric_qwen3_mlp_state_guard_v2+0x3fb8>
	s_load_dword s0, s[0:1], 0xc                               // 000000002138: C0020000 0000000C
	s_mov_b64 s[2:3], -1                                       // 000000002140: BE8201C1
	s_waitcnt lgkmcnt(0)                                       // 000000002144: BF8CC07F
	s_add_u32 s0, s0, 63                                       // 000000002148: 8000BF00
	s_addc_u32 s1, 0, 0                                        // 00000000214C: 82018080
	s_andn2_b32 s0, s0, 63                                     // 000000002150: 8900BF00
	s_cmp_eq_u64 s[0:1], 64                                    // 000000002154: BF12C000
	s_cbranch_scc0 4055                                        // 000000002158: BF840FD7 <ferric_qwen3_mlp_state_guard_v2+0x3fb8>
	v_or_b32_e32 v0, s4, v0                                    // 00000000215C: 28000004
	v_cmp_eq_u32_e32 vcc, 0, v0                                // 000000002160: 7D940080
	s_and_saveexec_b64 s[94:95], vcc                           // 000000002164: BEDE206A
	s_cbranch_execz 4049                                       // 000000002168: BF880FD1 <ferric_qwen3_mlp_state_guard_v2+0x3fb0>
	v_mov_b32_e32 v0, 0                                        // 00000000216C: 7E000280
	global_load_dword v23, v0, s[92:93] sc0 sc1                // 000000002170: DE518000 175C0000
	s_waitcnt vmcnt(0)                                         // 000000002178: BF8C0F70
	buffer_inv sc0 sc1                                         // 00000000217C: E0A4C000 00000000
	global_load_dword v22, v0, s[92:93] offset:16 sc0 sc1      // 000000002184: DE518010 165C0000
	s_waitcnt vmcnt(0)                                         // 00000000218C: BF8C0F70
	buffer_inv sc0 sc1                                         // 000000002190: E0A4C000 00000000
	global_load_dword v21, v0, s[92:93] offset:28 sc0 sc1      // 000000002198: DE51801C 155C0000
	s_waitcnt vmcnt(0)                                         // 0000000021A0: BF8C0F70
	buffer_inv sc0 sc1                                         // 0000000021A4: E0A4C000 00000000
	global_load_dword v20, v0, s[92:93] offset:36 sc0 sc1      // 0000000021AC: DE518024 145C0000
	s_waitcnt vmcnt(0)                                         // 0000000021B4: BF8C0F70
	buffer_inv sc0 sc1                                         // 0000000021B8: E0A4C000 00000000
	global_load_dword v18, v0, s[92:93] offset:48 sc0 sc1      // 0000000021C0: DE518030 125C0000
	s_waitcnt vmcnt(0)                                         // 0000000021C8: BF8C0F70
	buffer_inv sc0 sc1                                         // 0000000021CC: E0A4C000 00000000
	global_load_dword v16, v0, s[92:93] offset:4 sc0 sc1       // 0000000021D4: DE518004 105C0000
	s_waitcnt vmcnt(0)                                         // 0000000021DC: BF8C0F70
	buffer_inv sc0 sc1                                         // 0000000021E0: E0A4C000 00000000
	global_load_dword v19, v0, s[92:93] offset:8 sc0 sc1       // 0000000021E8: DE518008 135C0000
	s_waitcnt vmcnt(0)                                         // 0000000021F0: BF8C0F70
	buffer_inv sc0 sc1                                         // 0000000021F4: E0A4C000 00000000
	global_load_dword v17, v0, s[92:93] offset:12 sc0 sc1      // 0000000021FC: DE51800C 115C0000
	s_waitcnt vmcnt(0)                                         // 000000002204: BF8C0F70
	buffer_inv sc0 sc1                                         // 000000002208: E0A4C000 00000000
	global_load_dword v15, v0, s[92:93] offset:20 sc0 sc1      // 000000002210: DE518014 0F5C0000
	s_waitcnt vmcnt(0)                                         // 000000002218: BF8C0F70
	buffer_inv sc0 sc1                                         // 00000000221C: E0A4C000 00000000
	global_load_dword v14, v0, s[92:93] offset:24 sc0 sc1      // 000000002224: DE518018 0E5C0000
	s_waitcnt vmcnt(0)                                         // 00000000222C: BF8C0F70
	buffer_inv sc0 sc1                                         // 000000002230: E0A4C000 00000000
	global_load_dword v13, v0, s[92:93] offset:40 sc0 sc1      // 000000002238: DE518028 0D5C0000
	s_waitcnt vmcnt(0)                                         // 000000002240: BF8C0F70
	buffer_inv sc0 sc1                                         // 000000002244: E0A4C000 00000000
	global_load_dword v12, v0, s[92:93] offset:44 sc0 sc1      // 00000000224C: DE51802C 0C5C0000
	s_waitcnt vmcnt(0)                                         // 000000002254: BF8C0F70
	buffer_inv sc0 sc1                                         // 000000002258: E0A4C000 00000000
	global_load_dword v11, v0, s[92:93] offset:32 sc0 sc1      // 000000002260: DE518020 0B5C0000
	s_waitcnt vmcnt(0)                                         // 000000002268: BF8C0F70
	buffer_inv sc0 sc1                                         // 00000000226C: E0A4C000 00000000
	global_load_dword v10, v0, s[92:93] offset:52 sc0 sc1      // 000000002274: DE518034 0A5C0000
	s_waitcnt vmcnt(0)                                         // 00000000227C: BF8C0F70
	buffer_inv sc0 sc1                                         // 000000002280: E0A4C000 00000000
	global_load_dword v7, v0, s[92:93] offset:56 sc0 sc1       // 000000002288: DE518038 075C0000
	s_waitcnt vmcnt(0)                                         // 000000002290: BF8C0F70
	buffer_inv sc0 sc1                                         // 000000002294: E0A4C000 00000000
	global_load_dword v9, v0, s[92:93] offset:60 sc0 sc1       // 00000000229C: DE51803C 095C0000
	s_waitcnt vmcnt(0)                                         // 0000000022A4: BF8C0F70
	buffer_inv sc0 sc1                                         // 0000000022A8: E0A4C000 00000000
	global_load_dword v8, v0, s[92:93] offset:64 sc0 sc1       // 0000000022B0: DE518040 085C0000
	s_waitcnt vmcnt(0)                                         // 0000000022B8: BF8C0F70
	buffer_inv sc0 sc1                                         // 0000000022BC: E0A4C000 00000000
	global_load_dword v6, v0, s[92:93] offset:68 sc0 sc1       // 0000000022C4: DE518044 065C0000
	s_waitcnt vmcnt(0)                                         // 0000000022CC: BF8C0F70
	buffer_inv sc0 sc1                                         // 0000000022D0: E0A4C000 00000000
	global_load_dword v5, v0, s[92:93] offset:72 sc0 sc1       // 0000000022D8: DE518048 055C0000
	s_waitcnt vmcnt(0)                                         // 0000000022E0: BF8C0F70
	buffer_inv sc0 sc1                                         // 0000000022E4: E0A4C000 00000000
	global_load_dword v4, v0, s[92:93] offset:76 sc0 sc1       // 0000000022EC: DE51804C 045C0000
	s_waitcnt vmcnt(0)                                         // 0000000022F4: BF8C0F70
	buffer_inv sc0 sc1                                         // 0000000022F8: E0A4C000 00000000
	global_load_dword v3, v0, s[92:93] offset:80 sc0 sc1       // 000000002300: DE518050 035C0000
	s_waitcnt vmcnt(0)                                         // 000000002308: BF8C0F70
	buffer_inv sc0 sc1                                         // 00000000230C: E0A4C000 00000000
	global_load_dword v2, v0, s[92:93] offset:84 sc0 sc1       // 000000002314: DE518054 025C0000
	s_waitcnt vmcnt(0)                                         // 00000000231C: BF8C0F70
	buffer_inv sc0 sc1                                         // 000000002320: E0A4C000 00000000
	global_load_dword v1, v0, s[92:93] offset:92 sc0 sc1       // 000000002328: DE51805C 015C0000
	s_waitcnt vmcnt(0)                                         // 000000002330: BF8C0F70
	buffer_inv sc0 sc1                                         // 000000002334: E0A4C000 00000000
	global_load_dword v24, v0, s[92:93] offset:96 sc0 sc1      // 00000000233C: DE518060 185C0000
	s_waitcnt vmcnt(0)                                         // 000000002344: BF8C0F70
	buffer_inv sc0 sc1                                         // 000000002348: E0A4C000 00000000
	global_load_dword v25, v0, s[92:93] offset:100 sc0 sc1     // 000000002350: DE518064 195C0000
	s_waitcnt vmcnt(0)                                         // 000000002358: BF8C0F70
	buffer_inv sc0 sc1                                         // 00000000235C: E0A4C000 00000000
	global_load_dword v26, v0, s[92:93] offset:104 sc0 sc1     // 000000002364: DE518068 1A5C0000
	s_waitcnt vmcnt(0)                                         // 00000000236C: BF8C0F70
	buffer_inv sc0 sc1                                         // 000000002370: E0A4C000 00000000
	global_load_dword v27, v0, s[92:93] offset:108 sc0 sc1     // 000000002378: DE51806C 1B5C0000
	s_waitcnt vmcnt(0)                                         // 000000002380: BF8C0F70
	buffer_inv sc0 sc1                                         // 000000002384: E0A4C000 00000000
	global_load_dword v28, v0, s[92:93] offset:112 sc0 sc1     // 00000000238C: DE518070 1C5C0000
	s_waitcnt vmcnt(0)                                         // 000000002394: BF8C0F70
	buffer_inv sc0 sc1                                         // 000000002398: E0A4C000 00000000
	global_load_dword v29, v0, s[92:93] offset:116 sc0 sc1     // 0000000023A0: DE518074 1D5C0000
	s_waitcnt vmcnt(0)                                         // 0000000023A8: BF8C0F70
	buffer_inv sc0 sc1                                         // 0000000023AC: E0A4C000 00000000
	global_load_dword v30, v0, s[92:93] offset:120 sc0 sc1     // 0000000023B4: DE518078 1E5C0000
	s_waitcnt vmcnt(0)                                         // 0000000023BC: BF8C0F70
	buffer_inv sc0 sc1                                         // 0000000023C0: E0A4C000 00000000
	global_load_dword v31, v0, s[92:93] offset:88 sc0 sc1      // 0000000023C8: DE518058 1F5C0000
	s_waitcnt vmcnt(0)                                         // 0000000023D0: BF8C0F70
	buffer_inv sc0 sc1                                         // 0000000023D4: E0A4C000 00000000
	global_load_dword v32, v0, s[92:93] offset:124 sc0 sc1     // 0000000023DC: DE51807C 205C0000
	s_waitcnt vmcnt(0)                                         // 0000000023E4: BF8C0F70
	buffer_inv sc0 sc1                                         // 0000000023E8: E0A4C000 00000000
	global_load_dword v33, v0, s[92:93] offset:128 sc0 sc1     // 0000000023F0: DE518080 215C0000
	s_waitcnt vmcnt(0)                                         // 0000000023F8: BF8C0F70
	buffer_inv sc0 sc1                                         // 0000000023FC: E0A4C000 00000000
	global_load_dword v34, v0, s[92:93] offset:132 sc0 sc1     // 000000002404: DE518084 225C0000
	s_waitcnt vmcnt(0)                                         // 00000000240C: BF8C0F70
	buffer_inv sc0 sc1                                         // 000000002410: E0A4C000 00000000
	global_load_dword v35, v0, s[92:93] offset:136 sc0 sc1     // 000000002418: DE518088 235C0000
	s_waitcnt vmcnt(0)                                         // 000000002420: BF8C0F70
	buffer_inv sc0 sc1                                         // 000000002424: E0A4C000 00000000
	global_load_dword v36, v0, s[92:93] offset:140 sc0 sc1     // 00000000242C: DE51808C 245C0000
	s_waitcnt vmcnt(0)                                         // 000000002434: BF8C0F70
	buffer_inv sc0 sc1                                         // 000000002438: E0A4C000 00000000
	global_load_dword v37, v0, s[92:93] offset:144 sc0 sc1     // 000000002440: DE518090 255C0000
	s_waitcnt vmcnt(0)                                         // 000000002448: BF8C0F70
	buffer_inv sc0 sc1                                         // 00000000244C: E0A4C000 00000000
	global_load_dword v38, v0, s[92:93] offset:148 sc0 sc1     // 000000002454: DE518094 265C0000
	s_waitcnt vmcnt(0)                                         // 00000000245C: BF8C0F70
	buffer_inv sc0 sc1                                         // 000000002460: E0A4C000 00000000
	global_load_dword v39, v0, s[92:93] offset:152 sc0 sc1     // 000000002468: DE518098 275C0000
	s_waitcnt vmcnt(0)                                         // 000000002470: BF8C0F70
	buffer_inv sc0 sc1                                         // 000000002474: E0A4C000 00000000
	global_load_dword v40, v0, s[92:93] offset:156 sc0 sc1     // 00000000247C: DE51809C 285C0000
	s_waitcnt vmcnt(0)                                         // 000000002484: BF8C0F70
	buffer_inv sc0 sc1                                         // 000000002488: E0A4C000 00000000
	global_load_dword v41, v0, s[92:93] offset:160 sc0 sc1     // 000000002490: DE5180A0 295C0000
	s_waitcnt vmcnt(0)                                         // 000000002498: BF8C0F70
	buffer_inv sc0 sc1                                         // 00000000249C: E0A4C000 00000000
	global_load_dword v42, v0, s[92:93] offset:164 sc0 sc1     // 0000000024A4: DE5180A4 2A5C0000
	s_waitcnt vmcnt(0)                                         // 0000000024AC: BF8C0F70
	buffer_inv sc0 sc1                                         // 0000000024B0: E0A4C000 00000000
	global_load_dword v43, v0, s[92:93] offset:168 sc0 sc1     // 0000000024B8: DE5180A8 2B5C0000
	s_waitcnt vmcnt(0)                                         // 0000000024C0: BF8C0F70
	buffer_inv sc0 sc1                                         // 0000000024C4: E0A4C000 00000000
	global_load_dword v44, v0, s[92:93] offset:172 sc0 sc1     // 0000000024CC: DE5180AC 2C5C0000
	s_waitcnt vmcnt(0)                                         // 0000000024D4: BF8C0F70
	buffer_inv sc0 sc1                                         // 0000000024D8: E0A4C000 00000000
	global_load_dword v45, v0, s[92:93] offset:176 sc0 sc1     // 0000000024E0: DE5180B0 2D5C0000
	s_waitcnt vmcnt(0)                                         // 0000000024E8: BF8C0F70
	buffer_inv sc0 sc1                                         // 0000000024EC: E0A4C000 00000000
	global_load_dword v46, v0, s[92:93] offset:180 sc0 sc1     // 0000000024F4: DE5180B4 2E5C0000
	s_waitcnt vmcnt(0)                                         // 0000000024FC: BF8C0F70
	buffer_inv sc0 sc1                                         // 000000002500: E0A4C000 00000000
	global_load_dword v47, v0, s[92:93] offset:184 sc0 sc1     // 000000002508: DE5180B8 2F5C0000
	s_waitcnt vmcnt(0)                                         // 000000002510: BF8C0F70
	buffer_inv sc0 sc1                                         // 000000002514: E0A4C000 00000000
	global_load_dword v48, v0, s[92:93] offset:188 sc0 sc1     // 00000000251C: DE5180BC 305C0000
	s_waitcnt vmcnt(0)                                         // 000000002524: BF8C0F70
	buffer_inv sc0 sc1                                         // 000000002528: E0A4C000 00000000
	global_load_dword v49, v0, s[92:93] offset:192 sc0 sc1     // 000000002530: DE5180C0 315C0000
	s_waitcnt vmcnt(0)                                         // 000000002538: BF8C0F70
	buffer_inv sc0 sc1                                         // 00000000253C: E0A4C000 00000000
	global_load_dword v50, v0, s[92:93] offset:196 sc0 sc1     // 000000002544: DE5180C4 325C0000
	s_waitcnt vmcnt(0)                                         // 00000000254C: BF8C0F70
	buffer_inv sc0 sc1                                         // 000000002550: E0A4C000 00000000
	global_load_dword v51, v0, s[92:93] offset:200 sc0 sc1     // 000000002558: DE5180C8 335C0000
	s_waitcnt vmcnt(0)                                         // 000000002560: BF8C0F70
	buffer_inv sc0 sc1                                         // 000000002564: E0A4C000 00000000
	global_load_dword v52, v0, s[92:93] offset:204 sc0 sc1     // 00000000256C: DE5180CC 345C0000
	s_waitcnt vmcnt(0)                                         // 000000002574: BF8C0F70
	buffer_inv sc0 sc1                                         // 000000002578: E0A4C000 00000000
	global_load_dword v53, v0, s[92:93] offset:208 sc0 sc1     // 000000002580: DE5180D0 355C0000
	s_waitcnt vmcnt(0)                                         // 000000002588: BF8C0F70
	buffer_inv sc0 sc1                                         // 00000000258C: E0A4C000 00000000
	global_load_dword v54, v0, s[92:93] offset:212 sc0 sc1     // 000000002594: DE5180D4 365C0000
	s_waitcnt vmcnt(0)                                         // 00000000259C: BF8C0F70
	buffer_inv sc0 sc1                                         // 0000000025A0: E0A4C000 00000000
	global_load_dword v55, v0, s[92:93] offset:216 sc0 sc1     // 0000000025A8: DE5180D8 375C0000
	s_waitcnt vmcnt(0)                                         // 0000000025B0: BF8C0F70
	buffer_inv sc0 sc1                                         // 0000000025B4: E0A4C000 00000000
	global_load_dword v56, v0, s[92:93] offset:220 sc0 sc1     // 0000000025BC: DE5180DC 385C0000
	s_waitcnt vmcnt(0)                                         // 0000000025C4: BF8C0F70
	buffer_inv sc0 sc1                                         // 0000000025C8: E0A4C000 00000000
	global_load_dword v57, v0, s[92:93] offset:224 sc0 sc1     // 0000000025D0: DE5180E0 395C0000
	s_waitcnt vmcnt(0)                                         // 0000000025D8: BF8C0F70
	buffer_inv sc0 sc1                                         // 0000000025DC: E0A4C000 00000000
	global_load_dword v58, v0, s[92:93] offset:228 sc0 sc1     // 0000000025E4: DE5180E4 3A5C0000
	s_waitcnt vmcnt(0)                                         // 0000000025EC: BF8C0F70
	buffer_inv sc0 sc1                                         // 0000000025F0: E0A4C000 00000000
	global_load_dword v59, v0, s[92:93] offset:232 sc0 sc1     // 0000000025F8: DE5180E8 3B5C0000
	s_waitcnt vmcnt(0)                                         // 000000002600: BF8C0F70
	buffer_inv sc0 sc1                                         // 000000002604: E0A4C000 00000000
	s_movk_i32 s0, 0x60                                        // 00000000260C: B0000060
	v_cmp_eq_u32_e64 s[26:27], 3, v31                          // 000000002610: D0CA001A 00023E83
	v_cmp_eq_u32_e64 s[24:25], 3, v32                          // 000000002618: D0CA0018 00024083
	v_add_u32_e32 v33, -1, v33                                 // 000000002620: 684242C1
	v_add_u32_e32 v34, -1, v34                                 // 000000002624: 684444C1
	v_or_b32_e32 v33, v34, v33                                 // 000000002628: 28424322
	v_cmp_eq_u32_e64 s[18:19], 1, v23                          // 00000000262C: D0CA0012 00022E81
	global_load_dword v23, v0, s[92:93] offset:236 sc0 sc1     // 000000002634: DE5180EC 175C0000
	s_waitcnt vmcnt(0)                                         // 00000000263C: BF8C0F70
	buffer_inv sc0 sc1                                         // 000000002640: E0A4C000 00000000
	v_cmp_eq_u32_e64 s[20:21], 1, v22                          // 000000002648: D0CA0014 00022C81
	global_load_dword v22, v0, s[92:93] offset:240 sc0 sc1     // 000000002650: DE5180F0 165C0000
	s_waitcnt vmcnt(0)                                         // 000000002658: BF8C0F70
	buffer_inv sc0 sc1                                         // 00000000265C: E0A4C000 00000000
	v_cmp_eq_u32_e64 s[16:17], 1, v21                          // 000000002664: D0CA0010 00022A81
	global_load_dword v21, v0, s[92:93] offset:244 sc0 sc1     // 00000000266C: DE5180F4 155C0000
	s_waitcnt vmcnt(0)                                         // 000000002674: BF8C0F70
	buffer_inv sc0 sc1                                         // 000000002678: E0A4C000 00000000
	v_cmp_eq_u32_e64 s[14:15], 1, v20                          // 000000002680: D0CA000E 00022881
	global_load_dword v20, v0, s[92:93] offset:248 sc0 sc1     // 000000002688: DE5180F8 145C0000
	s_waitcnt vmcnt(0)                                         // 000000002690: BF8C0F70
	buffer_inv sc0 sc1                                         // 000000002694: E0A4C000 00000000
	v_cmp_eq_u32_e64 s[12:13], 1, v18                          // 00000000269C: D0CA000C 00022481
	global_load_dword v18, v0, s[92:93] offset:252 sc0 sc1     // 0000000026A4: DE5180FC 125C0000
	s_waitcnt vmcnt(0)                                         // 0000000026AC: BF8C0F70
	buffer_inv sc0 sc1                                         // 0000000026B0: E0A4C000 00000000
	v_or_b32_e32 v16, v19, v16                                 // 0000000026B8: 28202113
	global_load_dword v19, v0, s[92:93] offset:256 sc0 sc1     // 0000000026BC: DE518100 135C0000
	s_waitcnt vmcnt(0)                                         // 0000000026C4: BF8C0F70
	buffer_inv sc0 sc1                                         // 0000000026C8: E0A4C000 00000000
	v_cmp_eq_u32_e64 s[10:11], 31, v17                         // 0000000026D0: D0CA000A 0002229F
	global_load_dword v17, v0, s[92:93] offset:260 sc0 sc1     // 0000000026D8: DE518104 115C0000
	s_waitcnt vmcnt(0)                                         // 0000000026E0: BF8C0F70
	buffer_inv sc0 sc1                                         // 0000000026E4: E0A4C000 00000000
	v_cmp_eq_u32_e64 s[8:9], s0, v15                           // 0000000026EC: D0CA0008 00021E00
	global_load_dword v15, v0, s[92:93] offset:264 sc0 sc1     // 0000000026F4: DE518108 0F5C0000
	s_waitcnt vmcnt(0)                                         // 0000000026FC: BF8C0F70
	buffer_inv sc0 sc1                                         // 000000002700: E0A4C000 00000000
	v_cmp_eq_u32_e64 s[6:7], s0, v14                           // 000000002708: D0CA0006 00021C00
	global_load_dword v14, v0, s[92:93] offset:268 sc0 sc1     // 000000002710: DE51810C 0E5C0000
	s_waitcnt vmcnt(0)                                         // 000000002718: BF8C0F70
	buffer_inv sc0 sc1                                         // 00000000271C: E0A4C000 00000000
	v_cmp_eq_u32_e64 s[2:3], s0, v13                           // 000000002724: D0CA0002 00021A00
	global_load_dword v13, v0, s[92:93] offset:272 sc0 sc1     // 00000000272C: DE518110 0D5C0000
	s_waitcnt vmcnt(0)                                         // 000000002734: BF8C0F70
	buffer_inv sc0 sc1                                         // 000000002738: E0A4C000 00000000
	v_cmp_eq_u32_e64 s[22:23], 0, v16                          // 000000002740: D0CA0016 00022080
	global_load_dword v16, v0, s[92:93] offset:276 sc0 sc1     // 000000002748: DE518114 105C0000
	s_waitcnt vmcnt(0)                                         // 000000002750: BF8C0F70
	buffer_inv sc0 sc1                                         // 000000002754: E0A4C000 00000000
	v_cmp_eq_u32_e64 s[4:5], s0, v12                           // 00000000275C: D0CA0004 00021800
	global_load_dword v12, v0, s[92:93] offset:280 sc0 sc1     // 000000002764: DE518118 0C5C0000
	s_waitcnt vmcnt(0)                                         // 00000000276C: BF8C0F70
	buffer_inv sc0 sc1                                         // 000000002770: E0A4C000 00000000
	v_cmp_eq_u32_e64 s[0:1], 64, v11                           // 000000002778: D0CA0000 000216C0
	global_load_dword v11, v0, s[92:93] offset:284 sc0 sc1     // 000000002780: DE51811C 0B5C0000
	s_waitcnt vmcnt(0)                                         // 000000002788: BF8C0F70
	buffer_inv sc0 sc1                                         // 00000000278C: E0A4C000 00000000
	v_cmp_eq_u32_e32 vcc, 64, v10                              // 000000002794: 7D9414C0
	global_load_dword v10, v0, s[92:93] offset:288 sc0 sc1     // 000000002798: DE518120 0A5C0000
	s_waitcnt vmcnt(0)                                         // 0000000027A0: BF8C0F70
	buffer_inv sc0 sc1                                         // 0000000027A4: E0A4C000 00000000
	v_and_b32_e32 v7, v9, v7                                   // 0000000027AC: 260E0F09
	global_load_dword v9, v0, s[92:93] offset:292 sc0 sc1      // 0000000027B0: DE518124 095C0000
	s_waitcnt vmcnt(0)                                         // 0000000027B8: BF8C0F70
	buffer_inv sc0 sc1                                         // 0000000027BC: E0A4C000 00000000
	v_and_b32_e32 v7, v7, v8                                   // 0000000027C4: 260E1107
	global_load_dword v8, v0, s[92:93] offset:296 sc0 sc1      // 0000000027C8: DE518128 085C0000
	s_waitcnt vmcnt(0)                                         // 0000000027D0: BF8C0F70
	buffer_inv sc0 sc1                                         // 0000000027D4: E0A4C000 00000000
	v_and_b32_e32 v6, v7, v6                                   // 0000000027DC: 260C0D07
	global_load_dword v7, v0, s[92:93] offset:300 sc0 sc1      // 0000000027E0: DE51812C 075C0000
	s_waitcnt vmcnt(0)                                         // 0000000027E8: BF8C0F70
	buffer_inv sc0 sc1                                         // 0000000027EC: E0A4C000 00000000
	v_and_b32_e32 v5, v6, v5                                   // 0000000027F4: 260A0B06
	global_load_dword v6, v0, s[92:93] offset:304 sc0 sc1      // 0000000027F8: DE518130 065C0000
	s_waitcnt vmcnt(0)                                         // 000000002800: BF8C0F70
	buffer_inv sc0 sc1                                         // 000000002804: E0A4C000 00000000
	v_and_b32_e32 v4, v5, v4                                   // 00000000280C: 26080905
	global_load_dword v5, v0, s[92:93] offset:308 sc0 sc1      // 000000002810: DE518134 055C0000
	s_waitcnt vmcnt(0)                                         // 000000002818: BF8C0F70
	buffer_inv sc0 sc1                                         // 00000000281C: E0A4C000 00000000
	v_and_b32_e32 v3, v4, v3                                   // 000000002824: 26060704
	global_load_dword v4, v0, s[92:93] offset:312 sc0 sc1      // 000000002828: DE518138 045C0000
	s_waitcnt vmcnt(0)                                         // 000000002830: BF8C0F70
	buffer_inv sc0 sc1                                         // 000000002834: E0A4C000 00000000
	v_and_b32_e32 v2, v3, v2                                   // 00000000283C: 26040503
	global_load_dword v3, v0, s[92:93] offset:316 sc0 sc1      // 000000002840: DE51813C 035C0000
	s_waitcnt vmcnt(0)                                         // 000000002848: BF8C0F70
	buffer_inv sc0 sc1                                         // 00000000284C: E0A4C000 00000000
	v_and_b32_e32 v1, v2, v1                                   // 000000002854: 26020302
	global_load_dword v2, v0, s[92:93] offset:320 sc0 sc1      // 000000002858: DE518140 025C0000
	s_waitcnt vmcnt(0)                                         // 000000002860: BF8C0F70
	buffer_inv sc0 sc1                                         // 000000002864: E0A4C000 00000000
	v_and_b32_e32 v1, v1, v24                                  // 00000000286C: 26023101
	global_load_dword v24, v0, s[92:93] offset:324 sc0 sc1     // 000000002870: DE518144 185C0000
	s_waitcnt vmcnt(0)                                         // 000000002878: BF8C0F70
	buffer_inv sc0 sc1                                         // 00000000287C: E0A4C000 00000000
	v_and_b32_e32 v1, v1, v25                                  // 000000002884: 26023301
	global_load_dword v25, v0, s[92:93] offset:328 sc0 sc1     // 000000002888: DE518148 195C0000
	s_waitcnt vmcnt(0)                                         // 000000002890: BF8C0F70
	buffer_inv sc0 sc1                                         // 000000002894: E0A4C000 00000000
	v_and_b32_e32 v1, v1, v26                                  // 00000000289C: 26023501
	global_load_dword v26, v0, s[92:93] offset:332 sc0 sc1     // 0000000028A0: DE51814C 1A5C0000
	s_waitcnt vmcnt(0)                                         // 0000000028A8: BF8C0F70
	buffer_inv sc0 sc1                                         // 0000000028AC: E0A4C000 00000000
	v_and_b32_e32 v1, v1, v27                                  // 0000000028B4: 26023701
	global_load_dword v27, v0, s[92:93] offset:336 sc0 sc1     // 0000000028B8: DE518150 1B5C0000
	s_waitcnt vmcnt(0)                                         // 0000000028C0: BF8C0F70
	buffer_inv sc0 sc1                                         // 0000000028C4: E0A4C000 00000000
	v_and_b32_e32 v1, v1, v28                                  // 0000000028CC: 26023901
	global_load_dword v28, v0, s[92:93] offset:340 sc0 sc1     // 0000000028D0: DE518154 1C5C0000
	s_waitcnt vmcnt(0)                                         // 0000000028D8: BF8C0F70
	buffer_inv sc0 sc1                                         // 0000000028DC: E0A4C000 00000000
	v_and_b32_e32 v1, v1, v29                                  // 0000000028E4: 26023B01
	global_load_dword v29, v0, s[92:93] offset:344 sc0 sc1     // 0000000028E8: DE518158 1D5C0000
	s_waitcnt vmcnt(0)                                         // 0000000028F0: BF8C0F70
	buffer_inv sc0 sc1                                         // 0000000028F4: E0A4C000 00000000
	v_and_b32_e32 v1, v1, v30                                  // 0000000028FC: 26023D01
	global_load_dword v30, v0, s[92:93] offset:348 sc0 sc1     // 000000002900: DE51815C 1E5C0000
	s_waitcnt vmcnt(0)                                         // 000000002908: BF8C0F70
	buffer_inv sc0 sc1                                         // 00000000290C: E0A4C000 00000000
	v_cmp_eq_u32_e64 s[28:29], -1, v1                          // 000000002914: D0CA001C 000202C1
	global_load_dword v1, v0, s[92:93] offset:352 sc0 sc1      // 00000000291C: DE518160 015C0000
	s_waitcnt vmcnt(0)                                         // 000000002924: BF8C0F70
	buffer_inv sc0 sc1                                         // 000000002928: E0A4C000 00000000
	global_load_dword v31, v0, s[92:93] offset:356 sc0 sc1     // 000000002930: DE518164 1F5C0000
	s_waitcnt vmcnt(0)                                         // 000000002938: BF8C0F70
	buffer_inv sc0 sc1                                         // 00000000293C: E0A4C000 00000000
	global_load_dword v32, v0, s[92:93] offset:360 sc0 sc1     // 000000002944: DE518168 205C0000
	s_waitcnt vmcnt(0)                                         // 00000000294C: BF8C0F70
	buffer_inv sc0 sc1                                         // 000000002950: E0A4C000 00000000
	global_load_dword v34, v0, s[92:93] offset:364 sc0 sc1     // 000000002958: DE51816C 225C0000
	s_waitcnt vmcnt(0)                                         // 000000002960: BF8C0F70
	buffer_inv sc0 sc1                                         // 000000002964: E0A4C000 00000000
	v_add_u32_e32 v35, -1, v35                                 // 00000000296C: 684646C1
	v_or_b32_e32 v33, v33, v35                                 // 000000002970: 28424721
	global_load_dword v35, v0, s[92:93] offset:368 sc0 sc1     // 000000002974: DE518170 235C0000
	s_waitcnt vmcnt(0)                                         // 00000000297C: BF8C0F70
	buffer_inv sc0 sc1                                         // 000000002980: E0A4C000 00000000
	v_add_u32_e32 v36, -1, v36                                 // 000000002988: 684848C1
	v_or_b32_e32 v33, v33, v36                                 // 00000000298C: 28424921
	global_load_dword v36, v0, s[92:93] offset:372 sc0 sc1     // 000000002990: DE518174 245C0000
	s_waitcnt vmcnt(0)                                         // 000000002998: BF8C0F70
	buffer_inv sc0 sc1                                         // 00000000299C: E0A4C000 00000000
	v_add_u32_e32 v37, -1, v37                                 // 0000000029A4: 684A4AC1
	v_or_b32_e32 v33, v33, v37                                 // 0000000029A8: 28424B21
	global_load_dword v37, v0, s[92:93] offset:376 sc0 sc1     // 0000000029AC: DE518178 255C0000
	s_waitcnt vmcnt(0)                                         // 0000000029B4: BF8C0F70
	buffer_inv sc0 sc1                                         // 0000000029B8: E0A4C000 00000000
	v_add_u32_e32 v38, -1, v38                                 // 0000000029C0: 684C4CC1
	v_or_b32_e32 v33, v33, v38                                 // 0000000029C4: 28424D21
	global_load_dword v38, v0, s[92:93] offset:380 sc0 sc1     // 0000000029C8: DE51817C 265C0000
	s_waitcnt vmcnt(0)                                         // 0000000029D0: BF8C0F70
	buffer_inv sc0 sc1                                         // 0000000029D4: E0A4C000 00000000
	v_add_u32_e32 v39, -1, v39                                 // 0000000029DC: 684E4EC1
	v_or_b32_e32 v33, v33, v39                                 // 0000000029E0: 28424F21
	global_load_dword v39, v0, s[92:93] offset:384 sc0 sc1     // 0000000029E4: DE518180 275C0000
	s_waitcnt vmcnt(0)                                         // 0000000029EC: BF8C0F70
	buffer_inv sc0 sc1                                         // 0000000029F0: E0A4C000 00000000
	v_add_u32_e32 v40, -1, v40                                 // 0000000029F8: 685050C1
	v_or_b32_e32 v33, v33, v40                                 // 0000000029FC: 28425121
	global_load_dword v40, v0, s[92:93] offset:388 sc0 sc1     // 000000002A00: DE518184 285C0000
	s_waitcnt vmcnt(0)                                         // 000000002A08: BF8C0F70
	buffer_inv sc0 sc1                                         // 000000002A0C: E0A4C000 00000000
	v_add_u32_e32 v41, -1, v41                                 // 000000002A14: 685252C1
	v_or_b32_e32 v33, v33, v41                                 // 000000002A18: 28425321
	global_load_dword v41, v0, s[92:93] offset:392 sc0 sc1     // 000000002A1C: DE518188 295C0000
	s_waitcnt vmcnt(0)                                         // 000000002A24: BF8C0F70
	buffer_inv sc0 sc1                                         // 000000002A28: E0A4C000 00000000
	v_add_u32_e32 v42, -1, v42                                 // 000000002A30: 685454C1
	v_or_b32_e32 v33, v33, v42                                 // 000000002A34: 28425521
	global_load_dword v42, v0, s[92:93] offset:396 sc0 sc1     // 000000002A38: DE51818C 2A5C0000
	s_waitcnt vmcnt(0)                                         // 000000002A40: BF8C0F70
	buffer_inv sc0 sc1                                         // 000000002A44: E0A4C000 00000000
	v_add_u32_e32 v43, -1, v43                                 // 000000002A4C: 685656C1
	v_or_b32_e32 v33, v33, v43                                 // 000000002A50: 28425721
	global_load_dword v43, v0, s[92:93] offset:400 sc0 sc1     // 000000002A54: DE518190 2B5C0000
	s_waitcnt vmcnt(0)                                         // 000000002A5C: BF8C0F70
	buffer_inv sc0 sc1                                         // 000000002A60: E0A4C000 00000000
	v_add_u32_e32 v44, -1, v44                                 // 000000002A68: 685858C1
	v_or_b32_e32 v33, v33, v44                                 // 000000002A6C: 28425921
	global_load_dword v44, v0, s[92:93] offset:404 sc0 sc1     // 000000002A70: DE518194 2C5C0000
	s_waitcnt vmcnt(0)                                         // 000000002A78: BF8C0F70
	buffer_inv sc0 sc1                                         // 000000002A7C: E0A4C000 00000000
	v_add_u32_e32 v45, -1, v45                                 // 000000002A84: 685A5AC1
	v_or_b32_e32 v33, v33, v45                                 // 000000002A88: 28425B21
	global_load_dword v45, v0, s[92:93] offset:408 sc0 sc1     // 000000002A8C: DE518198 2D5C0000
	s_waitcnt vmcnt(0)                                         // 000000002A94: BF8C0F70
	buffer_inv sc0 sc1                                         // 000000002A98: E0A4C000 00000000
	v_add_u32_e32 v46, -1, v46                                 // 000000002AA0: 685C5CC1
	v_or_b32_e32 v33, v33, v46                                 // 000000002AA4: 28425D21
	global_load_dword v46, v0, s[92:93] offset:412 sc0 sc1     // 000000002AA8: DE51819C 2E5C0000
	s_waitcnt vmcnt(0)                                         // 000000002AB0: BF8C0F70
	buffer_inv sc0 sc1                                         // 000000002AB4: E0A4C000 00000000
	v_add_u32_e32 v47, -1, v47                                 // 000000002ABC: 685E5EC1
	v_or_b32_e32 v33, v33, v47                                 // 000000002AC0: 28425F21
	global_load_dword v47, v0, s[92:93] offset:416 sc0 sc1     // 000000002AC4: DE5181A0 2F5C0000
	s_waitcnt vmcnt(0)                                         // 000000002ACC: BF8C0F70
	buffer_inv sc0 sc1                                         // 000000002AD0: E0A4C000 00000000
	v_add_u32_e32 v48, -1, v48                                 // 000000002AD8: 686060C1
	v_or_b32_e32 v33, v33, v48                                 // 000000002ADC: 28426121
	global_load_dword v48, v0, s[92:93] offset:420 sc0 sc1     // 000000002AE0: DE5181A4 305C0000
	s_waitcnt vmcnt(0)                                         // 000000002AE8: BF8C0F70
	buffer_inv sc0 sc1                                         // 000000002AEC: E0A4C000 00000000
	v_add_u32_e32 v49, -1, v49                                 // 000000002AF4: 686262C1
	v_or_b32_e32 v33, v33, v49                                 // 000000002AF8: 28426321
	global_load_dword v49, v0, s[92:93] offset:424 sc0 sc1     // 000000002AFC: DE5181A8 315C0000
	s_waitcnt vmcnt(0)                                         // 000000002B04: BF8C0F70
	buffer_inv sc0 sc1                                         // 000000002B08: E0A4C000 00000000
	v_add_u32_e32 v50, -1, v50                                 // 000000002B10: 686464C1
	v_or_b32_e32 v33, v33, v50                                 // 000000002B14: 28426521
	global_load_dword v50, v0, s[92:93] offset:428 sc0 sc1     // 000000002B18: DE5181AC 325C0000
	s_waitcnt vmcnt(0)                                         // 000000002B20: BF8C0F70
	buffer_inv sc0 sc1                                         // 000000002B24: E0A4C000 00000000
	v_add_u32_e32 v51, -1, v51                                 // 000000002B2C: 686666C1
	v_or_b32_e32 v33, v33, v51                                 // 000000002B30: 28426721
	global_load_dword v51, v0, s[92:93] offset:432 sc0 sc1     // 000000002B34: DE5181B0 335C0000
	s_waitcnt vmcnt(0)                                         // 000000002B3C: BF8C0F70
	buffer_inv sc0 sc1                                         // 000000002B40: E0A4C000 00000000
	v_add_u32_e32 v52, -1, v52                                 // 000000002B48: 686868C1
	v_or_b32_e32 v33, v33, v52                                 // 000000002B4C: 28426921
	global_load_dword v52, v0, s[92:93] offset:436 sc0 sc1     // 000000002B50: DE5181B4 345C0000
	s_waitcnt vmcnt(0)                                         // 000000002B58: BF8C0F70
	buffer_inv sc0 sc1                                         // 000000002B5C: E0A4C000 00000000
	v_add_u32_e32 v53, -1, v53                                 // 000000002B64: 686A6AC1
	v_or_b32_e32 v33, v33, v53                                 // 000000002B68: 28426B21
	global_load_dword v53, v0, s[92:93] offset:440 sc0 sc1     // 000000002B6C: DE5181B8 355C0000
	s_waitcnt vmcnt(0)                                         // 000000002B74: BF8C0F70
	buffer_inv sc0 sc1                                         // 000000002B78: E0A4C000 00000000
	v_add_u32_e32 v54, -1, v54                                 // 000000002B80: 686C6CC1
	v_or_b32_e32 v33, v33, v54                                 // 000000002B84: 28426D21
	global_load_dword v54, v0, s[92:93] offset:444 sc0 sc1     // 000000002B88: DE5181BC 365C0000
	s_waitcnt vmcnt(0)                                         // 000000002B90: BF8C0F70
	buffer_inv sc0 sc1                                         // 000000002B94: E0A4C000 00000000
	v_add_u32_e32 v55, -1, v55                                 // 000000002B9C: 686E6EC1
	v_or_b32_e32 v33, v33, v55                                 // 000000002BA0: 28426F21
	global_load_dword v55, v0, s[92:93] offset:448 sc0 sc1     // 000000002BA4: DE5181C0 375C0000
	s_waitcnt vmcnt(0)                                         // 000000002BAC: BF8C0F70
	buffer_inv sc0 sc1                                         // 000000002BB0: E0A4C000 00000000
	v_add_u32_e32 v56, -1, v56                                 // 000000002BB8: 687070C1
	v_or_b32_e32 v33, v33, v56                                 // 000000002BBC: 28427121
	global_load_dword v56, v0, s[92:93] offset:452 sc0 sc1     // 000000002BC0: DE5181C4 385C0000
	s_waitcnt vmcnt(0)                                         // 000000002BC8: BF8C0F70
	buffer_inv sc0 sc1                                         // 000000002BCC: E0A4C000 00000000
	v_add_u32_e32 v57, -1, v57                                 // 000000002BD4: 687272C1
	v_or_b32_e32 v33, v33, v57                                 // 000000002BD8: 28427321
	global_load_dword v57, v0, s[92:93] offset:456 sc0 sc1     // 000000002BDC: DE5181C8 395C0000
	s_waitcnt vmcnt(0)                                         // 000000002BE4: BF8C0F70
	buffer_inv sc0 sc1                                         // 000000002BE8: E0A4C000 00000000
	v_add_u32_e32 v58, -1, v58                                 // 000000002BF0: 687474C1
	v_or_b32_e32 v33, v33, v58                                 // 000000002BF4: 28427521
	global_load_dword v58, v0, s[92:93] offset:460 sc0 sc1     // 000000002BF8: DE5181CC 3A5C0000
	s_waitcnt vmcnt(0)                                         // 000000002C00: BF8C0F70
	buffer_inv sc0 sc1                                         // 000000002C04: E0A4C000 00000000
	v_add_u32_e32 v59, -1, v59                                 // 000000002C0C: 687676C1
	v_or_b32_e32 v33, v33, v59                                 // 000000002C10: 28427721
	global_load_dword v59, v0, s[92:93] offset:464 sc0 sc1     // 000000002C14: DE5181D0 3B5C0000
	s_waitcnt vmcnt(0)                                         // 000000002C1C: BF8C0F70
	buffer_inv sc0 sc1                                         // 000000002C20: E0A4C000 00000000
	v_add_u32_e32 v23, -1, v23                                 // 000000002C28: 682E2EC1
	v_or_b32_e32 v23, v33, v23                                 // 000000002C2C: 282E2F21
	global_load_dword v33, v0, s[92:93] offset:468 sc0 sc1     // 000000002C30: DE5181D4 215C0000
	s_waitcnt vmcnt(0)                                         // 000000002C38: BF8C0F70
	buffer_inv sc0 sc1                                         // 000000002C3C: E0A4C000 00000000
	v_add_u32_e32 v22, -1, v22                                 // 000000002C44: 682C2CC1
	v_or_b32_e32 v22, v23, v22                                 // 000000002C48: 282C2D17
	global_load_dword v23, v0, s[92:93] offset:472 sc0 sc1     // 000000002C4C: DE5181D8 175C0000
	s_waitcnt vmcnt(0)                                         // 000000002C54: BF8C0F70
	buffer_inv sc0 sc1                                         // 000000002C58: E0A4C000 00000000
	v_add_u32_e32 v21, -1, v21                                 // 000000002C60: 682A2AC1
	v_or_b32_e32 v21, v22, v21                                 // 000000002C64: 282A2B16
	global_load_dword v22, v0, s[92:93] offset:476 sc0 sc1     // 000000002C68: DE5181DC 165C0000
	s_waitcnt vmcnt(0)                                         // 000000002C70: BF8C0F70
	buffer_inv sc0 sc1                                         // 000000002C74: E0A4C000 00000000
	v_add_u32_e32 v20, -1, v20                                 // 000000002C7C: 682828C1
	v_or_b32_e32 v20, v21, v20                                 // 000000002C80: 28282915
	global_load_dword v21, v0, s[92:93] offset:480 sc0 sc1     // 000000002C84: DE5181E0 155C0000
	s_waitcnt vmcnt(0)                                         // 000000002C8C: BF8C0F70
	buffer_inv sc0 sc1                                         // 000000002C90: E0A4C000 00000000
	v_add_u32_e32 v18, -1, v18                                 // 000000002C98: 682424C1
	v_or_b32_e32 v18, v20, v18                                 // 000000002C9C: 28242514
	global_load_dword v20, v0, s[92:93] offset:484 sc0 sc1     // 000000002CA0: DE5181E4 145C0000
	s_waitcnt vmcnt(0)                                         // 000000002CA8: BF8C0F70
	buffer_inv sc0 sc1                                         // 000000002CAC: E0A4C000 00000000
	v_add_u32_e32 v19, -1, v19                                 // 000000002CB4: 682626C1
	v_or_b32_e32 v18, v18, v19                                 // 000000002CB8: 28242712
	global_load_dword v19, v0, s[92:93] offset:488 sc0 sc1     // 000000002CBC: DE5181E8 135C0000
	s_waitcnt vmcnt(0)                                         // 000000002CC4: BF8C0F70
	buffer_inv sc0 sc1                                         // 000000002CC8: E0A4C000 00000000
	v_add_u32_e32 v17, -1, v17                                 // 000000002CD0: 682222C1
	v_or_b32_e32 v17, v18, v17                                 // 000000002CD4: 28222312
	global_load_dword v18, v0, s[92:93] offset:492 sc0 sc1     // 000000002CD8: DE5181EC 125C0000
	s_waitcnt vmcnt(0)                                         // 000000002CE0: BF8C0F70
	buffer_inv sc0 sc1                                         // 000000002CE4: E0A4C000 00000000
	v_add_u32_e32 v15, -1, v15                                 // 000000002CEC: 681E1EC1
	v_or_b32_e32 v15, v17, v15                                 // 000000002CF0: 281E1F11
	global_load_dword v17, v0, s[92:93] offset:496 sc0 sc1     // 000000002CF4: DE5181F0 115C0000
	s_waitcnt vmcnt(0)                                         // 000000002CFC: BF8C0F70
	buffer_inv sc0 sc1                                         // 000000002D00: E0A4C000 00000000
	v_add_u32_e32 v14, -1, v14                                 // 000000002D08: 681C1CC1
	v_or_b32_e32 v14, v15, v14                                 // 000000002D0C: 281C1D0F
	global_load_dword v15, v0, s[92:93] offset:500 sc0 sc1     // 000000002D10: DE5181F4 0F5C0000
	s_waitcnt vmcnt(0)                                         // 000000002D18: BF8C0F70
	buffer_inv sc0 sc1                                         // 000000002D1C: E0A4C000 00000000
	v_add_u32_e32 v13, -1, v13                                 // 000000002D24: 681A1AC1
	v_or_b32_e32 v13, v14, v13                                 // 000000002D28: 281A1B0E
	global_load_dword v14, v0, s[92:93] offset:504 sc0 sc1     // 000000002D2C: DE5181F8 0E5C0000
	s_waitcnt vmcnt(0)                                         // 000000002D34: BF8C0F70
	buffer_inv sc0 sc1                                         // 000000002D38: E0A4C000 00000000
	v_add_u32_e32 v16, -1, v16                                 // 000000002D40: 682020C1
	v_or_b32_e32 v13, v13, v16                                 // 000000002D44: 281A210D
	global_load_dword v16, v0, s[92:93] offset:508 sc0 sc1     // 000000002D48: DE5181FC 105C0000
	s_waitcnt vmcnt(0)                                         // 000000002D50: BF8C0F70
	buffer_inv sc0 sc1                                         // 000000002D54: E0A4C000 00000000
	v_add_u32_e32 v12, -1, v12                                 // 000000002D5C: 681818C1
	v_or_b32_e32 v12, v13, v12                                 // 000000002D60: 2818190D
	global_load_dword v13, v0, s[92:93] offset:512 sc0 sc1     // 000000002D64: DE518200 0D5C0000
	s_waitcnt vmcnt(0)                                         // 000000002D6C: BF8C0F70
	buffer_inv sc0 sc1                                         // 000000002D70: E0A4C000 00000000
	v_add_u32_e32 v11, -1, v11                                 // 000000002D78: 681616C1
	v_or_b32_e32 v11, v12, v11                                 // 000000002D7C: 2816170C
	global_load_dword v12, v0, s[92:93] offset:516 sc0 sc1     // 000000002D80: DE518204 0C5C0000
	s_waitcnt vmcnt(0)                                         // 000000002D88: BF8C0F70
	buffer_inv sc0 sc1                                         // 000000002D8C: E0A4C000 00000000
	v_add_u32_e32 v10, -1, v10                                 // 000000002D94: 681414C1
	v_or_b32_e32 v10, v11, v10                                 // 000000002D98: 2814150B
	global_load_dword v11, v0, s[92:93] offset:520 sc0 sc1     // 000000002D9C: DE518208 0B5C0000
	s_waitcnt vmcnt(0)                                         // 000000002DA4: BF8C0F70
	buffer_inv sc0 sc1                                         // 000000002DA8: E0A4C000 00000000
	v_add_u32_e32 v9, -1, v9                                   // 000000002DB0: 681212C1
	v_or_b32_e32 v9, v10, v9                                   // 000000002DB4: 2812130A
	global_load_dword v10, v0, s[92:93] offset:524 sc0 sc1     // 000000002DB8: DE51820C 0A5C0000
	s_waitcnt vmcnt(0)                                         // 000000002DC0: BF8C0F70
	buffer_inv sc0 sc1                                         // 000000002DC4: E0A4C000 00000000
	v_add_u32_e32 v8, -1, v8                                   // 000000002DCC: 681010C1
	v_or_b32_e32 v8, v9, v8                                    // 000000002DD0: 28101109
	global_load_dword v9, v0, s[92:93] offset:528 sc0 sc1      // 000000002DD4: DE518210 095C0000
	s_waitcnt vmcnt(0)                                         // 000000002DDC: BF8C0F70
	buffer_inv sc0 sc1                                         // 000000002DE0: E0A4C000 00000000
	v_add_u32_e32 v7, -1, v7                                   // 000000002DE8: 680E0EC1
	v_or_b32_e32 v7, v8, v7                                    // 000000002DEC: 280E0F08
	global_load_dword v8, v0, s[92:93] offset:532 sc0 sc1      // 000000002DF0: DE518214 085C0000
	s_waitcnt vmcnt(0)                                         // 000000002DF8: BF8C0F70
	buffer_inv sc0 sc1                                         // 000000002DFC: E0A4C000 00000000
	v_add_u32_e32 v6, -1, v6                                   // 000000002E04: 680C0CC1
	v_or_b32_e32 v6, v7, v6                                    // 000000002E08: 280C0D07
	global_load_dword v7, v0, s[92:93] offset:536 sc0 sc1      // 000000002E0C: DE518218 075C0000
	s_waitcnt vmcnt(0)                                         // 000000002E14: BF8C0F70
	buffer_inv sc0 sc1                                         // 000000002E18: E0A4C000 00000000
	v_add_u32_e32 v5, -1, v5                                   // 000000002E20: 680A0AC1
	v_or_b32_e32 v5, v6, v5                                    // 000000002E24: 280A0B06
	global_load_dword v6, v0, s[92:93] offset:540 sc0 sc1      // 000000002E28: DE51821C 065C0000
	s_waitcnt vmcnt(0)                                         // 000000002E30: BF8C0F70
	buffer_inv sc0 sc1                                         // 000000002E34: E0A4C000 00000000
	v_add_u32_e32 v4, -1, v4                                   // 000000002E3C: 680808C1
	v_or_b32_e32 v4, v5, v4                                    // 000000002E40: 28080905
	global_load_dword v5, v0, s[92:93] offset:544 sc0 sc1      // 000000002E44: DE518220 055C0000
	s_waitcnt vmcnt(0)                                         // 000000002E4C: BF8C0F70
	buffer_inv sc0 sc1                                         // 000000002E50: E0A4C000 00000000
	v_add_u32_e32 v3, -1, v3                                   // 000000002E58: 680606C1
	v_or_b32_e32 v3, v4, v3                                    // 000000002E5C: 28060704
	global_load_dword v4, v0, s[92:93] offset:548 sc0 sc1      // 000000002E60: DE518224 045C0000
	s_waitcnt vmcnt(0)                                         // 000000002E68: BF8C0F70
	buffer_inv sc0 sc1                                         // 000000002E6C: E0A4C000 00000000
	v_add_u32_e32 v2, -1, v2                                   // 000000002E74: 680404C1
	v_or_b32_e32 v2, v3, v2                                    // 000000002E78: 28040503
	global_load_dword v3, v0, s[92:93] offset:552 sc0 sc1      // 000000002E7C: DE518228 035C0000
	s_waitcnt vmcnt(0)                                         // 000000002E84: BF8C0F70
	buffer_inv sc0 sc1                                         // 000000002E88: E0A4C000 00000000
	v_add_u32_e32 v24, -1, v24                                 // 000000002E90: 683030C1
	v_or_b32_e32 v2, v2, v24                                   // 000000002E94: 28043102
	global_load_dword v24, v0, s[92:93] offset:556 sc0 sc1     // 000000002E98: DE51822C 185C0000
	s_waitcnt vmcnt(0)                                         // 000000002EA0: BF8C0F70
	buffer_inv sc0 sc1                                         // 000000002EA4: E0A4C000 00000000
	v_add_u32_e32 v25, -1, v25                                 // 000000002EAC: 683232C1
	v_or_b32_e32 v2, v2, v25                                   // 000000002EB0: 28043302
	global_load_dword v25, v0, s[92:93] offset:560 sc0 sc1     // 000000002EB4: DE518230 195C0000
	s_waitcnt vmcnt(0)                                         // 000000002EBC: BF8C0F70
	buffer_inv sc0 sc1                                         // 000000002EC0: E0A4C000 00000000
	v_add_u32_e32 v26, -1, v26                                 // 000000002EC8: 683434C1
	v_or_b32_e32 v2, v2, v26                                   // 000000002ECC: 28043502
	global_load_dword v26, v0, s[92:93] offset:564 sc0 sc1     // 000000002ED0: DE518234 1A5C0000
	s_waitcnt vmcnt(0)                                         // 000000002ED8: BF8C0F70
	buffer_inv sc0 sc1                                         // 000000002EDC: E0A4C000 00000000
	v_add_u32_e32 v27, -1, v27                                 // 000000002EE4: 683636C1
	v_or_b32_e32 v2, v2, v27                                   // 000000002EE8: 28043702
	global_load_dword v27, v0, s[92:93] offset:568 sc0 sc1     // 000000002EEC: DE518238 1B5C0000
	s_waitcnt vmcnt(0)                                         // 000000002EF4: BF8C0F70
	buffer_inv sc0 sc1                                         // 000000002EF8: E0A4C000 00000000
	v_add_u32_e32 v28, -1, v28                                 // 000000002F00: 683838C1
	v_or_b32_e32 v2, v2, v28                                   // 000000002F04: 28043902
	global_load_dword v28, v0, s[92:93] offset:572 sc0 sc1     // 000000002F08: DE51823C 1C5C0000
	s_waitcnt vmcnt(0)                                         // 000000002F10: BF8C0F70
	buffer_inv sc0 sc1                                         // 000000002F14: E0A4C000 00000000
	v_add_u32_e32 v29, -1, v29                                 // 000000002F1C: 683A3AC1
	v_or_b32_e32 v2, v2, v29                                   // 000000002F20: 28043B02
	global_load_dword v29, v0, s[92:93] offset:576 sc0 sc1     // 000000002F24: DE518240 1D5C0000
	s_waitcnt vmcnt(0)                                         // 000000002F2C: BF8C0F70
	buffer_inv sc0 sc1                                         // 000000002F30: E0A4C000 00000000
	v_add_u32_e32 v30, -1, v30                                 // 000000002F38: 683C3CC1
	v_or_b32_e32 v2, v2, v30                                   // 000000002F3C: 28043D02
	global_load_dword v30, v0, s[92:93] offset:580 sc0 sc1     // 000000002F40: DE518244 1E5C0000
	s_waitcnt vmcnt(0)                                         // 000000002F48: BF8C0F70
	buffer_inv sc0 sc1                                         // 000000002F4C: E0A4C000 00000000
	v_add_u32_e32 v1, -1, v1                                   // 000000002F54: 680202C1
	v_or_b32_e32 v1, v2, v1                                    // 000000002F58: 28020302
	global_load_dword v2, v0, s[92:93] offset:584 sc0 sc1      // 000000002F5C: DE518248 025C0000
	s_waitcnt vmcnt(0)                                         // 000000002F64: BF8C0F70
	buffer_inv sc0 sc1                                         // 000000002F68: E0A4C000 00000000
	v_add_u32_e32 v31, -1, v31                                 // 000000002F70: 683E3EC1
	v_or_b32_e32 v1, v1, v31                                   // 000000002F74: 28023F01
	global_load_dword v31, v0, s[92:93] offset:588 sc0 sc1     // 000000002F78: DE51824C 1F5C0000
	s_waitcnt vmcnt(0)                                         // 000000002F80: BF8C0F70
	buffer_inv sc0 sc1                                         // 000000002F84: E0A4C000 00000000
	v_add_u32_e32 v32, -1, v32                                 // 000000002F8C: 684040C1
	v_or_b32_e32 v1, v1, v32                                   // 000000002F90: 28024101
	global_load_dword v32, v0, s[92:93] offset:592 sc0 sc1     // 000000002F94: DE518250 205C0000
	s_waitcnt vmcnt(0)                                         // 000000002F9C: BF8C0F70
	buffer_inv sc0 sc1                                         // 000000002FA0: E0A4C000 00000000
	v_add_u32_e32 v34, -1, v34                                 // 000000002FA8: 684444C1
	v_or_b32_e32 v1, v1, v34                                   // 000000002FAC: 28024501
	global_load_dword v34, v0, s[92:93] offset:596 sc0 sc1     // 000000002FB0: DE518254 225C0000
	s_waitcnt vmcnt(0)                                         // 000000002FB8: BF8C0F70
	buffer_inv sc0 sc1                                         // 000000002FBC: E0A4C000 00000000
	v_add_u32_e32 v35, -1, v35                                 // 000000002FC4: 684646C1
	v_or_b32_e32 v1, v1, v35                                   // 000000002FC8: 28024701
	global_load_dword v35, v0, s[92:93] offset:600 sc0 sc1     // 000000002FCC: DE518258 235C0000
	s_waitcnt vmcnt(0)                                         // 000000002FD4: BF8C0F70
	buffer_inv sc0 sc1                                         // 000000002FD8: E0A4C000 00000000
	v_add_u32_e32 v36, -1, v36                                 // 000000002FE0: 684848C1
	v_or_b32_e32 v1, v1, v36                                   // 000000002FE4: 28024901
	global_load_dword v36, v0, s[92:93] offset:604 sc0 sc1     // 000000002FE8: DE51825C 245C0000
	s_waitcnt vmcnt(0)                                         // 000000002FF0: BF8C0F70
	buffer_inv sc0 sc1                                         // 000000002FF4: E0A4C000 00000000
	v_add_u32_e32 v37, -1, v37                                 // 000000002FFC: 684A4AC1
	v_or_b32_e32 v1, v1, v37                                   // 000000003000: 28024B01
	global_load_dword v37, v0, s[92:93] offset:608 sc0 sc1     // 000000003004: DE518260 255C0000
	s_waitcnt vmcnt(0)                                         // 00000000300C: BF8C0F70
	buffer_inv sc0 sc1                                         // 000000003010: E0A4C000 00000000
	v_add_u32_e32 v38, -1, v38                                 // 000000003018: 684C4CC1
	v_or_b32_e32 v1, v1, v38                                   // 00000000301C: 28024D01
	global_load_dword v38, v0, s[92:93] offset:612 sc0 sc1     // 000000003020: DE518264 265C0000
	s_waitcnt vmcnt(0)                                         // 000000003028: BF8C0F70
	buffer_inv sc0 sc1                                         // 00000000302C: E0A4C000 00000000
	v_add_u32_e32 v39, -1, v39                                 // 000000003034: 684E4EC1
	v_or_b32_e32 v1, v1, v39                                   // 000000003038: 28024F01
	global_load_dword v39, v0, s[92:93] offset:616 sc0 sc1     // 00000000303C: DE518268 275C0000
	s_waitcnt vmcnt(0)                                         // 000000003044: BF8C0F70
	buffer_inv sc0 sc1                                         // 000000003048: E0A4C000 00000000
	v_add_u32_e32 v40, -1, v40                                 // 000000003050: 685050C1
	v_or_b32_e32 v1, v1, v40                                   // 000000003054: 28025101
	global_load_dword v40, v0, s[92:93] offset:620 sc0 sc1     // 000000003058: DE51826C 285C0000
	s_waitcnt vmcnt(0)                                         // 000000003060: BF8C0F70
	buffer_inv sc0 sc1                                         // 000000003064: E0A4C000 00000000
	v_add_u32_e32 v41, -1, v41                                 // 00000000306C: 685252C1
	v_or_b32_e32 v1, v1, v41                                   // 000000003070: 28025301
	global_load_dword v41, v0, s[92:93] offset:624 sc0 sc1     // 000000003074: DE518270 295C0000
	s_waitcnt vmcnt(0)                                         // 00000000307C: BF8C0F70
	buffer_inv sc0 sc1                                         // 000000003080: E0A4C000 00000000
	v_add_u32_e32 v42, -1, v42                                 // 000000003088: 685454C1
	v_or_b32_e32 v1, v1, v42                                   // 00000000308C: 28025501
	global_load_dword v42, v0, s[92:93] offset:628 sc0 sc1     // 000000003090: DE518274 2A5C0000
	s_waitcnt vmcnt(0)                                         // 000000003098: BF8C0F70
	buffer_inv sc0 sc1                                         // 00000000309C: E0A4C000 00000000
	v_add_u32_e32 v43, -1, v43                                 // 0000000030A4: 685656C1
	v_or_b32_e32 v1, v1, v43                                   // 0000000030A8: 28025701
	global_load_dword v43, v0, s[92:93] offset:632 sc0 sc1     // 0000000030AC: DE518278 2B5C0000
	s_waitcnt vmcnt(0)                                         // 0000000030B4: BF8C0F70
	buffer_inv sc0 sc1                                         // 0000000030B8: E0A4C000 00000000
	v_add_u32_e32 v44, -1, v44                                 // 0000000030C0: 685858C1
	v_or_b32_e32 v1, v1, v44                                   // 0000000030C4: 28025901
	global_load_dword v44, v0, s[92:93] offset:636 sc0 sc1     // 0000000030C8: DE51827C 2C5C0000
	s_waitcnt vmcnt(0)                                         // 0000000030D0: BF8C0F70
	buffer_inv sc0 sc1                                         // 0000000030D4: E0A4C000 00000000
	v_add_u32_e32 v45, -1, v45                                 // 0000000030DC: 685A5AC1
	v_or_b32_e32 v1, v1, v45                                   // 0000000030E0: 28025B01
	global_load_dword v45, v0, s[92:93] offset:640 sc0 sc1     // 0000000030E4: DE518280 2D5C0000
	s_waitcnt vmcnt(0)                                         // 0000000030EC: BF8C0F70
	buffer_inv sc0 sc1                                         // 0000000030F0: E0A4C000 00000000
	v_add_u32_e32 v46, -1, v46                                 // 0000000030F8: 685C5CC1
	v_or_b32_e32 v1, v1, v46                                   // 0000000030FC: 28025D01
	global_load_dword v46, v0, s[92:93] offset:644 sc0 sc1     // 000000003100: DE518284 2E5C0000
	s_waitcnt vmcnt(0)                                         // 000000003108: BF8C0F70
	buffer_inv sc0 sc1                                         // 00000000310C: E0A4C000 00000000
	v_add_u32_e32 v47, -1, v47                                 // 000000003114: 685E5EC1
	v_or_b32_e32 v1, v1, v47                                   // 000000003118: 28025F01
	global_load_dword v47, v0, s[92:93] offset:648 sc0 sc1     // 00000000311C: DE518288 2F5C0000
	s_waitcnt vmcnt(0)                                         // 000000003124: BF8C0F70
	buffer_inv sc0 sc1                                         // 000000003128: E0A4C000 00000000
	v_add_u32_e32 v48, -1, v48                                 // 000000003130: 686060C1
	v_or_b32_e32 v1, v1, v48                                   // 000000003134: 28026101
	global_load_dword v48, v0, s[92:93] offset:652 sc0 sc1     // 000000003138: DE51828C 305C0000
	s_waitcnt vmcnt(0)                                         // 000000003140: BF8C0F70
	buffer_inv sc0 sc1                                         // 000000003144: E0A4C000 00000000
	v_add_u32_e32 v49, -1, v49                                 // 00000000314C: 686262C1
	v_or_b32_e32 v1, v1, v49                                   // 000000003150: 28026301
	global_load_dword v49, v0, s[92:93] offset:656 sc0 sc1     // 000000003154: DE518290 315C0000
	s_waitcnt vmcnt(0)                                         // 00000000315C: BF8C0F70
	buffer_inv sc0 sc1                                         // 000000003160: E0A4C000 00000000
	v_add_u32_e32 v50, -1, v50                                 // 000000003168: 686464C1
	v_or_b32_e32 v1, v1, v50                                   // 00000000316C: 28026501
	global_load_dword v50, v0, s[92:93] offset:660 sc0 sc1     // 000000003170: DE518294 325C0000
	s_waitcnt vmcnt(0)                                         // 000000003178: BF8C0F70
	buffer_inv sc0 sc1                                         // 00000000317C: E0A4C000 00000000
	v_add_u32_e32 v51, -1, v51                                 // 000000003184: 686666C1
	v_or_b32_e32 v1, v1, v51                                   // 000000003188: 28026701
	global_load_dword v51, v0, s[92:93] offset:664 sc0 sc1     // 00000000318C: DE518298 335C0000
	s_waitcnt vmcnt(0)                                         // 000000003194: BF8C0F70
	buffer_inv sc0 sc1                                         // 000000003198: E0A4C000 00000000
	v_add_u32_e32 v52, -1, v52                                 // 0000000031A0: 686868C1
	v_or_b32_e32 v1, v1, v52                                   // 0000000031A4: 28026901
	global_load_dword v52, v0, s[92:93] offset:668 sc0 sc1     // 0000000031A8: DE51829C 345C0000
	s_waitcnt vmcnt(0)                                         // 0000000031B0: BF8C0F70
	buffer_inv sc0 sc1                                         // 0000000031B4: E0A4C000 00000000
	v_add_u32_e32 v53, -1, v53                                 // 0000000031BC: 686A6AC1
	v_or_b32_e32 v1, v1, v53                                   // 0000000031C0: 28026B01
	global_load_dword v53, v0, s[92:93] offset:672 sc0 sc1     // 0000000031C4: DE5182A0 355C0000
	s_waitcnt vmcnt(0)                                         // 0000000031CC: BF8C0F70
	buffer_inv sc0 sc1                                         // 0000000031D0: E0A4C000 00000000
	v_add_u32_e32 v54, -1, v54                                 // 0000000031D8: 686C6CC1
	v_or_b32_e32 v1, v1, v54                                   // 0000000031DC: 28026D01
	global_load_dword v54, v0, s[92:93] offset:676 sc0 sc1     // 0000000031E0: DE5182A4 365C0000
	s_waitcnt vmcnt(0)                                         // 0000000031E8: BF8C0F70
	buffer_inv sc0 sc1                                         // 0000000031EC: E0A4C000 00000000
	v_add_u32_e32 v55, -1, v55                                 // 0000000031F4: 686E6EC1
	v_or_b32_e32 v1, v1, v55                                   // 0000000031F8: 28026F01
	global_load_dword v55, v0, s[92:93] offset:680 sc0 sc1     // 0000000031FC: DE5182A8 375C0000
	s_waitcnt vmcnt(0)                                         // 000000003204: BF8C0F70
	buffer_inv sc0 sc1                                         // 000000003208: E0A4C000 00000000
	v_add_u32_e32 v56, -1, v56                                 // 000000003210: 687070C1
	v_or_b32_e32 v1, v1, v56                                   // 000000003214: 28027101
	global_load_dword v56, v0, s[92:93] offset:684 sc0 sc1     // 000000003218: DE5182AC 385C0000
	s_waitcnt vmcnt(0)                                         // 000000003220: BF8C0F70
	buffer_inv sc0 sc1                                         // 000000003224: E0A4C000 00000000
	v_add_u32_e32 v57, -1, v57                                 // 00000000322C: 687272C1
	v_or_b32_e32 v1, v1, v57                                   // 000000003230: 28027301
	global_load_dword v57, v0, s[92:93] offset:688 sc0 sc1     // 000000003234: DE5182B0 395C0000
	s_waitcnt vmcnt(0)                                         // 00000000323C: BF8C0F70
	buffer_inv sc0 sc1                                         // 000000003240: E0A4C000 00000000
	v_add_u32_e32 v58, -1, v58                                 // 000000003248: 687474C1
	v_or_b32_e32 v1, v1, v58                                   // 00000000324C: 28027501
	global_load_dword v58, v0, s[92:93] offset:692 sc0 sc1     // 000000003250: DE5182B4 3A5C0000
	s_waitcnt vmcnt(0)                                         // 000000003258: BF8C0F70
	buffer_inv sc0 sc1                                         // 00000000325C: E0A4C000 00000000
	v_add_u32_e32 v59, -1, v59                                 // 000000003264: 687676C1
	v_or_b32_e32 v1, v1, v59                                   // 000000003268: 28027701
	global_load_dword v59, v0, s[92:93] offset:696 sc0 sc1     // 00000000326C: DE5182B8 3B5C0000
	s_waitcnt vmcnt(0)                                         // 000000003274: BF8C0F70
	buffer_inv sc0 sc1                                         // 000000003278: E0A4C000 00000000
	v_add_u32_e32 v33, -1, v33                                 // 000000003280: 684242C1
	v_or_b32_e32 v1, v1, v33                                   // 000000003284: 28024301
	global_load_dword v33, v0, s[92:93] offset:700 sc0 sc1     // 000000003288: DE5182BC 215C0000
	s_waitcnt vmcnt(0)                                         // 000000003290: BF8C0F70
	buffer_inv sc0 sc1                                         // 000000003294: E0A4C000 00000000
	v_add_u32_e32 v23, -1, v23                                 // 00000000329C: 682E2EC1
	v_or_b32_e32 v1, v1, v23                                   // 0000000032A0: 28022F01
	global_load_dword v23, v0, s[92:93] offset:704 sc0 sc1     // 0000000032A4: DE5182C0 175C0000
	s_waitcnt vmcnt(0)                                         // 0000000032AC: BF8C0F70
	buffer_inv sc0 sc1                                         // 0000000032B0: E0A4C000 00000000
	v_add_u32_e32 v22, -1, v22                                 // 0000000032B8: 682C2CC1
	v_or_b32_e32 v1, v1, v22                                   // 0000000032BC: 28022D01
	global_load_dword v22, v0, s[92:93] offset:708 sc0 sc1     // 0000000032C0: DE5182C4 165C0000
	s_waitcnt vmcnt(0)                                         // 0000000032C8: BF8C0F70
	buffer_inv sc0 sc1                                         // 0000000032CC: E0A4C000 00000000
	v_add_u32_e32 v21, -1, v21                                 // 0000000032D4: 682A2AC1
	v_or_b32_e32 v1, v1, v21                                   // 0000000032D8: 28022B01
	global_load_dword v21, v0, s[92:93] offset:712 sc0 sc1     // 0000000032DC: DE5182C8 155C0000
	s_waitcnt vmcnt(0)                                         // 0000000032E4: BF8C0F70
	buffer_inv sc0 sc1                                         // 0000000032E8: E0A4C000 00000000
	v_add_u32_e32 v20, -1, v20                                 // 0000000032F0: 682828C1
	v_or_b32_e32 v1, v1, v20                                   // 0000000032F4: 28022901
	global_load_dword v20, v0, s[92:93] offset:716 sc0 sc1     // 0000000032F8: DE5182CC 145C0000
	s_waitcnt vmcnt(0)                                         // 000000003300: BF8C0F70
	buffer_inv sc0 sc1                                         // 000000003304: E0A4C000 00000000
	v_add_u32_e32 v19, -1, v19                                 // 00000000330C: 682626C1
	v_or_b32_e32 v1, v1, v19                                   // 000000003310: 28022701
	global_load_dword v19, v0, s[92:93] offset:720 sc0 sc1     // 000000003314: DE5182D0 135C0000
	s_waitcnt vmcnt(0)                                         // 00000000331C: BF8C0F70
	buffer_inv sc0 sc1                                         // 000000003320: E0A4C000 00000000
	v_add_u32_e32 v18, -1, v18                                 // 000000003328: 682424C1
	v_or_b32_e32 v1, v1, v18                                   // 00000000332C: 28022501
	global_load_dword v18, v0, s[92:93] offset:724 sc0 sc1     // 000000003330: DE5182D4 125C0000
	s_waitcnt vmcnt(0)                                         // 000000003338: BF8C0F70
	buffer_inv sc0 sc1                                         // 00000000333C: E0A4C000 00000000
	v_add_u32_e32 v17, -1, v17                                 // 000000003344: 682222C1
	v_or_b32_e32 v1, v1, v17                                   // 000000003348: 28022301
	global_load_dword v17, v0, s[92:93] offset:728 sc0 sc1     // 00000000334C: DE5182D8 115C0000
	s_waitcnt vmcnt(0)                                         // 000000003354: BF8C0F70
	buffer_inv sc0 sc1                                         // 000000003358: E0A4C000 00000000
	v_add_u32_e32 v15, -1, v15                                 // 000000003360: 681E1EC1
	v_or_b32_e32 v1, v1, v15                                   // 000000003364: 28021F01
	global_load_dword v15, v0, s[92:93] offset:732 sc0 sc1     // 000000003368: DE5182DC 0F5C0000
	s_waitcnt vmcnt(0)                                         // 000000003370: BF8C0F70
	buffer_inv sc0 sc1                                         // 000000003374: E0A4C000 00000000
	v_add_u32_e32 v14, -1, v14                                 // 00000000337C: 681C1CC1
	v_or_b32_e32 v1, v1, v14                                   // 000000003380: 28021D01
	global_load_dword v14, v0, s[92:93] offset:736 sc0 sc1     // 000000003384: DE5182E0 0E5C0000
	s_waitcnt vmcnt(0)                                         // 00000000338C: BF8C0F70
	buffer_inv sc0 sc1                                         // 000000003390: E0A4C000 00000000
	v_add_u32_e32 v16, -1, v16                                 // 000000003398: 682020C1
	v_or_b32_e32 v1, v1, v16                                   // 00000000339C: 28022101
	global_load_dword v16, v0, s[92:93] offset:740 sc0 sc1     // 0000000033A0: DE5182E4 105C0000
	s_waitcnt vmcnt(0)                                         // 0000000033A8: BF8C0F70
	buffer_inv sc0 sc1                                         // 0000000033AC: E0A4C000 00000000
	v_add_u32_e32 v13, -1, v13                                 // 0000000033B4: 681A1AC1
	v_or_b32_e32 v1, v1, v13                                   // 0000000033B8: 28021B01
	global_load_dword v13, v0, s[92:93] offset:744 sc0 sc1     // 0000000033BC: DE5182E8 0D5C0000
	s_waitcnt vmcnt(0)                                         // 0000000033C4: BF8C0F70
	buffer_inv sc0 sc1                                         // 0000000033C8: E0A4C000 00000000
	v_add_u32_e32 v12, -1, v12                                 // 0000000033D0: 681818C1
	v_or_b32_e32 v1, v1, v12                                   // 0000000033D4: 28021901
	global_load_dword v12, v0, s[92:93] offset:748 sc0 sc1     // 0000000033D8: DE5182EC 0C5C0000
	s_waitcnt vmcnt(0)                                         // 0000000033E0: BF8C0F70
	buffer_inv sc0 sc1                                         // 0000000033E4: E0A4C000 00000000
	v_add_u32_e32 v11, -1, v11                                 // 0000000033EC: 681616C1
	v_or_b32_e32 v1, v1, v11                                   // 0000000033F0: 28021701
	global_load_dword v11, v0, s[92:93] offset:752 sc0 sc1     // 0000000033F4: DE5182F0 0B5C0000
	s_waitcnt vmcnt(0)                                         // 0000000033FC: BF8C0F70
	buffer_inv sc0 sc1                                         // 000000003400: E0A4C000 00000000
	v_add_u32_e32 v10, -1, v10                                 // 000000003408: 681414C1
	v_or_b32_e32 v1, v1, v10                                   // 00000000340C: 28021501
	global_load_dword v10, v0, s[92:93] offset:756 sc0 sc1     // 000000003410: DE5182F4 0A5C0000
	s_waitcnt vmcnt(0)                                         // 000000003418: BF8C0F70
	buffer_inv sc0 sc1                                         // 00000000341C: E0A4C000 00000000
	v_add_u32_e32 v9, -1, v9                                   // 000000003424: 681212C1
	v_or_b32_e32 v1, v1, v9                                    // 000000003428: 28021301
	global_load_dword v9, v0, s[92:93] offset:760 sc0 sc1      // 00000000342C: DE5182F8 095C0000
	s_waitcnt vmcnt(0)                                         // 000000003434: BF8C0F70
	buffer_inv sc0 sc1                                         // 000000003438: E0A4C000 00000000
	v_add_u32_e32 v8, -1, v8                                   // 000000003440: 681010C1
	v_or_b32_e32 v1, v1, v8                                    // 000000003444: 28021101
	global_load_dword v8, v0, s[92:93] offset:764 sc0 sc1      // 000000003448: DE5182FC 085C0000
	s_waitcnt vmcnt(0)                                         // 000000003450: BF8C0F70
	buffer_inv sc0 sc1                                         // 000000003454: E0A4C000 00000000
	v_add_u32_e32 v7, -1, v7                                   // 00000000345C: 680E0EC1
	v_or_b32_e32 v1, v1, v7                                    // 000000003460: 28020F01
	global_load_dword v7, v0, s[92:93] offset:768 sc0 sc1      // 000000003464: DE518300 075C0000
	s_waitcnt vmcnt(0)                                         // 00000000346C: BF8C0F70
	buffer_inv sc0 sc1                                         // 000000003470: E0A4C000 00000000
	v_add_u32_e32 v6, -1, v6                                   // 000000003478: 680C0CC1
	v_or_b32_e32 v1, v1, v6                                    // 00000000347C: 28020D01
	global_load_dword v6, v0, s[92:93] offset:772 sc0 sc1      // 000000003480: DE518304 065C0000
	s_waitcnt vmcnt(0)                                         // 000000003488: BF8C0F70
	buffer_inv sc0 sc1                                         // 00000000348C: E0A4C000 00000000
	v_add_u32_e32 v5, -1, v5                                   // 000000003494: 680A0AC1
	v_or_b32_e32 v1, v1, v5                                    // 000000003498: 28020B01
	global_load_dword v5, v0, s[92:93] offset:776 sc0 sc1      // 00000000349C: DE518308 055C0000
	s_waitcnt vmcnt(0)                                         // 0000000034A4: BF8C0F70
	buffer_inv sc0 sc1                                         // 0000000034A8: E0A4C000 00000000
	v_add_u32_e32 v4, -1, v4                                   // 0000000034B0: 680808C1
	v_or_b32_e32 v1, v1, v4                                    // 0000000034B4: 28020901
	global_load_dword v4, v0, s[92:93] offset:780 sc0 sc1      // 0000000034B8: DE51830C 045C0000
	s_waitcnt vmcnt(0)                                         // 0000000034C0: BF8C0F70
	buffer_inv sc0 sc1                                         // 0000000034C4: E0A4C000 00000000
	v_add_u32_e32 v3, -1, v3                                   // 0000000034CC: 680606C1
	v_or_b32_e32 v1, v1, v3                                    // 0000000034D0: 28020701
	global_load_dword v3, v0, s[92:93] offset:784 sc0 sc1      // 0000000034D4: DE518310 035C0000
	s_waitcnt vmcnt(0)                                         // 0000000034DC: BF8C0F70
	buffer_inv sc0 sc1                                         // 0000000034E0: E0A4C000 00000000
	v_add_u32_e32 v24, -1, v24                                 // 0000000034E8: 683030C1
	v_or_b32_e32 v1, v1, v24                                   // 0000000034EC: 28023101
	global_load_dword v24, v0, s[92:93] offset:788 sc0 sc1     // 0000000034F0: DE518314 185C0000
	s_waitcnt vmcnt(0)                                         // 0000000034F8: BF8C0F70
	buffer_inv sc0 sc1                                         // 0000000034FC: E0A4C000 00000000
	v_add_u32_e32 v25, -1, v25                                 // 000000003504: 683232C1
	v_or_b32_e32 v1, v1, v25                                   // 000000003508: 28023301
	global_load_dword v25, v0, s[92:93] offset:792 sc0 sc1     // 00000000350C: DE518318 195C0000
	s_waitcnt vmcnt(0)                                         // 000000003514: BF8C0F70
	buffer_inv sc0 sc1                                         // 000000003518: E0A4C000 00000000
	v_add_u32_e32 v26, -1, v26                                 // 000000003520: 683434C1
	v_or_b32_e32 v1, v1, v26                                   // 000000003524: 28023501
	global_load_dword v26, v0, s[92:93] offset:796 sc0 sc1     // 000000003528: DE51831C 1A5C0000
	s_waitcnt vmcnt(0)                                         // 000000003530: BF8C0F70
	buffer_inv sc0 sc1                                         // 000000003534: E0A4C000 00000000
	v_add_u32_e32 v27, -1, v27                                 // 00000000353C: 683636C1
	v_or_b32_e32 v1, v1, v27                                   // 000000003540: 28023701
	global_load_dword v27, v0, s[92:93] offset:800 sc0 sc1     // 000000003544: DE518320 1B5C0000
	s_waitcnt vmcnt(0)                                         // 00000000354C: BF8C0F70
	buffer_inv sc0 sc1                                         // 000000003550: E0A4C000 00000000
	v_add_u32_e32 v28, -1, v28                                 // 000000003558: 683838C1
	v_or_b32_e32 v1, v1, v28                                   // 00000000355C: 28023901
	global_load_dword v28, v0, s[92:93] offset:804 sc0 sc1     // 000000003560: DE518324 1C5C0000
	s_waitcnt vmcnt(0)                                         // 000000003568: BF8C0F70
	buffer_inv sc0 sc1                                         // 00000000356C: E0A4C000 00000000
	v_add_u32_e32 v29, -1, v29                                 // 000000003574: 683A3AC1
	v_or_b32_e32 v1, v1, v29                                   // 000000003578: 28023B01
	global_load_dword v29, v0, s[92:93] offset:808 sc0 sc1     // 00000000357C: DE518328 1D5C0000
	s_waitcnt vmcnt(0)                                         // 000000003584: BF8C0F70
	buffer_inv sc0 sc1                                         // 000000003588: E0A4C000 00000000
	v_add_u32_e32 v30, -1, v30                                 // 000000003590: 683C3CC1
	v_or_b32_e32 v1, v1, v30                                   // 000000003594: 28023D01
	global_load_dword v30, v0, s[92:93] offset:812 sc0 sc1     // 000000003598: DE51832C 1E5C0000
	s_waitcnt vmcnt(0)                                         // 0000000035A0: BF8C0F70
	buffer_inv sc0 sc1                                         // 0000000035A4: E0A4C000 00000000
	v_add_u32_e32 v2, -1, v2                                   // 0000000035AC: 680404C1
	v_or_b32_e32 v1, v1, v2                                    // 0000000035B0: 28020501
	global_load_dword v2, v0, s[92:93] offset:816 sc0 sc1      // 0000000035B4: DE518330 025C0000
	s_waitcnt vmcnt(0)                                         // 0000000035BC: BF8C0F70
	buffer_inv sc0 sc1                                         // 0000000035C0: E0A4C000 00000000
	v_add_u32_e32 v31, -1, v31                                 // 0000000035C8: 683E3EC1
	v_or_b32_e32 v1, v1, v31                                   // 0000000035CC: 28023F01
	global_load_dword v31, v0, s[92:93] offset:820 sc0 sc1     // 0000000035D0: DE518334 1F5C0000
	s_waitcnt vmcnt(0)                                         // 0000000035D8: BF8C0F70
	buffer_inv sc0 sc1                                         // 0000000035DC: E0A4C000 00000000
	v_add_u32_e32 v32, -1, v32                                 // 0000000035E4: 684040C1
	v_or_b32_e32 v1, v1, v32                                   // 0000000035E8: 28024101
	global_load_dword v32, v0, s[92:93] offset:824 sc0 sc1     // 0000000035EC: DE518338 205C0000
	s_waitcnt vmcnt(0)                                         // 0000000035F4: BF8C0F70
	buffer_inv sc0 sc1                                         // 0000000035F8: E0A4C000 00000000
	v_add_u32_e32 v34, -1, v34                                 // 000000003600: 684444C1
	v_or_b32_e32 v1, v1, v34                                   // 000000003604: 28024501
	global_load_dword v34, v0, s[92:93] offset:828 sc0 sc1     // 000000003608: DE51833C 225C0000
	s_waitcnt vmcnt(0)                                         // 000000003610: BF8C0F70
	buffer_inv sc0 sc1                                         // 000000003614: E0A4C000 00000000
	v_add_u32_e32 v35, -1, v35                                 // 00000000361C: 684646C1
	v_or_b32_e32 v1, v1, v35                                   // 000000003620: 28024701
	global_load_dword v35, v0, s[92:93] offset:832 sc0 sc1     // 000000003624: DE518340 235C0000
	s_waitcnt vmcnt(0)                                         // 00000000362C: BF8C0F70
	buffer_inv sc0 sc1                                         // 000000003630: E0A4C000 00000000
	v_add_u32_e32 v36, -1, v36                                 // 000000003638: 684848C1
	v_or_b32_e32 v1, v1, v36                                   // 00000000363C: 28024901
	global_load_dword v36, v0, s[92:93] offset:836 sc0 sc1     // 000000003640: DE518344 245C0000
	s_waitcnt vmcnt(0)                                         // 000000003648: BF8C0F70
	buffer_inv sc0 sc1                                         // 00000000364C: E0A4C000 00000000
	v_add_u32_e32 v37, -1, v37                                 // 000000003654: 684A4AC1
	v_or_b32_e32 v1, v1, v37                                   // 000000003658: 28024B01
	global_load_dword v37, v0, s[92:93] offset:840 sc0 sc1     // 00000000365C: DE518348 255C0000
	s_waitcnt vmcnt(0)                                         // 000000003664: BF8C0F70
	buffer_inv sc0 sc1                                         // 000000003668: E0A4C000 00000000
	v_add_u32_e32 v38, -1, v38                                 // 000000003670: 684C4CC1
	v_or_b32_e32 v1, v1, v38                                   // 000000003674: 28024D01
	global_load_dword v38, v0, s[92:93] offset:844 sc0 sc1     // 000000003678: DE51834C 265C0000
	s_waitcnt vmcnt(0)                                         // 000000003680: BF8C0F70
	buffer_inv sc0 sc1                                         // 000000003684: E0A4C000 00000000
	v_add_u32_e32 v39, -1, v39                                 // 00000000368C: 684E4EC1
	v_or_b32_e32 v1, v1, v39                                   // 000000003690: 28024F01
	global_load_dword v39, v0, s[92:93] offset:848 sc0 sc1     // 000000003694: DE518350 275C0000
	s_waitcnt vmcnt(0)                                         // 00000000369C: BF8C0F70
	buffer_inv sc0 sc1                                         // 0000000036A0: E0A4C000 00000000
	v_add_u32_e32 v40, -1, v40                                 // 0000000036A8: 685050C1
	v_or_b32_e32 v1, v1, v40                                   // 0000000036AC: 28025101
	global_load_dword v40, v0, s[92:93] offset:852 sc0 sc1     // 0000000036B0: DE518354 285C0000
	s_waitcnt vmcnt(0)                                         // 0000000036B8: BF8C0F70
	buffer_inv sc0 sc1                                         // 0000000036BC: E0A4C000 00000000
	v_add_u32_e32 v41, -1, v41                                 // 0000000036C4: 685252C1
	v_or_b32_e32 v1, v1, v41                                   // 0000000036C8: 28025301
	global_load_dword v41, v0, s[92:93] offset:856 sc0 sc1     // 0000000036CC: DE518358 295C0000
	s_waitcnt vmcnt(0)                                         // 0000000036D4: BF8C0F70
	buffer_inv sc0 sc1                                         // 0000000036D8: E0A4C000 00000000
	v_add_u32_e32 v42, -1, v42                                 // 0000000036E0: 685454C1
	v_or_b32_e32 v1, v1, v42                                   // 0000000036E4: 28025501
	global_load_dword v42, v0, s[92:93] offset:860 sc0 sc1     // 0000000036E8: DE51835C 2A5C0000
	s_waitcnt vmcnt(0)                                         // 0000000036F0: BF8C0F70
	buffer_inv sc0 sc1                                         // 0000000036F4: E0A4C000 00000000
	v_add_u32_e32 v43, -1, v43                                 // 0000000036FC: 685656C1
	v_or_b32_e32 v1, v1, v43                                   // 000000003700: 28025701
	global_load_dword v43, v0, s[92:93] offset:864 sc0 sc1     // 000000003704: DE518360 2B5C0000
	s_waitcnt vmcnt(0)                                         // 00000000370C: BF8C0F70
	buffer_inv sc0 sc1                                         // 000000003710: E0A4C000 00000000
	v_add_u32_e32 v44, -1, v44                                 // 000000003718: 685858C1
	v_or_b32_e32 v1, v1, v44                                   // 00000000371C: 28025901
	global_load_dword v44, v0, s[92:93] offset:868 sc0 sc1     // 000000003720: DE518364 2C5C0000
	s_waitcnt vmcnt(0)                                         // 000000003728: BF8C0F70
	buffer_inv sc0 sc1                                         // 00000000372C: E0A4C000 00000000
	v_add_u32_e32 v45, -1, v45                                 // 000000003734: 685A5AC1
	v_or_b32_e32 v1, v1, v45                                   // 000000003738: 28025B01
	global_load_dword v45, v0, s[92:93] offset:872 sc0 sc1     // 00000000373C: DE518368 2D5C0000
	s_waitcnt vmcnt(0)                                         // 000000003744: BF8C0F70
	buffer_inv sc0 sc1                                         // 000000003748: E0A4C000 00000000
	v_add_u32_e32 v46, -1, v46                                 // 000000003750: 685C5CC1
	v_or_b32_e32 v1, v1, v46                                   // 000000003754: 28025D01
	global_load_dword v46, v0, s[92:93] offset:876 sc0 sc1     // 000000003758: DE51836C 2E5C0000
	s_waitcnt vmcnt(0)                                         // 000000003760: BF8C0F70
	buffer_inv sc0 sc1                                         // 000000003764: E0A4C000 00000000
	v_add_u32_e32 v47, -1, v47                                 // 00000000376C: 685E5EC1
	v_or_b32_e32 v1, v1, v47                                   // 000000003770: 28025F01
	global_load_dword v47, v0, s[92:93] offset:880 sc0 sc1     // 000000003774: DE518370 2F5C0000
	s_waitcnt vmcnt(0)                                         // 00000000377C: BF8C0F70
	buffer_inv sc0 sc1                                         // 000000003780: E0A4C000 00000000
	v_add_u32_e32 v48, -1, v48                                 // 000000003788: 686060C1
	v_or_b32_e32 v1, v1, v48                                   // 00000000378C: 28026101
	global_load_dword v48, v0, s[92:93] offset:884 sc0 sc1     // 000000003790: DE518374 305C0000
	s_waitcnt vmcnt(0)                                         // 000000003798: BF8C0F70
	buffer_inv sc0 sc1                                         // 00000000379C: E0A4C000 00000000
	v_add_u32_e32 v49, -1, v49                                 // 0000000037A4: 686262C1
	v_or_b32_e32 v1, v1, v49                                   // 0000000037A8: 28026301
	global_load_dword v49, v0, s[92:93] offset:888 sc0 sc1     // 0000000037AC: DE518378 315C0000
	s_waitcnt vmcnt(0)                                         // 0000000037B4: BF8C0F70
	buffer_inv sc0 sc1                                         // 0000000037B8: E0A4C000 00000000
	v_add_u32_e32 v50, -1, v50                                 // 0000000037C0: 686464C1
	v_or_b32_e32 v1, v1, v50                                   // 0000000037C4: 28026501
	global_load_dword v50, v0, s[92:93] offset:892 sc0 sc1     // 0000000037C8: DE51837C 325C0000
	s_waitcnt vmcnt(0)                                         // 0000000037D0: BF8C0F70
	buffer_inv sc0 sc1                                         // 0000000037D4: E0A4C000 00000000
	v_add_u32_e32 v51, -1, v51                                 // 0000000037DC: 686666C1
	v_or_b32_e32 v1, v1, v51                                   // 0000000037E0: 28026701
	global_load_dword v51, v0, s[92:93] offset:896 sc0 sc1     // 0000000037E4: DE518380 335C0000
	s_waitcnt vmcnt(0)                                         // 0000000037EC: BF8C0F70
	buffer_inv sc0 sc1                                         // 0000000037F0: E0A4C000 00000000
	v_add_u32_e32 v52, -1, v52                                 // 0000000037F8: 686868C1
	v_or_b32_e32 v1, v1, v52                                   // 0000000037FC: 28026901
	global_load_dword v52, v0, s[92:93] offset:900 sc0 sc1     // 000000003800: DE518384 345C0000
	s_waitcnt vmcnt(0)                                         // 000000003808: BF8C0F70
	buffer_inv sc0 sc1                                         // 00000000380C: E0A4C000 00000000
	v_add_u32_e32 v53, -1, v53                                 // 000000003814: 686A6AC1
	v_or_b32_e32 v1, v1, v53                                   // 000000003818: 28026B01
	global_load_dword v53, v0, s[92:93] offset:904 sc0 sc1     // 00000000381C: DE518388 355C0000
	s_waitcnt vmcnt(0)                                         // 000000003824: BF8C0F70
	buffer_inv sc0 sc1                                         // 000000003828: E0A4C000 00000000
	v_add_u32_e32 v54, -1, v54                                 // 000000003830: 686C6CC1
	v_or_b32_e32 v1, v1, v54                                   // 000000003834: 28026D01
	global_load_dword v54, v0, s[92:93] offset:908 sc0 sc1     // 000000003838: DE51838C 365C0000
	s_waitcnt vmcnt(0)                                         // 000000003840: BF8C0F70
	buffer_inv sc0 sc1                                         // 000000003844: E0A4C000 00000000
	v_add_u32_e32 v55, -1, v55                                 // 00000000384C: 686E6EC1
	v_or_b32_e32 v1, v1, v55                                   // 000000003850: 28026F01
	global_load_dword v55, v0, s[92:93] offset:912 sc0 sc1     // 000000003854: DE518390 375C0000
	s_waitcnt vmcnt(0)                                         // 00000000385C: BF8C0F70
	buffer_inv sc0 sc1                                         // 000000003860: E0A4C000 00000000
	v_add_u32_e32 v56, -1, v56                                 // 000000003868: 687070C1
	v_or_b32_e32 v1, v1, v56                                   // 00000000386C: 28027101
	global_load_dword v56, v0, s[92:93] offset:916 sc0 sc1     // 000000003870: DE518394 385C0000
	s_waitcnt vmcnt(0)                                         // 000000003878: BF8C0F70
	buffer_inv sc0 sc1                                         // 00000000387C: E0A4C000 00000000
	v_add_u32_e32 v57, -1, v57                                 // 000000003884: 687272C1
	v_or_b32_e32 v1, v1, v57                                   // 000000003888: 28027301
	global_load_dword v57, v0, s[92:93] offset:920 sc0 sc1     // 00000000388C: DE518398 395C0000
	s_waitcnt vmcnt(0)                                         // 000000003894: BF8C0F70
	buffer_inv sc0 sc1                                         // 000000003898: E0A4C000 00000000
	v_add_u32_e32 v58, -1, v58                                 // 0000000038A0: 687474C1
	v_or_b32_e32 v1, v1, v58                                   // 0000000038A4: 28027501
	global_load_dword v58, v0, s[92:93] offset:924 sc0 sc1     // 0000000038A8: DE51839C 3A5C0000
	s_waitcnt vmcnt(0)                                         // 0000000038B0: BF8C0F70
	buffer_inv sc0 sc1                                         // 0000000038B4: E0A4C000 00000000
	v_add_u32_e32 v59, -1, v59                                 // 0000000038BC: 687676C1
	v_or_b32_e32 v1, v1, v59                                   // 0000000038C0: 28027701
	global_load_dword v59, v0, s[92:93] offset:928 sc0 sc1     // 0000000038C4: DE5183A0 3B5C0000
	s_waitcnt vmcnt(0)                                         // 0000000038CC: BF8C0F70
	buffer_inv sc0 sc1                                         // 0000000038D0: E0A4C000 00000000
	v_add_u32_e32 v33, -1, v33                                 // 0000000038D8: 684242C1
	v_or_b32_e32 v1, v1, v33                                   // 0000000038DC: 28024301
	global_load_dword v33, v0, s[92:93] offset:932 sc0 sc1     // 0000000038E0: DE5183A4 215C0000
	s_waitcnt vmcnt(0)                                         // 0000000038E8: BF8C0F70
	buffer_inv sc0 sc1                                         // 0000000038EC: E0A4C000 00000000
	v_add_u32_e32 v23, -1, v23                                 // 0000000038F4: 682E2EC1
	v_or_b32_e32 v1, v1, v23                                   // 0000000038F8: 28022F01
	global_load_dword v23, v0, s[92:93] offset:936 sc0 sc1     // 0000000038FC: DE5183A8 175C0000
	s_waitcnt vmcnt(0)                                         // 000000003904: BF8C0F70
	buffer_inv sc0 sc1                                         // 000000003908: E0A4C000 00000000
	v_add_u32_e32 v22, -1, v22                                 // 000000003910: 682C2CC1
	v_or_b32_e32 v1, v1, v22                                   // 000000003914: 28022D01
	global_load_dword v22, v0, s[92:93] offset:940 sc0 sc1     // 000000003918: DE5183AC 165C0000
	s_waitcnt vmcnt(0)                                         // 000000003920: BF8C0F70
	buffer_inv sc0 sc1                                         // 000000003924: E0A4C000 00000000
	v_add_u32_e32 v21, -1, v21                                 // 00000000392C: 682A2AC1
	v_or_b32_e32 v1, v1, v21                                   // 000000003930: 28022B01
	global_load_dword v21, v0, s[92:93] offset:944 sc0 sc1     // 000000003934: DE5183B0 155C0000
	s_waitcnt vmcnt(0)                                         // 00000000393C: BF8C0F70
	buffer_inv sc0 sc1                                         // 000000003940: E0A4C000 00000000
	v_add_u32_e32 v20, -1, v20                                 // 000000003948: 682828C1
	v_or_b32_e32 v1, v1, v20                                   // 00000000394C: 28022901
	global_load_dword v20, v0, s[92:93] offset:948 sc0 sc1     // 000000003950: DE5183B4 145C0000
	s_waitcnt vmcnt(0)                                         // 000000003958: BF8C0F70
	buffer_inv sc0 sc1                                         // 00000000395C: E0A4C000 00000000
	v_add_u32_e32 v19, -1, v19                                 // 000000003964: 682626C1
	v_or_b32_e32 v1, v1, v19                                   // 000000003968: 28022701
	global_load_dword v19, v0, s[92:93] offset:952 sc0 sc1     // 00000000396C: DE5183B8 135C0000
	s_waitcnt vmcnt(0)                                         // 000000003974: BF8C0F70
	buffer_inv sc0 sc1                                         // 000000003978: E0A4C000 00000000
	v_add_u32_e32 v18, -1, v18                                 // 000000003980: 682424C1
	v_or_b32_e32 v1, v1, v18                                   // 000000003984: 28022501
	global_load_dword v18, v0, s[92:93] offset:956 sc0 sc1     // 000000003988: DE5183BC 125C0000
	s_waitcnt vmcnt(0)                                         // 000000003990: BF8C0F70
	buffer_inv sc0 sc1                                         // 000000003994: E0A4C000 00000000
	v_add_u32_e32 v17, -1, v17                                 // 00000000399C: 682222C1
	v_or_b32_e32 v1, v1, v17                                   // 0000000039A0: 28022301
	global_load_dword v17, v0, s[92:93] offset:960 sc0 sc1     // 0000000039A4: DE5183C0 115C0000
	s_waitcnt vmcnt(0)                                         // 0000000039AC: BF8C0F70
	buffer_inv sc0 sc1                                         // 0000000039B0: E0A4C000 00000000
	v_add_u32_e32 v15, -1, v15                                 // 0000000039B8: 681E1EC1
	v_or_b32_e32 v1, v1, v15                                   // 0000000039BC: 28021F01
	global_load_dword v15, v0, s[92:93] offset:964 sc0 sc1     // 0000000039C0: DE5183C4 0F5C0000
	s_waitcnt vmcnt(0)                                         // 0000000039C8: BF8C0F70
	buffer_inv sc0 sc1                                         // 0000000039CC: E0A4C000 00000000
	v_add_u32_e32 v14, -1, v14                                 // 0000000039D4: 681C1CC1
	v_or_b32_e32 v1, v1, v14                                   // 0000000039D8: 28021D01
	global_load_dword v14, v0, s[92:93] offset:968 sc0 sc1     // 0000000039DC: DE5183C8 0E5C0000
	s_waitcnt vmcnt(0)                                         // 0000000039E4: BF8C0F70
	buffer_inv sc0 sc1                                         // 0000000039E8: E0A4C000 00000000
	v_add_u32_e32 v16, -1, v16                                 // 0000000039F0: 682020C1
	v_or_b32_e32 v1, v1, v16                                   // 0000000039F4: 28022101
	global_load_dword v16, v0, s[92:93] offset:972 sc0 sc1     // 0000000039F8: DE5183CC 105C0000
	s_waitcnt vmcnt(0)                                         // 000000003A00: BF8C0F70
	buffer_inv sc0 sc1                                         // 000000003A04: E0A4C000 00000000
	v_add_u32_e32 v13, -1, v13                                 // 000000003A0C: 681A1AC1
	v_or_b32_e32 v1, v1, v13                                   // 000000003A10: 28021B01
	global_load_dword v13, v0, s[92:93] offset:976 sc0 sc1     // 000000003A14: DE5183D0 0D5C0000
	s_waitcnt vmcnt(0)                                         // 000000003A1C: BF8C0F70
	buffer_inv sc0 sc1                                         // 000000003A20: E0A4C000 00000000
	v_add_u32_e32 v12, -1, v12                                 // 000000003A28: 681818C1
	v_or_b32_e32 v1, v1, v12                                   // 000000003A2C: 28021901
	global_load_dword v12, v0, s[92:93] offset:980 sc0 sc1     // 000000003A30: DE5183D4 0C5C0000
	s_waitcnt vmcnt(0)                                         // 000000003A38: BF8C0F70
	buffer_inv sc0 sc1                                         // 000000003A3C: E0A4C000 00000000
	v_add_u32_e32 v11, -1, v11                                 // 000000003A44: 681616C1
	v_or_b32_e32 v1, v1, v11                                   // 000000003A48: 28021701
	global_load_dword v11, v0, s[92:93] offset:984 sc0 sc1     // 000000003A4C: DE5183D8 0B5C0000
	s_waitcnt vmcnt(0)                                         // 000000003A54: BF8C0F70
	buffer_inv sc0 sc1                                         // 000000003A58: E0A4C000 00000000
	v_add_u32_e32 v10, -1, v10                                 // 000000003A60: 681414C1
	v_or_b32_e32 v1, v1, v10                                   // 000000003A64: 28021501
	global_load_dword v10, v0, s[92:93] offset:988 sc0 sc1     // 000000003A68: DE5183DC 0A5C0000
	s_waitcnt vmcnt(0)                                         // 000000003A70: BF8C0F70
	buffer_inv sc0 sc1                                         // 000000003A74: E0A4C000 00000000
	v_add_u32_e32 v9, -1, v9                                   // 000000003A7C: 681212C1
	v_or_b32_e32 v1, v1, v9                                    // 000000003A80: 28021301
	global_load_dword v9, v0, s[92:93] offset:992 sc0 sc1      // 000000003A84: DE5183E0 095C0000
	s_waitcnt vmcnt(0)                                         // 000000003A8C: BF8C0F70
	buffer_inv sc0 sc1                                         // 000000003A90: E0A4C000 00000000
	v_add_u32_e32 v8, -1, v8                                   // 000000003A98: 681010C1
	v_or_b32_e32 v1, v1, v8                                    // 000000003A9C: 28021101
	global_load_dword v8, v0, s[92:93] offset:996 sc0 sc1      // 000000003AA0: DE5183E4 085C0000
	s_waitcnt vmcnt(0)                                         // 000000003AA8: BF8C0F70
	buffer_inv sc0 sc1                                         // 000000003AAC: E0A4C000 00000000
	v_add_u32_e32 v7, -1, v7                                   // 000000003AB4: 680E0EC1
	v_or_b32_e32 v1, v1, v7                                    // 000000003AB8: 28020F01
	global_load_dword v7, v0, s[92:93] offset:1000 sc0 sc1     // 000000003ABC: DE5183E8 075C0000
	s_waitcnt vmcnt(0)                                         // 000000003AC4: BF8C0F70
	buffer_inv sc0 sc1                                         // 000000003AC8: E0A4C000 00000000
	v_add_u32_e32 v6, -1, v6                                   // 000000003AD0: 680C0CC1
	v_or_b32_e32 v1, v1, v6                                    // 000000003AD4: 28020D01
	global_load_dword v6, v0, s[92:93] offset:1004 sc0 sc1     // 000000003AD8: DE5183EC 065C0000
	s_waitcnt vmcnt(0)                                         // 000000003AE0: BF8C0F70
	buffer_inv sc0 sc1                                         // 000000003AE4: E0A4C000 00000000
	v_add_u32_e32 v5, -1, v5                                   // 000000003AEC: 680A0AC1
	v_or_b32_e32 v1, v1, v5                                    // 000000003AF0: 28020B01
	global_load_dword v5, v0, s[92:93] offset:1008 sc0 sc1     // 000000003AF4: DE5183F0 055C0000
	s_waitcnt vmcnt(0)                                         // 000000003AFC: BF8C0F70
	buffer_inv sc0 sc1                                         // 000000003B00: E0A4C000 00000000
	v_add_u32_e32 v4, -1, v4                                   // 000000003B08: 680808C1
	v_or_b32_e32 v1, v1, v4                                    // 000000003B0C: 28020901
	global_load_dword v4, v0, s[92:93] offset:1012 sc0 sc1     // 000000003B10: DE5183F4 045C0000
	s_waitcnt vmcnt(0)                                         // 000000003B18: BF8C0F70
	buffer_inv sc0 sc1                                         // 000000003B1C: E0A4C000 00000000
	v_add_u32_e32 v3, -1, v3                                   // 000000003B24: 680606C1
	v_or_b32_e32 v1, v1, v3                                    // 000000003B28: 28020701
	global_load_dword v3, v0, s[92:93] offset:1016 sc0 sc1     // 000000003B2C: DE5183F8 035C0000
	s_waitcnt vmcnt(0)                                         // 000000003B34: BF8C0F70
	buffer_inv sc0 sc1                                         // 000000003B38: E0A4C000 00000000
	v_add_u32_e32 v24, -1, v24                                 // 000000003B40: 683030C1
	v_or_b32_e32 v1, v1, v24                                   // 000000003B44: 28023101
	global_load_dword v24, v0, s[92:93] offset:1020 sc0 sc1    // 000000003B48: DE5183FC 185C0000
	s_waitcnt vmcnt(0)                                         // 000000003B50: BF8C0F70
	buffer_inv sc0 sc1                                         // 000000003B54: E0A4C000 00000000
	v_add_u32_e32 v25, -1, v25                                 // 000000003B5C: 683232C1
	v_or_b32_e32 v1, v1, v25                                   // 000000003B60: 28023301
	global_load_dword v25, v0, s[92:93] offset:1024 sc0 sc1    // 000000003B64: DE518400 195C0000
	s_waitcnt vmcnt(0)                                         // 000000003B6C: BF8C0F70
	buffer_inv sc0 sc1                                         // 000000003B70: E0A4C000 00000000
	v_add_u32_e32 v26, -1, v26                                 // 000000003B78: 683434C1
	v_or_b32_e32 v1, v1, v26                                   // 000000003B7C: 28023501
	global_load_dword v26, v0, s[92:93] offset:1028 sc0 sc1    // 000000003B80: DE518404 1A5C0000
	s_waitcnt vmcnt(0)                                         // 000000003B88: BF8C0F70
	buffer_inv sc0 sc1                                         // 000000003B8C: E0A4C000 00000000
	v_add_u32_e32 v27, -1, v27                                 // 000000003B94: 683636C1
	v_or_b32_e32 v1, v1, v27                                   // 000000003B98: 28023701
	global_load_dword v27, v0, s[92:93] offset:1032 sc0 sc1    // 000000003B9C: DE518408 1B5C0000
	s_waitcnt vmcnt(0)                                         // 000000003BA4: BF8C0F70
	buffer_inv sc0 sc1                                         // 000000003BA8: E0A4C000 00000000
	v_add_u32_e32 v28, -1, v28                                 // 000000003BB0: 683838C1
	v_or_b32_e32 v1, v1, v28                                   // 000000003BB4: 28023901
	global_load_dword v28, v0, s[92:93] offset:1036 sc0 sc1    // 000000003BB8: DE51840C 1C5C0000
	s_waitcnt vmcnt(0)                                         // 000000003BC0: BF8C0F70
	buffer_inv sc0 sc1                                         // 000000003BC4: E0A4C000 00000000
	v_add_u32_e32 v29, -1, v29                                 // 000000003BCC: 683A3AC1
	v_or_b32_e32 v1, v1, v29                                   // 000000003BD0: 28023B01
	global_load_dword v29, v0, s[92:93] offset:1040 sc0 sc1    // 000000003BD4: DE518410 1D5C0000
	s_waitcnt vmcnt(0)                                         // 000000003BDC: BF8C0F70
	buffer_inv sc0 sc1                                         // 000000003BE0: E0A4C000 00000000
	v_add_u32_e32 v30, -1, v30                                 // 000000003BE8: 683C3CC1
	v_or_b32_e32 v1, v1, v30                                   // 000000003BEC: 28023D01
	global_load_dword v30, v0, s[92:93] offset:1044 sc0 sc1    // 000000003BF0: DE518414 1E5C0000
	s_waitcnt vmcnt(0)                                         // 000000003BF8: BF8C0F70
	buffer_inv sc0 sc1                                         // 000000003BFC: E0A4C000 00000000
	v_add_u32_e32 v2, -1, v2                                   // 000000003C04: 680404C1
	v_or_b32_e32 v1, v1, v2                                    // 000000003C08: 28020501
	global_load_dword v2, v0, s[92:93] offset:1048 sc0 sc1     // 000000003C0C: DE518418 025C0000
	s_waitcnt vmcnt(0)                                         // 000000003C14: BF8C0F70
	buffer_inv sc0 sc1                                         // 000000003C18: E0A4C000 00000000
	v_add_u32_e32 v31, -1, v31                                 // 000000003C20: 683E3EC1
	v_or_b32_e32 v1, v1, v31                                   // 000000003C24: 28023F01
	global_load_dword v31, v0, s[92:93] offset:1052 sc0 sc1    // 000000003C28: DE51841C 1F5C0000
	s_waitcnt vmcnt(0)                                         // 000000003C30: BF8C0F70
	buffer_inv sc0 sc1                                         // 000000003C34: E0A4C000 00000000
	v_add_u32_e32 v32, -1, v32                                 // 000000003C3C: 684040C1
	v_or_b32_e32 v1, v1, v32                                   // 000000003C40: 28024101
	global_load_dword v32, v0, s[92:93] offset:1056 sc0 sc1    // 000000003C44: DE518420 205C0000
	s_waitcnt vmcnt(0)                                         // 000000003C4C: BF8C0F70
	buffer_inv sc0 sc1                                         // 000000003C50: E0A4C000 00000000
	v_add_u32_e32 v34, -1, v34                                 // 000000003C58: 684444C1
	v_or_b32_e32 v1, v1, v34                                   // 000000003C5C: 28024501
	global_load_dword v34, v0, s[92:93] offset:1060 sc0 sc1    // 000000003C60: DE518424 225C0000
	s_waitcnt vmcnt(0)                                         // 000000003C68: BF8C0F70
	buffer_inv sc0 sc1                                         // 000000003C6C: E0A4C000 00000000
	v_add_u32_e32 v35, -1, v35                                 // 000000003C74: 684646C1
	v_or_b32_e32 v1, v1, v35                                   // 000000003C78: 28024701
	global_load_dword v35, v0, s[92:93] offset:1064 sc0 sc1    // 000000003C7C: DE518428 235C0000
	s_waitcnt vmcnt(0)                                         // 000000003C84: BF8C0F70
	buffer_inv sc0 sc1                                         // 000000003C88: E0A4C000 00000000
	v_add_u32_e32 v36, -1, v36                                 // 000000003C90: 684848C1
	v_or_b32_e32 v1, v1, v36                                   // 000000003C94: 28024901
	global_load_dword v36, v0, s[92:93] offset:1068 sc0 sc1    // 000000003C98: DE51842C 245C0000
	s_waitcnt vmcnt(0)                                         // 000000003CA0: BF8C0F70
	buffer_inv sc0 sc1                                         // 000000003CA4: E0A4C000 00000000
	v_add_u32_e32 v37, -1, v37                                 // 000000003CAC: 684A4AC1
	v_or_b32_e32 v1, v1, v37                                   // 000000003CB0: 28024B01
	global_load_dword v37, v0, s[92:93] offset:1072 sc0 sc1    // 000000003CB4: DE518430 255C0000
	s_waitcnt vmcnt(0)                                         // 000000003CBC: BF8C0F70
	buffer_inv sc0 sc1                                         // 000000003CC0: E0A4C000 00000000
	v_add_u32_e32 v38, -1, v38                                 // 000000003CC8: 684C4CC1
	v_or_b32_e32 v1, v1, v38                                   // 000000003CCC: 28024D01
	global_load_dword v38, v0, s[92:93] offset:1076 sc0 sc1    // 000000003CD0: DE518434 265C0000
	s_waitcnt vmcnt(0)                                         // 000000003CD8: BF8C0F70
	buffer_inv sc0 sc1                                         // 000000003CDC: E0A4C000 00000000
	v_add_u32_e32 v39, -1, v39                                 // 000000003CE4: 684E4EC1
	v_or_b32_e32 v1, v1, v39                                   // 000000003CE8: 28024F01
	global_load_dword v39, v0, s[92:93] offset:1080 sc0 sc1    // 000000003CEC: DE518438 275C0000
	s_waitcnt vmcnt(0)                                         // 000000003CF4: BF8C0F70
	buffer_inv sc0 sc1                                         // 000000003CF8: E0A4C000 00000000
	v_add_u32_e32 v40, -1, v40                                 // 000000003D00: 685050C1
	v_or_b32_e32 v1, v1, v40                                   // 000000003D04: 28025101
	global_load_dword v40, v0, s[92:93] offset:1084 sc0 sc1    // 000000003D08: DE51843C 285C0000
	s_waitcnt vmcnt(0)                                         // 000000003D10: BF8C0F70
	buffer_inv sc0 sc1                                         // 000000003D14: E0A4C000 00000000
	v_add_u32_e32 v41, -1, v41                                 // 000000003D1C: 685252C1
	v_or_b32_e32 v1, v1, v41                                   // 000000003D20: 28025301
	global_load_dword v41, v0, s[92:93] offset:1088 sc0 sc1    // 000000003D24: DE518440 295C0000
	s_waitcnt vmcnt(0)                                         // 000000003D2C: BF8C0F70
	buffer_inv sc0 sc1                                         // 000000003D30: E0A4C000 00000000
	v_add_u32_e32 v42, -1, v42                                 // 000000003D38: 685454C1
	v_or_b32_e32 v1, v1, v42                                   // 000000003D3C: 28025501
	global_load_dword v42, v0, s[92:93] offset:1092 sc0 sc1    // 000000003D40: DE518444 2A5C0000
	s_waitcnt vmcnt(0)                                         // 000000003D48: BF8C0F70
	buffer_inv sc0 sc1                                         // 000000003D4C: E0A4C000 00000000
	v_add_u32_e32 v43, -1, v43                                 // 000000003D54: 685656C1
	v_or_b32_e32 v1, v1, v43                                   // 000000003D58: 28025701
	global_load_dword v43, v0, s[92:93] offset:1096 sc0 sc1    // 000000003D5C: DE518448 2B5C0000
	s_waitcnt vmcnt(0)                                         // 000000003D64: BF8C0F70
	buffer_inv sc0 sc1                                         // 000000003D68: E0A4C000 00000000
	v_add_u32_e32 v44, -1, v44                                 // 000000003D70: 685858C1
	v_or_b32_e32 v1, v1, v44                                   // 000000003D74: 28025901
	global_load_dword v44, v0, s[92:93] offset:1100 sc0 sc1    // 000000003D78: DE51844C 2C5C0000
	s_waitcnt vmcnt(0)                                         // 000000003D80: BF8C0F70
	buffer_inv sc0 sc1                                         // 000000003D84: E0A4C000 00000000
	v_add_u32_e32 v45, -1, v45                                 // 000000003D8C: 685A5AC1
	v_or_b32_e32 v1, v1, v45                                   // 000000003D90: 28025B01
	global_load_dword v45, v0, s[92:93] offset:1104 sc0 sc1    // 000000003D94: DE518450 2D5C0000
	s_waitcnt vmcnt(0)                                         // 000000003D9C: BF8C0F70
	buffer_inv sc0 sc1                                         // 000000003DA0: E0A4C000 00000000
	v_add_u32_e32 v46, -1, v46                                 // 000000003DA8: 685C5CC1
	v_or_b32_e32 v1, v1, v46                                   // 000000003DAC: 28025D01
	global_load_dword v46, v0, s[92:93] offset:1108 sc0 sc1    // 000000003DB0: DE518454 2E5C0000
	s_waitcnt vmcnt(0)                                         // 000000003DB8: BF8C0F70
	buffer_inv sc0 sc1                                         // 000000003DBC: E0A4C000 00000000
	v_add_u32_e32 v47, -1, v47                                 // 000000003DC4: 685E5EC1
	v_or_b32_e32 v1, v1, v47                                   // 000000003DC8: 28025F01
	global_load_dword v47, v0, s[92:93] offset:1112 sc0 sc1    // 000000003DCC: DE518458 2F5C0000
	s_waitcnt vmcnt(0)                                         // 000000003DD4: BF8C0F70
	buffer_inv sc0 sc1                                         // 000000003DD8: E0A4C000 00000000
	v_add_u32_e32 v48, -1, v48                                 // 000000003DE0: 686060C1
	v_or_b32_e32 v1, v1, v48                                   // 000000003DE4: 28026101
	global_load_dword v48, v0, s[92:93] offset:1116 sc0 sc1    // 000000003DE8: DE51845C 305C0000
	s_waitcnt vmcnt(0)                                         // 000000003DF0: BF8C0F70
	buffer_inv sc0 sc1                                         // 000000003DF4: E0A4C000 00000000
	v_add_u32_e32 v49, -1, v49                                 // 000000003DFC: 686262C1
	v_or_b32_e32 v1, v1, v49                                   // 000000003E00: 28026301
	global_load_dword v49, v0, s[92:93] offset:1120 sc0 sc1    // 000000003E04: DE518460 315C0000
	s_waitcnt vmcnt(0)                                         // 000000003E0C: BF8C0F70
	buffer_inv sc0 sc1                                         // 000000003E10: E0A4C000 00000000
	v_add_u32_e32 v50, -1, v50                                 // 000000003E18: 686464C1
	v_or_b32_e32 v1, v1, v50                                   // 000000003E1C: 28026501
	global_load_dword v50, v0, s[92:93] offset:1124 sc0 sc1    // 000000003E20: DE518464 325C0000
	s_waitcnt vmcnt(0)                                         // 000000003E28: BF8C0F70
	buffer_inv sc0 sc1                                         // 000000003E2C: E0A4C000 00000000
	v_add_u32_e32 v51, -1, v51                                 // 000000003E34: 686666C1
	v_or_b32_e32 v1, v1, v51                                   // 000000003E38: 28026701
	global_load_dword v51, v0, s[92:93] offset:1128 sc0 sc1    // 000000003E3C: DE518468 335C0000
	s_waitcnt vmcnt(0)                                         // 000000003E44: BF8C0F70
	buffer_inv sc0 sc1                                         // 000000003E48: E0A4C000 00000000
	v_add_u32_e32 v52, -1, v52                                 // 000000003E50: 686868C1
	v_or_b32_e32 v1, v1, v52                                   // 000000003E54: 28026901
	global_load_dword v52, v0, s[92:93] offset:1132 sc0 sc1    // 000000003E58: DE51846C 345C0000
	s_waitcnt vmcnt(0)                                         // 000000003E60: BF8C0F70
	buffer_inv sc0 sc1                                         // 000000003E64: E0A4C000 00000000
	v_add_u32_e32 v53, -1, v53                                 // 000000003E6C: 686A6AC1
	v_or_b32_e32 v1, v1, v53                                   // 000000003E70: 28026B01
	global_load_dword v53, v0, s[92:93] offset:1136 sc0 sc1    // 000000003E74: DE518470 355C0000
	s_waitcnt vmcnt(0)                                         // 000000003E7C: BF8C0F70
	buffer_inv sc0 sc1                                         // 000000003E80: E0A4C000 00000000
	v_add_u32_e32 v54, -1, v54                                 // 000000003E88: 686C6CC1
	v_or_b32_e32 v1, v1, v54                                   // 000000003E8C: 28026D01
	global_load_dword v54, v0, s[92:93] offset:1140 sc0 sc1    // 000000003E90: DE518474 365C0000
	s_waitcnt vmcnt(0)                                         // 000000003E98: BF8C0F70
	buffer_inv sc0 sc1                                         // 000000003E9C: E0A4C000 00000000
	v_add_u32_e32 v55, -1, v55                                 // 000000003EA4: 686E6EC1
	v_or_b32_e32 v1, v1, v55                                   // 000000003EA8: 28026F01
	global_load_dword v55, v0, s[92:93] offset:1144 sc0 sc1    // 000000003EAC: DE518478 375C0000
	s_waitcnt vmcnt(0)                                         // 000000003EB4: BF8C0F70
	buffer_inv sc0 sc1                                         // 000000003EB8: E0A4C000 00000000
	v_add_u32_e32 v56, -1, v56                                 // 000000003EC0: 687070C1
	v_or_b32_e32 v1, v1, v56                                   // 000000003EC4: 28027101
	global_load_dword v56, v0, s[92:93] offset:1148 sc0 sc1    // 000000003EC8: DE51847C 385C0000
	s_waitcnt vmcnt(0)                                         // 000000003ED0: BF8C0F70
	buffer_inv sc0 sc1                                         // 000000003ED4: E0A4C000 00000000
	v_add_u32_e32 v57, -1, v57                                 // 000000003EDC: 687272C1
	v_or_b32_e32 v1, v1, v57                                   // 000000003EE0: 28027301
	global_load_dword v57, v0, s[92:93] offset:1152 sc0 sc1    // 000000003EE4: DE518480 395C0000
	s_waitcnt vmcnt(0)                                         // 000000003EEC: BF8C0F70
	buffer_inv sc0 sc1                                         // 000000003EF0: E0A4C000 00000000
	v_add_u32_e32 v58, -1, v58                                 // 000000003EF8: 687474C1
	v_or_b32_e32 v1, v1, v58                                   // 000000003EFC: 28027501
	global_load_dword v58, v0, s[92:93] offset:1156 sc0 sc1    // 000000003F00: DE518484 3A5C0000
	s_waitcnt vmcnt(0)                                         // 000000003F08: BF8C0F70
	buffer_inv sc0 sc1                                         // 000000003F0C: E0A4C000 00000000
	v_add_u32_e32 v59, -1, v59                                 // 000000003F14: 687676C1
	v_or_b32_e32 v1, v1, v59                                   // 000000003F18: 28027701
	global_load_dword v59, v0, s[92:93] offset:1160 sc0 sc1    // 000000003F1C: DE518488 3B5C0000
	s_waitcnt vmcnt(0)                                         // 000000003F24: BF8C0F70
	buffer_inv sc0 sc1                                         // 000000003F28: E0A4C000 00000000
	v_add_u32_e32 v33, -1, v33                                 // 000000003F30: 684242C1
	v_or_b32_e32 v1, v1, v33                                   // 000000003F34: 28024301
	global_load_dword v33, v0, s[92:93] offset:1164 sc0 sc1    // 000000003F38: DE51848C 215C0000
	s_waitcnt vmcnt(0)                                         // 000000003F40: BF8C0F70
	buffer_inv sc0 sc1                                         // 000000003F44: E0A4C000 00000000
	v_add_u32_e32 v23, -1, v23                                 // 000000003F4C: 682E2EC1
	v_or_b32_e32 v1, v1, v23                                   // 000000003F50: 28022F01
	global_load_dword v23, v0, s[92:93] offset:1168 sc0 sc1    // 000000003F54: DE518490 175C0000
	s_waitcnt vmcnt(0)                                         // 000000003F5C: BF8C0F70
	buffer_inv sc0 sc1                                         // 000000003F60: E0A4C000 00000000
	v_add_u32_e32 v22, -1, v22                                 // 000000003F68: 682C2CC1
	v_or_b32_e32 v1, v1, v22                                   // 000000003F6C: 28022D01
	global_load_dword v22, v0, s[92:93] offset:1172 sc0 sc1    // 000000003F70: DE518494 165C0000
	s_waitcnt vmcnt(0)                                         // 000000003F78: BF8C0F70
	buffer_inv sc0 sc1                                         // 000000003F7C: E0A4C000 00000000
	v_add_u32_e32 v21, -1, v21                                 // 000000003F84: 682A2AC1
	v_or_b32_e32 v1, v1, v21                                   // 000000003F88: 28022B01
	global_load_dword v21, v0, s[92:93] offset:1176 sc0 sc1    // 000000003F8C: DE518498 155C0000
	s_waitcnt vmcnt(0)                                         // 000000003F94: BF8C0F70
	buffer_inv sc0 sc1                                         // 000000003F98: E0A4C000 00000000
	v_add_u32_e32 v20, -1, v20                                 // 000000003FA0: 682828C1
	v_or_b32_e32 v1, v1, v20                                   // 000000003FA4: 28022901
	global_load_dword v20, v0, s[92:93] offset:1180 sc0 sc1    // 000000003FA8: DE51849C 145C0000
	s_waitcnt vmcnt(0)                                         // 000000003FB0: BF8C0F70
	buffer_inv sc0 sc1                                         // 000000003FB4: E0A4C000 00000000
	v_add_u32_e32 v19, -1, v19                                 // 000000003FBC: 682626C1
	v_or_b32_e32 v1, v1, v19                                   // 000000003FC0: 28022701
	global_load_dword v19, v0, s[92:93] offset:1184 sc0 sc1    // 000000003FC4: DE5184A0 135C0000
	s_waitcnt vmcnt(0)                                         // 000000003FCC: BF8C0F70
	buffer_inv sc0 sc1                                         // 000000003FD0: E0A4C000 00000000
	v_add_u32_e32 v18, -1, v18                                 // 000000003FD8: 682424C1
	v_or_b32_e32 v1, v1, v18                                   // 000000003FDC: 28022501
	global_load_dword v18, v0, s[92:93] offset:1188 sc0 sc1    // 000000003FE0: DE5184A4 125C0000
	s_waitcnt vmcnt(0)                                         // 000000003FE8: BF8C0F70
	buffer_inv sc0 sc1                                         // 000000003FEC: E0A4C000 00000000
	v_add_u32_e32 v17, -1, v17                                 // 000000003FF4: 682222C1
	v_or_b32_e32 v1, v1, v17                                   // 000000003FF8: 28022301
	global_load_dword v17, v0, s[92:93] offset:1192 sc0 sc1    // 000000003FFC: DE5184A8 115C0000
	s_waitcnt vmcnt(0)                                         // 000000004004: BF8C0F70
	buffer_inv sc0 sc1                                         // 000000004008: E0A4C000 00000000
	v_add_u32_e32 v15, -1, v15                                 // 000000004010: 681E1EC1
	v_or_b32_e32 v1, v1, v15                                   // 000000004014: 28021F01
	global_load_dword v15, v0, s[92:93] offset:1196 sc0 sc1    // 000000004018: DE5184AC 0F5C0000
	s_waitcnt vmcnt(0)                                         // 000000004020: BF8C0F70
	buffer_inv sc0 sc1                                         // 000000004024: E0A4C000 00000000
	v_add_u32_e32 v14, -1, v14                                 // 00000000402C: 681C1CC1
	v_or_b32_e32 v1, v1, v14                                   // 000000004030: 28021D01
	global_load_dword v14, v0, s[92:93] offset:1200 sc0 sc1    // 000000004034: DE5184B0 0E5C0000
	s_waitcnt vmcnt(0)                                         // 00000000403C: BF8C0F70
	buffer_inv sc0 sc1                                         // 000000004040: E0A4C000 00000000
	v_add_u32_e32 v16, -1, v16                                 // 000000004048: 682020C1
	v_or_b32_e32 v1, v1, v16                                   // 00000000404C: 28022101
	global_load_dword v16, v0, s[92:93] offset:1204 sc0 sc1    // 000000004050: DE5184B4 105C0000
	s_waitcnt vmcnt(0)                                         // 000000004058: BF8C0F70
	buffer_inv sc0 sc1                                         // 00000000405C: E0A4C000 00000000
	v_add_u32_e32 v13, -1, v13                                 // 000000004064: 681A1AC1
	v_or_b32_e32 v1, v1, v13                                   // 000000004068: 28021B01
	global_load_dword v13, v0, s[92:93] offset:1208 sc0 sc1    // 00000000406C: DE5184B8 0D5C0000
	s_waitcnt vmcnt(0)                                         // 000000004074: BF8C0F70
	buffer_inv sc0 sc1                                         // 000000004078: E0A4C000 00000000
	v_add_u32_e32 v12, -1, v12                                 // 000000004080: 681818C1
	v_or_b32_e32 v1, v1, v12                                   // 000000004084: 28021901
	global_load_dword v12, v0, s[92:93] offset:1212 sc0 sc1    // 000000004088: DE5184BC 0C5C0000
	s_waitcnt vmcnt(0)                                         // 000000004090: BF8C0F70
	buffer_inv sc0 sc1                                         // 000000004094: E0A4C000 00000000
	v_add_u32_e32 v11, -1, v11                                 // 00000000409C: 681616C1
	v_or_b32_e32 v1, v1, v11                                   // 0000000040A0: 28021701
	global_load_dword v11, v0, s[92:93] offset:1216 sc0 sc1    // 0000000040A4: DE5184C0 0B5C0000
	s_waitcnt vmcnt(0)                                         // 0000000040AC: BF8C0F70
	buffer_inv sc0 sc1                                         // 0000000040B0: E0A4C000 00000000
	v_add_u32_e32 v10, -1, v10                                 // 0000000040B8: 681414C1
	v_or_b32_e32 v1, v1, v10                                   // 0000000040BC: 28021501
	global_load_dword v10, v0, s[92:93] offset:1220 sc0 sc1    // 0000000040C0: DE5184C4 0A5C0000
	s_waitcnt vmcnt(0)                                         // 0000000040C8: BF8C0F70
	buffer_inv sc0 sc1                                         // 0000000040CC: E0A4C000 00000000
	v_add_u32_e32 v9, -1, v9                                   // 0000000040D4: 681212C1
	v_or_b32_e32 v1, v1, v9                                    // 0000000040D8: 28021301
	global_load_dword v9, v0, s[92:93] offset:1224 sc0 sc1     // 0000000040DC: DE5184C8 095C0000
	s_waitcnt vmcnt(0)                                         // 0000000040E4: BF8C0F70
	buffer_inv sc0 sc1                                         // 0000000040E8: E0A4C000 00000000
	v_add_u32_e32 v8, -1, v8                                   // 0000000040F0: 681010C1
	v_or_b32_e32 v1, v1, v8                                    // 0000000040F4: 28021101
	global_load_dword v8, v0, s[92:93] offset:1228 sc0 sc1     // 0000000040F8: DE5184CC 085C0000
	s_waitcnt vmcnt(0)                                         // 000000004100: BF8C0F70
	buffer_inv sc0 sc1                                         // 000000004104: E0A4C000 00000000
	v_add_u32_e32 v7, -1, v7                                   // 00000000410C: 680E0EC1
	v_or_b32_e32 v1, v1, v7                                    // 000000004110: 28020F01
	global_load_dword v7, v0, s[92:93] offset:1232 sc0 sc1     // 000000004114: DE5184D0 075C0000
	s_waitcnt vmcnt(0)                                         // 00000000411C: BF8C0F70
	buffer_inv sc0 sc1                                         // 000000004120: E0A4C000 00000000
	v_add_u32_e32 v6, -1, v6                                   // 000000004128: 680C0CC1
	v_or_b32_e32 v1, v1, v6                                    // 00000000412C: 28020D01
	global_load_dword v6, v0, s[92:93] offset:1236 sc0 sc1     // 000000004130: DE5184D4 065C0000
	s_waitcnt vmcnt(0)                                         // 000000004138: BF8C0F70
	buffer_inv sc0 sc1                                         // 00000000413C: E0A4C000 00000000
	v_add_u32_e32 v5, -1, v5                                   // 000000004144: 680A0AC1
	v_or_b32_e32 v1, v1, v5                                    // 000000004148: 28020B01
	global_load_dword v5, v0, s[92:93] offset:1240 sc0 sc1     // 00000000414C: DE5184D8 055C0000
	s_waitcnt vmcnt(0)                                         // 000000004154: BF8C0F70
	buffer_inv sc0 sc1                                         // 000000004158: E0A4C000 00000000
	v_add_u32_e32 v4, -1, v4                                   // 000000004160: 680808C1
	v_or_b32_e32 v1, v1, v4                                    // 000000004164: 28020901
	global_load_dword v4, v0, s[92:93] offset:1244 sc0 sc1     // 000000004168: DE5184DC 045C0000
	s_waitcnt vmcnt(0)                                         // 000000004170: BF8C0F70
	buffer_inv sc0 sc1                                         // 000000004174: E0A4C000 00000000
	v_add_u32_e32 v3, -1, v3                                   // 00000000417C: 680606C1
	v_or_b32_e32 v1, v1, v3                                    // 000000004180: 28020701
	global_load_dword v3, v0, s[92:93] offset:1248 sc0 sc1     // 000000004184: DE5184E0 035C0000
	s_waitcnt vmcnt(0)                                         // 00000000418C: BF8C0F70
	buffer_inv sc0 sc1                                         // 000000004190: E0A4C000 00000000
	v_add_u32_e32 v24, -1, v24                                 // 000000004198: 683030C1
	v_or_b32_e32 v1, v1, v24                                   // 00000000419C: 28023101
	global_load_dword v24, v0, s[92:93] offset:1252 sc0 sc1    // 0000000041A0: DE5184E4 185C0000
	s_waitcnt vmcnt(0)                                         // 0000000041A8: BF8C0F70
	buffer_inv sc0 sc1                                         // 0000000041AC: E0A4C000 00000000
	v_add_u32_e32 v25, -1, v25                                 // 0000000041B4: 683232C1
	v_or_b32_e32 v1, v1, v25                                   // 0000000041B8: 28023301
	global_load_dword v25, v0, s[92:93] offset:1256 sc0 sc1    // 0000000041BC: DE5184E8 195C0000
	s_waitcnt vmcnt(0)                                         // 0000000041C4: BF8C0F70
	buffer_inv sc0 sc1                                         // 0000000041C8: E0A4C000 00000000
	v_add_u32_e32 v26, -1, v26                                 // 0000000041D0: 683434C1
	v_or_b32_e32 v1, v1, v26                                   // 0000000041D4: 28023501
	global_load_dword v26, v0, s[92:93] offset:1260 sc0 sc1    // 0000000041D8: DE5184EC 1A5C0000
	s_waitcnt vmcnt(0)                                         // 0000000041E0: BF8C0F70
	buffer_inv sc0 sc1                                         // 0000000041E4: E0A4C000 00000000
	v_add_u32_e32 v27, -1, v27                                 // 0000000041EC: 683636C1
	v_or_b32_e32 v1, v1, v27                                   // 0000000041F0: 28023701
	global_load_dword v27, v0, s[92:93] offset:1264 sc0 sc1    // 0000000041F4: DE5184F0 1B5C0000
	s_waitcnt vmcnt(0)                                         // 0000000041FC: BF8C0F70
	buffer_inv sc0 sc1                                         // 000000004200: E0A4C000 00000000
	v_add_u32_e32 v28, -1, v28                                 // 000000004208: 683838C1
	v_or_b32_e32 v1, v1, v28                                   // 00000000420C: 28023901
	global_load_dword v28, v0, s[92:93] offset:1268 sc0 sc1    // 000000004210: DE5184F4 1C5C0000
	s_waitcnt vmcnt(0)                                         // 000000004218: BF8C0F70
	buffer_inv sc0 sc1                                         // 00000000421C: E0A4C000 00000000
	v_add_u32_e32 v29, -1, v29                                 // 000000004224: 683A3AC1
	v_or_b32_e32 v1, v1, v29                                   // 000000004228: 28023B01
	global_load_dword v29, v0, s[92:93] offset:1272 sc0 sc1    // 00000000422C: DE5184F8 1D5C0000
	s_waitcnt vmcnt(0)                                         // 000000004234: BF8C0F70
	buffer_inv sc0 sc1                                         // 000000004238: E0A4C000 00000000
	v_add_u32_e32 v30, -1, v30                                 // 000000004240: 683C3CC1
	v_or_b32_e32 v1, v1, v30                                   // 000000004244: 28023D01
	global_load_dword v30, v0, s[92:93] offset:1276 sc0 sc1    // 000000004248: DE5184FC 1E5C0000
	s_waitcnt vmcnt(0)                                         // 000000004250: BF8C0F70
	buffer_inv sc0 sc1                                         // 000000004254: E0A4C000 00000000
	v_add_u32_e32 v2, -1, v2                                   // 00000000425C: 680404C1
	v_or_b32_e32 v1, v1, v2                                    // 000000004260: 28020501
	global_load_dword v2, v0, s[92:93] offset:1280 sc0 sc1     // 000000004264: DE518500 025C0000
	s_waitcnt vmcnt(0)                                         // 00000000426C: BF8C0F70
	buffer_inv sc0 sc1                                         // 000000004270: E0A4C000 00000000
	v_add_u32_e32 v31, -1, v31                                 // 000000004278: 683E3EC1
	v_or_b32_e32 v1, v1, v31                                   // 00000000427C: 28023F01
	global_load_dword v31, v0, s[92:93] offset:1284 sc0 sc1    // 000000004280: DE518504 1F5C0000
	s_waitcnt vmcnt(0)                                         // 000000004288: BF8C0F70
	buffer_inv sc0 sc1                                         // 00000000428C: E0A4C000 00000000
	v_add_u32_e32 v32, -1, v32                                 // 000000004294: 684040C1
	v_or_b32_e32 v1, v1, v32                                   // 000000004298: 28024101
	global_load_dword v32, v0, s[92:93] offset:1288 sc0 sc1    // 00000000429C: DE518508 205C0000
	s_waitcnt vmcnt(0)                                         // 0000000042A4: BF8C0F70
	buffer_inv sc0 sc1                                         // 0000000042A8: E0A4C000 00000000
	v_add_u32_e32 v34, -1, v34                                 // 0000000042B0: 684444C1
	v_or_b32_e32 v1, v1, v34                                   // 0000000042B4: 28024501
	global_load_dword v34, v0, s[92:93] offset:1292 sc0 sc1    // 0000000042B8: DE51850C 225C0000
	s_waitcnt vmcnt(0)                                         // 0000000042C0: BF8C0F70
	buffer_inv sc0 sc1                                         // 0000000042C4: E0A4C000 00000000
	v_add_u32_e32 v35, -1, v35                                 // 0000000042CC: 684646C1
	v_or_b32_e32 v1, v1, v35                                   // 0000000042D0: 28024701
	global_load_dword v35, v0, s[92:93] offset:1296 sc0 sc1    // 0000000042D4: DE518510 235C0000
	s_waitcnt vmcnt(0)                                         // 0000000042DC: BF8C0F70
	buffer_inv sc0 sc1                                         // 0000000042E0: E0A4C000 00000000
	v_add_u32_e32 v36, -1, v36                                 // 0000000042E8: 684848C1
	v_or_b32_e32 v1, v1, v36                                   // 0000000042EC: 28024901
	global_load_dword v36, v0, s[92:93] offset:1300 sc0 sc1    // 0000000042F0: DE518514 245C0000
	s_waitcnt vmcnt(0)                                         // 0000000042F8: BF8C0F70
	buffer_inv sc0 sc1                                         // 0000000042FC: E0A4C000 00000000
	v_add_u32_e32 v37, -1, v37                                 // 000000004304: 684A4AC1
	v_or_b32_e32 v1, v1, v37                                   // 000000004308: 28024B01
	global_load_dword v37, v0, s[92:93] offset:1304 sc0 sc1    // 00000000430C: DE518518 255C0000
	s_waitcnt vmcnt(0)                                         // 000000004314: BF8C0F70
	buffer_inv sc0 sc1                                         // 000000004318: E0A4C000 00000000
	v_add_u32_e32 v38, -1, v38                                 // 000000004320: 684C4CC1
	v_or_b32_e32 v1, v1, v38                                   // 000000004324: 28024D01
	global_load_dword v38, v0, s[92:93] offset:1308 sc0 sc1    // 000000004328: DE51851C 265C0000
	s_waitcnt vmcnt(0)                                         // 000000004330: BF8C0F70
	buffer_inv sc0 sc1                                         // 000000004334: E0A4C000 00000000
	v_add_u32_e32 v39, -1, v39                                 // 00000000433C: 684E4EC1
	v_or_b32_e32 v1, v1, v39                                   // 000000004340: 28024F01
	global_load_dword v39, v0, s[92:93] offset:1312 sc0 sc1    // 000000004344: DE518520 275C0000
	s_waitcnt vmcnt(0)                                         // 00000000434C: BF8C0F70
	buffer_inv sc0 sc1                                         // 000000004350: E0A4C000 00000000
	v_add_u32_e32 v40, -1, v40                                 // 000000004358: 685050C1
	v_or_b32_e32 v1, v1, v40                                   // 00000000435C: 28025101
	global_load_dword v40, v0, s[92:93] offset:1316 sc0 sc1    // 000000004360: DE518524 285C0000
	s_waitcnt vmcnt(0)                                         // 000000004368: BF8C0F70
	buffer_inv sc0 sc1                                         // 00000000436C: E0A4C000 00000000
	v_add_u32_e32 v41, -1, v41                                 // 000000004374: 685252C1
	v_or_b32_e32 v1, v1, v41                                   // 000000004378: 28025301
	global_load_dword v41, v0, s[92:93] offset:1320 sc0 sc1    // 00000000437C: DE518528 295C0000
	s_waitcnt vmcnt(0)                                         // 000000004384: BF8C0F70
	buffer_inv sc0 sc1                                         // 000000004388: E0A4C000 00000000
	v_add_u32_e32 v42, -1, v42                                 // 000000004390: 685454C1
	v_or_b32_e32 v1, v1, v42                                   // 000000004394: 28025501
	global_load_dword v42, v0, s[92:93] offset:1324 sc0 sc1    // 000000004398: DE51852C 2A5C0000
	s_waitcnt vmcnt(0)                                         // 0000000043A0: BF8C0F70
	buffer_inv sc0 sc1                                         // 0000000043A4: E0A4C000 00000000
	v_add_u32_e32 v43, -1, v43                                 // 0000000043AC: 685656C1
	v_or_b32_e32 v1, v1, v43                                   // 0000000043B0: 28025701
	global_load_dword v43, v0, s[92:93] offset:1328 sc0 sc1    // 0000000043B4: DE518530 2B5C0000
	s_waitcnt vmcnt(0)                                         // 0000000043BC: BF8C0F70
	buffer_inv sc0 sc1                                         // 0000000043C0: E0A4C000 00000000
	v_add_u32_e32 v44, -1, v44                                 // 0000000043C8: 685858C1
	v_or_b32_e32 v1, v1, v44                                   // 0000000043CC: 28025901
	global_load_dword v44, v0, s[92:93] offset:1332 sc0 sc1    // 0000000043D0: DE518534 2C5C0000
	s_waitcnt vmcnt(0)                                         // 0000000043D8: BF8C0F70
	buffer_inv sc0 sc1                                         // 0000000043DC: E0A4C000 00000000
	v_add_u32_e32 v45, -1, v45                                 // 0000000043E4: 685A5AC1
	v_or_b32_e32 v1, v1, v45                                   // 0000000043E8: 28025B01
	global_load_dword v45, v0, s[92:93] offset:1336 sc0 sc1    // 0000000043EC: DE518538 2D5C0000
	s_waitcnt vmcnt(0)                                         // 0000000043F4: BF8C0F70
	buffer_inv sc0 sc1                                         // 0000000043F8: E0A4C000 00000000
	v_add_u32_e32 v46, -1, v46                                 // 000000004400: 685C5CC1
	v_or_b32_e32 v1, v1, v46                                   // 000000004404: 28025D01
	global_load_dword v46, v0, s[92:93] offset:1340 sc0 sc1    // 000000004408: DE51853C 2E5C0000
	s_waitcnt vmcnt(0)                                         // 000000004410: BF8C0F70
	buffer_inv sc0 sc1                                         // 000000004414: E0A4C000 00000000
	v_add_u32_e32 v47, -1, v47                                 // 00000000441C: 685E5EC1
	v_or_b32_e32 v1, v1, v47                                   // 000000004420: 28025F01
	global_load_dword v47, v0, s[92:93] offset:1344 sc0 sc1    // 000000004424: DE518540 2F5C0000
	s_waitcnt vmcnt(0)                                         // 00000000442C: BF8C0F70
	buffer_inv sc0 sc1                                         // 000000004430: E0A4C000 00000000
	v_add_u32_e32 v48, -1, v48                                 // 000000004438: 686060C1
	v_or_b32_e32 v1, v1, v48                                   // 00000000443C: 28026101
	global_load_dword v48, v0, s[92:93] offset:1348 sc0 sc1    // 000000004440: DE518544 305C0000
	s_waitcnt vmcnt(0)                                         // 000000004448: BF8C0F70
	buffer_inv sc0 sc1                                         // 00000000444C: E0A4C000 00000000
	v_add_u32_e32 v49, -1, v49                                 // 000000004454: 686262C1
	v_or_b32_e32 v1, v1, v49                                   // 000000004458: 28026301
	global_load_dword v49, v0, s[92:93] offset:1352 sc0 sc1    // 00000000445C: DE518548 315C0000
	s_waitcnt vmcnt(0)                                         // 000000004464: BF8C0F70
	buffer_inv sc0 sc1                                         // 000000004468: E0A4C000 00000000
	v_add_u32_e32 v50, -1, v50                                 // 000000004470: 686464C1
	v_or_b32_e32 v1, v1, v50                                   // 000000004474: 28026501
	global_load_dword v50, v0, s[92:93] offset:1356 sc0 sc1    // 000000004478: DE51854C 325C0000
	s_waitcnt vmcnt(0)                                         // 000000004480: BF8C0F70
	buffer_inv sc0 sc1                                         // 000000004484: E0A4C000 00000000
	v_add_u32_e32 v51, -1, v51                                 // 00000000448C: 686666C1
	v_or_b32_e32 v1, v1, v51                                   // 000000004490: 28026701
	global_load_dword v51, v0, s[92:93] offset:1360 sc0 sc1    // 000000004494: DE518550 335C0000
	s_waitcnt vmcnt(0)                                         // 00000000449C: BF8C0F70
	buffer_inv sc0 sc1                                         // 0000000044A0: E0A4C000 00000000
	v_add_u32_e32 v52, -1, v52                                 // 0000000044A8: 686868C1
	v_or_b32_e32 v1, v1, v52                                   // 0000000044AC: 28026901
	global_load_dword v52, v0, s[92:93] offset:1364 sc0 sc1    // 0000000044B0: DE518554 345C0000
	s_waitcnt vmcnt(0)                                         // 0000000044B8: BF8C0F70
	buffer_inv sc0 sc1                                         // 0000000044BC: E0A4C000 00000000
	v_add_u32_e32 v53, -1, v53                                 // 0000000044C4: 686A6AC1
	v_or_b32_e32 v1, v1, v53                                   // 0000000044C8: 28026B01
	global_load_dword v53, v0, s[92:93] offset:1368 sc0 sc1    // 0000000044CC: DE518558 355C0000
	s_waitcnt vmcnt(0)                                         // 0000000044D4: BF8C0F70
	buffer_inv sc0 sc1                                         // 0000000044D8: E0A4C000 00000000
	v_add_u32_e32 v54, -1, v54                                 // 0000000044E0: 686C6CC1
	v_or_b32_e32 v1, v1, v54                                   // 0000000044E4: 28026D01
	global_load_dword v54, v0, s[92:93] offset:1372 sc0 sc1    // 0000000044E8: DE51855C 365C0000
	s_waitcnt vmcnt(0)                                         // 0000000044F0: BF8C0F70
	buffer_inv sc0 sc1                                         // 0000000044F4: E0A4C000 00000000
	v_add_u32_e32 v55, -1, v55                                 // 0000000044FC: 686E6EC1
	v_or_b32_e32 v1, v1, v55                                   // 000000004500: 28026F01
	global_load_dword v55, v0, s[92:93] offset:1376 sc0 sc1    // 000000004504: DE518560 375C0000
	s_waitcnt vmcnt(0)                                         // 00000000450C: BF8C0F70
	buffer_inv sc0 sc1                                         // 000000004510: E0A4C000 00000000
	v_add_u32_e32 v56, -1, v56                                 // 000000004518: 687070C1
	v_or_b32_e32 v1, v1, v56                                   // 00000000451C: 28027101
	global_load_dword v56, v0, s[92:93] offset:1380 sc0 sc1    // 000000004520: DE518564 385C0000
	s_waitcnt vmcnt(0)                                         // 000000004528: BF8C0F70
	buffer_inv sc0 sc1                                         // 00000000452C: E0A4C000 00000000
	v_add_u32_e32 v57, -1, v57                                 // 000000004534: 687272C1
	v_or_b32_e32 v1, v1, v57                                   // 000000004538: 28027301
	global_load_dword v57, v0, s[92:93] offset:1384 sc0 sc1    // 00000000453C: DE518568 395C0000
	s_waitcnt vmcnt(0)                                         // 000000004544: BF8C0F70
	buffer_inv sc0 sc1                                         // 000000004548: E0A4C000 00000000
	v_add_u32_e32 v58, -1, v58                                 // 000000004550: 687474C1
	v_or_b32_e32 v1, v1, v58                                   // 000000004554: 28027501
	global_load_dword v58, v0, s[92:93] offset:1388 sc0 sc1    // 000000004558: DE51856C 3A5C0000
	s_waitcnt vmcnt(0)                                         // 000000004560: BF8C0F70
	buffer_inv sc0 sc1                                         // 000000004564: E0A4C000 00000000
	v_cmp_gt_u32_e64 s[58:59], 64, v1                          // 00000000456C: D0CC003A 000202C0
	global_load_dword v1, v0, s[92:93] offset:1392 sc0 sc1     // 000000004574: DE518570 015C0000
	s_waitcnt vmcnt(0)                                         // 00000000457C: BF8C0F70
	buffer_inv sc0 sc1                                         // 000000004580: E0A4C000 00000000
	v_cmp_eq_u32_e64 s[56:57], 64, v59                         // 000000004588: D0CA0038 000276C0
	global_load_dword v59, v0, s[92:93] offset:1396 sc0 sc1    // 000000004590: DE518574 3B5C0000
	s_waitcnt vmcnt(0)                                         // 000000004598: BF8C0F70
	buffer_inv sc0 sc1                                         // 00000000459C: E0A4C000 00000000
	v_cmp_eq_u32_e64 s[54:55], 64, v33                         // 0000000045A4: D0CA0036 000242C0
	global_load_dword v33, v0, s[92:93] offset:1400 sc0 sc1    // 0000000045AC: DE518578 215C0000
	s_waitcnt vmcnt(0)                                         // 0000000045B4: BF8C0F70
	buffer_inv sc0 sc1                                         // 0000000045B8: E0A4C000 00000000
	v_cmp_eq_u32_e64 s[52:53], 64, v23                         // 0000000045C0: D0CA0034 00022EC0
	global_load_dword v23, v0, s[92:93] offset:1404 sc0 sc1    // 0000000045C8: DE51857C 175C0000
	s_waitcnt vmcnt(0)                                         // 0000000045D0: BF8C0F70
	buffer_inv sc0 sc1                                         // 0000000045D4: E0A4C000 00000000
	v_cmp_eq_u32_e64 s[50:51], 64, v22                         // 0000000045DC: D0CA0032 00022CC0
	global_load_dword v22, v0, s[92:93] offset:1408 sc0 sc1    // 0000000045E4: DE518580 165C0000
	s_waitcnt vmcnt(0)                                         // 0000000045EC: BF8C0F70
	buffer_inv sc0 sc1                                         // 0000000045F0: E0A4C000 00000000
	v_cmp_eq_u32_e64 s[48:49], 64, v21                         // 0000000045F8: D0CA0030 00022AC0
	global_load_dword v21, v0, s[92:93] offset:1412 sc0 sc1    // 000000004600: DE518584 155C0000
	s_waitcnt vmcnt(0)                                         // 000000004608: BF8C0F70
	buffer_inv sc0 sc1                                         // 00000000460C: E0A4C000 00000000
	v_cmp_eq_u32_e64 s[46:47], 64, v20                         // 000000004614: D0CA002E 000228C0
	global_load_dword v20, v0, s[92:93] offset:1416 sc0 sc1    // 00000000461C: DE518588 145C0000
	s_waitcnt vmcnt(0)                                         // 000000004624: BF8C0F70
	buffer_inv sc0 sc1                                         // 000000004628: E0A4C000 00000000
	v_cmp_eq_u32_e64 s[44:45], 64, v19                         // 000000004630: D0CA002C 000226C0
	global_load_dword v19, v0, s[92:93] offset:1420 sc0 sc1    // 000000004638: DE51858C 135C0000
	s_waitcnt vmcnt(0)                                         // 000000004640: BF8C0F70
	buffer_inv sc0 sc1                                         // 000000004644: E0A4C000 00000000
	v_cmp_eq_u32_e64 s[42:43], 64, v18                         // 00000000464C: D0CA002A 000224C0
	global_load_dword v18, v0, s[92:93] offset:1424 sc0 sc1    // 000000004654: DE518590 125C0000
	s_waitcnt vmcnt(0)                                         // 00000000465C: BF8C0F70
	buffer_inv sc0 sc1                                         // 000000004660: E0A4C000 00000000
	v_cmp_eq_u32_e64 s[40:41], 64, v17                         // 000000004668: D0CA0028 000222C0
	global_load_dword v17, v0, s[92:93] offset:1428 sc0 sc1    // 000000004670: DE518594 115C0000
	s_waitcnt vmcnt(0)                                         // 000000004678: BF8C0F70
	buffer_inv sc0 sc1                                         // 00000000467C: E0A4C000 00000000
	v_cmp_eq_u32_e64 s[38:39], 64, v15                         // 000000004684: D0CA0026 00021EC0
	global_load_dword v15, v0, s[92:93] offset:1432 sc0 sc1    // 00000000468C: DE518598 0F5C0000
	s_waitcnt vmcnt(0)                                         // 000000004694: BF8C0F70
	buffer_inv sc0 sc1                                         // 000000004698: E0A4C000 00000000
	v_cmp_eq_u32_e64 s[36:37], 64, v14                         // 0000000046A0: D0CA0024 00021CC0
	global_load_dword v14, v0, s[92:93] offset:1436 sc0 sc1    // 0000000046A8: DE51859C 0E5C0000
	s_waitcnt vmcnt(0)                                         // 0000000046B0: BF8C0F70
	buffer_inv sc0 sc1                                         // 0000000046B4: E0A4C000 00000000
	v_cmp_eq_u32_e64 s[34:35], 64, v16                         // 0000000046BC: D0CA0022 000220C0
	global_load_dword v16, v0, s[92:93] offset:1440 sc0 sc1    // 0000000046C4: DE5185A0 105C0000
	s_waitcnt vmcnt(0)                                         // 0000000046CC: BF8C0F70
	buffer_inv sc0 sc1                                         // 0000000046D0: E0A4C000 00000000
	v_cmp_eq_u32_e64 s[30:31], 64, v13                         // 0000000046D8: D0CA001E 00021AC0
	global_load_dword v13, v0, s[92:93] offset:1444 sc0 sc1    // 0000000046E0: DE5185A4 0D5C0000
	s_waitcnt vmcnt(0)                                         // 0000000046E8: BF8C0F70
	buffer_inv sc0 sc1                                         // 0000000046EC: E0A4C000 00000000
	v_cmp_eq_u32_e64 s[88:89], 64, v12                         // 0000000046F4: D0CA0058 000218C0
	global_load_dword v12, v0, s[92:93] offset:1448 sc0 sc1    // 0000000046FC: DE5185A8 0C5C0000
	s_waitcnt vmcnt(0)                                         // 000000004704: BF8C0F70
	buffer_inv sc0 sc1                                         // 000000004708: E0A4C000 00000000
	v_cmp_eq_u32_e64 s[86:87], 64, v11                         // 000000004710: D0CA0056 000216C0
	global_load_dword v11, v0, s[92:93] offset:1452 sc0 sc1    // 000000004718: DE5185AC 0B5C0000
	s_waitcnt vmcnt(0)                                         // 000000004720: BF8C0F70
	buffer_inv sc0 sc1                                         // 000000004724: E0A4C000 00000000
	v_cmp_eq_u32_e64 s[84:85], 64, v10                         // 00000000472C: D0CA0054 000214C0
	global_load_dword v10, v0, s[92:93] offset:1456 sc0 sc1    // 000000004734: DE5185B0 0A5C0000
	s_waitcnt vmcnt(0)                                         // 00000000473C: BF8C0F70
	buffer_inv sc0 sc1                                         // 000000004740: E0A4C000 00000000
	v_cmp_eq_u32_e64 s[82:83], 64, v9                          // 000000004748: D0CA0052 000212C0
	global_load_dword v9, v0, s[92:93] offset:1460 sc0 sc1     // 000000004750: DE5185B4 095C0000
	s_waitcnt vmcnt(0)                                         // 000000004758: BF8C0F70
	buffer_inv sc0 sc1                                         // 00000000475C: E0A4C000 00000000
	v_cmp_eq_u32_e64 s[80:81], 64, v8                          // 000000004764: D0CA0050 000210C0
	global_load_dword v8, v0, s[92:93] offset:1464 sc0 sc1     // 00000000476C: DE5185B8 085C0000
	s_waitcnt vmcnt(0)                                         // 000000004774: BF8C0F70
	buffer_inv sc0 sc1                                         // 000000004778: E0A4C000 00000000
	s_and_b64 s[20:21], s[18:19], s[20:21]                     // 000000004780: 86941412
	v_cmp_eq_u32_e64 s[18:19], 64, v7                          // 000000004784: D0CA0012 00020EC0
	global_load_dword v7, v0, s[92:93] offset:1468 sc0 sc1     // 00000000478C: DE5185BC 075C0000
	s_waitcnt vmcnt(0)                                         // 000000004794: BF8C0F70
	buffer_inv sc0 sc1                                         // 000000004798: E0A4C000 00000000
	s_and_b64 s[20:21], s[20:21], s[16:17]                     // 0000000047A0: 86941014
	v_cmp_eq_u32_e64 s[16:17], 64, v6                          // 0000000047A4: D0CA0010 00020CC0
	global_load_dword v6, v0, s[92:93] offset:1472 sc0 sc1     // 0000000047AC: DE5185C0 065C0000
	s_waitcnt vmcnt(0)                                         // 0000000047B4: BF8C0F70
	buffer_inv sc0 sc1                                         // 0000000047B8: E0A4C000 00000000
	s_and_b64 s[20:21], s[20:21], s[14:15]                     // 0000000047C0: 86940E14
	v_cmp_eq_u32_e64 s[14:15], 64, v5                          // 0000000047C4: D0CA000E 00020AC0
	global_load_dword v5, v0, s[92:93] offset:1476 sc0 sc1     // 0000000047CC: DE5185C4 055C0000
	s_waitcnt vmcnt(0)                                         // 0000000047D4: BF8C0F70
	buffer_inv sc0 sc1                                         // 0000000047D8: E0A4C000 00000000
	s_and_b64 s[20:21], s[20:21], s[12:13]                     // 0000000047E0: 86940C14
	v_cmp_eq_u32_e64 s[12:13], 64, v4                          // 0000000047E4: D0CA000C 000208C0
	global_load_dword v4, v0, s[92:93] offset:1480 sc0 sc1     // 0000000047EC: DE5185C8 045C0000
	s_waitcnt vmcnt(0)                                         // 0000000047F4: BF8C0F70
	buffer_inv sc0 sc1                                         // 0000000047F8: E0A4C000 00000000
	s_and_b64 s[20:21], s[20:21], s[22:23]                     // 000000004800: 86941614
	v_cmp_eq_u32_e64 s[78:79], 64, v3                          // 000000004804: D0CA004E 000206C0
	global_load_dword v3, v0, s[92:93] offset:1484 sc0 sc1     // 00000000480C: DE5185CC 035C0000
	s_waitcnt vmcnt(0)                                         // 000000004814: BF8C0F70
	buffer_inv sc0 sc1                                         // 000000004818: E0A4C000 00000000
	s_and_b64 s[10:11], s[10:11], s[20:21]                     // 000000004820: 868A140A
	v_cmp_eq_u32_e64 s[76:77], 64, v24                         // 000000004824: D0CA004C 000230C0
	global_load_dword v24, v0, s[92:93] offset:1488 sc0 sc1    // 00000000482C: DE5185D0 185C0000
	s_waitcnt vmcnt(0)                                         // 000000004834: BF8C0F70
	buffer_inv sc0 sc1                                         // 000000004838: E0A4C000 00000000
	s_and_b64 s[8:9], s[8:9], s[10:11]                         // 000000004840: 86880A08
	v_cmp_eq_u32_e64 s[74:75], 64, v25                         // 000000004844: D0CA004A 000232C0
	global_load_dword v25, v0, s[92:93] offset:1492 sc0 sc1    // 00000000484C: DE5185D4 195C0000
	s_waitcnt vmcnt(0)                                         // 000000004854: BF8C0F70
	buffer_inv sc0 sc1                                         // 000000004858: E0A4C000 00000000
	s_and_b64 s[6:7], s[6:7], s[8:9]                           // 000000004860: 86860806
	v_cmp_eq_u32_e64 s[72:73], 64, v26                         // 000000004864: D0CA0048 000234C0
	global_load_dword v26, v0, s[92:93] offset:1496 sc0 sc1    // 00000000486C: DE5185D8 1A5C0000
	s_waitcnt vmcnt(0)                                         // 000000004874: BF8C0F70
	buffer_inv sc0 sc1                                         // 000000004878: E0A4C000 00000000
	s_and_b64 s[6:7], s[2:3], s[6:7]                           // 000000004880: 86860602
	v_cmp_eq_u32_e64 s[2:3], 64, v27                           // 000000004884: D0CA0002 000236C0
	global_load_dword v27, v0, s[92:93] offset:1500 sc0 sc1    // 00000000488C: DE5185DC 1B5C0000
	s_waitcnt vmcnt(0)                                         // 000000004894: BF8C0F70
	buffer_inv sc0 sc1                                         // 000000004898: E0A4C000 00000000
	v_cmp_eq_u32_e64 s[70:71], 64, v28                         // 0000000048A0: D0CA0046 000238C0
	global_load_dword v28, v0, s[92:93] offset:1504 sc0 sc1    // 0000000048A8: DE5185E0 1C5C0000
	s_waitcnt vmcnt(0)                                         // 0000000048B0: BF8C0F70
	buffer_inv sc0 sc1                                         // 0000000048B4: E0A4C000 00000000
	v_cmp_eq_u32_e64 s[68:69], 64, v29                         // 0000000048BC: D0CA0044 00023AC0
	global_load_dword v29, v0, s[92:93] offset:1508 sc0 sc1    // 0000000048C4: DE5185E4 1D5C0000
	s_waitcnt vmcnt(0)                                         // 0000000048CC: BF8C0F70
	buffer_inv sc0 sc1                                         // 0000000048D0: E0A4C000 00000000
	v_cmp_eq_u32_e64 s[66:67], 64, v30                         // 0000000048D8: D0CA0042 00023CC0
	global_load_dword v30, v0, s[92:93] offset:1512 sc0 sc1    // 0000000048E0: DE5185E8 1E5C0000
	s_waitcnt vmcnt(0)                                         // 0000000048E8: BF8C0F70
	buffer_inv sc0 sc1                                         // 0000000048EC: E0A4C000 00000000
	v_cmp_eq_u32_e64 s[64:65], 64, v2                          // 0000000048F4: D0CA0040 000204C0
	global_load_dword v2, v0, s[92:93] offset:1516 sc0 sc1     // 0000000048FC: DE5185EC 025C0000
	s_waitcnt vmcnt(0)                                         // 000000004904: BF8C0F70
	buffer_inv sc0 sc1                                         // 000000004908: E0A4C000 00000000
	s_and_b64 s[4:5], s[4:5], s[6:7]                           // 000000004910: 86840604
	s_and_b64 s[0:1], s[0:1], s[4:5]                           // 000000004914: 86800400
	s_and_b64 s[0:1], vcc, s[0:1]                              // 000000004918: 8680006A
	s_and_b64 s[0:1], s[0:1], s[28:29]                         // 00000000491C: 86801C00
	s_and_b64 s[0:1], s[26:27], s[0:1]                         // 000000004920: 8680001A
	v_cmp_eq_u32_e64 s[62:63], 64, v31                         // 000000004924: D0CA003E 00023EC0
	global_load_dword v31, v0, s[92:93] offset:1520 sc0 sc1    // 00000000492C: DE5185F0 1F5C0000
	s_waitcnt vmcnt(0)                                         // 000000004934: BF8C0F70
	buffer_inv sc0 sc1                                         // 000000004938: E0A4C000 00000000
	s_and_b64 s[0:1], s[24:25], s[0:1]                         // 000000004940: 86800018
	v_cmp_eq_u32_e64 s[60:61], 64, v32                         // 000000004944: D0CA003C 000240C0
	global_load_dword v32, v0, s[92:93] offset:1524 sc0 sc1    // 00000000494C: DE5185F4 205C0000
	s_waitcnt vmcnt(0)                                         // 000000004954: BF8C0F70
	buffer_inv sc0 sc1                                         // 000000004958: E0A4C000 00000000
	s_and_b64 s[0:1], s[0:1], s[58:59]                         // 000000004960: 86803A00
	v_cmp_eq_u32_e64 s[58:59], 64, v34                         // 000000004964: D0CA003A 000244C0
	global_load_dword v34, v0, s[92:93] offset:1528 sc0 sc1    // 00000000496C: DE5185F8 225C0000
	s_waitcnt vmcnt(0)                                         // 000000004974: BF8C0F70
	buffer_inv sc0 sc1                                         // 000000004978: E0A4C000 00000000
	s_and_b64 s[0:1], s[56:57], s[0:1]                         // 000000004980: 86800038
	v_cmp_eq_u32_e64 s[56:57], 64, v35                         // 000000004984: D0CA0038 000246C0
	global_load_dword v35, v0, s[92:93] offset:1532 sc0 sc1    // 00000000498C: DE5185FC 235C0000
	s_waitcnt vmcnt(0)                                         // 000000004994: BF8C0F70
	buffer_inv sc0 sc1                                         // 000000004998: E0A4C000 00000000
	s_and_b64 s[0:1], s[54:55], s[0:1]                         // 0000000049A0: 86800036
	v_cmp_eq_u32_e64 s[54:55], 64, v36                         // 0000000049A4: D0CA0036 000248C0
	global_load_dword v36, v0, s[92:93] offset:1536 sc0 sc1    // 0000000049AC: DE518600 245C0000
	s_waitcnt vmcnt(0)                                         // 0000000049B4: BF8C0F70
	buffer_inv sc0 sc1                                         // 0000000049B8: E0A4C000 00000000
	s_and_b64 s[0:1], s[52:53], s[0:1]                         // 0000000049C0: 86800034
	v_cmp_eq_u32_e64 s[52:53], 64, v37                         // 0000000049C4: D0CA0034 00024AC0
	global_load_dword v37, v0, s[92:93] offset:1540 sc0 sc1    // 0000000049CC: DE518604 255C0000
	s_waitcnt vmcnt(0)                                         // 0000000049D4: BF8C0F70
	buffer_inv sc0 sc1                                         // 0000000049D8: E0A4C000 00000000
	s_and_b64 s[0:1], s[50:51], s[0:1]                         // 0000000049E0: 86800032
	v_cmp_eq_u32_e64 s[50:51], 64, v38                         // 0000000049E4: D0CA0032 00024CC0
	global_load_dword v38, v0, s[92:93] offset:1544 sc0 sc1    // 0000000049EC: DE518608 265C0000
	s_waitcnt vmcnt(0)                                         // 0000000049F4: BF8C0F70
	buffer_inv sc0 sc1                                         // 0000000049F8: E0A4C000 00000000
	s_and_b64 s[0:1], s[48:49], s[0:1]                         // 000000004A00: 86800030
	v_cmp_eq_u32_e64 s[48:49], 64, v39                         // 000000004A04: D0CA0030 00024EC0
	global_load_dword v39, v0, s[92:93] offset:1548 sc0 sc1    // 000000004A0C: DE51860C 275C0000
	s_waitcnt vmcnt(0)                                         // 000000004A14: BF8C0F70
	buffer_inv sc0 sc1                                         // 000000004A18: E0A4C000 00000000
	s_and_b64 s[0:1], s[46:47], s[0:1]                         // 000000004A20: 8680002E
	v_cmp_eq_u32_e64 s[46:47], 64, v40                         // 000000004A24: D0CA002E 000250C0
	global_load_dword v40, v0, s[92:93] offset:1552 sc0 sc1    // 000000004A2C: DE518610 285C0000
	s_waitcnt vmcnt(0)                                         // 000000004A34: BF8C0F70
	buffer_inv sc0 sc1                                         // 000000004A38: E0A4C000 00000000
	s_and_b64 s[0:1], s[44:45], s[0:1]                         // 000000004A40: 8680002C
	v_cmp_eq_u32_e64 s[44:45], 64, v41                         // 000000004A44: D0CA002C 000252C0
	global_load_dword v41, v0, s[92:93] offset:1556 sc0 sc1    // 000000004A4C: DE518614 295C0000
	s_waitcnt vmcnt(0)                                         // 000000004A54: BF8C0F70
	buffer_inv sc0 sc1                                         // 000000004A58: E0A4C000 00000000
	s_and_b64 s[0:1], s[42:43], s[0:1]                         // 000000004A60: 8680002A
	v_cmp_eq_u32_e64 s[42:43], 64, v42                         // 000000004A64: D0CA002A 000254C0
	global_load_dword v42, v0, s[92:93] offset:1560 sc0 sc1    // 000000004A6C: DE518618 2A5C0000
	s_waitcnt vmcnt(0)                                         // 000000004A74: BF8C0F70
	buffer_inv sc0 sc1                                         // 000000004A78: E0A4C000 00000000
	s_and_b64 s[0:1], s[40:41], s[0:1]                         // 000000004A80: 86800028
	v_cmp_eq_u32_e64 s[40:41], 64, v43                         // 000000004A84: D0CA0028 000256C0
	global_load_dword v43, v0, s[92:93] offset:1564 sc0 sc1    // 000000004A8C: DE51861C 2B5C0000
	s_waitcnt vmcnt(0)                                         // 000000004A94: BF8C0F70
	buffer_inv sc0 sc1                                         // 000000004A98: E0A4C000 00000000
	s_and_b64 s[0:1], s[38:39], s[0:1]                         // 000000004AA0: 86800026
	v_cmp_eq_u32_e64 s[38:39], 64, v44                         // 000000004AA4: D0CA0026 000258C0
	global_load_dword v44, v0, s[92:93] offset:1568 sc0 sc1    // 000000004AAC: DE518620 2C5C0000
	s_waitcnt vmcnt(0)                                         // 000000004AB4: BF8C0F70
	buffer_inv sc0 sc1                                         // 000000004AB8: E0A4C000 00000000
	s_and_b64 s[0:1], s[36:37], s[0:1]                         // 000000004AC0: 86800024
	v_cmp_eq_u32_e64 s[36:37], 64, v45                         // 000000004AC4: D0CA0024 00025AC0
	global_load_dword v45, v0, s[92:93] offset:1572 sc0 sc1    // 000000004ACC: DE518624 2D5C0000
	s_waitcnt vmcnt(0)                                         // 000000004AD4: BF8C0F70
	buffer_inv sc0 sc1                                         // 000000004AD8: E0A4C000 00000000
	s_and_b64 s[0:1], s[34:35], s[0:1]                         // 000000004AE0: 86800022
	v_cmp_eq_u32_e64 s[34:35], 64, v46                         // 000000004AE4: D0CA0022 00025CC0
	global_load_dword v46, v0, s[92:93] offset:1576 sc0 sc1    // 000000004AEC: DE518628 2E5C0000
	s_waitcnt vmcnt(0)                                         // 000000004AF4: BF8C0F70
	buffer_inv sc0 sc1                                         // 000000004AF8: E0A4C000 00000000
	s_and_b64 s[0:1], s[30:31], s[0:1]                         // 000000004B00: 8680001E
	v_cmp_eq_u32_e64 s[30:31], 64, v47                         // 000000004B04: D0CA001E 00025EC0
	global_load_dword v47, v0, s[92:93] offset:1580 sc0 sc1    // 000000004B0C: DE51862C 2F5C0000
	s_waitcnt vmcnt(0)                                         // 000000004B14: BF8C0F70
	buffer_inv sc0 sc1                                         // 000000004B18: E0A4C000 00000000
	s_and_b64 s[0:1], s[88:89], s[0:1]                         // 000000004B20: 86800058
	v_cmp_eq_u32_e64 s[28:29], 64, v48                         // 000000004B24: D0CA001C 000260C0
	global_load_dword v48, v0, s[92:93] offset:1584 sc0 sc1    // 000000004B2C: DE518630 305C0000
	s_waitcnt vmcnt(0)                                         // 000000004B34: BF8C0F70
	buffer_inv sc0 sc1                                         // 000000004B38: E0A4C000 00000000
	s_and_b64 s[0:1], s[86:87], s[0:1]                         // 000000004B40: 86800056
	v_cmp_eq_u32_e64 s[26:27], 64, v49                         // 000000004B44: D0CA001A 000262C0
	global_load_dword v49, v0, s[92:93] offset:1588 sc0 sc1    // 000000004B4C: DE518634 315C0000
	s_waitcnt vmcnt(0)                                         // 000000004B54: BF8C0F70
	buffer_inv sc0 sc1                                         // 000000004B58: E0A4C000 00000000
	s_and_b64 s[0:1], s[84:85], s[0:1]                         // 000000004B60: 86800054
	v_cmp_eq_u32_e64 s[24:25], 64, v50                         // 000000004B64: D0CA0018 000264C0
	global_load_dword v50, v0, s[92:93] offset:1592 sc0 sc1    // 000000004B6C: DE518638 325C0000
	s_waitcnt vmcnt(0)                                         // 000000004B74: BF8C0F70
	buffer_inv sc0 sc1                                         // 000000004B78: E0A4C000 00000000
	s_and_b64 s[0:1], s[82:83], s[0:1]                         // 000000004B80: 86800052
	v_cmp_eq_u32_e64 s[22:23], 64, v51                         // 000000004B84: D0CA0016 000266C0
	global_load_dword v51, v0, s[92:93] offset:1596 sc0 sc1    // 000000004B8C: DE51863C 335C0000
	s_waitcnt vmcnt(0)                                         // 000000004B94: BF8C0F70
	buffer_inv sc0 sc1                                         // 000000004B98: E0A4C000 00000000
	s_and_b64 s[0:1], s[80:81], s[0:1]                         // 000000004BA0: 86800050
	v_cmp_eq_u32_e64 s[20:21], 64, v52                         // 000000004BA4: D0CA0014 000268C0
	global_load_dword v52, v0, s[92:93] offset:1600 sc0 sc1    // 000000004BAC: DE518640 345C0000
	s_waitcnt vmcnt(0)                                         // 000000004BB4: BF8C0F70
	buffer_inv sc0 sc1                                         // 000000004BB8: E0A4C000 00000000
	s_and_b64 s[0:1], s[18:19], s[0:1]                         // 000000004BC0: 86800012
	v_cmp_eq_u32_e64 s[18:19], 64, v53                         // 000000004BC4: D0CA0012 00026AC0
	global_load_dword v53, v0, s[92:93] offset:1604 sc0 sc1    // 000000004BCC: DE518644 355C0000
	s_waitcnt vmcnt(0)                                         // 000000004BD4: BF8C0F70
	buffer_inv sc0 sc1                                         // 000000004BD8: E0A4C000 00000000
	s_and_b64 s[0:1], s[16:17], s[0:1]                         // 000000004BE0: 86800010
	v_cmp_eq_u32_e64 s[16:17], 64, v54                         // 000000004BE4: D0CA0010 00026CC0
	global_load_dword v54, v0, s[92:93] offset:1608 sc0 sc1    // 000000004BEC: DE518648 365C0000
	s_waitcnt vmcnt(0)                                         // 000000004BF4: BF8C0F70
	buffer_inv sc0 sc1                                         // 000000004BF8: E0A4C000 00000000
	s_and_b64 s[0:1], s[14:15], s[0:1]                         // 000000004C00: 8680000E
	v_cmp_eq_u32_e64 s[14:15], 64, v55                         // 000000004C04: D0CA000E 00026EC0
	global_load_dword v55, v0, s[92:93] offset:1612 sc0 sc1    // 000000004C0C: DE51864C 375C0000
	s_waitcnt vmcnt(0)                                         // 000000004C14: BF8C0F70
	buffer_inv sc0 sc1                                         // 000000004C18: E0A4C000 00000000
	s_and_b64 s[0:1], s[12:13], s[0:1]                         // 000000004C20: 8680000C
	v_cmp_eq_u32_e64 s[12:13], 64, v56                         // 000000004C24: D0CA000C 000270C0
	global_load_dword v56, v0, s[92:93] offset:1616 sc0 sc1    // 000000004C2C: DE518650 385C0000
	s_waitcnt vmcnt(0)                                         // 000000004C34: BF8C0F70
	buffer_inv sc0 sc1                                         // 000000004C38: E0A4C000 00000000
	s_and_b64 s[0:1], s[78:79], s[0:1]                         // 000000004C40: 8680004E
	v_cmp_eq_u32_e64 s[10:11], 64, v57                         // 000000004C44: D0CA000A 000272C0
	global_load_dword v57, v0, s[92:93] offset:1620 sc0 sc1    // 000000004C4C: DE518654 395C0000
	s_waitcnt vmcnt(0)                                         // 000000004C54: BF8C0F70
	buffer_inv sc0 sc1                                         // 000000004C58: E0A4C000 00000000
	s_and_b64 s[0:1], s[76:77], s[0:1]                         // 000000004C60: 8680004C
	v_cmp_eq_u32_e64 s[8:9], 64, v58                           // 000000004C64: D0CA0008 000274C0
	global_load_dword v58, v0, s[92:93] offset:1624 sc0 sc1    // 000000004C6C: DE518658 3A5C0000
	s_waitcnt vmcnt(0)                                         // 000000004C74: BF8C0F70
	buffer_inv sc0 sc1                                         // 000000004C78: E0A4C000 00000000
	s_and_b64 s[0:1], s[74:75], s[0:1]                         // 000000004C80: 8680004A
	v_cmp_eq_u32_e64 s[6:7], 64, v1                            // 000000004C84: D0CA0006 000202C0
	global_load_dword v1, v0, s[92:93] offset:1628 sc0 sc1     // 000000004C8C: DE51865C 015C0000
	s_waitcnt vmcnt(0)                                         // 000000004C94: BF8C0F70
	buffer_inv sc0 sc1                                         // 000000004C98: E0A4C000 00000000
	s_and_b64 s[0:1], s[72:73], s[0:1]                         // 000000004CA0: 86800048
	v_cmp_eq_u32_e64 s[4:5], 64, v59                           // 000000004CA4: D0CA0004 000276C0
	global_load_dword v59, v0, s[92:93] offset:1632 sc0 sc1    // 000000004CAC: DE518660 3B5C0000
	s_waitcnt vmcnt(0)                                         // 000000004CB4: BF8C0F70
	buffer_inv sc0 sc1                                         // 000000004CB8: E0A4C000 00000000
	s_and_b64 s[0:1], s[2:3], s[0:1]                           // 000000004CC0: 86800002
	v_cmp_eq_u32_e64 s[2:3], 64, v33                           // 000000004CC4: D0CA0002 000242C0
	global_load_dword v33, v0, s[92:93] offset:1636 sc0 sc1    // 000000004CCC: DE518664 215C0000
	s_waitcnt vmcnt(0)                                         // 000000004CD4: BF8C0F70
	buffer_inv sc0 sc1                                         // 000000004CD8: E0A4C000 00000000
	s_and_b64 s[70:71], s[70:71], s[0:1]                       // 000000004CE0: 86C60046
	v_cmp_eq_u32_e64 s[0:1], 64, v23                           // 000000004CE4: D0CA0000 00022EC0
	global_load_dword v23, v0, s[92:93] offset:1640 sc0 sc1    // 000000004CEC: DE518668 175C0000
	s_waitcnt vmcnt(0)                                         // 000000004CF4: BF8C0F70
	buffer_inv sc0 sc1                                         // 000000004CF8: E0A4C000 00000000
	s_and_b64 s[68:69], s[68:69], s[70:71]                     // 000000004D00: 86C44644
	v_cmp_eq_u32_e32 vcc, 64, v22                              // 000000004D04: 7D942CC0
	global_load_dword v22, v0, s[92:93] offset:1644 sc0 sc1    // 000000004D08: DE51866C 165C0000
	s_waitcnt vmcnt(0)                                         // 000000004D10: BF8C0F70
	buffer_inv sc0 sc1                                         // 000000004D14: E0A4C000 00000000
	s_and_b64 s[68:69], s[66:67], s[68:69]                     // 000000004D1C: 86C44442
	v_cmp_eq_u32_e64 s[66:67], 64, v21                         // 000000004D20: D0CA0042 00022AC0
	global_load_dword v21, v0, s[92:93] offset:1648 sc0 sc1    // 000000004D28: DE518670 155C0000
	s_waitcnt vmcnt(0)                                         // 000000004D30: BF8C0F70
	buffer_inv sc0 sc1                                         // 000000004D34: E0A4C000 00000000
	s_and_b64 s[68:69], s[64:65], s[68:69]                     // 000000004D3C: 86C44440
	v_cmp_eq_u32_e64 s[64:65], 64, v20                         // 000000004D40: D0CA0040 000228C0
	global_load_dword v20, v0, s[92:93] offset:1652 sc0 sc1    // 000000004D48: DE518674 145C0000
	s_waitcnt vmcnt(0)                                         // 000000004D50: BF8C0F70
	buffer_inv sc0 sc1                                         // 000000004D54: E0A4C000 00000000
	s_and_b64 s[68:69], s[62:63], s[68:69]                     // 000000004D5C: 86C4443E
	v_cmp_eq_u32_e64 s[62:63], 64, v19                         // 000000004D60: D0CA003E 000226C0
	global_load_dword v19, v0, s[92:93] offset:1656 sc0 sc1    // 000000004D68: DE518678 135C0000
	s_waitcnt vmcnt(0)                                         // 000000004D70: BF8C0F70
	buffer_inv sc0 sc1                                         // 000000004D74: E0A4C000 00000000
	s_and_b64 s[68:69], s[60:61], s[68:69]                     // 000000004D7C: 86C4443C
	v_cmp_eq_u32_e64 s[60:61], 64, v18                         // 000000004D80: D0CA003C 000224C0
	global_load_dword v18, v0, s[92:93] offset:1660 sc0 sc1    // 000000004D88: DE51867C 125C0000
	s_waitcnt vmcnt(0)                                         // 000000004D90: BF8C0F70
	buffer_inv sc0 sc1                                         // 000000004D94: E0A4C000 00000000
	s_and_b64 s[68:69], s[58:59], s[68:69]                     // 000000004D9C: 86C4443A
	v_cmp_eq_u32_e64 s[58:59], 64, v17                         // 000000004DA0: D0CA003A 000222C0
	global_load_dword v17, v0, s[92:93] offset:1664 sc0 sc1    // 000000004DA8: DE518680 115C0000
	s_waitcnt vmcnt(0)                                         // 000000004DB0: BF8C0F70
	buffer_inv sc0 sc1                                         // 000000004DB4: E0A4C000 00000000
	s_and_b64 s[68:69], s[56:57], s[68:69]                     // 000000004DBC: 86C44438
	v_cmp_eq_u32_e64 s[56:57], 64, v15                         // 000000004DC0: D0CA0038 00021EC0
	global_load_dword v15, v0, s[92:93] offset:1668 sc0 sc1    // 000000004DC8: DE518684 0F5C0000
	s_waitcnt vmcnt(0)                                         // 000000004DD0: BF8C0F70
	buffer_inv sc0 sc1                                         // 000000004DD4: E0A4C000 00000000
	s_and_b64 s[68:69], s[54:55], s[68:69]                     // 000000004DDC: 86C44436
	v_cmp_eq_u32_e64 s[54:55], 64, v14                         // 000000004DE0: D0CA0036 00021CC0
	global_load_dword v14, v0, s[92:93] offset:1672 sc0 sc1    // 000000004DE8: DE518688 0E5C0000
	s_waitcnt vmcnt(0)                                         // 000000004DF0: BF8C0F70
	buffer_inv sc0 sc1                                         // 000000004DF4: E0A4C000 00000000
	s_and_b64 s[68:69], s[52:53], s[68:69]                     // 000000004DFC: 86C44434
	v_cmp_eq_u32_e64 s[52:53], 64, v16                         // 000000004E00: D0CA0034 000220C0
	global_load_dword v16, v0, s[92:93] offset:1676 sc0 sc1    // 000000004E08: DE51868C 105C0000
	s_waitcnt vmcnt(0)                                         // 000000004E10: BF8C0F70
	buffer_inv sc0 sc1                                         // 000000004E14: E0A4C000 00000000
	s_and_b64 s[68:69], s[50:51], s[68:69]                     // 000000004E1C: 86C44432
	v_cmp_eq_u32_e64 s[50:51], 64, v13                         // 000000004E20: D0CA0032 00021AC0
	global_load_dword v13, v0, s[92:93] offset:1680 sc0 sc1    // 000000004E28: DE518690 0D5C0000
	s_waitcnt vmcnt(0)                                         // 000000004E30: BF8C0F70
	buffer_inv sc0 sc1                                         // 000000004E34: E0A4C000 00000000
	s_and_b64 s[68:69], s[48:49], s[68:69]                     // 000000004E3C: 86C44430
	v_cmp_eq_u32_e64 s[48:49], 64, v12                         // 000000004E40: D0CA0030 000218C0
	global_load_dword v12, v0, s[92:93] offset:1684 sc0 sc1    // 000000004E48: DE518694 0C5C0000
	s_waitcnt vmcnt(0)                                         // 000000004E50: BF8C0F70
	buffer_inv sc0 sc1                                         // 000000004E54: E0A4C000 00000000
	s_and_b64 s[68:69], s[46:47], s[68:69]                     // 000000004E5C: 86C4442E
	v_cmp_eq_u32_e64 s[46:47], 64, v11                         // 000000004E60: D0CA002E 000216C0
	global_load_dword v11, v0, s[92:93] offset:1688 sc0 sc1    // 000000004E68: DE518698 0B5C0000
	s_waitcnt vmcnt(0)                                         // 000000004E70: BF8C0F70
	buffer_inv sc0 sc1                                         // 000000004E74: E0A4C000 00000000
	s_and_b64 s[68:69], s[44:45], s[68:69]                     // 000000004E7C: 86C4442C
	v_cmp_eq_u32_e64 s[44:45], 64, v10                         // 000000004E80: D0CA002C 000214C0
	global_load_dword v10, v0, s[92:93] offset:1692 sc0 sc1    // 000000004E88: DE51869C 0A5C0000
	s_waitcnt vmcnt(0)                                         // 000000004E90: BF8C0F70
	buffer_inv sc0 sc1                                         // 000000004E94: E0A4C000 00000000
	s_and_b64 s[68:69], s[42:43], s[68:69]                     // 000000004E9C: 86C4442A
	v_cmp_eq_u32_e64 s[42:43], 64, v9                          // 000000004EA0: D0CA002A 000212C0
	global_load_dword v9, v0, s[92:93] offset:1696 sc0 sc1     // 000000004EA8: DE5186A0 095C0000
	s_waitcnt vmcnt(0)                                         // 000000004EB0: BF8C0F70
	buffer_inv sc0 sc1                                         // 000000004EB4: E0A4C000 00000000
	s_and_b64 s[68:69], s[40:41], s[68:69]                     // 000000004EBC: 86C44428
	v_cmp_eq_u32_e64 s[40:41], 64, v8                          // 000000004EC0: D0CA0028 000210C0
	global_load_dword v8, v0, s[92:93] offset:1700 sc0 sc1     // 000000004EC8: DE5186A4 085C0000
	s_waitcnt vmcnt(0)                                         // 000000004ED0: BF8C0F70
	buffer_inv sc0 sc1                                         // 000000004ED4: E0A4C000 00000000
	s_and_b64 s[68:69], s[38:39], s[68:69]                     // 000000004EDC: 86C44426
	v_cmp_eq_u32_e64 s[38:39], 64, v7                          // 000000004EE0: D0CA0026 00020EC0
	global_load_dword v7, v0, s[92:93] offset:1704 sc0 sc1     // 000000004EE8: DE5186A8 075C0000
	s_waitcnt vmcnt(0)                                         // 000000004EF0: BF8C0F70
	buffer_inv sc0 sc1                                         // 000000004EF4: E0A4C000 00000000
	s_and_b64 s[68:69], s[36:37], s[68:69]                     // 000000004EFC: 86C44424
	v_cmp_eq_u32_e64 s[36:37], 64, v6                          // 000000004F00: D0CA0024 00020CC0
	global_load_dword v6, v0, s[92:93] offset:1708 sc0 sc1     // 000000004F08: DE5186AC 065C0000
	s_waitcnt vmcnt(0)                                         // 000000004F10: BF8C0F70
	buffer_inv sc0 sc1                                         // 000000004F14: E0A4C000 00000000
	s_and_b64 s[68:69], s[34:35], s[68:69]                     // 000000004F1C: 86C44422
	v_cmp_eq_u32_e64 s[34:35], 64, v5                          // 000000004F20: D0CA0022 00020AC0
	global_load_dword v5, v0, s[92:93] offset:1712 sc0 sc1     // 000000004F28: DE5186B0 055C0000
	s_waitcnt vmcnt(0)                                         // 000000004F30: BF8C0F70
	buffer_inv sc0 sc1                                         // 000000004F34: E0A4C000 00000000
	s_and_b64 s[68:69], s[30:31], s[68:69]                     // 000000004F3C: 86C4441E
	v_cmp_eq_u32_e64 s[30:31], 64, v4                          // 000000004F40: D0CA001E 000208C0
	global_load_dword v4, v0, s[92:93] offset:1716 sc0 sc1     // 000000004F48: DE5186B4 045C0000
	s_waitcnt vmcnt(0)                                         // 000000004F50: BF8C0F70
	buffer_inv sc0 sc1                                         // 000000004F54: E0A4C000 00000000
	s_and_b64 s[68:69], s[28:29], s[68:69]                     // 000000004F5C: 86C4441C
	v_cmp_eq_u32_e64 s[28:29], 64, v3                          // 000000004F60: D0CA001C 000206C0
	global_load_dword v3, v0, s[92:93] offset:1720 sc0 sc1     // 000000004F68: DE5186B8 035C0000
	s_waitcnt vmcnt(0)                                         // 000000004F70: BF8C0F70
	buffer_inv sc0 sc1                                         // 000000004F74: E0A4C000 00000000
	s_and_b64 s[68:69], s[26:27], s[68:69]                     // 000000004F7C: 86C4441A
	v_cmp_eq_u32_e64 s[26:27], 64, v24                         // 000000004F80: D0CA001A 000230C0
	global_load_dword v24, v0, s[92:93] offset:1724 sc0 sc1    // 000000004F88: DE5186BC 185C0000
	s_waitcnt vmcnt(0)                                         // 000000004F90: BF8C0F70
	buffer_inv sc0 sc1                                         // 000000004F94: E0A4C000 00000000
	s_and_b64 s[68:69], s[24:25], s[68:69]                     // 000000004F9C: 86C44418
	v_cmp_eq_u32_e64 s[24:25], 64, v25                         // 000000004FA0: D0CA0018 000232C0
	global_load_dword v25, v0, s[92:93] offset:1728 sc0 sc1    // 000000004FA8: DE5186C0 195C0000
	s_waitcnt vmcnt(0)                                         // 000000004FB0: BF8C0F70
	buffer_inv sc0 sc1                                         // 000000004FB4: E0A4C000 00000000
	s_and_b64 s[68:69], s[22:23], s[68:69]                     // 000000004FBC: 86C44416
	v_cmp_eq_u32_e64 s[22:23], 64, v26                         // 000000004FC0: D0CA0016 000234C0
	global_load_dword v26, v0, s[92:93] offset:1732 sc0 sc1    // 000000004FC8: DE5186C4 1A5C0000
	s_waitcnt vmcnt(0)                                         // 000000004FD0: BF8C0F70
	buffer_inv sc0 sc1                                         // 000000004FD4: E0A4C000 00000000
	s_and_b64 s[68:69], s[20:21], s[68:69]                     // 000000004FDC: 86C44414
	v_cmp_eq_u32_e64 s[20:21], 64, v27                         // 000000004FE0: D0CA0014 000236C0
	global_load_dword v27, v0, s[92:93] offset:1736 sc0 sc1    // 000000004FE8: DE5186C8 1B5C0000
	s_waitcnt vmcnt(0)                                         // 000000004FF0: BF8C0F70
	buffer_inv sc0 sc1                                         // 000000004FF4: E0A4C000 00000000
	s_and_b64 s[68:69], s[18:19], s[68:69]                     // 000000004FFC: 86C44412
	v_cmp_eq_u32_e64 s[18:19], 64, v28                         // 000000005000: D0CA0012 000238C0
	global_load_dword v28, v0, s[92:93] offset:1740 sc0 sc1    // 000000005008: DE5186CC 1C5C0000
	s_waitcnt vmcnt(0)                                         // 000000005010: BF8C0F70
	buffer_inv sc0 sc1                                         // 000000005014: E0A4C000 00000000
	s_and_b64 s[68:69], s[16:17], s[68:69]                     // 00000000501C: 86C44410
	v_cmp_eq_u32_e64 s[16:17], 64, v29                         // 000000005020: D0CA0010 00023AC0
	global_load_dword v29, v0, s[92:93] offset:1744 sc0 sc1    // 000000005028: DE5186D0 1D5C0000
	s_waitcnt vmcnt(0)                                         // 000000005030: BF8C0F70
	buffer_inv sc0 sc1                                         // 000000005034: E0A4C000 00000000
	s_and_b64 s[68:69], s[14:15], s[68:69]                     // 00000000503C: 86C4440E
	v_cmp_eq_u32_e64 s[14:15], 64, v30                         // 000000005040: D0CA000E 00023CC0
	global_load_dword v30, v0, s[92:93] offset:1748 sc0 sc1    // 000000005048: DE5186D4 1E5C0000
	s_waitcnt vmcnt(0)                                         // 000000005050: BF8C0F70
	buffer_inv sc0 sc1                                         // 000000005054: E0A4C000 00000000
	s_and_b64 s[68:69], s[12:13], s[68:69]                     // 00000000505C: 86C4440C
	v_cmp_eq_u32_e64 s[12:13], 64, v2                          // 000000005060: D0CA000C 000204C0
	global_load_dword v2, v0, s[92:93] offset:1752 sc0 sc1     // 000000005068: DE5186D8 025C0000
	s_waitcnt vmcnt(0)                                         // 000000005070: BF8C0F70
	buffer_inv sc0 sc1                                         // 000000005074: E0A4C000 00000000
	s_and_b64 s[68:69], s[10:11], s[68:69]                     // 00000000507C: 86C4440A
	s_and_b64 s[68:69], s[8:9], s[68:69]                       // 000000005080: 86C44408
	s_and_b64 s[68:69], s[6:7], s[68:69]                       // 000000005084: 86C44406
	s_and_b64 s[68:69], s[4:5], s[68:69]                       // 000000005088: 86C44404
	s_and_b64 s[68:69], s[2:3], s[68:69]                       // 00000000508C: 86C44402
	s_and_b64 s[68:69], s[0:1], s[68:69]                       // 000000005090: 86C44400
	s_and_b64 s[68:69], vcc, s[68:69]                          // 000000005094: 86C4446A
	s_and_b64 s[68:69], s[66:67], s[68:69]                     // 000000005098: 86C44442
	s_and_b64 s[68:69], s[64:65], s[68:69]                     // 00000000509C: 86C44440
	s_and_b64 s[68:69], s[62:63], s[68:69]                     // 0000000050A0: 86C4443E
	s_and_b64 s[68:69], s[60:61], s[68:69]                     // 0000000050A4: 86C4443C
	s_and_b64 s[68:69], s[58:59], s[68:69]                     // 0000000050A8: 86C4443A
	v_cmp_eq_u32_e64 s[10:11], 64, v31                         // 0000000050AC: D0CA000A 00023EC0
	global_load_dword v31, v0, s[92:93] offset:1756 sc0 sc1    // 0000000050B4: DE5186DC 1F5C0000
	s_waitcnt vmcnt(0)                                         // 0000000050BC: BF8C0F70
	buffer_inv sc0 sc1                                         // 0000000050C0: E0A4C000 00000000
	s_and_b64 s[68:69], s[56:57], s[68:69]                     // 0000000050C8: 86C44438
	v_cmp_eq_u32_e64 s[8:9], 64, v32                           // 0000000050CC: D0CA0008 000240C0
	global_load_dword v32, v0, s[92:93] offset:1760 sc0 sc1    // 0000000050D4: DE5186E0 205C0000
	s_waitcnt vmcnt(0)                                         // 0000000050DC: BF8C0F70
	buffer_inv sc0 sc1                                         // 0000000050E0: E0A4C000 00000000
	s_and_b64 s[68:69], s[54:55], s[68:69]                     // 0000000050E8: 86C44436
	v_cmp_eq_u32_e64 s[6:7], 64, v34                           // 0000000050EC: D0CA0006 000244C0
	global_load_dword v34, v0, s[92:93] offset:1764 sc0 sc1    // 0000000050F4: DE5186E4 225C0000
	s_waitcnt vmcnt(0)                                         // 0000000050FC: BF8C0F70
	buffer_inv sc0 sc1                                         // 000000005100: E0A4C000 00000000
	s_and_b64 s[68:69], s[52:53], s[68:69]                     // 000000005108: 86C44434
	v_cmp_eq_u32_e64 s[4:5], 64, v35                           // 00000000510C: D0CA0004 000246C0
	global_load_dword v35, v0, s[92:93] offset:1768 sc0 sc1    // 000000005114: DE5186E8 235C0000
	s_waitcnt vmcnt(0)                                         // 00000000511C: BF8C0F70
	buffer_inv sc0 sc1                                         // 000000005120: E0A4C000 00000000
	s_and_b64 s[68:69], s[50:51], s[68:69]                     // 000000005128: 86C44432
	v_cmp_eq_u32_e64 s[2:3], 64, v36                           // 00000000512C: D0CA0002 000248C0
	global_load_dword v36, v0, s[92:93] offset:1772 sc0 sc1    // 000000005134: DE5186EC 245C0000
	s_waitcnt vmcnt(0)                                         // 00000000513C: BF8C0F70
	buffer_inv sc0 sc1                                         // 000000005140: E0A4C000 00000000
	s_and_b64 s[68:69], s[48:49], s[68:69]                     // 000000005148: 86C44430
	v_cmp_eq_u32_e64 s[0:1], 64, v37                           // 00000000514C: D0CA0000 00024AC0
	global_load_dword v37, v0, s[92:93] offset:1776 sc0 sc1    // 000000005154: DE5186F0 255C0000
	s_waitcnt vmcnt(0)                                         // 00000000515C: BF8C0F70
	buffer_inv sc0 sc1                                         // 000000005160: E0A4C000 00000000
	s_and_b64 s[68:69], s[46:47], s[68:69]                     // 000000005168: 86C4442E
	v_cmp_eq_u32_e32 vcc, 64, v38                              // 00000000516C: 7D944CC0
	global_load_dword v38, v0, s[92:93] offset:1780 sc0 sc1    // 000000005170: DE5186F4 265C0000
	s_waitcnt vmcnt(0)                                         // 000000005178: BF8C0F70
	buffer_inv sc0 sc1                                         // 00000000517C: E0A4C000 00000000
	s_and_b64 s[68:69], s[44:45], s[68:69]                     // 000000005184: 86C4442C
	v_cmp_eq_u32_e64 s[66:67], 64, v39                         // 000000005188: D0CA0042 00024EC0
	global_load_dword v39, v0, s[92:93] offset:1784 sc0 sc1    // 000000005190: DE5186F8 275C0000
	s_waitcnt vmcnt(0)                                         // 000000005198: BF8C0F70
	buffer_inv sc0 sc1                                         // 00000000519C: E0A4C000 00000000
	s_and_b64 s[68:69], s[42:43], s[68:69]                     // 0000000051A4: 86C4442A
	v_cmp_eq_u32_e64 s[64:65], 64, v40                         // 0000000051A8: D0CA0040 000250C0
	global_load_dword v40, v0, s[92:93] offset:1788 sc0 sc1    // 0000000051B0: DE5186FC 285C0000
	s_waitcnt vmcnt(0)                                         // 0000000051B8: BF8C0F70
	buffer_inv sc0 sc1                                         // 0000000051BC: E0A4C000 00000000
	s_and_b64 s[68:69], s[40:41], s[68:69]                     // 0000000051C4: 86C44428
	v_cmp_eq_u32_e64 s[62:63], 64, v41                         // 0000000051C8: D0CA003E 000252C0
	global_load_dword v41, v0, s[92:93] offset:1792 sc0 sc1    // 0000000051D0: DE518700 295C0000
	s_waitcnt vmcnt(0)                                         // 0000000051D8: BF8C0F70
	buffer_inv sc0 sc1                                         // 0000000051DC: E0A4C000 00000000
	s_and_b64 s[68:69], s[38:39], s[68:69]                     // 0000000051E4: 86C44426
	v_cmp_eq_u32_e64 s[60:61], 64, v42                         // 0000000051E8: D0CA003C 000254C0
	global_load_dword v42, v0, s[92:93] offset:1796 sc0 sc1    // 0000000051F0: DE518704 2A5C0000
	s_waitcnt vmcnt(0)                                         // 0000000051F8: BF8C0F70
	buffer_inv sc0 sc1                                         // 0000000051FC: E0A4C000 00000000
	s_and_b64 s[68:69], s[36:37], s[68:69]                     // 000000005204: 86C44424
	v_cmp_eq_u32_e64 s[58:59], 64, v43                         // 000000005208: D0CA003A 000256C0
	global_load_dword v43, v0, s[92:93] offset:1800 sc0 sc1    // 000000005210: DE518708 2B5C0000
	s_waitcnt vmcnt(0)                                         // 000000005218: BF8C0F70
	buffer_inv sc0 sc1                                         // 00000000521C: E0A4C000 00000000
	s_and_b64 s[68:69], s[34:35], s[68:69]                     // 000000005224: 86C44422
	v_cmp_eq_u32_e64 s[56:57], 64, v44                         // 000000005228: D0CA0038 000258C0
	global_load_dword v44, v0, s[92:93] offset:1804 sc0 sc1    // 000000005230: DE51870C 2C5C0000
	s_waitcnt vmcnt(0)                                         // 000000005238: BF8C0F70
	buffer_inv sc0 sc1                                         // 00000000523C: E0A4C000 00000000
	s_and_b64 s[68:69], s[30:31], s[68:69]                     // 000000005244: 86C4441E
	v_cmp_eq_u32_e64 s[54:55], 64, v45                         // 000000005248: D0CA0036 00025AC0
	global_load_dword v45, v0, s[92:93] offset:1808 sc0 sc1    // 000000005250: DE518710 2D5C0000
	s_waitcnt vmcnt(0)                                         // 000000005258: BF8C0F70
	buffer_inv sc0 sc1                                         // 00000000525C: E0A4C000 00000000
	s_and_b64 s[68:69], s[28:29], s[68:69]                     // 000000005264: 86C4441C
	v_cmp_eq_u32_e64 s[52:53], 64, v46                         // 000000005268: D0CA0034 00025CC0
	global_load_dword v46, v0, s[92:93] offset:1812 sc0 sc1    // 000000005270: DE518714 2E5C0000
	s_waitcnt vmcnt(0)                                         // 000000005278: BF8C0F70
	buffer_inv sc0 sc1                                         // 00000000527C: E0A4C000 00000000
	s_and_b64 s[68:69], s[26:27], s[68:69]                     // 000000005284: 86C4441A
	v_cmp_eq_u32_e64 s[50:51], 64, v47                         // 000000005288: D0CA0032 00025EC0
	global_load_dword v47, v0, s[92:93] offset:1816 sc0 sc1    // 000000005290: DE518718 2F5C0000
	s_waitcnt vmcnt(0)                                         // 000000005298: BF8C0F70
	buffer_inv sc0 sc1                                         // 00000000529C: E0A4C000 00000000
	s_and_b64 s[68:69], s[24:25], s[68:69]                     // 0000000052A4: 86C44418
	v_cmp_eq_u32_e64 s[48:49], 64, v48                         // 0000000052A8: D0CA0030 000260C0
	global_load_dword v48, v0, s[92:93] offset:1820 sc0 sc1    // 0000000052B0: DE51871C 305C0000
	s_waitcnt vmcnt(0)                                         // 0000000052B8: BF8C0F70
	buffer_inv sc0 sc1                                         // 0000000052BC: E0A4C000 00000000
	s_and_b64 s[68:69], s[22:23], s[68:69]                     // 0000000052C4: 86C44416
	v_cmp_eq_u32_e64 s[46:47], 64, v49                         // 0000000052C8: D0CA002E 000262C0
	global_load_dword v49, v0, s[92:93] offset:1824 sc0 sc1    // 0000000052D0: DE518720 315C0000
	s_waitcnt vmcnt(0)                                         // 0000000052D8: BF8C0F70
	buffer_inv sc0 sc1                                         // 0000000052DC: E0A4C000 00000000
	s_and_b64 s[68:69], s[20:21], s[68:69]                     // 0000000052E4: 86C44414
	v_cmp_eq_u32_e64 s[44:45], 64, v50                         // 0000000052E8: D0CA002C 000264C0
	global_load_dword v50, v0, s[92:93] offset:1828 sc0 sc1    // 0000000052F0: DE518724 325C0000
	s_waitcnt vmcnt(0)                                         // 0000000052F8: BF8C0F70
	buffer_inv sc0 sc1                                         // 0000000052FC: E0A4C000 00000000
	s_and_b64 s[68:69], s[18:19], s[68:69]                     // 000000005304: 86C44412
	v_cmp_eq_u32_e64 s[42:43], 64, v51                         // 000000005308: D0CA002A 000266C0
	global_load_dword v51, v0, s[92:93] offset:1832 sc0 sc1    // 000000005310: DE518728 335C0000
	s_waitcnt vmcnt(0)                                         // 000000005318: BF8C0F70
	buffer_inv sc0 sc1                                         // 00000000531C: E0A4C000 00000000
	s_and_b64 s[68:69], s[16:17], s[68:69]                     // 000000005324: 86C44410
	v_cmp_eq_u32_e64 s[40:41], 64, v52                         // 000000005328: D0CA0028 000268C0
	global_load_dword v52, v0, s[92:93] offset:1836 sc0 sc1    // 000000005330: DE51872C 345C0000
	s_waitcnt vmcnt(0)                                         // 000000005338: BF8C0F70
	buffer_inv sc0 sc1                                         // 00000000533C: E0A4C000 00000000
	s_and_b64 s[68:69], s[14:15], s[68:69]                     // 000000005344: 86C4440E
	v_cmp_eq_u32_e64 s[38:39], 64, v53                         // 000000005348: D0CA0026 00026AC0
	global_load_dword v53, v0, s[92:93] offset:1840 sc0 sc1    // 000000005350: DE518730 355C0000
	s_waitcnt vmcnt(0)                                         // 000000005358: BF8C0F70
	buffer_inv sc0 sc1                                         // 00000000535C: E0A4C000 00000000
	s_and_b64 s[68:69], s[12:13], s[68:69]                     // 000000005364: 86C4440C
	v_cmp_eq_u32_e64 s[36:37], 64, v54                         // 000000005368: D0CA0024 00026CC0
	global_load_dword v54, v0, s[92:93] offset:1844 sc0 sc1    // 000000005370: DE518734 365C0000
	s_waitcnt vmcnt(0)                                         // 000000005378: BF8C0F70
	buffer_inv sc0 sc1                                         // 00000000537C: E0A4C000 00000000
	s_and_b64 s[68:69], s[10:11], s[68:69]                     // 000000005384: 86C4440A
	v_cmp_eq_u32_e64 s[34:35], 64, v55                         // 000000005388: D0CA0022 00026EC0
	global_load_dword v55, v0, s[92:93] offset:1848 sc0 sc1    // 000000005390: DE518738 375C0000
	s_waitcnt vmcnt(0)                                         // 000000005398: BF8C0F70
	buffer_inv sc0 sc1                                         // 00000000539C: E0A4C000 00000000
	s_and_b64 s[68:69], s[8:9], s[68:69]                       // 0000000053A4: 86C44408
	v_cmp_eq_u32_e64 s[30:31], 64, v56                         // 0000000053A8: D0CA001E 000270C0
	global_load_dword v56, v0, s[92:93] offset:1852 sc0 sc1    // 0000000053B0: DE51873C 385C0000
	s_waitcnt vmcnt(0)                                         // 0000000053B8: BF8C0F70
	buffer_inv sc0 sc1                                         // 0000000053BC: E0A4C000 00000000
	s_and_b64 s[68:69], s[6:7], s[68:69]                       // 0000000053C4: 86C44406
	v_cmp_eq_u32_e64 s[28:29], 64, v57                         // 0000000053C8: D0CA001C 000272C0
	global_load_dword v57, v0, s[92:93] offset:1856 sc0 sc1    // 0000000053D0: DE518740 395C0000
	s_waitcnt vmcnt(0)                                         // 0000000053D8: BF8C0F70
	buffer_inv sc0 sc1                                         // 0000000053DC: E0A4C000 00000000
	s_and_b64 s[68:69], s[4:5], s[68:69]                       // 0000000053E4: 86C44404
	v_cmp_eq_u32_e64 s[26:27], 64, v58                         // 0000000053E8: D0CA001A 000274C0
	global_load_dword v58, v0, s[92:93] offset:1860 sc0 sc1    // 0000000053F0: DE518744 3A5C0000
	s_waitcnt vmcnt(0)                                         // 0000000053F8: BF8C0F70
	buffer_inv sc0 sc1                                         // 0000000053FC: E0A4C000 00000000
	s_and_b64 s[68:69], s[2:3], s[68:69]                       // 000000005404: 86C44402
	v_cmp_eq_u32_e64 s[24:25], 64, v1                          // 000000005408: D0CA0018 000202C0
	global_load_dword v1, v0, s[92:93] offset:1864 sc0 sc1     // 000000005410: DE518748 015C0000
	s_waitcnt vmcnt(0)                                         // 000000005418: BF8C0F70
	buffer_inv sc0 sc1                                         // 00000000541C: E0A4C000 00000000
	s_and_b64 s[68:69], s[0:1], s[68:69]                       // 000000005424: 86C44400
	v_cmp_eq_u32_e64 s[22:23], 64, v59                         // 000000005428: D0CA0016 000276C0
	global_load_dword v59, v0, s[92:93] offset:1868 sc0 sc1    // 000000005430: DE51874C 3B5C0000
	s_waitcnt vmcnt(0)                                         // 000000005438: BF8C0F70
	buffer_inv sc0 sc1                                         // 00000000543C: E0A4C000 00000000
	s_and_b64 s[68:69], vcc, s[68:69]                          // 000000005444: 86C4446A
	v_cmp_eq_u32_e64 s[20:21], 64, v33                         // 000000005448: D0CA0014 000242C0
	global_load_dword v33, v0, s[92:93] offset:1872 sc0 sc1    // 000000005450: DE518750 215C0000
	s_waitcnt vmcnt(0)                                         // 000000005458: BF8C0F70
	buffer_inv sc0 sc1                                         // 00000000545C: E0A4C000 00000000
	s_and_b64 s[68:69], s[66:67], s[68:69]                     // 000000005464: 86C44442
	v_cmp_eq_u32_e64 s[18:19], 64, v23                         // 000000005468: D0CA0012 00022EC0
	global_load_dword v23, v0, s[92:93] offset:1876 sc0 sc1    // 000000005470: DE518754 175C0000
	s_waitcnt vmcnt(0)                                         // 000000005478: BF8C0F70
	buffer_inv sc0 sc1                                         // 00000000547C: E0A4C000 00000000
	s_and_b64 s[68:69], s[64:65], s[68:69]                     // 000000005484: 86C44440
	v_cmp_eq_u32_e64 s[16:17], 64, v22                         // 000000005488: D0CA0010 00022CC0
	global_load_dword v22, v0, s[92:93] offset:1880 sc0 sc1    // 000000005490: DE518758 165C0000
	s_waitcnt vmcnt(0)                                         // 000000005498: BF8C0F70
	buffer_inv sc0 sc1                                         // 00000000549C: E0A4C000 00000000
	s_and_b64 s[68:69], s[62:63], s[68:69]                     // 0000000054A4: 86C4443E
	v_cmp_eq_u32_e64 s[14:15], 64, v21                         // 0000000054A8: D0CA000E 00022AC0
	global_load_dword v21, v0, s[92:93] offset:1884 sc0 sc1    // 0000000054B0: DE51875C 155C0000
	s_waitcnt vmcnt(0)                                         // 0000000054B8: BF8C0F70
	buffer_inv sc0 sc1                                         // 0000000054BC: E0A4C000 00000000
	s_and_b64 s[68:69], s[60:61], s[68:69]                     // 0000000054C4: 86C4443C
	v_cmp_eq_u32_e64 s[12:13], 64, v20                         // 0000000054C8: D0CA000C 000228C0
	global_load_dword v20, v0, s[92:93] offset:1888 sc0 sc1    // 0000000054D0: DE518760 145C0000
	s_waitcnt vmcnt(0)                                         // 0000000054D8: BF8C0F70
	buffer_inv sc0 sc1                                         // 0000000054DC: E0A4C000 00000000
	s_and_b64 s[68:69], s[58:59], s[68:69]                     // 0000000054E4: 86C4443A
	v_cmp_eq_u32_e64 s[10:11], 64, v19                         // 0000000054E8: D0CA000A 000226C0
	global_load_dword v19, v0, s[92:93] offset:1892 sc0 sc1    // 0000000054F0: DE518764 135C0000
	s_waitcnt vmcnt(0)                                         // 0000000054F8: BF8C0F70
	buffer_inv sc0 sc1                                         // 0000000054FC: E0A4C000 00000000
	s_and_b64 s[68:69], s[56:57], s[68:69]                     // 000000005504: 86C44438
	v_cmp_eq_u32_e64 s[8:9], 64, v18                           // 000000005508: D0CA0008 000224C0
	global_load_dword v18, v0, s[92:93] offset:1896 sc0 sc1    // 000000005510: DE518768 125C0000
	s_waitcnt vmcnt(0)                                         // 000000005518: BF8C0F70
	buffer_inv sc0 sc1                                         // 00000000551C: E0A4C000 00000000
	s_and_b64 s[68:69], s[54:55], s[68:69]                     // 000000005524: 86C44436
	v_cmp_eq_u32_e64 s[6:7], 64, v17                           // 000000005528: D0CA0006 000222C0
	global_load_dword v17, v0, s[92:93] offset:1900 sc0 sc1    // 000000005530: DE51876C 115C0000
	s_waitcnt vmcnt(0)                                         // 000000005538: BF8C0F70
	buffer_inv sc0 sc1                                         // 00000000553C: E0A4C000 00000000
	s_and_b64 s[68:69], s[52:53], s[68:69]                     // 000000005544: 86C44434
	v_cmp_eq_u32_e64 s[4:5], 64, v15                           // 000000005548: D0CA0004 00021EC0
	global_load_dword v15, v0, s[92:93] offset:1904 sc0 sc1    // 000000005550: DE518770 0F5C0000
	s_waitcnt vmcnt(0)                                         // 000000005558: BF8C0F70
	buffer_inv sc0 sc1                                         // 00000000555C: E0A4C000 00000000
	s_and_b64 s[68:69], s[50:51], s[68:69]                     // 000000005564: 86C44432
	v_cmp_eq_u32_e64 s[2:3], 64, v14                           // 000000005568: D0CA0002 00021CC0
	global_load_dword v14, v0, s[92:93] offset:1908 sc0 sc1    // 000000005570: DE518774 0E5C0000
	s_waitcnt vmcnt(0)                                         // 000000005578: BF8C0F70
	buffer_inv sc0 sc1                                         // 00000000557C: E0A4C000 00000000
	s_and_b64 s[68:69], s[48:49], s[68:69]                     // 000000005584: 86C44430
	v_cmp_eq_u32_e64 s[0:1], 64, v16                           // 000000005588: D0CA0000 000220C0
	global_load_dword v16, v0, s[92:93] offset:1912 sc0 sc1    // 000000005590: DE518778 105C0000
	s_waitcnt vmcnt(0)                                         // 000000005598: BF8C0F70
	buffer_inv sc0 sc1                                         // 00000000559C: E0A4C000 00000000
	s_and_b64 s[68:69], s[46:47], s[68:69]                     // 0000000055A4: 86C4442E
	v_cmp_eq_u32_e32 vcc, 64, v13                              // 0000000055A8: 7D941AC0
	global_load_dword v13, v0, s[92:93] offset:1916 sc0 sc1    // 0000000055AC: DE51877C 0D5C0000
	s_waitcnt vmcnt(0)                                         // 0000000055B4: BF8C0F70
	buffer_inv sc0 sc1                                         // 0000000055B8: E0A4C000 00000000
	s_and_b64 s[68:69], s[44:45], s[68:69]                     // 0000000055C0: 86C4442C
	v_cmp_eq_u32_e64 s[66:67], 64, v12                         // 0000000055C4: D0CA0042 000218C0
	global_load_dword v12, v0, s[92:93] offset:1920 sc0 sc1    // 0000000055CC: DE518780 0C5C0000
	s_waitcnt vmcnt(0)                                         // 0000000055D4: BF8C0F70
	buffer_inv sc0 sc1                                         // 0000000055D8: E0A4C000 00000000
	s_and_b64 s[68:69], s[42:43], s[68:69]                     // 0000000055E0: 86C4442A
	v_cmp_eq_u32_e64 s[64:65], 64, v11                         // 0000000055E4: D0CA0040 000216C0
	global_load_dword v11, v0, s[92:93] offset:1924 sc0 sc1    // 0000000055EC: DE518784 0B5C0000
	s_waitcnt vmcnt(0)                                         // 0000000055F4: BF8C0F70
	buffer_inv sc0 sc1                                         // 0000000055F8: E0A4C000 00000000
	s_and_b64 s[68:69], s[40:41], s[68:69]                     // 000000005600: 86C44428
	v_cmp_eq_u32_e64 s[62:63], 64, v10                         // 000000005604: D0CA003E 000214C0
	global_load_dword v10, v0, s[92:93] offset:1928 sc0 sc1    // 00000000560C: DE518788 0A5C0000
	s_waitcnt vmcnt(0)                                         // 000000005614: BF8C0F70
	buffer_inv sc0 sc1                                         // 000000005618: E0A4C000 00000000
	s_and_b64 s[68:69], s[38:39], s[68:69]                     // 000000005620: 86C44426
	v_cmp_eq_u32_e64 s[60:61], 64, v9                          // 000000005624: D0CA003C 000212C0
	global_load_dword v9, v0, s[92:93] offset:1932 sc0 sc1     // 00000000562C: DE51878C 095C0000
	s_waitcnt vmcnt(0)                                         // 000000005634: BF8C0F70
	buffer_inv sc0 sc1                                         // 000000005638: E0A4C000 00000000
	s_and_b64 s[68:69], s[36:37], s[68:69]                     // 000000005640: 86C44424
	v_cmp_eq_u32_e64 s[58:59], 64, v8                          // 000000005644: D0CA003A 000210C0
	global_load_dword v8, v0, s[92:93] offset:1936 sc0 sc1     // 00000000564C: DE518790 085C0000
	s_waitcnt vmcnt(0)                                         // 000000005654: BF8C0F70
	buffer_inv sc0 sc1                                         // 000000005658: E0A4C000 00000000
	s_and_b64 s[68:69], s[34:35], s[68:69]                     // 000000005660: 86C44422
	v_cmp_eq_u32_e64 s[56:57], 64, v7                          // 000000005664: D0CA0038 00020EC0
	global_load_dword v7, v0, s[92:93] offset:1940 sc0 sc1     // 00000000566C: DE518794 075C0000
	s_waitcnt vmcnt(0)                                         // 000000005674: BF8C0F70
	buffer_inv sc0 sc1                                         // 000000005678: E0A4C000 00000000
	s_and_b64 s[68:69], s[30:31], s[68:69]                     // 000000005680: 86C4441E
	v_cmp_eq_u32_e64 s[54:55], 64, v6                          // 000000005684: D0CA0036 00020CC0
	global_load_dword v6, v0, s[92:93] offset:1944 sc0 sc1     // 00000000568C: DE518798 065C0000
	s_waitcnt vmcnt(0)                                         // 000000005694: BF8C0F70
	buffer_inv sc0 sc1                                         // 000000005698: E0A4C000 00000000
	s_and_b64 s[68:69], s[28:29], s[68:69]                     // 0000000056A0: 86C4441C
	v_cmp_eq_u32_e64 s[52:53], 64, v5                          // 0000000056A4: D0CA0034 00020AC0
	global_load_dword v5, v0, s[92:93] offset:1948 sc0 sc1     // 0000000056AC: DE51879C 055C0000
	s_waitcnt vmcnt(0)                                         // 0000000056B4: BF8C0F70
	buffer_inv sc0 sc1                                         // 0000000056B8: E0A4C000 00000000
	s_and_b64 s[68:69], s[26:27], s[68:69]                     // 0000000056C0: 86C4441A
	v_cmp_eq_u32_e64 s[50:51], 64, v4                          // 0000000056C4: D0CA0032 000208C0
	global_load_dword v4, v0, s[92:93] offset:1952 sc0 sc1     // 0000000056CC: DE5187A0 045C0000
	s_waitcnt vmcnt(0)                                         // 0000000056D4: BF8C0F70
	buffer_inv sc0 sc1                                         // 0000000056D8: E0A4C000 00000000
	s_and_b64 s[68:69], s[24:25], s[68:69]                     // 0000000056E0: 86C44418
	v_cmp_eq_u32_e64 s[48:49], 64, v3                          // 0000000056E4: D0CA0030 000206C0
	global_load_dword v3, v0, s[92:93] offset:1956 sc0 sc1     // 0000000056EC: DE5187A4 035C0000
	s_waitcnt vmcnt(0)                                         // 0000000056F4: BF8C0F70
	buffer_inv sc0 sc1                                         // 0000000056F8: E0A4C000 00000000
	s_and_b64 s[68:69], s[22:23], s[68:69]                     // 000000005700: 86C44416
	v_cmp_eq_u32_e64 s[46:47], 64, v24                         // 000000005704: D0CA002E 000230C0
	global_load_dword v24, v0, s[92:93] offset:1960 sc0 sc1    // 00000000570C: DE5187A8 185C0000
	s_waitcnt vmcnt(0)                                         // 000000005714: BF8C0F70
	buffer_inv sc0 sc1                                         // 000000005718: E0A4C000 00000000
	s_and_b64 s[68:69], s[20:21], s[68:69]                     // 000000005720: 86C44414
	v_cmp_eq_u32_e64 s[44:45], 64, v25                         // 000000005724: D0CA002C 000232C0
	global_load_dword v25, v0, s[92:93] offset:1964 sc0 sc1    // 00000000572C: DE5187AC 195C0000
	s_waitcnt vmcnt(0)                                         // 000000005734: BF8C0F70
	buffer_inv sc0 sc1                                         // 000000005738: E0A4C000 00000000
	s_and_b64 s[68:69], s[18:19], s[68:69]                     // 000000005740: 86C44412
	v_cmp_eq_u32_e64 s[42:43], 64, v26                         // 000000005744: D0CA002A 000234C0
	global_load_dword v26, v0, s[92:93] offset:1968 sc0 sc1    // 00000000574C: DE5187B0 1A5C0000
	s_waitcnt vmcnt(0)                                         // 000000005754: BF8C0F70
	buffer_inv sc0 sc1                                         // 000000005758: E0A4C000 00000000
	s_and_b64 s[68:69], s[16:17], s[68:69]                     // 000000005760: 86C44410
	v_cmp_eq_u32_e64 s[40:41], 64, v27                         // 000000005764: D0CA0028 000236C0
	global_load_dword v27, v0, s[92:93] offset:1972 sc0 sc1    // 00000000576C: DE5187B4 1B5C0000
	s_waitcnt vmcnt(0)                                         // 000000005774: BF8C0F70
	buffer_inv sc0 sc1                                         // 000000005778: E0A4C000 00000000
	s_and_b64 s[68:69], s[14:15], s[68:69]                     // 000000005780: 86C4440E
	v_cmp_eq_u32_e64 s[38:39], 64, v28                         // 000000005784: D0CA0026 000238C0
	global_load_dword v28, v0, s[92:93] offset:1976 sc0 sc1    // 00000000578C: DE5187B8 1C5C0000
	s_waitcnt vmcnt(0)                                         // 000000005794: BF8C0F70
	buffer_inv sc0 sc1                                         // 000000005798: E0A4C000 00000000
	s_and_b64 s[68:69], s[12:13], s[68:69]                     // 0000000057A0: 86C4440C
	v_cmp_eq_u32_e64 s[36:37], 64, v29                         // 0000000057A4: D0CA0024 00023AC0
	global_load_dword v29, v0, s[92:93] offset:1980 sc0 sc1    // 0000000057AC: DE5187BC 1D5C0000
	s_waitcnt vmcnt(0)                                         // 0000000057B4: BF8C0F70
	buffer_inv sc0 sc1                                         // 0000000057B8: E0A4C000 00000000
	s_and_b64 s[68:69], s[10:11], s[68:69]                     // 0000000057C0: 86C4440A
	v_cmp_eq_u32_e64 s[34:35], 64, v30                         // 0000000057C4: D0CA0022 00023CC0
	global_load_dword v30, v0, s[92:93] offset:1984 sc0 sc1    // 0000000057CC: DE5187C0 1E5C0000
	s_waitcnt vmcnt(0)                                         // 0000000057D4: BF8C0F70
	buffer_inv sc0 sc1                                         // 0000000057D8: E0A4C000 00000000
	s_and_b64 s[68:69], s[8:9], s[68:69]                       // 0000000057E0: 86C44408
	v_cmp_eq_u32_e64 s[30:31], 64, v2                          // 0000000057E4: D0CA001E 000204C0
	global_load_dword v2, v0, s[92:93] offset:1988 sc0 sc1     // 0000000057EC: DE5187C4 025C0000
	s_waitcnt vmcnt(0)                                         // 0000000057F4: BF8C0F70
	buffer_inv sc0 sc1                                         // 0000000057F8: E0A4C000 00000000
	s_and_b64 s[68:69], s[6:7], s[68:69]                       // 000000005800: 86C44406
	s_and_b64 s[68:69], s[4:5], s[68:69]                       // 000000005804: 86C44404
	s_and_b64 s[68:69], s[2:3], s[68:69]                       // 000000005808: 86C44402
	s_and_b64 s[68:69], s[0:1], s[68:69]                       // 00000000580C: 86C44400
	s_and_b64 s[68:69], vcc, s[68:69]                          // 000000005810: 86C4446A
	s_and_b64 s[68:69], s[66:67], s[68:69]                     // 000000005814: 86C44442
	s_and_b64 s[68:69], s[64:65], s[68:69]                     // 000000005818: 86C44440
	s_and_b64 s[68:69], s[62:63], s[68:69]                     // 00000000581C: 86C4443E
	s_and_b64 s[68:69], s[60:61], s[68:69]                     // 000000005820: 86C4443C
	s_and_b64 s[68:69], s[58:59], s[68:69]                     // 000000005824: 86C4443A
	s_and_b64 s[68:69], s[56:57], s[68:69]                     // 000000005828: 86C44438
	s_and_b64 s[68:69], s[54:55], s[68:69]                     // 00000000582C: 86C44436
	s_and_b64 s[68:69], s[52:53], s[68:69]                     // 000000005830: 86C44434
	s_and_b64 s[68:69], s[50:51], s[68:69]                     // 000000005834: 86C44432
	s_and_b64 s[68:69], s[48:49], s[68:69]                     // 000000005838: 86C44430
	s_and_b64 s[68:69], s[46:47], s[68:69]                     // 00000000583C: 86C4442E
	s_and_b64 s[68:69], s[44:45], s[68:69]                     // 000000005840: 86C4442C
	s_and_b64 s[68:69], s[42:43], s[68:69]                     // 000000005844: 86C4442A
	s_and_b64 s[68:69], s[40:41], s[68:69]                     // 000000005848: 86C44428
	s_and_b64 s[68:69], s[38:39], s[68:69]                     // 00000000584C: 86C44426
	s_and_b64 s[68:69], s[36:37], s[68:69]                     // 000000005850: 86C44424
	s_and_b64 s[68:69], s[34:35], s[68:69]                     // 000000005854: 86C44422
	v_cmp_eq_u32_e64 s[28:29], 64, v31                         // 000000005858: D0CA001C 00023EC0
	s_and_b64 s[68:69], s[30:31], s[68:69]                     // 000000005860: 86C4441E
	v_cmp_eq_u32_e64 s[26:27], 64, v32                         // 000000005864: D0CA001A 000240C0
	s_and_b64 s[68:69], s[28:29], s[68:69]                     // 00000000586C: 86C4441C
	v_cmp_eq_u32_e64 s[24:25], 64, v34                         // 000000005870: D0CA0018 000244C0
	s_and_b64 s[68:69], s[26:27], s[68:69]                     // 000000005878: 86C4441A
	v_cmp_eq_u32_e64 s[22:23], 64, v35                         // 00000000587C: D0CA0016 000246C0
	s_and_b64 s[68:69], s[24:25], s[68:69]                     // 000000005884: 86C44418
	v_cmp_eq_u32_e64 s[20:21], 64, v36                         // 000000005888: D0CA0014 000248C0
	s_and_b64 s[68:69], s[22:23], s[68:69]                     // 000000005890: 86C44416
	v_cmp_eq_u32_e64 s[18:19], 64, v37                         // 000000005894: D0CA0012 00024AC0
	s_and_b64 s[68:69], s[20:21], s[68:69]                     // 00000000589C: 86C44414
	v_cmp_eq_u32_e64 s[16:17], 64, v38                         // 0000000058A0: D0CA0010 00024CC0
	s_and_b64 s[68:69], s[18:19], s[68:69]                     // 0000000058A8: 86C44412
	v_cmp_eq_u32_e64 s[14:15], 64, v39                         // 0000000058AC: D0CA000E 00024EC0
	s_and_b64 s[68:69], s[16:17], s[68:69]                     // 0000000058B4: 86C44410
	v_cmp_eq_u32_e64 s[12:13], 64, v40                         // 0000000058B8: D0CA000C 000250C0
	s_and_b64 s[68:69], s[14:15], s[68:69]                     // 0000000058C0: 86C4440E
	global_load_dword v31, v0, s[92:93] offset:1992 sc0 sc1    // 0000000058C4: DE5187C8 1F5C0000
	s_waitcnt vmcnt(0)                                         // 0000000058CC: BF8C0F70
	buffer_inv sc0 sc1                                         // 0000000058D0: E0A4C000 00000000
	v_cmp_eq_u32_e64 s[10:11], 64, v41                         // 0000000058D8: D0CA000A 000252C0
	s_and_b64 s[68:69], s[12:13], s[68:69]                     // 0000000058E0: 86C4440C
	global_load_dword v32, v0, s[92:93] offset:1996 sc0 sc1    // 0000000058E4: DE5187CC 205C0000
	s_waitcnt vmcnt(0)                                         // 0000000058EC: BF8C0F70
	buffer_inv sc0 sc1                                         // 0000000058F0: E0A4C000 00000000
	v_cmp_eq_u32_e64 s[8:9], 64, v42                           // 0000000058F8: D0CA0008 000254C0
	s_and_b64 s[68:69], s[10:11], s[68:69]                     // 000000005900: 86C4440A
	global_load_dword v34, v0, s[92:93] offset:2000 sc0 sc1    // 000000005904: DE5187D0 225C0000
	s_waitcnt vmcnt(0)                                         // 00000000590C: BF8C0F70
	buffer_inv sc0 sc1                                         // 000000005910: E0A4C000 00000000
	v_cmp_eq_u32_e64 s[6:7], 64, v43                           // 000000005918: D0CA0006 000256C0
	s_and_b64 s[68:69], s[8:9], s[68:69]                       // 000000005920: 86C44408
	global_load_dword v35, v0, s[92:93] offset:2004 sc0 sc1    // 000000005924: DE5187D4 235C0000
	s_waitcnt vmcnt(0)                                         // 00000000592C: BF8C0F70
	buffer_inv sc0 sc1                                         // 000000005930: E0A4C000 00000000
	v_cmp_eq_u32_e64 s[4:5], 64, v44                           // 000000005938: D0CA0004 000258C0
	s_and_b64 s[68:69], s[6:7], s[68:69]                       // 000000005940: 86C44406
	global_load_dword v36, v0, s[92:93] offset:2008 sc0 sc1    // 000000005944: DE5187D8 245C0000
	s_waitcnt vmcnt(0)                                         // 00000000594C: BF8C0F70
	buffer_inv sc0 sc1                                         // 000000005950: E0A4C000 00000000
	v_cmp_eq_u32_e64 s[2:3], 64, v45                           // 000000005958: D0CA0002 00025AC0
	s_and_b64 s[68:69], s[4:5], s[68:69]                       // 000000005960: 86C44404
	global_load_dword v37, v0, s[92:93] offset:2012 sc0 sc1    // 000000005964: DE5187DC 255C0000
	s_waitcnt vmcnt(0)                                         // 00000000596C: BF8C0F70
	buffer_inv sc0 sc1                                         // 000000005970: E0A4C000 00000000
	v_cmp_eq_u32_e64 s[0:1], 64, v46                           // 000000005978: D0CA0000 00025CC0
	s_and_b64 s[68:69], s[2:3], s[68:69]                       // 000000005980: 86C44402
	global_load_dword v38, v0, s[92:93] offset:2016 sc0 sc1    // 000000005984: DE5187E0 265C0000
	s_waitcnt vmcnt(0)                                         // 00000000598C: BF8C0F70
	buffer_inv sc0 sc1                                         // 000000005990: E0A4C000 00000000
	v_cmp_eq_u32_e32 vcc, 64, v47                              // 000000005998: 7D945EC0
	s_and_b64 s[68:69], s[0:1], s[68:69]                       // 00000000599C: 86C44400
	global_load_dword v39, v0, s[92:93] offset:2020 sc0 sc1    // 0000000059A0: DE5187E4 275C0000
	s_waitcnt vmcnt(0)                                         // 0000000059A8: BF8C0F70
	buffer_inv sc0 sc1                                         // 0000000059AC: E0A4C000 00000000
	v_cmp_eq_u32_e64 s[66:67], 64, v48                         // 0000000059B4: D0CA0042 000260C0
	s_and_b64 s[68:69], vcc, s[68:69]                          // 0000000059BC: 86C4446A
	global_load_dword v40, v0, s[92:93] offset:2024 sc0 sc1    // 0000000059C0: DE5187E8 285C0000
	s_waitcnt vmcnt(0)                                         // 0000000059C8: BF8C0F70
	buffer_inv sc0 sc1                                         // 0000000059CC: E0A4C000 00000000
	v_cmp_eq_u32_e64 s[64:65], 64, v49                         // 0000000059D4: D0CA0040 000262C0
	s_and_b64 s[66:67], s[66:67], s[68:69]                     // 0000000059DC: 86C24442
	global_load_dword v41, v0, s[92:93] offset:2028 sc0 sc1    // 0000000059E0: DE5187EC 295C0000
	s_waitcnt vmcnt(0)                                         // 0000000059E8: BF8C0F70
	buffer_inv sc0 sc1                                         // 0000000059EC: E0A4C000 00000000
	v_cmp_eq_u32_e64 s[62:63], 64, v50                         // 0000000059F4: D0CA003E 000264C0
	s_and_b64 s[64:65], s[64:65], s[66:67]                     // 0000000059FC: 86C04240
	global_load_dword v42, v0, s[92:93] offset:2032 sc0 sc1    // 000000005A00: DE5187F0 2A5C0000
	s_waitcnt vmcnt(0)                                         // 000000005A08: BF8C0F70
	buffer_inv sc0 sc1                                         // 000000005A0C: E0A4C000 00000000
	v_cmp_eq_u32_e64 s[60:61], 64, v51                         // 000000005A14: D0CA003C 000266C0
	s_and_b64 s[62:63], s[62:63], s[64:65]                     // 000000005A1C: 86BE403E
	global_load_dword v43, v0, s[92:93] offset:2036 sc0 sc1    // 000000005A20: DE5187F4 2B5C0000
	s_waitcnt vmcnt(0)                                         // 000000005A28: BF8C0F70
	buffer_inv sc0 sc1                                         // 000000005A2C: E0A4C000 00000000
	v_cmp_eq_u32_e64 s[58:59], 64, v52                         // 000000005A34: D0CA003A 000268C0
	s_and_b64 s[60:61], s[60:61], s[62:63]                     // 000000005A3C: 86BC3E3C
	global_load_dword v44, v0, s[92:93] offset:2040 sc0 sc1    // 000000005A40: DE5187F8 2C5C0000
	s_waitcnt vmcnt(0)                                         // 000000005A48: BF8C0F70
	buffer_inv sc0 sc1                                         // 000000005A4C: E0A4C000 00000000
	v_cmp_eq_u32_e64 s[56:57], 64, v53                         // 000000005A54: D0CA0038 00026AC0
	s_and_b64 s[58:59], s[58:59], s[60:61]                     // 000000005A5C: 86BA3C3A
	global_load_dword v45, v0, s[92:93] offset:2044 sc0 sc1    // 000000005A60: DE5187FC 2D5C0000
	s_waitcnt vmcnt(0)                                         // 000000005A68: BF8C0F70
	buffer_inv sc0 sc1                                         // 000000005A6C: E0A4C000 00000000
	v_cmp_eq_u32_e64 s[54:55], 64, v54                         // 000000005A74: D0CA0036 00026CC0
	s_and_b64 s[56:57], s[56:57], s[58:59]                     // 000000005A7C: 86B83A38
	global_load_dword v46, v0, s[92:93] offset:2048 sc0 sc1    // 000000005A80: DE518800 2E5C0000
	s_waitcnt vmcnt(0)                                         // 000000005A88: BF8C0F70
	buffer_inv sc0 sc1                                         // 000000005A8C: E0A4C000 00000000
	v_cmp_eq_u32_e64 s[52:53], 64, v55                         // 000000005A94: D0CA0034 00026EC0
	s_and_b64 s[54:55], s[54:55], s[56:57]                     // 000000005A9C: 86B63836
	global_load_dword v47, v0, s[92:93] offset:2052 sc0 sc1    // 000000005AA0: DE518804 2F5C0000
	s_waitcnt vmcnt(0)                                         // 000000005AA8: BF8C0F70
	buffer_inv sc0 sc1                                         // 000000005AAC: E0A4C000 00000000
	v_cmp_eq_u32_e64 s[50:51], 64, v56                         // 000000005AB4: D0CA0032 000270C0
	s_and_b64 s[52:53], s[52:53], s[54:55]                     // 000000005ABC: 86B43634
	global_load_dword v48, v0, s[92:93] offset:2056 sc0 sc1    // 000000005AC0: DE518808 305C0000
	s_waitcnt vmcnt(0)                                         // 000000005AC8: BF8C0F70
	buffer_inv sc0 sc1                                         // 000000005ACC: E0A4C000 00000000
	v_cmp_eq_u32_e64 s[48:49], 64, v57                         // 000000005AD4: D0CA0030 000272C0
	s_and_b64 s[50:51], s[50:51], s[52:53]                     // 000000005ADC: 86B23432
	global_load_dword v49, v0, s[92:93] offset:2060 sc0 sc1    // 000000005AE0: DE51880C 315C0000
	s_waitcnt vmcnt(0)                                         // 000000005AE8: BF8C0F70
	buffer_inv sc0 sc1                                         // 000000005AEC: E0A4C000 00000000
	v_cmp_eq_u32_e64 s[46:47], 64, v58                         // 000000005AF4: D0CA002E 000274C0
	s_and_b64 s[48:49], s[48:49], s[50:51]                     // 000000005AFC: 86B03230
	global_load_dword v50, v0, s[92:93] offset:2064 sc0 sc1    // 000000005B00: DE518810 325C0000
	s_waitcnt vmcnt(0)                                         // 000000005B08: BF8C0F70
	buffer_inv sc0 sc1                                         // 000000005B0C: E0A4C000 00000000
	v_cmp_eq_u32_e64 s[44:45], 64, v1                          // 000000005B14: D0CA002C 000202C0
	s_and_b64 s[46:47], s[46:47], s[48:49]                     // 000000005B1C: 86AE302E
	global_load_dword v51, v0, s[92:93] offset:2068 sc0 sc1    // 000000005B20: DE518814 335C0000
	s_waitcnt vmcnt(0)                                         // 000000005B28: BF8C0F70
	buffer_inv sc0 sc1                                         // 000000005B2C: E0A4C000 00000000
	v_cmp_eq_u32_e64 s[42:43], 64, v59                         // 000000005B34: D0CA002A 000276C0
	s_and_b64 s[44:45], s[44:45], s[46:47]                     // 000000005B3C: 86AC2E2C
	global_load_dword v52, v0, s[92:93] offset:2072 sc0 sc1    // 000000005B40: DE518818 345C0000
	s_waitcnt vmcnt(0)                                         // 000000005B48: BF8C0F70
	buffer_inv sc0 sc1                                         // 000000005B4C: E0A4C000 00000000
	v_cmp_eq_u32_e64 s[40:41], 64, v33                         // 000000005B54: D0CA0028 000242C0
	s_and_b64 s[42:43], s[42:43], s[44:45]                     // 000000005B5C: 86AA2C2A
	global_load_dword v53, v0, s[92:93] offset:2076 sc0 sc1    // 000000005B60: DE51881C 355C0000
	s_waitcnt vmcnt(0)                                         // 000000005B68: BF8C0F70
	buffer_inv sc0 sc1                                         // 000000005B6C: E0A4C000 00000000
	v_cmp_eq_u32_e64 s[38:39], 64, v23                         // 000000005B74: D0CA0026 00022EC0
	s_and_b64 s[40:41], s[40:41], s[42:43]                     // 000000005B7C: 86A82A28
	global_load_dword v54, v0, s[92:93] offset:2080 sc0 sc1    // 000000005B80: DE518820 365C0000
	s_waitcnt vmcnt(0)                                         // 000000005B88: BF8C0F70
	buffer_inv sc0 sc1                                         // 000000005B8C: E0A4C000 00000000
	v_cmp_eq_u32_e64 s[36:37], 64, v22                         // 000000005B94: D0CA0024 00022CC0
	s_and_b64 s[38:39], s[38:39], s[40:41]                     // 000000005B9C: 86A62826
	global_load_dword v55, v0, s[92:93] offset:2084 sc0 sc1    // 000000005BA0: DE518824 375C0000
	s_waitcnt vmcnt(0)                                         // 000000005BA8: BF8C0F70
	buffer_inv sc0 sc1                                         // 000000005BAC: E0A4C000 00000000
	v_cmp_eq_u32_e64 s[34:35], 64, v21                         // 000000005BB4: D0CA0022 00022AC0
	s_and_b64 s[36:37], s[36:37], s[38:39]                     // 000000005BBC: 86A42624
	global_load_dword v56, v0, s[92:93] offset:2088 sc0 sc1    // 000000005BC0: DE518828 385C0000
	s_waitcnt vmcnt(0)                                         // 000000005BC8: BF8C0F70
	buffer_inv sc0 sc1                                         // 000000005BCC: E0A4C000 00000000
	v_cmp_eq_u32_e64 s[30:31], 64, v20                         // 000000005BD4: D0CA001E 000228C0
	s_and_b64 s[34:35], s[34:35], s[36:37]                     // 000000005BDC: 86A22422
	global_load_dword v57, v0, s[92:93] offset:2092 sc0 sc1    // 000000005BE0: DE51882C 395C0000
	s_waitcnt vmcnt(0)                                         // 000000005BE8: BF8C0F70
	buffer_inv sc0 sc1                                         // 000000005BEC: E0A4C000 00000000
	v_cmp_eq_u32_e64 s[28:29], 64, v19                         // 000000005BF4: D0CA001C 000226C0
	s_and_b64 s[30:31], s[30:31], s[34:35]                     // 000000005BFC: 869E221E
	global_load_dword v58, v0, s[92:93] offset:2096 sc0 sc1    // 000000005C00: DE518830 3A5C0000
	s_waitcnt vmcnt(0)                                         // 000000005C08: BF8C0F70
	buffer_inv sc0 sc1                                         // 000000005C0C: E0A4C000 00000000
	v_cmp_eq_u32_e64 s[26:27], 64, v18                         // 000000005C14: D0CA001A 000224C0
	s_and_b64 s[28:29], s[28:29], s[30:31]                     // 000000005C1C: 869C1E1C
	global_load_dword v1, v0, s[92:93] offset:2100 sc0 sc1     // 000000005C20: DE518834 015C0000
	s_waitcnt vmcnt(0)                                         // 000000005C28: BF8C0F70
	buffer_inv sc0 sc1                                         // 000000005C2C: E0A4C000 00000000
	v_cmp_eq_u32_e64 s[24:25], 64, v17                         // 000000005C34: D0CA0018 000222C0
	s_and_b64 s[26:27], s[26:27], s[28:29]                     // 000000005C3C: 869A1C1A
	global_load_dword v59, v0, s[92:93] offset:2104 sc0 sc1    // 000000005C40: DE518838 3B5C0000
	s_waitcnt vmcnt(0)                                         // 000000005C48: BF8C0F70
	buffer_inv sc0 sc1                                         // 000000005C4C: E0A4C000 00000000
	v_cmp_eq_u32_e64 s[22:23], 64, v15                         // 000000005C54: D0CA0016 00021EC0
	s_and_b64 s[24:25], s[24:25], s[26:27]                     // 000000005C5C: 86981A18
	global_load_dword v33, v0, s[92:93] offset:2108 sc0 sc1    // 000000005C60: DE51883C 215C0000
	s_waitcnt vmcnt(0)                                         // 000000005C68: BF8C0F70
	buffer_inv sc0 sc1                                         // 000000005C6C: E0A4C000 00000000
	v_cmp_eq_u32_e64 s[20:21], 64, v14                         // 000000005C74: D0CA0014 00021CC0
	s_and_b64 s[22:23], s[22:23], s[24:25]                     // 000000005C7C: 86961816
	global_load_dword v23, v0, s[92:93] offset:2112 sc0 sc1    // 000000005C80: DE518840 175C0000
	s_waitcnt vmcnt(0)                                         // 000000005C88: BF8C0F70
	buffer_inv sc0 sc1                                         // 000000005C8C: E0A4C000 00000000
	v_cmp_eq_u32_e64 s[18:19], 64, v16                         // 000000005C94: D0CA0012 000220C0
	s_and_b64 s[20:21], s[20:21], s[22:23]                     // 000000005C9C: 86941614
	global_load_dword v22, v0, s[92:93] offset:2116 sc0 sc1    // 000000005CA0: DE518844 165C0000
	s_waitcnt vmcnt(0)                                         // 000000005CA8: BF8C0F70
	buffer_inv sc0 sc1                                         // 000000005CAC: E0A4C000 00000000
	v_cmp_eq_u32_e64 s[16:17], 64, v13                         // 000000005CB4: D0CA0010 00021AC0
	s_and_b64 s[18:19], s[18:19], s[20:21]                     // 000000005CBC: 86921412
	global_load_dword v21, v0, s[92:93] offset:2120 sc0 sc1    // 000000005CC0: DE518848 155C0000
	s_waitcnt vmcnt(0)                                         // 000000005CC8: BF8C0F70
	buffer_inv sc0 sc1                                         // 000000005CCC: E0A4C000 00000000
	v_cmp_eq_u32_e64 s[14:15], 64, v12                         // 000000005CD4: D0CA000E 000218C0
	s_and_b64 s[16:17], s[16:17], s[18:19]                     // 000000005CDC: 86901210
	global_load_dword v20, v0, s[92:93] offset:2124 sc0 sc1    // 000000005CE0: DE51884C 145C0000
	s_waitcnt vmcnt(0)                                         // 000000005CE8: BF8C0F70
	buffer_inv sc0 sc1                                         // 000000005CEC: E0A4C000 00000000
	v_cmp_eq_u32_e64 s[12:13], 64, v11                         // 000000005CF4: D0CA000C 000216C0
	s_and_b64 s[14:15], s[14:15], s[16:17]                     // 000000005CFC: 868E100E
	global_load_dword v19, v0, s[92:93] offset:2128 sc0 sc1    // 000000005D00: DE518850 135C0000
	s_waitcnt vmcnt(0)                                         // 000000005D08: BF8C0F70
	buffer_inv sc0 sc1                                         // 000000005D0C: E0A4C000 00000000
	v_cmp_eq_u32_e64 s[10:11], 64, v10                         // 000000005D14: D0CA000A 000214C0
	s_and_b64 s[12:13], s[12:13], s[14:15]                     // 000000005D1C: 868C0E0C
	global_load_dword v18, v0, s[92:93] offset:2132 sc0 sc1    // 000000005D20: DE518854 125C0000
	s_waitcnt vmcnt(0)                                         // 000000005D28: BF8C0F70
	buffer_inv sc0 sc1                                         // 000000005D2C: E0A4C000 00000000
	v_cmp_eq_u32_e64 s[8:9], 64, v9                            // 000000005D34: D0CA0008 000212C0
	s_and_b64 s[10:11], s[10:11], s[12:13]                     // 000000005D3C: 868A0C0A
	global_load_dword v17, v0, s[92:93] offset:2136 sc0 sc1    // 000000005D40: DE518858 115C0000
	s_waitcnt vmcnt(0)                                         // 000000005D48: BF8C0F70
	buffer_inv sc0 sc1                                         // 000000005D4C: E0A4C000 00000000
	v_cmp_eq_u32_e64 s[6:7], 64, v8                            // 000000005D54: D0CA0006 000210C0
	s_and_b64 s[8:9], s[8:9], s[10:11]                         // 000000005D5C: 86880A08
	global_load_dword v15, v0, s[92:93] offset:2140 sc0 sc1    // 000000005D60: DE51885C 0F5C0000
	s_waitcnt vmcnt(0)                                         // 000000005D68: BF8C0F70
	buffer_inv sc0 sc1                                         // 000000005D6C: E0A4C000 00000000
	v_cmp_eq_u32_e64 s[4:5], 64, v7                            // 000000005D74: D0CA0004 00020EC0
	s_and_b64 s[6:7], s[6:7], s[8:9]                           // 000000005D7C: 86860806
	global_load_dword v14, v0, s[92:93] offset:2144 sc0 sc1    // 000000005D80: DE518860 0E5C0000
	s_waitcnt vmcnt(0)                                         // 000000005D88: BF8C0F70
	buffer_inv sc0 sc1                                         // 000000005D8C: E0A4C000 00000000
	v_cmp_eq_u32_e64 s[2:3], 64, v6                            // 000000005D94: D0CA0002 00020CC0
	s_and_b64 s[4:5], s[4:5], s[6:7]                           // 000000005D9C: 86840604
	global_load_dword v16, v0, s[92:93] offset:2148 sc0 sc1    // 000000005DA0: DE518864 105C0000
	s_waitcnt vmcnt(0)                                         // 000000005DA8: BF8C0F70
	buffer_inv sc0 sc1                                         // 000000005DAC: E0A4C000 00000000
	v_cmp_eq_u32_e64 s[0:1], 64, v5                            // 000000005DB4: D0CA0000 00020AC0
	s_and_b64 s[2:3], s[2:3], s[4:5]                           // 000000005DBC: 86820402
	global_load_dword v13, v0, s[92:93] offset:2152 sc0 sc1    // 000000005DC0: DE518868 0D5C0000
	s_waitcnt vmcnt(0)                                         // 000000005DC8: BF8C0F70
	buffer_inv sc0 sc1                                         // 000000005DCC: E0A4C000 00000000
	s_and_b64 s[0:1], s[0:1], s[2:3]                           // 000000005DD4: 86800200
	v_cmp_eq_u32_e32 vcc, 64, v4                               // 000000005DD8: 7D9408C0
	global_load_dword v12, v0, s[92:93] offset:2156 sc0 sc1    // 000000005DDC: DE51886C 0C5C0000
	s_waitcnt vmcnt(0)                                         // 000000005DE4: BF8C0F70
	buffer_inv sc0 sc1                                         // 000000005DE8: E0A4C000 00000000
	s_and_b64 s[0:1], vcc, s[0:1]                              // 000000005DF0: 8680006A
	v_cmp_eq_u32_e32 vcc, 64, v3                               // 000000005DF4: 7D9406C0
	global_load_dword v11, v0, s[92:93] offset:2160 sc0 sc1    // 000000005DF8: DE518870 0B5C0000
	s_waitcnt vmcnt(0)                                         // 000000005E00: BF8C0F70
	buffer_inv sc0 sc1                                         // 000000005E04: E0A4C000 00000000
	s_and_b64 s[0:1], vcc, s[0:1]                              // 000000005E0C: 8680006A
	v_cmp_eq_u32_e32 vcc, 64, v24                              // 000000005E10: 7D9430C0
	global_load_dword v10, v0, s[92:93] offset:2164 sc0 sc1    // 000000005E14: DE518874 0A5C0000
	s_waitcnt vmcnt(0)                                         // 000000005E1C: BF8C0F70
	buffer_inv sc0 sc1                                         // 000000005E20: E0A4C000 00000000
	s_and_b64 s[0:1], vcc, s[0:1]                              // 000000005E28: 8680006A
	v_cmp_eq_u32_e32 vcc, 64, v25                              // 000000005E2C: 7D9432C0
	global_load_dword v9, v0, s[92:93] offset:2168 sc0 sc1     // 000000005E30: DE518878 095C0000
	s_waitcnt vmcnt(0)                                         // 000000005E38: BF8C0F70
	buffer_inv sc0 sc1                                         // 000000005E3C: E0A4C000 00000000
	s_and_b64 s[0:1], vcc, s[0:1]                              // 000000005E44: 8680006A
	v_cmp_eq_u32_e32 vcc, 64, v26                              // 000000005E48: 7D9434C0
	global_load_dword v8, v0, s[92:93] offset:2172 sc0 sc1     // 000000005E4C: DE51887C 085C0000
	s_waitcnt vmcnt(0)                                         // 000000005E54: BF8C0F70
	buffer_inv sc0 sc1                                         // 000000005E58: E0A4C000 00000000
	s_and_b64 s[0:1], vcc, s[0:1]                              // 000000005E60: 8680006A
	v_cmp_eq_u32_e32 vcc, 64, v27                              // 000000005E64: 7D9436C0
	global_load_dword v7, v0, s[92:93] offset:2176 sc0 sc1     // 000000005E68: DE518880 075C0000
	s_waitcnt vmcnt(0)                                         // 000000005E70: BF8C0F70
	buffer_inv sc0 sc1                                         // 000000005E74: E0A4C000 00000000
	s_and_b64 s[0:1], vcc, s[0:1]                              // 000000005E7C: 8680006A
	v_cmp_eq_u32_e32 vcc, 64, v28                              // 000000005E80: 7D9438C0
	global_load_dword v6, v0, s[92:93] offset:2180 sc0 sc1     // 000000005E84: DE518884 065C0000
	s_waitcnt vmcnt(0)                                         // 000000005E8C: BF8C0F70
	buffer_inv sc0 sc1                                         // 000000005E90: E0A4C000 00000000
	s_and_b64 s[0:1], vcc, s[0:1]                              // 000000005E98: 8680006A
	v_cmp_eq_u32_e32 vcc, 64, v29                              // 000000005E9C: 7D943AC0
	global_load_dword v5, v0, s[92:93] offset:2184 sc0 sc1     // 000000005EA0: DE518888 055C0000
	s_waitcnt vmcnt(0)                                         // 000000005EA8: BF8C0F70
	buffer_inv sc0 sc1                                         // 000000005EAC: E0A4C000 00000000
	s_and_b64 s[0:1], vcc, s[0:1]                              // 000000005EB4: 8680006A
	v_cmp_eq_u32_e32 vcc, 64, v30                              // 000000005EB8: 7D943CC0
	s_and_b64 s[0:1], vcc, s[0:1]                              // 000000005EBC: 8680006A
	v_cmp_eq_u32_e32 vcc, 64, v2                               // 000000005EC0: 7D9404C0
	global_load_dword v2, v0, s[92:93] offset:2188 sc0 sc1     // 000000005EC4: DE51888C 025C0000
	s_waitcnt vmcnt(0)                                         // 000000005ECC: BF8C0F70
	buffer_inv sc0 sc1                                         // 000000005ED0: E0A4C000 00000000
	s_and_b64 s[0:1], vcc, s[0:1]                              // 000000005ED8: 8680006A
	v_cmp_eq_u32_e32 vcc, 64, v31                              // 000000005EDC: 7D943EC0
	s_and_b64 s[0:1], vcc, s[0:1]                              // 000000005EE0: 8680006A
	v_cmp_eq_u32_e32 vcc, 64, v32                              // 000000005EE4: 7D9440C0
	s_and_b64 s[0:1], vcc, s[0:1]                              // 000000005EE8: 8680006A
	v_cmp_eq_u32_e32 vcc, 64, v34                              // 000000005EEC: 7D9444C0
	s_and_b64 s[0:1], vcc, s[0:1]                              // 000000005EF0: 8680006A
	v_cmp_eq_u32_e32 vcc, 64, v35                              // 000000005EF4: 7D9446C0
	s_and_b64 s[0:1], vcc, s[0:1]                              // 000000005EF8: 8680006A
	v_cmp_eq_u32_e32 vcc, 64, v36                              // 000000005EFC: 7D9448C0
	s_and_b64 s[0:1], vcc, s[0:1]                              // 000000005F00: 8680006A
	v_cmp_eq_u32_e32 vcc, 64, v37                              // 000000005F04: 7D944AC0
	s_and_b64 s[0:1], vcc, s[0:1]                              // 000000005F08: 8680006A
	v_cmp_eq_u32_e32 vcc, 64, v38                              // 000000005F0C: 7D944CC0
	s_and_b64 s[0:1], vcc, s[0:1]                              // 000000005F10: 8680006A
	v_cmp_eq_u32_e32 vcc, 64, v39                              // 000000005F14: 7D944EC0
	s_and_b64 s[0:1], vcc, s[0:1]                              // 000000005F18: 8680006A
	v_cmp_eq_u32_e32 vcc, 64, v40                              // 000000005F1C: 7D9450C0
	s_and_b64 s[0:1], vcc, s[0:1]                              // 000000005F20: 8680006A
	v_cmp_eq_u32_e32 vcc, 64, v41                              // 000000005F24: 7D9452C0
	s_and_b64 s[0:1], vcc, s[0:1]                              // 000000005F28: 8680006A
	v_cmp_eq_u32_e32 vcc, 64, v42                              // 000000005F2C: 7D9454C0
	s_and_b64 s[0:1], vcc, s[0:1]                              // 000000005F30: 8680006A
	v_cmp_eq_u32_e32 vcc, 64, v43                              // 000000005F34: 7D9456C0
	s_and_b64 s[0:1], vcc, s[0:1]                              // 000000005F38: 8680006A
	v_cmp_eq_u32_e32 vcc, 64, v44                              // 000000005F3C: 7D9458C0
	s_and_b64 s[0:1], vcc, s[0:1]                              // 000000005F40: 8680006A
	v_cmp_eq_u32_e32 vcc, 64, v45                              // 000000005F44: 7D945AC0
	s_and_b64 s[0:1], vcc, s[0:1]                              // 000000005F48: 8680006A
	v_cmp_eq_u32_e32 vcc, 64, v46                              // 000000005F4C: 7D945CC0
	s_and_b64 s[0:1], vcc, s[0:1]                              // 000000005F50: 8680006A
	v_cmp_eq_u32_e32 vcc, 64, v47                              // 000000005F54: 7D945EC0
	s_and_b64 s[0:1], vcc, s[0:1]                              // 000000005F58: 8680006A
	v_cmp_eq_u32_e32 vcc, 64, v48                              // 000000005F5C: 7D9460C0
	s_and_b64 s[0:1], vcc, s[0:1]                              // 000000005F60: 8680006A
	v_cmp_eq_u32_e32 vcc, 64, v49                              // 000000005F64: 7D9462C0
	s_and_b64 s[0:1], vcc, s[0:1]                              // 000000005F68: 8680006A
	v_cmp_eq_u32_e32 vcc, 64, v50                              // 000000005F6C: 7D9464C0
	s_and_b64 s[0:1], vcc, s[0:1]                              // 000000005F70: 8680006A
	v_cmp_eq_u32_e32 vcc, 64, v51                              // 000000005F74: 7D9466C0
	s_and_b64 s[0:1], vcc, s[0:1]                              // 000000005F78: 8680006A
	v_cmp_eq_u32_e32 vcc, 64, v52                              // 000000005F7C: 7D9468C0
	s_and_b64 s[0:1], vcc, s[0:1]                              // 000000005F80: 8680006A
	v_cmp_eq_u32_e32 vcc, 64, v53                              // 000000005F84: 7D946AC0
	s_and_b64 s[0:1], vcc, s[0:1]                              // 000000005F88: 8680006A
	v_cmp_eq_u32_e32 vcc, 64, v54                              // 000000005F8C: 7D946CC0
	s_and_b64 s[0:1], vcc, s[0:1]                              // 000000005F90: 8680006A
	v_cmp_eq_u32_e32 vcc, 64, v55                              // 000000005F94: 7D946EC0
	s_and_b64 s[0:1], vcc, s[0:1]                              // 000000005F98: 8680006A
	v_cmp_eq_u32_e32 vcc, 64, v56                              // 000000005F9C: 7D9470C0
	s_and_b64 s[0:1], vcc, s[0:1]                              // 000000005FA0: 8680006A
	v_cmp_eq_u32_e32 vcc, 64, v57                              // 000000005FA4: 7D9472C0
	s_and_b64 s[0:1], vcc, s[0:1]                              // 000000005FA8: 8680006A
	v_cmp_eq_u32_e32 vcc, 64, v58                              // 000000005FAC: 7D9474C0
	s_and_b64 s[0:1], vcc, s[0:1]                              // 000000005FB0: 8680006A
	v_cmp_eq_u32_e32 vcc, 64, v1                               // 000000005FB4: 7D9402C0
	s_and_b64 s[0:1], vcc, s[0:1]                              // 000000005FB8: 8680006A
	v_cmp_eq_u32_e32 vcc, 64, v59                              // 000000005FBC: 7D9476C0
	s_and_b64 s[0:1], vcc, s[0:1]                              // 000000005FC0: 8680006A
	v_cmp_eq_u32_e32 vcc, 64, v33                              // 000000005FC4: 7D9442C0
	s_and_b64 s[0:1], vcc, s[0:1]                              // 000000005FC8: 8680006A
	v_cmp_eq_u32_e32 vcc, 64, v23                              // 000000005FCC: 7D942EC0
	s_and_b64 s[0:1], vcc, s[0:1]                              // 000000005FD0: 8680006A
	v_cmp_eq_u32_e32 vcc, 64, v22                              // 000000005FD4: 7D942CC0
	s_and_b64 s[0:1], vcc, s[0:1]                              // 000000005FD8: 8680006A
	v_cmp_eq_u32_e32 vcc, 64, v21                              // 000000005FDC: 7D942AC0
	s_and_b64 s[0:1], vcc, s[0:1]                              // 000000005FE0: 8680006A
	v_cmp_eq_u32_e32 vcc, 64, v20                              // 000000005FE4: 7D9428C0
	s_and_b64 s[0:1], vcc, s[0:1]                              // 000000005FE8: 8680006A
	v_cmp_eq_u32_e32 vcc, 64, v19                              // 000000005FEC: 7D9426C0
	s_and_b64 s[0:1], vcc, s[0:1]                              // 000000005FF0: 8680006A
	v_cmp_eq_u32_e32 vcc, 64, v18                              // 000000005FF4: 7D9424C0
	s_and_b64 s[0:1], vcc, s[0:1]                              // 000000005FF8: 8680006A
	v_cmp_eq_u32_e32 vcc, 64, v17                              // 000000005FFC: 7D9422C0
	s_and_b64 s[0:1], vcc, s[0:1]                              // 000000006000: 8680006A
	v_cmp_eq_u32_e32 vcc, 64, v15                              // 000000006004: 7D941EC0
	s_and_b64 s[0:1], vcc, s[0:1]                              // 000000006008: 8680006A
	v_cmp_eq_u32_e32 vcc, 64, v14                              // 00000000600C: 7D941CC0
	s_and_b64 s[0:1], vcc, s[0:1]                              // 000000006010: 8680006A
	v_cmp_eq_u32_e32 vcc, 64, v16                              // 000000006014: 7D9420C0
	s_and_b64 s[0:1], vcc, s[0:1]                              // 000000006018: 8680006A
	v_cmp_eq_u32_e32 vcc, 64, v13                              // 00000000601C: 7D941AC0
	s_and_b64 s[0:1], vcc, s[0:1]                              // 000000006020: 8680006A
	v_cmp_eq_u32_e32 vcc, 64, v12                              // 000000006024: 7D9418C0
	s_and_b64 s[0:1], vcc, s[0:1]                              // 000000006028: 8680006A
	v_cmp_eq_u32_e32 vcc, 64, v11                              // 00000000602C: 7D9416C0
	s_and_b64 s[0:1], vcc, s[0:1]                              // 000000006030: 8680006A
	v_cmp_eq_u32_e32 vcc, 64, v10                              // 000000006034: 7D9414C0
	s_and_b64 s[0:1], vcc, s[0:1]                              // 000000006038: 8680006A
	v_cmp_eq_u32_e32 vcc, 64, v9                               // 00000000603C: 7D9412C0
	s_and_b64 s[0:1], vcc, s[0:1]                              // 000000006040: 8680006A
	v_cmp_eq_u32_e32 vcc, 64, v8                               // 000000006044: 7D9410C0
	s_and_b64 s[0:1], vcc, s[0:1]                              // 000000006048: 8680006A
	v_cmp_eq_u32_e32 vcc, 64, v7                               // 00000000604C: 7D940EC0
	s_and_b64 s[0:1], vcc, s[0:1]                              // 000000006050: 8680006A
	v_cmp_eq_u32_e32 vcc, 64, v6                               // 000000006054: 7D940CC0
	s_and_b64 s[0:1], vcc, s[0:1]                              // 000000006058: 8680006A
	v_cmp_eq_u32_e32 vcc, 64, v5                               // 00000000605C: 7D940AC0
	s_and_b64 s[0:1], vcc, s[0:1]                              // 000000006060: 8680006A
	v_cmp_eq_u32_e32 vcc, 64, v2                               // 000000006064: 7D9404C0
	s_and_b64 s[0:1], vcc, s[0:1]                              // 000000006068: 8680006A
	v_mov_b32_e32 v1, s90                                      // 00000000606C: 7E02025A
	global_store_dword v0, v1, s[92:93] offset:2192 sc0 sc1    // 000000006070: DE718890 005C0100
	v_mov_b32_e32 v1, s91                                      // 000000006078: 7E02025B
	s_and_b64 s[0:1], s[0:1], exec                             // 00000000607C: 86807E00
	global_store_dword v0, v1, s[92:93] offset:2196 sc0 sc1    // 000000006080: DE718894 005C0100
	v_mov_b32_e32 v1, 0                                        // 000000006088: 7E020280
	s_cselect_b32 s0, 1, 2                                     // 00000000608C: 85008281
	global_store_dword v0, v1, s[92:93] offset:2204 sc0 sc1    // 000000006090: DE71889C 005C0100
	v_mov_b32_e32 v1, s0                                       // 000000006098: 7E020200
	buffer_wbl2 sc0 sc1                                        // 00000000609C: E0A0C000 00000000
	s_waitcnt vmcnt(0)                                         // 0000000060A4: BF8C0F70
	global_store_dword v0, v1, s[92:93] offset:2200 sc0 sc1    // 0000000060A8: DE718898 005C0100
	s_or_b64 exec, exec, s[94:95]                              // 0000000060B0: 87FE5E7E
	s_mov_b64 s[2:3], 0                                        // 0000000060B4: BE820180
	s_and_b64 vcc, exec, s[2:3]                                // 0000000060B8: 86EA027E
	s_cbranch_vccnz 1                                          // 0000000060BC: BF870001 <ferric_qwen3_mlp_state_guard_v2+0x3fc4>
	s_endpgm                                                   // 0000000060C0: BF810000
	s_trap 2                                                   // 0000000060C4: BF920002
	s_endpgm                                                   // 0000000060C8: BF810000
	s_nop 0                                                    // 0000000060CC: BF800000
	s_nop 0                                                    // 0000000060D0: BF800000
	s_nop 0                                                    // 0000000060D4: BF800000
	s_nop 0                                                    // 0000000060D8: BF800000
	s_nop 0                                                    // 0000000060DC: BF800000
	s_nop 0                                                    // 0000000060E0: BF800000
	s_nop 0                                                    // 0000000060E4: BF800000
	s_nop 0                                                    // 0000000060E8: BF800000
	s_nop 0                                                    // 0000000060EC: BF800000
	s_nop 0                                                    // 0000000060F0: BF800000
	s_nop 0                                                    // 0000000060F4: BF800000
	s_nop 0                                                    // 0000000060F8: BF800000
	s_nop 0                                                    // 0000000060FC: BF800000

0000000000006100 <ferric_qwen3_tp2_guarded_projection_residual_bf16_v2>:
	s_load_dwordx16 s[16:31], s[2:3], 0x0                      // 000000006100: C0120401 00000000
	s_load_dwordx8 s[8:15], s[2:3], 0x40                       // 000000006108: C00E0201 00000040
	s_load_dwordx2 s[34:35], s[2:3], 0x60                      // 000000006110: C0060881 00000060
	s_waitcnt lgkmcnt(0)                                       // 000000006118: BF8CC07F
	s_cmp_lg_u64 s[18:19], 0x1000                              // 00000000611C: BF13FF12 00001000
	s_cselect_b64 s[2:3], -1, 0                                // 000000006124: 858280C1
	s_cmp_lg_u64 s[22:23], 0x1000                              // 000000006128: BF13FF16 00001000
	s_cselect_b64 s[6:7], -1, 0                                // 000000006130: 858680C1
	s_or_b64 s[2:3], s[2:3], s[6:7]                            // 000000006134: 87820602
	s_cmp_lg_u64 s[26:27], 0x1000                              // 000000006138: BF13FF1A 00001000
	s_cselect_b64 s[6:7], -1, 0                                // 000000006140: 858680C1
	s_or_b64 s[2:3], s[2:3], s[6:7]                            // 000000006144: 87820602
	s_cmp_lg_u64 s[30:31], 0x1000                              // 000000006148: BF13FF1E 00001000
	s_cselect_b64 s[6:7], -1, 0                                // 000000006150: 858680C1
	s_or_b64 s[2:3], s[2:3], s[6:7]                            // 000000006154: 87820602
	s_cmp_lg_u64 s[10:11], 4                                   // 000000006158: BF13840A
	s_cselect_b64 s[6:7], -1, 0                                // 00000000615C: 858680C1
	s_or_b64 s[2:3], s[2:3], s[6:7]                            // 000000006160: 87820602
	s_cmp_lg_u64 s[14:15], 4                                   // 000000006164: BF13840E
	s_cselect_b64 s[6:7], -1, 0                                // 000000006168: 858680C1
	s_or_b64 s[2:3], s[2:3], s[6:7]                            // 00000000616C: 87820602
	s_or_b32 s5, s35, s34                                      // 000000006170: 87052223
	s_cmp_eq_u32 s5, 0                                         // 000000006174: BF068005
	s_cselect_b64 s[6:7], -1, 0                                // 000000006178: 858680C1
	s_or_b64 s[6:7], s[2:3], s[6:7]                            // 00000000617C: 87860602
	s_mov_b64 s[2:3], 0                                        // 000000006180: BE820180
	s_and_b64 vcc, exec, s[6:7]                                // 000000006184: 86EA067E
	s_cbranch_vccnz 209                                        // 000000006188: BF8700D1 <ferric_qwen3_tp2_guarded_projection_residual_bf16_v2+0x3d0>
	s_load_dword s0, s[0:1], 0xc                               // 00000000618C: C0020000 0000000C
	s_waitcnt lgkmcnt(0)                                       // 000000006194: BF8CC07F
	s_add_u32 s0, s0, 63                                       // 000000006198: 8000BF00
	s_addc_u32 s1, 0, 0                                        // 00000000619C: 82018080
	s_andn2_b32 s0, s0, 63                                     // 0000000061A0: 8900BF00
	s_cmp_eq_u64 s[0:1], 0x1000                                // 0000000061A4: BF12FF00 00001000
	s_cbranch_scc0 205                                         // 0000000061AC: BF8400CD <ferric_qwen3_tp2_guarded_projection_residual_bf16_v2+0x3e4>
	s_mov_b32 s5, 0                                            // 0000000061B0: BE850080
	s_lshl_b64 s[0:1], s[4:5], 6                               // 0000000061B4: 8E808604
	v_or_b32_e32 v0, s0, v0                                    // 0000000061B8: 28000000
	v_mov_b32_e32 v1, s1                                       // 0000000061BC: 7E020201
	s_mov_b64 s[0:1], 0x1000                                   // 0000000061C0: BE8001FF 00001000
	v_cmp_gt_u64_e32 vcc, s[0:1], v[0:1]                       // 0000000061C8: 7DD80000
	s_and_saveexec_b64 s[0:1], vcc                             // 0000000061CC: BE80206A
	s_xor_b64 s[14:15], exec, s[0:1]                           // 0000000061D0: 888E007E
	s_cbranch_execz 181                                        // 0000000061D4: BF8800B5 <ferric_qwen3_tp2_guarded_projection_residual_bf16_v2+0x3ac>
	v_mov_b32_e32 v2, 0                                        // 0000000061D8: 7E040280
	global_load_dword v3, v2, s[8:9] offset:8 sc0 sc1          // 0000000061DC: DE518008 03080002
	s_waitcnt vmcnt(0)                                         // 0000000061E4: BF8C0F70
	buffer_inv sc0 sc1                                         // 0000000061E8: E0A4C000 00000000
	global_load_dword v4, v2, s[8:9] sc0 sc1                   // 0000000061F0: DE518000 04080002
	s_waitcnt vmcnt(0)                                         // 0000000061F8: BF8C0F70
	buffer_inv sc0 sc1                                         // 0000000061FC: E0A4C000 00000000
	global_load_dword v5, v2, s[8:9] offset:4 sc0 sc1          // 000000006204: DE518004 05080002
	s_waitcnt vmcnt(0)                                         // 00000000620C: BF8C0F70
	buffer_inv sc0 sc1                                         // 000000006210: E0A4C000 00000000
	global_load_dword v6, v2, s[8:9] offset:12 sc0 sc1         // 000000006218: DE51800C 06080002
	s_waitcnt vmcnt(0)                                         // 000000006220: BF8C0F70
	buffer_inv sc0 sc1                                         // 000000006224: E0A4C000 00000000
	global_load_dword v7, v2, s[12:13] offset:8 sc0 sc1        // 00000000622C: DE518008 070C0002
	s_waitcnt vmcnt(0)                                         // 000000006234: BF8C0F70
	buffer_inv sc0 sc1                                         // 000000006238: E0A4C000 00000000
	global_load_dword v8, v2, s[12:13] sc0 sc1                 // 000000006240: DE518000 080C0002
	s_waitcnt vmcnt(0)                                         // 000000006248: BF8C0F70
	buffer_inv sc0 sc1                                         // 00000000624C: E0A4C000 00000000
	global_load_dword v9, v2, s[12:13] offset:4 sc0 sc1        // 000000006254: DE518004 090C0002
	s_waitcnt vmcnt(0)                                         // 00000000625C: BF8C0F70
	buffer_inv sc0 sc1                                         // 000000006260: E0A4C000 00000000
	global_load_dword v2, v2, s[12:13] offset:12 sc0 sc1       // 000000006268: DE51800C 020C0002
	s_waitcnt vmcnt(0)                                         // 000000006270: BF8C0F70
	buffer_inv sc0 sc1                                         // 000000006274: E0A4C000 00000000
	v_cmp_eq_u32_e32 vcc, 1, v3                                // 00000000627C: 7D940681
	v_cmp_eq_u32_e64 s[0:1], s34, v4                           // 000000006280: D0CA0000 00020822
	v_cmp_eq_u32_e64 s[2:3], s35, v5                           // 000000006288: D0CA0002 00020A23
	s_and_b64 s[0:1], vcc, s[0:1]                              // 000000006290: 8680006A
	v_cmp_eq_u32_e64 s[6:7], 1, v7                             // 000000006294: D0CA0006 00020E81
	v_cmp_eq_u32_e64 s[8:9], s34, v8                           // 00000000629C: D0CA0008 00021022
	v_cmp_eq_u32_e64 s[10:11], s35, v9                         // 0000000062A4: D0CA000A 00021223
	s_and_b64 s[6:7], s[6:7], s[8:9]                           // 0000000062AC: 86860806
	v_cmp_eq_u32_e64 s[4:5], 0, v6                             // 0000000062B0: D0CA0004 00020C80
	v_cmp_eq_u32_e64 s[12:13], 0, v2                           // 0000000062B8: D0CA000C 00020480
	s_and_b64 s[0:1], s[0:1], s[2:3]                           // 0000000062C0: 86800200
	s_and_b64 s[2:3], s[6:7], s[10:11]                         // 0000000062C4: 86820A06
	s_and_b64 s[0:1], s[0:1], s[4:5]                           // 0000000062C8: 86800400
	s_and_b64 s[2:3], s[2:3], s[12:13]                         // 0000000062CC: 86820C02
	s_and_b64 s[2:3], s[0:1], s[2:3]                           // 0000000062D0: 86820200
	s_mov_b64 s[0:1], 0                                        // 0000000062D4: BE800180
	s_and_b64 vcc, exec, s[2:3]                                // 0000000062D8: 86EA027E
	s_cbranch_vccz 114                                         // 0000000062DC: BF860072 <ferric_qwen3_tp2_guarded_projection_residual_bf16_v2+0x3a8>
	v_mov_b32_e32 v2, s16                                      // 0000000062E0: 7E040210
	v_mov_b32_e32 v3, s17                                      // 0000000062E4: 7E060211
	v_lshl_add_u64 v[2:3], v[0:1], 2, v[2:3]                   // 0000000062E8: D2080002 04090500
	global_load_dword v3, v[2:3], off sc0 sc1                  // 0000000062F0: DE518000 037F0002
	s_waitcnt vmcnt(0)                                         // 0000000062F8: BF8C0F70
	s_mov_b32 s2, 0x7f800000                                   // 0000000062FC: BE8200FF 7F800000
	v_add_f32_e32 v2, 0, v3                                    // 000000006304: 02040680
	v_cmp_nlg_f32_e64 s[0:1], |v3|, s2                         // 000000006308: D04A0100 00000503
	v_cmp_nlg_f32_e64 s[2:3], |v2|, s2                         // 000000006310: D04A0102 00000502
	s_or_b64 s[2:3], s[0:1], s[2:3]                            // 000000006318: 87820200
	s_mov_b64 s[0:1], 0                                        // 00000000631C: BE800180
	s_and_saveexec_b64 s[4:5], s[2:3]                          // 000000006320: BE842002
	s_xor_b64 s[2:3], exec, s[4:5]                             // 000000006324: 8882047E
	s_cbranch_execnz 115                                       // 000000006328: BF890073 <ferric_qwen3_tp2_guarded_projection_residual_bf16_v2+0x3f8>
	s_andn2_saveexec_b64 s[2:3], s[2:3]                        // 00000000632C: BE822302
	s_cbranch_execz 92                                         // 000000006330: BF88005C <ferric_qwen3_tp2_guarded_projection_residual_bf16_v2+0x3a4>
	v_mov_b32_e32 v4, s20                                      // 000000006334: 7E080214
	v_mov_b32_e32 v5, s21                                      // 000000006338: 7E0A0215
	v_lshl_add_u64 v[4:5], v[0:1], 2, v[4:5]                   // 00000000633C: D2080004 04110500
	global_load_dword v3, v[4:5], off sc0 sc1                  // 000000006344: DE518000 037F0004
	s_waitcnt vmcnt(0)                                         // 00000000634C: BF8C0F70
	s_mov_b32 s6, 0x7f800000                                   // 000000006350: BE8600FF 7F800000
	v_add_f32_e32 v2, v2, v3                                   // 000000006358: 02040702
	v_cmp_nlg_f32_e64 s[4:5], |v3|, s6                         // 00000000635C: D04A0104 00000D03
	v_cmp_nlg_f32_e64 s[6:7], |v2|, s6                         // 000000006364: D04A0106 00000D02
	s_or_b64 s[6:7], s[4:5], s[6:7]                            // 00000000636C: 87860604
	s_mov_b64 s[4:5], s[0:1]                                   // 000000006370: BE840100
	s_and_saveexec_b64 s[8:9], s[6:7]                          // 000000006374: BE882006
	s_xor_b64 s[6:7], exec, s[8:9]                             // 000000006378: 8886087E
	s_cbranch_execnz 99                                        // 00000000637C: BF890063 <ferric_qwen3_tp2_guarded_projection_residual_bf16_v2+0x40c>
	s_andn2_saveexec_b64 s[6:7], s[6:7]                        // 000000006380: BE862306
	s_cbranch_execz 67                                         // 000000006384: BF880043 <ferric_qwen3_tp2_guarded_projection_residual_bf16_v2+0x394>
	v_bfe_u32 v3, v2, 16, 1                                    // 000000006388: D1C80003 02052102
	s_movk_i32 s12, 0x7fff                                     // 000000006390: B00C7FFF
	v_add3_u32 v2, v2, v3, s12                                 // 000000006394: D1FF0002 00320702
	s_mov_b32 s13, 0x7f800000                                  // 00000000639C: BE8D00FF 7F800000
	v_and_b32_e32 v3, 0x7f800000, v2                           // 0000000063A4: 260604FF 7F800000
	v_cmp_ne_u32_e32 vcc, s13, v3                              // 0000000063AC: 7D9A060D
	s_mov_b64 s[10:11], s[4:5]                                 // 0000000063B0: BE8A0104
	s_and_saveexec_b64 s[8:9], vcc                             // 0000000063B4: BE88206A
	s_xor_b64 s[8:9], exec, s[8:9]                             // 0000000063B8: 8888087E
	s_cbranch_execz 47                                         // 0000000063BC: BF88002F <ferric_qwen3_tp2_guarded_projection_residual_bf16_v2+0x37c>
	v_mov_b32_e32 v4, s24                                      // 0000000063C0: 7E080218
	v_mov_b32_e32 v5, s25                                      // 0000000063C4: 7E0A0219
	v_lshl_add_u64 v[4:5], v[0:1], 1, v[4:5]                   // 0000000063C8: D2080004 04110300
	global_load_ushort v3, v[4:5], off sc0 sc1                 // 0000000063D0: DE498000 037F0004
	s_waitcnt vmcnt(0)                                         // 0000000063D8: BF8C0F70
	v_and_b32_e32 v2, 0xffff0000, v2                           // 0000000063DC: 260404FF FFFF0000
	v_mov_b32_e32 v4, 64                                       // 0000000063E4: 7E0802C0
	s_movk_i32 s18, 0x7f80                                     // 0000000063E8: B0127F80
	v_lshlrev_b32_e32 v3, 16, v3                               // 0000000063EC: 24060690
	v_add_f32_e32 v2, v2, v3                                   // 0000000063F0: 02040702
	v_cmp_nlg_f32_e64 s[10:11], |v3|, s13                      // 0000000063F4: D04A010A 00001B03
	v_or_b32_sdwa v3, v2, v4 dst_sel:DWORD dst_unused:UNUSED_PAD src0_sel:WORD_1 src1_sel:DWORD// 0000000063FC: 280608F9 06050602
	v_bfe_u32 v4, v2, 16, 1                                    // 000000006404: D1C80004 02052102
	v_cmp_u_f32_e32 vcc, v2, v2                                // 00000000640C: 7C900502
	v_cmp_nlg_f32_e64 s[16:17], |v2|, s13                      // 000000006410: D04A0110 00001B02
	v_add3_u32 v2, v2, v4, s12                                 // 000000006418: D1FF0002 00320902
	v_cndmask_b32_sdwa v2, v2, v3, vcc dst_sel:DWORD dst_unused:UNUSED_PAD src0_sel:WORD_1 src1_sel:DWORD// 000000006420: 000406F9 06050602
	v_and_b32_e32 v3, 0x7f80, v2                               // 000000006428: 260604FF 00007F80
	s_or_b64 s[10:11], s[10:11], s[16:17]                      // 000000006430: 878A100A
	v_cmp_eq_u16_e32 vcc, s18, v3                              // 000000006434: 7D540612
	s_or_b64 s[12:13], s[10:11], vcc                           // 000000006438: 878C6A0A
	s_mov_b64 s[10:11], s[4:5]                                 // 00000000643C: BE8A0104
	s_and_saveexec_b64 s[16:17], s[12:13]                      // 000000006440: BE90200C
	s_xor_b64 s[12:13], exec, s[16:17]                         // 000000006444: 888C107E
	s_cbranch_execnz 56                                        // 000000006448: BF890038 <ferric_qwen3_tp2_guarded_projection_residual_bf16_v2+0x42c>
	s_andn2_saveexec_b64 s[12:13], s[12:13]                    // 00000000644C: BE8C230C
	s_cbranch_execz 6                                          // 000000006450: BF880006 <ferric_qwen3_tp2_guarded_projection_residual_bf16_v2+0x36c>
	v_mov_b32_e32 v4, s28                                      // 000000006454: 7E08021C
	v_mov_b32_e32 v5, s29                                      // 000000006458: 7E0A021D
	v_lshl_add_u64 v[0:1], v[0:1], 1, v[4:5]                   // 00000000645C: D2080000 04110300
	global_store_short v[0:1], v2, off                         // 000000006464: DC688000 007F0200
	s_or_b64 exec, exec, s[12:13]                              // 00000000646C: 87FE0C7E
	s_andn2_b64 s[12:13], s[4:5], exec                         // 000000006470: 898C7E04
	s_and_b64 s[10:11], s[10:11], exec                         // 000000006474: 868A7E0A
	s_or_b64 s[10:11], s[12:13], s[10:11]                      // 000000006478: 878A0A0C
	s_andn2_saveexec_b64 s[8:9], s[8:9]                        // 00000000647C: BE882308
	s_cbranch_execnz 39                                        // 000000006480: BF890027 <ferric_qwen3_tp2_guarded_projection_residual_bf16_v2+0x420>
	s_or_b64 exec, exec, s[8:9]                                // 000000006484: 87FE087E
	s_andn2_b64 s[4:5], s[4:5], exec                           // 000000006488: 89847E04
	s_and_b64 s[8:9], s[10:11], exec                           // 00000000648C: 86887E0A
	s_or_b64 s[4:5], s[4:5], s[8:9]                            // 000000006490: 87840804
	s_or_b64 exec, exec, s[6:7]                                // 000000006494: 87FE067E
	s_andn2_b64 s[0:1], s[0:1], exec                           // 000000006498: 89807E00
	s_and_b64 s[4:5], s[4:5], exec                             // 00000000649C: 86847E04
	s_or_b64 s[0:1], s[0:1], s[4:5]                            // 0000000064A0: 87800400
	s_or_b64 exec, exec, s[2:3]                                // 0000000064A4: 87FE027E
	s_and_b64 s[2:3], s[0:1], exec                             // 0000000064A8: 86827E00
	s_andn2_saveexec_b64 s[0:1], s[14:15]                      // 0000000064AC: BE80230E
	s_cbranch_execnz 14                                        // 0000000064B0: BF89000E <ferric_qwen3_tp2_guarded_projection_residual_bf16_v2+0x3ec>
	s_or_b64 exec, exec, s[0:1]                                // 0000000064B4: 87FE007E
	s_branch 7                                                 // 0000000064B8: BF820007 <ferric_qwen3_tp2_guarded_projection_residual_bf16_v2+0x3d8>
	s_or_b64 s[2:3], s[2:3], exec                              // 0000000064BC: 87827E02
	s_trap 2                                                   // 0000000064C0: BF920002
	s_and_saveexec_b64 s[0:1], s[2:3]                          // 0000000064C4: BE802002
	s_cbranch_execnz 5                                         // 0000000064C8: BF890005 <ferric_qwen3_tp2_guarded_projection_residual_bf16_v2+0x3e0>
	s_endpgm                                                   // 0000000064CC: BF810000
	s_and_b64 vcc, exec, s[6:7]                                // 0000000064D0: 86EA067E
	s_cbranch_vccnz 65529                                      // 0000000064D4: BF87FFF9 <ferric_qwen3_tp2_guarded_projection_residual_bf16_v2+0x3bc>
	s_and_saveexec_b64 s[0:1], s[2:3]                          // 0000000064D8: BE802002
	s_cbranch_execz 65531                                      // 0000000064DC: BF88FFFB <ferric_qwen3_tp2_guarded_projection_residual_bf16_v2+0x3cc>
	s_endpgm                                                   // 0000000064E0: BF810000
	s_cbranch_execz 65532                                      // 0000000064E4: BF88FFFC <ferric_qwen3_tp2_guarded_projection_residual_bf16_v2+0x3d8>
	s_branch 65524                                             // 0000000064E8: BF82FFF4 <ferric_qwen3_tp2_guarded_projection_residual_bf16_v2+0x3bc>
	s_or_b64 s[2:3], s[2:3], exec                              // 0000000064EC: 87827E02
	s_trap 2                                                   // 0000000064F0: BF920002
	s_branch 65519                                             // 0000000064F4: BF82FFEF <ferric_qwen3_tp2_guarded_projection_residual_bf16_v2+0x3b4>
	s_mov_b64 s[0:1], exec                                     // 0000000064F8: BE80017E
	s_trap 2                                                   // 0000000064FC: BF920002
	s_andn2_saveexec_b64 s[2:3], s[2:3]                        // 000000006500: BE822302
	s_cbranch_execnz 65419                                     // 000000006504: BF89FF8B <ferric_qwen3_tp2_guarded_projection_residual_bf16_v2+0x234>
	s_branch 65510                                             // 000000006508: BF82FFE6 <ferric_qwen3_tp2_guarded_projection_residual_bf16_v2+0x3a4>
	s_trap 2                                                   // 00000000650C: BF920002
	s_or_b64 s[4:5], s[0:1], exec                              // 000000006510: 87847E00
	s_andn2_saveexec_b64 s[6:7], s[6:7]                        // 000000006514: BE862306
	s_cbranch_execnz 65435                                     // 000000006518: BF89FF9B <ferric_qwen3_tp2_guarded_projection_residual_bf16_v2+0x288>
	s_branch 65501                                             // 00000000651C: BF82FFDD <ferric_qwen3_tp2_guarded_projection_residual_bf16_v2+0x394>
	s_trap 2                                                   // 000000006520: BF920002
	s_or_b64 s[10:11], s[10:11], exec                          // 000000006524: 878A7E0A
	s_branch 65494                                             // 000000006528: BF82FFD6 <ferric_qwen3_tp2_guarded_projection_residual_bf16_v2+0x384>
	s_trap 2                                                   // 00000000652C: BF920002
	s_or_b64 s[10:11], s[4:5], exec                            // 000000006530: 878A7E04
	s_andn2_saveexec_b64 s[12:13], s[12:13]                    // 000000006534: BE8C230C
	s_cbranch_execnz 65478                                     // 000000006538: BF89FFC6 <ferric_qwen3_tp2_guarded_projection_residual_bf16_v2+0x354>
	s_branch 65483                                             // 00000000653C: BF82FFCB <ferric_qwen3_tp2_guarded_projection_residual_bf16_v2+0x36c>
	s_nop 0                                                    // 000000006540: BF800000
	s_nop 0                                                    // 000000006544: BF800000
	s_nop 0                                                    // 000000006548: BF800000
	s_nop 0                                                    // 00000000654C: BF800000
	s_nop 0                                                    // 000000006550: BF800000
	s_nop 0                                                    // 000000006554: BF800000
	s_nop 0                                                    // 000000006558: BF800000
	s_nop 0                                                    // 00000000655C: BF800000
	s_nop 0                                                    // 000000006560: BF800000
	s_nop 0                                                    // 000000006564: BF800000
	s_nop 0                                                    // 000000006568: BF800000
	s_nop 0                                                    // 00000000656C: BF800000
	s_nop 0                                                    // 000000006570: BF800000
	s_nop 0                                                    // 000000006574: BF800000
	s_nop 0                                                    // 000000006578: BF800000
	s_nop 0                                                    // 00000000657C: BF800000
	s_nop 0                                                    // 000000006580: BF800000
	s_nop 0                                                    // 000000006584: BF800000
	s_nop 0                                                    // 000000006588: BF800000
	s_nop 0                                                    // 00000000658C: BF800000
	s_nop 0                                                    // 000000006590: BF800000
	s_nop 0                                                    // 000000006594: BF800000
	s_nop 0                                                    // 000000006598: BF800000
	s_nop 0                                                    // 00000000659C: BF800000
	s_nop 0                                                    // 0000000065A0: BF800000
	s_nop 0                                                    // 0000000065A4: BF800000
	s_nop 0                                                    // 0000000065A8: BF800000
	s_nop 0                                                    // 0000000065AC: BF800000
	s_nop 0                                                    // 0000000065B0: BF800000
	s_nop 0                                                    // 0000000065B4: BF800000
	s_nop 0                                                    // 0000000065B8: BF800000
	s_nop 0                                                    // 0000000065BC: BF800000
	s_nop 0                                                    // 0000000065C0: BF800000
	s_nop 0                                                    // 0000000065C4: BF800000
	s_nop 0                                                    // 0000000065C8: BF800000
	s_nop 0                                                    // 0000000065CC: BF800000
	s_nop 0                                                    // 0000000065D0: BF800000
	s_nop 0                                                    // 0000000065D4: BF800000
	s_nop 0                                                    // 0000000065D8: BF800000
	s_nop 0                                                    // 0000000065DC: BF800000
	s_nop 0                                                    // 0000000065E0: BF800000
	s_nop 0                                                    // 0000000065E4: BF800000
	s_nop 0                                                    // 0000000065E8: BF800000
	s_nop 0                                                    // 0000000065EC: BF800000
	s_nop 0                                                    // 0000000065F0: BF800000
	s_nop 0                                                    // 0000000065F4: BF800000
	s_nop 0                                                    // 0000000065F8: BF800000
	s_nop 0                                                    // 0000000065FC: BF800000
	s_nop 0                                                    // 000000006600: BF800000
	s_nop 0                                                    // 000000006604: BF800000
	s_nop 0                                                    // 000000006608: BF800000
	s_nop 0                                                    // 00000000660C: BF800000
	s_nop 0                                                    // 000000006610: BF800000
	s_nop 0                                                    // 000000006614: BF800000
	s_nop 0                                                    // 000000006618: BF800000
	s_nop 0                                                    // 00000000661C: BF800000
	s_nop 0                                                    // 000000006620: BF800000
	s_nop 0                                                    // 000000006624: BF800000
	s_nop 0                                                    // 000000006628: BF800000
	s_nop 0                                                    // 00000000662C: BF800000
	s_nop 0                                                    // 000000006630: BF800000
	s_nop 0                                                    // 000000006634: BF800000
	s_nop 0                                                    // 000000006638: BF800000
	s_nop 0                                                    // 00000000663C: BF800000
	s_nop 0                                                    // 000000006640: BF800000
	s_nop 0                                                    // 000000006644: BF800000
	s_nop 0                                                    // 000000006648: BF800000
	s_nop 0                                                    // 00000000664C: BF800000
	s_nop 0                                                    // 000000006650: BF800000
	s_nop 0                                                    // 000000006654: BF800000
	s_nop 0                                                    // 000000006658: BF800000
	s_nop 0                                                    // 00000000665C: BF800000
	s_nop 0                                                    // 000000006660: BF800000
	s_nop 0                                                    // 000000006664: BF800000
	s_nop 0                                                    // 000000006668: BF800000
	s_nop 0                                                    // 00000000666C: BF800000
	s_nop 0                                                    // 000000006670: BF800000
	s_nop 0                                                    // 000000006674: BF800000
	s_nop 0                                                    // 000000006678: BF800000
	s_nop 0                                                    // 00000000667C: BF800000
	s_nop 0                                                    // 000000006680: BF800000
	s_nop 0                                                    // 000000006684: BF800000
	s_nop 0                                                    // 000000006688: BF800000
	s_nop 0                                                    // 00000000668C: BF800000
	s_nop 0                                                    // 000000006690: BF800000
	s_nop 0                                                    // 000000006694: BF800000
	s_nop 0                                                    // 000000006698: BF800000
	s_nop 0                                                    // 00000000669C: BF800000
	s_nop 0                                                    // 0000000066A0: BF800000
	s_nop 0                                                    // 0000000066A4: BF800000
	s_nop 0                                                    // 0000000066A8: BF800000
	s_nop 0                                                    // 0000000066AC: BF800000
	s_nop 0                                                    // 0000000066B0: BF800000
	s_nop 0                                                    // 0000000066B4: BF800000
	s_nop 0                                                    // 0000000066B8: BF800000
	s_nop 0                                                    // 0000000066BC: BF800000
	s_nop 0                                                    // 0000000066C0: BF800000
	s_nop 0                                                    // 0000000066C4: BF800000
	s_nop 0                                                    // 0000000066C8: BF800000
	s_nop 0                                                    // 0000000066CC: BF800000
	s_nop 0                                                    // 0000000066D0: BF800000
	s_nop 0                                                    // 0000000066D4: BF800000
	s_nop 0                                                    // 0000000066D8: BF800000
	s_nop 0                                                    // 0000000066DC: BF800000
	s_nop 0                                                    // 0000000066E0: BF800000
	s_nop 0                                                    // 0000000066E4: BF800000
	s_nop 0                                                    // 0000000066E8: BF800000
	s_nop 0                                                    // 0000000066EC: BF800000
	s_nop 0                                                    // 0000000066F0: BF800000
	s_nop 0                                                    // 0000000066F4: BF800000
	s_nop 0                                                    // 0000000066F8: BF800000
	s_nop 0                                                    // 0000000066FC: BF800000
	s_nop 0                                                    // 000000006700: BF800000
	s_nop 0                                                    // 000000006704: BF800000
	s_nop 0                                                    // 000000006708: BF800000
	s_nop 0                                                    // 00000000670C: BF800000
	s_nop 0                                                    // 000000006710: BF800000
	s_nop 0                                                    // 000000006714: BF800000
	s_nop 0                                                    // 000000006718: BF800000
	s_nop 0                                                    // 00000000671C: BF800000
	s_nop 0                                                    // 000000006720: BF800000
	s_nop 0                                                    // 000000006724: BF800000
	s_nop 0                                                    // 000000006728: BF800000
	s_nop 0                                                    // 00000000672C: BF800000
	s_nop 0                                                    // 000000006730: BF800000
	s_nop 0                                                    // 000000006734: BF800000
	s_nop 0                                                    // 000000006738: BF800000
	s_nop 0                                                    // 00000000673C: BF800000
	s_nop 0                                                    // 000000006740: BF800000
	s_nop 0                                                    // 000000006744: BF800000
	s_nop 0                                                    // 000000006748: BF800000
	s_nop 0                                                    // 00000000674C: BF800000
	s_nop 0                                                    // 000000006750: BF800000
	s_nop 0                                                    // 000000006754: BF800000
	s_nop 0                                                    // 000000006758: BF800000
	s_nop 0                                                    // 00000000675C: BF800000
	s_nop 0                                                    // 000000006760: BF800000
	s_nop 0                                                    // 000000006764: BF800000
	s_nop 0                                                    // 000000006768: BF800000
	s_nop 0                                                    // 00000000676C: BF800000
	s_nop 0                                                    // 000000006770: BF800000
	s_nop 0                                                    // 000000006774: BF800000
	s_nop 0                                                    // 000000006778: BF800000
	s_nop 0                                                    // 00000000677C: BF800000
	s_nop 0                                                    // 000000006780: BF800000
	s_nop 0                                                    // 000000006784: BF800000
	s_nop 0                                                    // 000000006788: BF800000
	s_nop 0                                                    // 00000000678C: BF800000
	s_nop 0                                                    // 000000006790: BF800000
	s_nop 0                                                    // 000000006794: BF800000
	s_nop 0                                                    // 000000006798: BF800000
	s_nop 0                                                    // 00000000679C: BF800000
	s_nop 0                                                    // 0000000067A0: BF800000
	s_nop 0                                                    // 0000000067A4: BF800000
	s_nop 0                                                    // 0000000067A8: BF800000
	s_nop 0                                                    // 0000000067AC: BF800000
	s_nop 0                                                    // 0000000067B0: BF800000
	s_nop 0                                                    // 0000000067B4: BF800000
	s_nop 0                                                    // 0000000067B8: BF800000
	s_nop 0                                                    // 0000000067BC: BF800000
	s_nop 0                                                    // 0000000067C0: BF800000
	s_nop 0                                                    // 0000000067C4: BF800000
	s_nop 0                                                    // 0000000067C8: BF800000
	s_nop 0                                                    // 0000000067CC: BF800000
	s_nop 0                                                    // 0000000067D0: BF800000
	s_nop 0                                                    // 0000000067D4: BF800000
	s_nop 0                                                    // 0000000067D8: BF800000
	s_nop 0                                                    // 0000000067DC: BF800000
	s_nop 0                                                    // 0000000067E0: BF800000
	s_nop 0                                                    // 0000000067E4: BF800000
	s_nop 0                                                    // 0000000067E8: BF800000
	s_nop 0                                                    // 0000000067EC: BF800000
	s_nop 0                                                    // 0000000067F0: BF800000
	s_nop 0                                                    // 0000000067F4: BF800000
	s_nop 0                                                    // 0000000067F8: BF800000
	s_nop 0                                                    // 0000000067FC: BF800000
	s_nop 0                                                    // 000000006800: BF800000
	s_nop 0                                                    // 000000006804: BF800000
	s_nop 0                                                    // 000000006808: BF800000
	s_nop 0                                                    // 00000000680C: BF800000
	s_nop 0                                                    // 000000006810: BF800000
	s_nop 0                                                    // 000000006814: BF800000
	s_nop 0                                                    // 000000006818: BF800000
	s_nop 0                                                    // 00000000681C: BF800000
	s_nop 0                                                    // 000000006820: BF800000
	s_nop 0                                                    // 000000006824: BF800000
	s_nop 0                                                    // 000000006828: BF800000
	s_nop 0                                                    // 00000000682C: BF800000
	s_nop 0                                                    // 000000006830: BF800000
	s_nop 0                                                    // 000000006834: BF800000
	s_nop 0                                                    // 000000006838: BF800000
	s_nop 0                                                    // 00000000683C: BF800000
	s_nop 0                                                    // 000000006840: BF800000
	s_nop 0                                                    // 000000006844: BF800000
	s_nop 0                                                    // 000000006848: BF800000
	s_nop 0                                                    // 00000000684C: BF800000
	s_nop 0                                                    // 000000006850: BF800000
	s_nop 0                                                    // 000000006854: BF800000
	s_nop 0                                                    // 000000006858: BF800000
	s_nop 0                                                    // 00000000685C: BF800000
	s_nop 0                                                    // 000000006860: BF800000
	s_nop 0                                                    // 000000006864: BF800000
	s_nop 0                                                    // 000000006868: BF800000
	s_nop 0                                                    // 00000000686C: BF800000
	s_nop 0                                                    // 000000006870: BF800000
	s_nop 0                                                    // 000000006874: BF800000
	s_nop 0                                                    // 000000006878: BF800000
	s_nop 0                                                    // 00000000687C: BF800000
	s_nop 0                                                    // 000000006880: BF800000
	s_nop 0                                                    // 000000006884: BF800000
	s_nop 0                                                    // 000000006888: BF800000
	s_nop 0                                                    // 00000000688C: BF800000
	s_nop 0                                                    // 000000006890: BF800000
	s_nop 0                                                    // 000000006894: BF800000
	s_nop 0                                                    // 000000006898: BF800000
	s_nop 0                                                    // 00000000689C: BF800000
	s_nop 0                                                    // 0000000068A0: BF800000
	s_nop 0                                                    // 0000000068A4: BF800000
	s_nop 0                                                    // 0000000068A8: BF800000
	s_nop 0                                                    // 0000000068AC: BF800000
	s_nop 0                                                    // 0000000068B0: BF800000
	s_nop 0                                                    // 0000000068B4: BF800000
	s_nop 0                                                    // 0000000068B8: BF800000
	s_nop 0                                                    // 0000000068BC: BF800000
	s_nop 0                                                    // 0000000068C0: BF800000
	s_nop 0                                                    // 0000000068C4: BF800000
	s_nop 0                                                    // 0000000068C8: BF800000
	s_nop 0                                                    // 0000000068CC: BF800000
	s_nop 0                                                    // 0000000068D0: BF800000
	s_nop 0                                                    // 0000000068D4: BF800000
	s_nop 0                                                    // 0000000068D8: BF800000
	s_nop 0                                                    // 0000000068DC: BF800000
	s_nop 0                                                    // 0000000068E0: BF800000
	s_nop 0                                                    // 0000000068E4: BF800000
	s_nop 0                                                    // 0000000068E8: BF800000
	s_nop 0                                                    // 0000000068EC: BF800000
	s_nop 0                                                    // 0000000068F0: BF800000
	s_nop 0                                                    // 0000000068F4: BF800000
	s_nop 0                                                    // 0000000068F8: BF800000
	s_nop 0                                                    // 0000000068FC: BF800000
	s_nop 0                                                    // 000000006900: BF800000
	s_nop 0                                                    // 000000006904: BF800000
	s_nop 0                                                    // 000000006908: BF800000
	s_nop 0                                                    // 00000000690C: BF800000
	s_nop 0                                                    // 000000006910: BF800000
	s_nop 0                                                    // 000000006914: BF800000
	s_nop 0                                                    // 000000006918: BF800000
	s_nop 0                                                    // 00000000691C: BF800000
	s_nop 0                                                    // 000000006920: BF800000
	s_nop 0                                                    // 000000006924: BF800000
	s_nop 0                                                    // 000000006928: BF800000
	s_nop 0                                                    // 00000000692C: BF800000
	s_nop 0                                                    // 000000006930: BF800000
	s_nop 0                                                    // 000000006934: BF800000
	s_nop 0                                                    // 000000006938: BF800000
	s_nop 0                                                    // 00000000693C: BF800000
