closure_profile_v1::tests::aggregate_wrappers_cannot_hide_borrowed_or_raw_capture_authority: test
closure_profile_v1::tests::closure_body_receiver_is_not_a_new_host_callable: test
closure_profile_v1::tests::collection_import_continuity_binds_presence_function_body_and_live_target: test
closure_profile_v1::tests::device_internal_fn_fnmut_and_fnonce_lower_to_bounded_static_calls: test
closure_profile_v1::tests::elided_stateless::elided_stateless_closure_observed_optimized_origin_is_exact: test
closure_profile_v1::tests::elided_stateless::elided_stateless_closure_rejects_candidate_and_alias_writers: test
closure_profile_v1::tests::elided_stateless::elided_stateless_closure_rejects_nonempty_including_zero_sized_captures: test
closure_profile_v1::tests::elided_stateless::elided_stateless_closure_rejects_nonmatching_static_calls: test
closure_profile_v1::tests::elided_stateless::elided_stateless_closure_rejects_projection_escape_and_drop: test
closure_profile_v1::tests::elided_stateless::elided_stateless_closure_requires_call_and_exact_revalidation: test
closure_profile_v1::tests::host_registration_has_exact_by_value_environment_and_static_once_call: test
closure_profile_v1::tests::rust_call_body::real_rust_call_bodies_construct_and_reject_argument_substitution: test
closure_profile_v1::tests::rust_call_source_signatures_match_real_body_locals_and_instance_abis: test
closure_profile_v1::tests::unsupported_authority_escape_and_dispatch_paths_fail_closed: test
collector::atomic_inline_origin_v1_tests::actual_rustc_cas_core_type_identity_survives_reexports_and_rejects_spoofs: test
collector::atomic_inline_origin_v1_tests::actual_rustc_cas_dead_origin_does_not_cover_live_or_unrelated_formatting: test
collector::atomic_inline_origin_v1_tests::actual_rustc_provider_shaped_cas_result_predicates_retain_source_checks: test
collector::atomic_inline_origin_v1_tests::actual_rustc_result_predicate_provenance_rejects_foreign_types_bodies_and_unsafe_source: test
collector::atomic_inline_origin_v1_tests::actual_rustc_strong_u32_cas_has_exact_intrinsic_recipe: test
collector::atomic_inline_origin_v1_tests::actual_rustc_strong_u32_cas_retains_source_origin_checks: test
collector::atomic_inline_origin_v1_tests::atomic_inline_origin_cache_preserves_uncovered_same_instance: test
collector::atomic_inline_origin_v1_tests::atomic_inline_origin_direct_roster_edge_remains_audited: test
collector::atomic_inline_origin_v1_tests::atomic_inline_origin_real_load_replays_reviewed_wrapper: test
collector::atomic_inline_origin_v1_tests::atomic_inline_origin_rejects_other_width_and_store: test
collector::atomic_inline_origin_v1_tests::atomic_inline_origin_requires_exact_immediate_occurrence: test
collector::atomic_inline_origin_v1_tests::atomic_inline_origin_unsafe_callback_remains_rejected: test
collector::closure_failure_diagnostic_v1::tests::closure_failure_diagnostic_cap_preserves_utf8_and_latches_exhaustion: test
collector::closure_failure_diagnostic_v1::tests::closure_failure_diagnostic_envelope_stays_within_cap: test
collector::closure_failure_diagnostic_v1::tests::closure_failure_diagnostic_exact_cap_and_one_short_are_distinct: test
collector::closure_failure_diagnostic_v1::tests::closure_failure_diagnostic_output_failure_is_returned_without_panic: test
collector::closure_failure_diagnostic_v1::tests::closure_failure_diagnostic_render_error_remains_inert: test
collector::inline_origin_diagnostic_v1::tests::inline_origin_diagnostic_distinguishes_direct_and_lexical_descendant_uses: test
collector::inline_origin_diagnostic_v1::tests::inline_origin_diagnostic_empty_and_unused_scopes_have_no_live_uses: test
collector::inline_origin_diagnostic_v1::tests::inline_origin_diagnostic_exact_and_short_traversal_limits_preserve_prefix: test
collector::inline_origin_diagnostic_v1::tests::inline_origin_diagnostic_invalid_parents_and_cycles_are_explicit: test
collector::inline_origin_diagnostic_v1::tests::inline_origin_diagnostic_json_rows_and_envelope_remain_bounded: test
collector::inline_origin_diagnostic_v1::tests::inline_origin_diagnostic_observes_normalized_real_mir_scopes: test
collector::inline_origin_diagnostic_v1::tests::inline_origin_diagnostic_quiet_and_failed_output_do_not_escape_observer: test
collector::kernel_context_auth_v1::flow::tests::duplicate_unused_copied_and_substituted_contexts_reject: test
collector::kernel_context_auth_v1::flow::tests::entry_local_bound_is_exact: test
collector::kernel_context_auth_v1::flow::tests::entry_parameter_bound_and_signature_agreement_are_exact: test
collector::kernel_context_auth_v1::flow::tests::issued_value_moves_through_temporaries_and_arguments_remain_ordered: test
collector::kernel_context_frontend_v1::tests::source_payload_is_bounded_before_copying: test
collector::native_callback_profile_v1_tests::native_callback_profile_baseline_retains_nontrivial_closure: test
collector::native_callback_profile_v1_tests::native_callback_profile_expanded_unsafe_closure_remains_rejected: test
collector::native_callback_profile_v1_tests::native_callback_profile_external_provenance_gap_remains_rejected: test
collector::native_callback_profile_v1_tests::native_callback_profile_hint4096_expands_exact_observable_callback: test
collector::native_callback_profile_v1_tests::native_callback_profile_runtime_function_pointer_remains_rejected: test
collector::production_importer_v1::tests::count_preflight_rejects_before_semantic_record_allocation: test
collector::production_importer_v1::tests::disjoint_block_component_terminal_rejects_unrepresentable_rust_signatures: test
collector::production_importer_v1::tests::root_custody_comparison_rejects_every_sequence_substitution: test
collector::production_importer_v1::tests::terminal_operation_identity_preserves_independent_histories_and_versions_combined_use: test
collector::production_importer_v1::tests::tiled_geometry_requires_finite_equal_products: test
collector::production_importer_v1::typed_default_tests::semantic_source_launch_inventory_marker_frames_presence_and_every_identity_bit: test
collector::production_importer_v1::typed_default_tests::semantic_source_launch_inventory_uses_exact_v2_domain: test
collector::production_importer_v1::typed_default_tests::semantic_source_launch_marker_keeps_export_guards_and_error_order: test
collector::production_importer_v1::typed_default_tests::semantic_source_launch_preserves_explicit_bounds_without_defaulting: test
collector::production_importer_v1::typed_default_tests::semantic_source_launch_preserves_resources_and_assembly_and_rejects_mismatch: test
collector::production_importer_v1::typed_default_tests::semantic_source_launch_resolves_only_authenticated_typed_defaults: test
collector::production_importer_v1::validation_failure_v1::tests::validation_failure_diagnostic_buffer_enforces_exact_cap_and_latched_exhaustion: test
collector::production_importer_v1::validation_failure_v1::tests::validation_failure_diagnostic_handles_partial_writes_and_output_failure: test
collector::production_importer_v1::validation_failure_v1::tests::validation_failure_diagnostic_quiet_routing_and_failed_output_are_non_authorizing: test
collector::production_importer_v1::validation_failure_v1::tests::validation_failure_diagnostic_rejects_utf8_chunk_without_partial_copy: test
collector::production_importer_v1::validation_failure_v1::tests::validation_failure_diagnostic_retains_both_summaries_and_source_ids: test
collector::production_importer_v1::validation_failure_v1::tests::validation_failure_diagnostic_truncates_oversized_tag_with_terminal_status: test
collector::static_fndef_source_origin_v1_tests::static_fndef_origin_observed_optimized_shim_audits_original_target: test
collector::static_fndef_source_origin_v1_tests::static_fndef_origin_preserves_ordinary_item_closure_audit: test
collector::static_fndef_source_origin_v1_tests::static_fndef_origin_rejects_dynamic_and_other_call_trait_shims: test
collector::static_fndef_source_origin_v1_tests::static_fndef_origin_rejects_malformed_identity_and_arguments: test
collector::static_fndef_source_origin_v1_tests::static_fndef_origin_requires_exact_original_roster_target: test
collector::static_fndef_source_origin_v1_tests::static_fndef_origin_rooted_cycle_visits_each_origin_once: test
collector::static_fndef_source_origin_v1_tests::static_fndef_origin_unsafe_callback_body_keeps_rooted_rejection: test
collector::tests::authenticated_kernel_owner_rejects_owner_profile_and_build_mutations: test
collector::tests::duplicate_logical_and_export_names_fail_closed: test
collector::tests::duplicate_target_identities_fail_closed: test
collector::tests::general_typed_launch_accepts_required_only_exact_profiles_and_rejects_ambiguity: test
collector::tests::general_v3_registration_carries_the_complete_profile_identity: test
collector::tests::general_v3_rejects_profile_binding_identity_and_version_mutations: test
collector::tests::general_v3_roots_are_ordered_independently_of_registration_discovery: test
collector::tests::generic_typed_registration_identity_and_host_symbol_fail_closed: test
collector::tests::genuine_v1_registration_becomes_a_kernel_root: test
collector::tests::inconsistent_item_or_target_associations_fail_closed: test
collector::tests::kernel_prefix_spoof_without_registration_is_not_a_root: test
collector::tests::malformed_magic_and_unknown_version_or_kind_fail_closed: test
collector::tests::multiple_kernels_are_sorted_deterministically: test
collector::tests::predecessor_call_chains_reconstruct_without_per_node_prefix_copies: test
collector::tests::production_entry_receives_target_without_reading_process_state: test
collector::tests::production_registration_surface_accepts_v1_and_generic_v3: test
collector::tests::reachable_assembly_reconciliation_is_exact_and_target_bound: test
collector::tests::source_safety_call_chains_are_reconstructed_per_root: test
collector::tests::typed_argument_lists_are_owned_and_not_fixed_to_three_arguments: test
collector::tests::typed_argument_lists_reject_empty_and_oversized_collections: test
compiler_descriptor::finite_join_conditional_v1::tests::conditional_finite_join_descriptor_grouped_source_round_trip_grants_no_authority: test
compiler_descriptor::finite_join_conditional_v1::tests::conditional_finite_join_descriptor_live_owner_is_not_ordinary_formal_admission: test
compiler_descriptor::finite_join_conditional_v1::tests::conditional_finite_join_descriptor_live_owner_reaches_full_builder_without_authority: test
compiler_descriptor::finite_join_conditional_v1::tests::conditional_finite_join_descriptor_live_owner_rejects_geometry_and_target_mutants: test
compiler_descriptor::finite_join_conditional_v1::tests::conditional_finite_join_descriptor_live_owner_rejects_physical_role_mutants: test
compiler_descriptor::finite_join_conditional_v1::tests::conditional_finite_join_descriptor_live_owner_rejects_root_identity_mutants: test
compiler_descriptor::finite_join_conditional_v1::tests::conditional_finite_join_descriptor_rejects_pointer_type_space_and_access_mutants: test
compiler_descriptor::finite_join_conditional_v1::tests::conditional_finite_join_descriptor_rejects_root_alias_order_and_count_mutants: test
compiler_descriptor::finite_join_conditional_v1::tests::conditional_finite_join_descriptor_rejects_shifted_group_offsets: test
compiler_descriptor::finite_join_conditional_v1::tests::conditional_finite_join_descriptor_requires_exact_three_role_abi: test
compiler_descriptor::finite_join_view_v1::tests::finite_join_descriptor_view_keeps_one_source_and_heterogeneous_roles: test
compiler_descriptor::finite_join_view_v1::tests::finite_join_descriptor_view_rejects_slot_and_representation_substitution: test
compiler_descriptor::finite_join_view_v1::tests::finite_join_descriptor_view_rejects_source_and_role_substitution: test
compiler_descriptor::finite_join_view_v1::tests::finite_join_inert_descriptor_correlates_abi_roles_and_source: test
compiler_descriptor::finite_join_view_v1::tests::finite_join_inert_descriptor_does_not_authorize_alias_or_execution: test
compiler_descriptor::finite_join_view_v1::tests::finite_join_inert_descriptor_rejects_field_and_range_substitution: test
compiler_descriptor::multiwave_join_conditional_v1::tests::conditional_multiwave_join_descriptor_live_owner_rejects_geometry_and_target_changes: test
compiler_descriptor::multiwave_join_conditional_v1::tests::conditional_multiwave_join_descriptor_live_owner_rejects_pointer_type_space_and_access: test
compiler_descriptor::multiwave_join_conditional_v1::tests::conditional_multiwave_join_descriptor_live_owner_rejects_same_type_root_alias_order_and_count: test
compiler_descriptor::multiwave_join_conditional_v1::tests::conditional_multiwave_join_descriptor_live_owner_rejects_source_and_deferred_layout_mutants: test
compiler_descriptor::multiwave_join_conditional_v1::tests::conditional_multiwave_join_descriptor_live_owner_retains_exact_three_role_abi_without_authority: test
compiler_descriptor::multiwave_join_conditional_v1::tests::multiwave_join_descriptor_rejects_input_payload_and_state_type_or_access_swap: test
compiler_descriptor::multiwave_join_conditional_v1::tests::multiwave_join_descriptor_rejects_key_and_qkv_source_profile_substitution: test
compiler_descriptor::multiwave_join_conditional_v1::tests::multiwave_join_descriptor_rejects_xnack_and_code_object_version_substitution: test
compiler_descriptor::multiwave_join_conditional_v1::tests::multiwave_join_descriptor_requires_consistent_explicit_target_markers: test
compiler_descriptor::multiwave_join_conditional_v1::tests::multiwave_join_descriptor_requires_single_root_and_closed_function_roster: test
compiler_descriptor::tests::atomic_slice_descriptor_does_not_discharge_aliases_from_shared_rust_ownership: test
compiler_descriptor::tests::atomic_slice_descriptor_requires_exact_readwrite_u32_global_slice: test
compiler_descriptor::tests::bfloat16_does_not_bypass_exact_matrix_extension_admission: test
compiler_descriptor::tests::constructs_two_differing_generic_v3_descriptors: test
compiler_descriptor::tests::constructs_workload_neutral_gfx942_descriptor: test
compiler_descriptor::tests::descriptor_admits_target_neutral_diagnostics_only_with_exact_target_binding: test
compiler_descriptor::tests::descriptor_capabilities_admit_only_the_exact_gfx942_diagnostic_contract: test
compiler_descriptor::tests::descriptor_pair_binding_accepts_reordered_complete_roster: test
compiler_descriptor::tests::descriptor_pair_binding_preserves_earlier_refusal_order: test
compiler_descriptor::tests::descriptor_pair_binding_rejects_swap_that_preserves_both_legacy_sets: test
compiler_descriptor::tests::exact_kernel_ir_atomic_requirement_projects_to_descriptor_atomics: test
compiler_descriptor::tests::exact_target_implies_bfloat16_without_matrix_authority: test
compiler_descriptor::tests::finite_join_grouped_roots_have_no_inert_descriptor_fallback: test
compiler_descriptor::tests::general_v3_contract_field_names_are_identity_bound_and_lookalikes_stay_positional: test
compiler_descriptor::tests::production_descriptor_requires_exact_global_mut_pointer_kernel_type: test
compiler_descriptor::tests::production_semantic_root_roster_rejects_missing_duplicate_and_substituted_bindings: test
compiler_descriptor::tests::production_semantic_root_roster_requires_exact_pairwise_binding_order: test
compiler_descriptor::tests::profile_constructor_preserves_rank_xyz_grid_and_flat_geometry: test
compiler_descriptor::tests::raw_modules_stay_unbound_and_exact_inputs_change_evidence: test
compiler_descriptor::tests::rejects_partial_closures_wrong_cov_and_unrepresentable_capabilities: test
compiler_descriptor::tests::rust_ownership_only_discharges_aliases_involving_exclusive_arguments: test
compiler_descriptor::tests::semantic_type_identity_is_bound_to_argument_order: test
compiler_descriptor::tests::semantic_type_identity_substitution_fails_with_identical_abi_evidence: test
compiler_descriptor::tests::synthetic_generic_roots_retain_distinct_argument_counts: test
compiler_descriptor::tests::wave_task_six_roots_have_no_ordinary_or_three_root_descriptor_fallback: test
compiler_descriptor::wave_mlp_task_conditional_v1::tests::conditional_wave_mlp_descriptor_live_owner_rejects_geometry_and_target_changes: test
compiler_descriptor::wave_mlp_task_conditional_v1::tests::conditional_wave_mlp_descriptor_live_owner_rejects_pointer_type_space_and_access: test
compiler_descriptor::wave_mlp_task_conditional_v1::tests::conditional_wave_mlp_descriptor_live_owner_rejects_same_type_root_alias_order_and_count: test
compiler_descriptor::wave_mlp_task_conditional_v1::tests::conditional_wave_mlp_descriptor_live_owner_rejects_source_and_deferred_layout_mutants: test
compiler_descriptor::wave_mlp_task_conditional_v1::tests::conditional_wave_mlp_descriptor_live_owner_retains_exact_eleven_role_abi_without_authority: test
compiler_descriptor::wave_mlp_task_conditional_v1::tests::mlp_descriptor_rejects_key_and_qkv_source_profile_substitution: test
compiler_descriptor::wave_mlp_task_conditional_v1::tests::mlp_descriptor_rejects_weight_output_and_state_type_or_access_swap: test
compiler_descriptor::wave_mlp_task_conditional_v1::tests::mlp_descriptor_rejects_xnack_and_code_object_version_substitution: test
compiler_descriptor::wave_mlp_task_conditional_v1::tests::mlp_descriptor_requires_consistent_explicit_target_markers: test
compiler_descriptor::wave_mlp_task_conditional_v1::tests::mlp_descriptor_requires_single_root_and_closed_function_roster: test
compiler_descriptor::wave_mlp_tile_conditional_v2::tests::conditional_wave_mlp_descriptor_live_owner_rejects_geometry_and_target_changes: test
compiler_descriptor::wave_mlp_tile_conditional_v2::tests::conditional_wave_mlp_descriptor_live_owner_rejects_pointer_type_space_and_access: test
compiler_descriptor::wave_mlp_tile_conditional_v2::tests::conditional_wave_mlp_descriptor_live_owner_rejects_same_type_root_alias_order_and_count: test
compiler_descriptor::wave_mlp_tile_conditional_v2::tests::conditional_wave_mlp_descriptor_live_owner_rejects_source_and_deferred_layout_mutants: test
compiler_descriptor::wave_mlp_tile_conditional_v2::tests::conditional_wave_mlp_descriptor_live_owner_retains_exact_eleven_role_abi_without_authority: test
compiler_descriptor::wave_mlp_tile_conditional_v2::tests::mlp_tile_descriptor_rejects_key_and_qkv_source_profile_substitution: test
compiler_descriptor::wave_mlp_tile_conditional_v2::tests::mlp_tile_descriptor_rejects_weight_output_and_state_type_or_access_swap: test
compiler_descriptor::wave_mlp_tile_conditional_v2::tests::mlp_tile_descriptor_rejects_xnack_and_code_object_version_substitution: test
compiler_descriptor::wave_mlp_tile_conditional_v2::tests::mlp_tile_descriptor_requires_consistent_explicit_target_markers: test
compiler_descriptor::wave_mlp_tile_conditional_v2::tests::mlp_tile_descriptor_requires_single_root_and_closed_function_roster: test
compiler_descriptor::wave_qkv_attention_output_task_conditional_v5::tests::conditional_wave_attention_descriptor_live_owner_rejects_geometry_and_target_changes: test
compiler_descriptor::wave_qkv_attention_output_task_conditional_v5::tests::conditional_wave_attention_descriptor_live_owner_rejects_pointer_type_space_and_access: test
compiler_descriptor::wave_qkv_attention_output_task_conditional_v5::tests::conditional_wave_attention_descriptor_live_owner_rejects_same_type_root_alias_order_and_count: test
compiler_descriptor::wave_qkv_attention_output_task_conditional_v5::tests::conditional_wave_attention_descriptor_live_owner_rejects_source_and_deferred_layout_mutants: test
compiler_descriptor::wave_qkv_attention_output_task_conditional_v5::tests::conditional_wave_attention_output_descriptor_live_owner_retains_exact_fifteen_role_abi_without_authority: test
compiler_descriptor::wave_qkv_attention_output_task_conditional_v5::tests::qkv_attention_output_descriptor_rejects_key_and_qkv_source_profile_substitution: test
compiler_descriptor::wave_qkv_attention_output_task_conditional_v5::tests::qkv_attention_output_descriptor_rejects_rotary_metadata_and_state_type_or_access_swap: test
compiler_descriptor::wave_qkv_attention_output_task_conditional_v5::tests::qkv_attention_output_descriptor_rejects_xnack_and_code_object_version_substitution: test
compiler_descriptor::wave_qkv_attention_output_task_conditional_v5::tests::qkv_attention_output_descriptor_requires_consistent_explicit_target_markers: test
compiler_descriptor::wave_qkv_attention_output_task_conditional_v5::tests::qkv_attention_output_descriptor_requires_single_root_and_closed_function_roster: test
compiler_descriptor::wave_qkv_attention_output_tile_conditional_v6::tests::conditional_wave_attention_descriptor_live_owner_rejects_geometry_and_target_changes: test
compiler_descriptor::wave_qkv_attention_output_tile_conditional_v6::tests::conditional_wave_attention_descriptor_live_owner_rejects_pointer_type_space_and_access: test
compiler_descriptor::wave_qkv_attention_output_tile_conditional_v6::tests::conditional_wave_attention_descriptor_live_owner_rejects_same_type_root_alias_order_and_count: test
compiler_descriptor::wave_qkv_attention_output_tile_conditional_v6::tests::conditional_wave_attention_descriptor_live_owner_rejects_source_and_deferred_layout_mutants: test
compiler_descriptor::wave_qkv_attention_output_tile_conditional_v6::tests::conditional_wave_attention_output_descriptor_live_owner_retains_exact_fifteen_role_abi_without_authority: test
compiler_descriptor::wave_qkv_attention_output_tile_conditional_v6::tests::qkv_attention_output_descriptor_rejects_key_and_qkv_source_profile_substitution: test
compiler_descriptor::wave_qkv_attention_output_tile_conditional_v6::tests::qkv_attention_output_descriptor_rejects_rotary_metadata_and_state_type_or_access_swap: test
compiler_descriptor::wave_qkv_attention_output_tile_conditional_v6::tests::qkv_attention_output_descriptor_rejects_xnack_and_code_object_version_substitution: test
compiler_descriptor::wave_qkv_attention_output_tile_conditional_v6::tests::qkv_attention_output_descriptor_requires_consistent_explicit_target_markers: test
compiler_descriptor::wave_qkv_attention_output_tile_conditional_v6::tests::qkv_attention_output_descriptor_requires_single_root_and_closed_function_roster: test
compiler_descriptor::wave_qkv_attention_task_conditional_v4::tests::conditional_wave_attention_descriptor_live_owner_rejects_geometry_and_target_changes: test
compiler_descriptor::wave_qkv_attention_task_conditional_v4::tests::conditional_wave_attention_descriptor_live_owner_rejects_pointer_type_space_and_access: test
compiler_descriptor::wave_qkv_attention_task_conditional_v4::tests::conditional_wave_attention_descriptor_live_owner_rejects_same_type_root_alias_order_and_count: test
compiler_descriptor::wave_qkv_attention_task_conditional_v4::tests::conditional_wave_attention_descriptor_live_owner_rejects_source_and_deferred_layout_mutants: test
compiler_descriptor::wave_qkv_attention_task_conditional_v4::tests::conditional_wave_attention_descriptor_live_owner_retains_exact_thirteen_role_abi_without_authority: test
compiler_descriptor::wave_qkv_attention_task_conditional_v4::tests::qkv_attention_descriptor_rejects_key_and_qkv_source_profile_substitution: test
compiler_descriptor::wave_qkv_attention_task_conditional_v4::tests::qkv_attention_descriptor_rejects_rotary_metadata_and_state_type_or_access_swap: test
compiler_descriptor::wave_qkv_attention_task_conditional_v4::tests::qkv_attention_descriptor_rejects_xnack_and_code_object_version_substitution: test
compiler_descriptor::wave_qkv_attention_task_conditional_v4::tests::qkv_attention_descriptor_requires_consistent_explicit_target_markers: test
compiler_descriptor::wave_qkv_attention_task_conditional_v4::tests::qkv_attention_descriptor_requires_single_root_and_closed_function_roster: test
compiler_descriptor::wave_qkv_post_task_conditional_v3::tests::conditional_wave_post_descriptor_live_owner_rejects_geometry_and_target_changes: test
compiler_descriptor::wave_qkv_post_task_conditional_v3::tests::conditional_wave_post_descriptor_live_owner_rejects_pointer_type_space_and_access: test
compiler_descriptor::wave_qkv_post_task_conditional_v3::tests::conditional_wave_post_descriptor_live_owner_rejects_same_type_root_alias_order_and_count: test
compiler_descriptor::wave_qkv_post_task_conditional_v3::tests::conditional_wave_post_descriptor_live_owner_rejects_source_and_deferred_layout_mutants: test
compiler_descriptor::wave_qkv_post_task_conditional_v3::tests::conditional_wave_post_descriptor_live_owner_retains_exact_twelve_role_abi_without_authority: test
compiler_descriptor::wave_qkv_post_task_conditional_v3::tests::qkv_post_descriptor_rejects_key_and_qkv_source_profile_substitution: test
compiler_descriptor::wave_qkv_post_task_conditional_v3::tests::qkv_post_descriptor_rejects_rotary_metadata_and_state_type_or_access_swap: test
compiler_descriptor::wave_qkv_post_task_conditional_v3::tests::qkv_post_descriptor_rejects_xnack_and_code_object_version_substitution: test
compiler_descriptor::wave_qkv_post_task_conditional_v3::tests::qkv_post_descriptor_requires_consistent_explicit_target_markers: test
compiler_descriptor::wave_qkv_post_task_conditional_v3::tests::qkv_post_descriptor_requires_single_root_and_closed_function_roster: test
compiler_descriptor::wave_qkv_task_conditional_v2::tests::conditional_wave_descriptor_live_owner_rejects_geometry_and_target_changes: test
compiler_descriptor::wave_qkv_task_conditional_v2::tests::conditional_wave_descriptor_live_owner_rejects_pointer_type_space_and_access: test
compiler_descriptor::wave_qkv_task_conditional_v2::tests::conditional_wave_descriptor_live_owner_rejects_same_type_root_alias_order_and_count: test
compiler_descriptor::wave_qkv_task_conditional_v2::tests::conditional_wave_descriptor_live_owner_rejects_source_and_deferred_layout_mutants: test
compiler_descriptor::wave_qkv_task_conditional_v2::tests::conditional_wave_descriptor_live_owner_retains_exact_six_role_abi_without_authority: test
compiler_descriptor::wave_qkv_task_conditional_v2::tests::qkv_descriptor_rejects_key_profile_despite_equal_physical_abi: test
compiler_descriptor::wave_qkv_task_conditional_v2::tests::qkv_descriptor_rejects_xnack_and_code_object_version_substitution: test
compiler_descriptor::wave_qkv_task_conditional_v2::tests::qkv_descriptor_requires_consistent_explicit_target_markers: test
compiler_descriptor::wave_task_conditional_v1::tests::conditional_wave_descriptor_closed_roster_accepts_canonical_imports_at_any_ordinal: test
compiler_descriptor::wave_task_conditional_v1::tests::conditional_wave_descriptor_closed_roster_builds_live_descriptor_with_canonical_imports: test
compiler_descriptor::wave_task_conditional_v1::tests::conditional_wave_descriptor_closed_roster_keeps_live_owner_rejections: test
compiler_descriptor::wave_task_conditional_v1::tests::conditional_wave_descriptor_closed_roster_keeps_singleton_entry: test
compiler_descriptor::wave_task_conditional_v1::tests::conditional_wave_descriptor_closed_roster_preserves_complete_module_and_ids: test
compiler_descriptor::wave_task_conditional_v1::tests::conditional_wave_descriptor_closed_roster_rejects_additional_defined_helpers: test
compiler_descriptor::wave_task_conditional_v1::tests::conditional_wave_descriptor_closed_roster_rejects_duplicate_entry_and_import_ids: test
compiler_descriptor::wave_task_conditional_v1::tests::conditional_wave_descriptor_closed_roster_rejects_entry_role_and_body_mutants: test
compiler_descriptor::wave_task_conditional_v1::tests::conditional_wave_descriptor_closed_roster_rejects_intrinsic_identity_as_entry: test
compiler_descriptor::wave_task_conditional_v1::tests::conditional_wave_descriptor_closed_roster_rejects_intrinsic_role_or_body_spoofing: test
compiler_descriptor::wave_task_conditional_v1::tests::conditional_wave_descriptor_closed_roster_rejects_intrinsic_signature_changes: test
compiler_descriptor::wave_task_conditional_v1::tests::conditional_wave_descriptor_closed_roster_rejects_missing_or_wrong_entry: test
compiler_descriptor::wave_task_conditional_v1::tests::conditional_wave_descriptor_closed_roster_rejects_ordinary_and_prefix_spoof_imports: test
compiler_descriptor::wave_task_conditional_v1::tests::conditional_wave_descriptor_closed_roster_requires_exact_intrinsic_capabilities: test
compiler_descriptor::wave_task_conditional_v1::tests::conditional_wave_descriptor_live_owner_rejects_geometry_and_target_changes: test
compiler_descriptor::wave_task_conditional_v1::tests::conditional_wave_descriptor_live_owner_rejects_pointer_type_space_and_access: test
compiler_descriptor::wave_task_conditional_v1::tests::conditional_wave_descriptor_live_owner_rejects_same_type_root_alias_order_and_count: test
compiler_descriptor::wave_task_conditional_v1::tests::conditional_wave_descriptor_live_owner_rejects_source_and_deferred_layout_mutants: test
compiler_descriptor::wave_task_conditional_v1::tests::conditional_wave_descriptor_live_owner_retains_exact_six_role_abi_without_authority: test
compiler_descriptor::wave_task_storage_view_v1::tests::actual_post_v35_root_correspondence_rejects_fact_erasure: test
compiler_descriptor::wave_task_storage_view_v1::tests::attention_facts_match_thirteen_roots_but_never_grant_execution: test
compiler_descriptor::wave_task_storage_view_v1::tests::attention_facts_reject_argument_substitutions_and_full_abi_mismatch: test
compiler_descriptor::wave_task_storage_view_v1::tests::attention_facts_reject_each_extent_and_same_width_scalar_substitution: test
compiler_descriptor::wave_task_storage_view_v1::tests::attention_output_facts_match_fifteen_roots_but_never_grant_execution: test
compiler_descriptor::wave_task_storage_view_v1::tests::attention_output_facts_reject_argument_substitutions_and_full_abi_mismatch: test
compiler_descriptor::wave_task_storage_view_v1::tests::attention_output_facts_reject_each_extent_and_same_width_scalar_substitution: test
compiler_descriptor::wave_task_storage_view_v1::tests::mlp_facts_match_eleven_roots_but_never_grant_execution: test
compiler_descriptor::wave_task_storage_view_v1::tests::mlp_facts_reject_argument_substitutions_and_full_abi_mismatch: test
compiler_descriptor::wave_task_storage_view_v1::tests::mlp_facts_reject_each_extent_and_same_width_scalar_substitution: test
compiler_descriptor::wave_task_storage_view_v1::tests::mlp_tile_facts_match_eleven_roots_but_never_grant_execution: test
compiler_descriptor::wave_task_storage_view_v1::tests::mlp_tile_facts_reject_argument_substitutions_and_full_abi_mismatch: test
compiler_descriptor::wave_task_storage_view_v1::tests::mlp_tile_facts_reject_each_extent_and_same_width_scalar_substitution: test
compiler_descriptor::wave_task_storage_view_v1::tests::mlp_tile_same_carrier_legacy_facts_cannot_be_combined_or_substituted: test
compiler_descriptor::wave_task_storage_view_v1::tests::multiwave_join_facts_match_three_roots_but_never_grant_execution: test
compiler_descriptor::wave_task_storage_view_v1::tests::multiwave_join_facts_reject_argument_substitutions_and_full_abi_mismatch: test
compiler_descriptor::wave_task_storage_view_v1::tests::multiwave_join_facts_reject_each_extent_and_same_width_scalar_substitution: test
compiler_descriptor::wave_task_storage_view_v1::tests::multiwave_join_legacy_facts_cannot_be_combined_or_substituted: test
compiler_descriptor::wave_task_storage_view_v1::tests::post_facts_match_twelve_roots_but_never_grant_execution: test
compiler_descriptor::wave_task_storage_view_v1::tests::post_facts_reject_argument_substitutions_and_full_abi_mismatch: test
compiler_descriptor::wave_task_storage_view_v1::tests::post_facts_reject_each_extent_and_same_width_scalar_substitution: test
compiler_descriptor::wave_task_storage_view_v1::tests::prefix_tile_facts_match_fifteen_roots_but_never_grant_execution: test
compiler_descriptor::wave_task_storage_view_v1::tests::prefix_tile_facts_reject_argument_substitutions_and_full_abi_mismatch: test
compiler_descriptor::wave_task_storage_view_v1::tests::prefix_tile_facts_reject_each_extent_and_same_width_scalar_substitution: test
compiler_descriptor::wave_task_storage_view_v1::tests::prefix_tile_facts_reject_v5_equal_carrier_and_non284_state: test
compiler_descriptor::wave_task_storage_view_v1::tests::qkv_deferred_facts_preserve_profile_and_refuse_execution_and_alias_discharge: test
compiler_descriptor::wave_task_storage_view_v1::tests::wave_source_facts_cannot_authorize_zero_byte_execution_or_runtime_aliasing: test
compiler_descriptor::wave_task_storage_view_v1::tests::wave_source_facts_compare_full_fnabi_mode_and_source_role: test
compiler_descriptor::wave_task_storage_view_v1::tests::wave_source_facts_reject_argument_identity_ordinal_and_layout_substitution: test
compiler_descriptor::wave_task_storage_view_v1::tests::wave_source_facts_reject_backend_array_alignment_and_uninhabited_marker_mutations: test
compiler_descriptor::wave_task_storage_view_v1::tests::wave_source_facts_reject_each_root_extent_and_wrong_role: test
compiler_descriptor::wave_task_storage_view_v1::tests::wave_source_facts_reject_non_atomic_state_and_semantic_identity_changes: test
compiler_descriptor::wave_task_storage_view_v1::tests::wave_source_facts_reject_nonexact_deferred_registration: test
compiler_descriptor::wave_task_storage_view_v1::tests::wave_source_facts_retain_six_roots_without_a_physical_abi: test
compiler_ffi_adapter::tests::exact_semantic_identity_parser_rejects_noncanonical_hex: test
device_ffi::tests::abstract_contract_set_is_canonical_and_preserves_source_ownership: test
device_ffi::tests::canonical_marker_round_trips: test
device_ffi::tests::closed_graph_adapts_to_one_complete_neutral_envelope: test
device_ffi::tests::duplicate_abstract_providers_fail_with_stable_ownership: test
device_ffi::tests::duplicate_and_conflicting_symbol_sets_are_rejected: test
device_ffi::tests::every_marker_field_is_hash_bound: test
device_ffi::tests::final_closure_reapplies_the_contract_count_bound: test
device_ffi::tests::host_only_and_unresolved_imports_fail_closed: test
device_ffi::tests::malformed_markers_fail_closed_without_panicking: test
device_ffi::tests::marker_direction_requires_exact_canonical_decimal_spelling: test
device_ffi::tests::reserved_symbols_and_effect_address_space_mismatches_fail_closed: test
device_ffi::tests::rustc_marker_parser_matches_the_shared_device_ffi_golden_corpus: test
device_ffi::tests::same_symbol_contract_mismatches_and_link_role_swaps_fail_closed: test
device_ffi::tests::target_version_and_semantic_spoofing_fail_closed: test
kernel_ir_codegen::production_symbol_closure_tests::gfx942_diagnostic_intrinsics_are_not_link_imports: test
monomorphization_dead::tests::chained_constant_decisions_remove_only_their_closed_region: test
monomorphization_dead::tests::exclusion_requires_loss_of_original_entry_reachability: test
monomorphization_dead::tests::policy_reachable_import_set_closes_unreachable_to_excluded_edges: test
production_canonical_phase_policy_v1::tests::canonical_phase_logical_ledger_preserves_exact_limits_and_history: test
production_canonical_phase_policy_v1::tests::canonical_phase_policy_has_exact_typed_limits: test
production_geometry_v1::tests::barrier_capability_does_not_authorize_workgroup_memory: test
production_geometry_v1::tests::derives_checked_static_lds_bytes_and_workgroup_capability: test
production_geometry_v1::tests::derives_one_two_three_dimensional_and_multi_wave_geometry: test
production_geometry_v1::tests::exact_matrix_permission_requires_the_exact_extension: test
production_geometry_v1::tests::reachable_call_closure_is_cycle_safe_and_rejects_missing_callees: test
production_geometry_v1::tests::reachable_helper_resources_are_counted_and_unreachable_resources_are_excluded: test
production_geometry_v1::tests::rejects_dynamic_and_overflowing_workgroup_memory: test
production_geometry_v1::tests::rejects_dynamic_descriptor_lds_and_nonidentical_source_bounds: test
production_geometry_v1::tests::rejects_missing_mismatched_and_wrong_rank_kir_geometry: test
production_geometry_v1::tests::rejects_source_and_kir_static_lds_mismatch: test
production_geometry_v1::tests::static_extent_check_rejects_zero_axis_before_rounding: test
production_geometry_v1::tests::static_grid_rounding_accepts_limits_and_rejects_excess_blocks: test
production_geometry_v1::tests::target_limits_and_invalid_lds_alignment_fail_closed: test
production_pipeline::conditional_formal_tests::actual_attention_output_v37_reaches_formal_archive_and_outer_lineage_replay: test
production_pipeline::conditional_formal_tests::actual_attention_v36_reaches_formal_archive_and_outer_lineage_replay: test
production_pipeline::conditional_formal_tests::actual_mlp_v38_reaches_formal_archive_and_outer_lineage_replay: test
production_pipeline::conditional_formal_tests::actual_mlp_v39_reaches_formal_archive_and_outer_lineage_replay: test
production_pipeline::conditional_formal_tests::actual_multiwave_v40_reaches_formal_archive_and_outer_lineage_replay: test
production_pipeline::conditional_formal_tests::actual_post_v35_reaches_formal_archive_and_outer_lineage_replay: test
production_pipeline::conditional_formal_tests::actual_prefix_tile_v41_reaches_formal_archive_and_outer_lineage_replay: test
production_pipeline::conditional_formal_tests::attention_output_pipeline_rejects_non_gfx950_target: test
production_pipeline::conditional_formal_tests::attention_output_pipeline_retains_distinct_profile_and_outer_replay: test
production_pipeline::conditional_formal_tests::conditional_formal_pipeline_keeps_v2_and_protected_handoffs_closed: test
production_pipeline::conditional_formal_tests::conditional_formal_pipeline_rejects_non_gfx950_target: test
production_pipeline::conditional_formal_tests::mlp_pipeline_rejects_non_gfx950_target: test
production_pipeline::conditional_formal_tests::mlp_pipeline_retains_distinct_profile_and_outer_replay: test
production_pipeline::conditional_formal_tests::mlp_tile_pipeline_rejects_non_gfx950_target: test
production_pipeline::conditional_formal_tests::mlp_tile_pipeline_retains_distinct_profile_and_outer_replay: test
production_pipeline::conditional_formal_tests::multiwave_pipeline_rejects_non_gfx950_target: test
production_pipeline::conditional_formal_tests::multiwave_pipeline_retains_distinct_profile_and_outer_replay: test
production_pipeline::conditional_formal_tests::post_formal_pipeline_keeps_distinct_profile_and_ordinary_handoffs_closed: test
production_pipeline::conditional_formal_tests::post_formal_pipeline_rejects_gfx942_before_retaining_formal_owner: test
production_pipeline::conditional_formal_tests::prefix_tile_pipeline_refuses_ordinary_debug_ownership: test
production_pipeline::conditional_formal_tests::prefix_tile_pipeline_rejects_non_gfx950_target: test
production_pipeline::conditional_formal_tests::prefix_tile_pipeline_retains_distinct_profile_and_outer_replay: test
production_pipeline::conditional_formal_tests::qkv_formal_pipeline_retains_distinct_owner_and_keeps_protected_paths_closed: test
production_pipeline::conditional_formal_tests::wave_formal_live_constructor_refuses_an_unreserved_source_floor: test
production_pipeline::conditional_formal_tests::wave_formal_live_owner_keeps_exact_raw_facts_geometry_and_unresolved_requirements: test
production_pipeline::conditional_formal_tests::wave_formal_live_pipeline_keeps_wrong_target_and_ordinary_handoffs_closed: test
production_pipeline::conditional_formal_tests::wave_formal_live_replay_exact_and_short_budgets_preserve_incoming_prefixes: test
production_pipeline::diagnostic_semantic_capture_v1::tests::semantic_capture_absent_opt_in_is_inert: test
production_pipeline::diagnostic_semantic_capture_v1::tests::semantic_capture_byte_cap_is_inclusive_and_rejects_before_creation: test
production_pipeline::diagnostic_semantic_capture_v1::tests::semantic_capture_path_failures_are_bounded_and_do_not_create_parents: test
production_pipeline::diagnostic_semantic_capture_v1::tests::semantic_capture_preserves_exact_canonical_bytes_identity_and_admission: test
production_pipeline::diagnostic_semantic_capture_v1::tests::semantic_capture_receipt_write_failure_returns_without_panicking: test
production_pipeline::diagnostic_semantic_capture_v1::tests::semantic_capture_refuses_overwrite_and_symlink_without_changing_old_bytes: test
production_pipeline::tests::conditional_formal_errors_preserve_exact_sources: test
production_pipeline::tests::custom_llvm_configuration_is_terminal_before_construction: test
production_pipeline::tests::every_production_entry_crosses_the_same_pre_ranked_materialization_stage: test
production_pipeline::tests::explicit_v2_simulation_export_requires_complete_source_capture: test
production_pipeline::tests::extraction_custody_cannot_enter_protected_publication: test
production_pipeline::tests::finite_join_ownership_has_no_single_root_debug_mapping: test
production_pipeline::tests::finite_join_storage_cannot_disappear_as_an_ignored_parameter: test
production_pipeline::tests::host_only_and_device_dispositions_are_exact: test
production_pipeline::tests::post_storage_never_uses_an_ordinary_debug_storage_mapping: test
production_pipeline::tests::private_production_implementation_is_unversioned: test
production_pipeline::tests::process_isolated_extraction_uses_the_production_transaction: test
production_pipeline::tests::production_backend_authenticates_target_before_monomorphization: test
production_pipeline::tests::production_layout_binding_rejects_noncanonical_headers: test
production_pipeline::tests::production_layout_binding_uses_the_measured_worker_spelling: test
production_pipeline::tests::production_module_contains_no_profile_selection_vocabulary: test
production_pipeline::tests::production_publication_has_one_protected_custody_path: test
production_pipeline::tests::production_target_lowering_uses_shared_replayable_transforms: test
production_pipeline::tests::ranked_roster_receipt_reaches_complete_module_kir_authority: test
production_pipeline::tests::referenced_kernels_complete_all_functional_gates_before_checked_attachment: test
production_pipeline::tests::target_workgroup_roster_rejects_empty_and_missing_entries_without_omission: test
production_pipeline::tests::wave_storage_ownership_has_no_ordinary_debug_storage_mapping: test
production_pipeline::tests::worker_layout_protected_prepare_rejects_llvm23: test
production_pipeline::tests::worker_publication_cannot_bypass_general_pliron_checks: test
production_policy::tests::obsolete_pipeline_selector_is_rejected_first: test
production_policy::tests::qualification_oracle_is_absent_from_the_production_backend: test
production_policy::tests::unset_environment_accepts_the_only_production_compiler: test
production_ranked_projection_v1::cold_compile_error_tests::boxed_assert_provenance_preserves_missing_source_and_condition_details: test
production_ranked_projection_v1::cold_compile_error_tests::boxed_callable_provenance_preserves_call_site_priority_and_context: test
production_ranked_projection_v1::cold_compile_error_tests::boxed_drop_provenance_preserves_expansion_fallback_and_drop_glue: test
production_ranked_projection_v1::cold_compile_error_tests::boxed_projection_compile_preserves_display_and_concrete_source_identity: test
production_ranked_projection_v1::cold_compile_error_tests::boxed_reference_compile_preserves_display_and_absent_wrapper_source: test
production_ranked_projection_v1::cold_compile_error_tests::private_projection_errors_keep_cold_payloads_out_of_result_storage: test
production_ranked_projection_v1::cold_compile_error_tests::projection_reference_join_keeps_the_original_wrapper_in_its_error_chain: test
production_ranked_projection_v1::tests::accumulator_join_preserves_one_authenticated_loop_carried_producer: test
production_ranked_projection_v1::tests::address_escaped_checked_results_cannot_prove_overflow_assertions: test
production_ranked_projection_v1::tests::address_escaped_constants_cannot_elide_non_bounds_assertions: test
production_ranked_projection_v1::tests::address_escaped_induction_and_aliases_fail_closed_at_production_entry: test
production_ranked_projection_v1::tests::address_escaped_induction_bound_dependency_fails_closed: test
production_ranked_projection_v1::tests::address_escaped_pipeline_index_cache_is_not_authority: test
production_ranked_projection_v1::tests::address_taken_values_are_not_proved_stable_across_indirect_writes_or_calls: test
production_ranked_projection_v1::tests::admitted_ranked_projection_handles_a_deep_reverse_constant_chain: test
production_ranked_projection_v1::tests::adversarial_capability_state_growth_has_explicit_budgets: test
production_ranked_projection_v1::tests::aliases_and_comparisons_captured_before_a_write_do_not_prove_the_new_value: test
production_ranked_projection_v1::tests::alternate_predecessor_cannot_enter_an_authenticated_some_target: test
production_ranked_projection_v1::tests::assertion_alias_production_path_handles_a_long_chain_without_recursion: test
production_ranked_projection_v1::tests::assertion_projected_range_bounds_cycles_and_shared_work: test
production_ranked_projection_v1::tests::assertion_projected_range_joins_all_matching_constructors: test
production_ranked_projection_v1::tests::assertion_projected_range_nested_snapshot_proves_checked_index: test
production_ranked_projection_v1::tests::assertion_projected_range_preserves_typed_snapshot_boundaries: test
production_ranked_projection_v1::tests::assertion_projected_range_rejects_mutation_epochs_and_escape: test
production_ranked_projection_v1::tests::assertion_projected_range_rejects_post_guard_mutation_and_bypasses: test
production_ranked_projection_v1::tests::assertion_projected_range_requires_current_variant_guards: test
production_ranked_projection_v1::tests::assertion_projected_range_revalidates_nested_loop_guards: test
production_ranked_projection_v1::tests::assertion_proof_cache_is_bounded_and_overwrites_without_growth: test
production_ranked_projection_v1::tests::atomic_compare_exchange_projects_both_candidates_and_address_effects: test
production_ranked_projection_v1::tests::atomic_rmw_projects_result_one_atomic_address_effect_and_value: test
production_ranked_projection_v1::tests::authenticated_bf16_conversions_are_pure_total_scalar_dependencies: test
production_ranked_projection_v1::tests::authenticated_gfx950_fp4_mfma_derives_the_exact_ranked_tensor_layout: test
production_ranked_projection_v1::tests::authenticated_literal_subtraction_bounds_paged_query_position: test
production_ranked_projection_v1::tests::authenticated_literal_subtraction_rejects_signed_unmatched_and_exhausted_forms: test
production_ranked_projection_v1::tests::authenticated_literal_subtraction_requires_exact_stable_dominating_success: test
production_ranked_projection_v1::tests::authenticated_literal_subtraction_success_bounds_do_not_prove_the_producer: test
production_ranked_projection_v1::tests::authenticated_mfma_producers_derive_independent_storage_and_zero_fill: test
production_ranked_projection_v1::tests::authenticated_pure_checked_constructor_projects_all_scalar_dependencies: test
production_ranked_projection_v1::tests::authenticated_ranked_projection_exposes_versioned_live_and_inert_induction_evidence: test
production_ranked_projection_v1::tests::authenticated_singleton_pointer_projects_a_rank_one_atomic_object: test
production_ranked_projection_v1::tests::authenticated_source_ownership_distinguishes_borrows_owners_and_raw_pointers: test
production_ranked_projection_v1::tests::authenticated_source_ownership_mismatches_fail_closed: test
production_ranked_projection_v1::tests::authenticated_strided_read_producer_selects_total_failure_only_for_readonly_view: test
production_ranked_projection_v1::tests::blocked_launch_bound_checks_the_last_thread_and_component_without_wrapping: test
production_ranked_projection_v1::tests::body_control_threads_typed_induction_over_a_duplicate_switch_target: test
production_ranked_projection_v1::tests::branch_form_rust_bounds_checks_accept_both_canonical_boolean_encodings: test
production_ranked_projection_v1::tests::cached_checked_bound_alias_requires_exact_definition_dominance_and_stability: test
production_ranked_projection_v1::tests::cached_pipeline_induction_reauthenticates_address_custody: test
production_ranked_projection_v1::tests::call_operands_consume_capabilities_even_without_a_known_producer: test
production_ranked_projection_v1::tests::canonical_assertion_graph_tests::canonical_budget_callback_keeps_storage_limit_and_error_cleanup: test
production_ranked_projection_v1::tests::canonical_assertion_graph_tests::canonical_budget_callback_propagates_shared_work_exhaustion: test
production_ranked_projection_v1::tests::canonical_assertion_graph_tests::canonical_budget_callback_reborrows_the_production_ledger: test
production_ranked_projection_v1::tests::canonical_assertion_graph_tests::canonical_budget_callback_rejects_synthetic_facts_without_invoking_body: test
production_ranked_projection_v1::tests::canonical_assertion_graph_tests::genuine_absent_source_assertion_is_not_queried_or_relabelled_elided: test
production_ranked_projection_v1::tests::canonical_assertion_graph_tests::genuine_binding_rejects_changed_polarity_success_and_source_alias: test
production_ranked_projection_v1::tests::canonical_assertion_graph_tests::genuine_checked_induction_retains_its_separate_source_progress_proof: test
production_ranked_projection_v1::tests::canonical_assertion_graph_tests::genuine_dynamic_argument_is_not_a_proof: test
production_ranked_projection_v1::tests::canonical_assertion_graph_tests::genuine_escaped_constants_and_checked_results_do_not_supply_assertion_proofs: test
production_ranked_projection_v1::tests::canonical_assertion_graph_tests::genuine_literal_and_alias_assertions_use_exact_bool_polarity: test
production_ranked_projection_v1::tests::canonical_assertion_graph_tests::genuine_one_site_query_exact_and_one_under_work_preserve_its_floor: test
production_ranked_projection_v1::tests::canonical_assertion_graph_tests::genuine_opposing_graph_bool_overrides_a_claimed_source_proof: test
production_ranked_projection_v1::tests::canonical_assertion_graph_tests::genuine_present_block_without_an_assert_origin_rejects_a_query: test
production_ranked_projection_v1::tests::canonical_assertion_graph_tests::genuine_wrapped_root_uses_selected_body_assertion_coordinates: test
production_ranked_projection_v1::tests::canonical_assertion_graph_tests::graph_session_restores_caller_floor_on_success_early_and_late_errors: test
production_ranked_projection_v1::tests::canonical_assertion_graph_tests::legacy_scope_tests::legacy_scope_requires_both_borrowed_payloads_before_any_callback_or_work: test
production_ranked_projection_v1::tests::canonical_assertion_graph_tests::legacy_scope_tests::legacy_unwind_restores_the_floor_and_preserves_history_and_original_payload: test
production_ranked_projection_v1::tests::canonical_assertion_graph_tests::legacy_scope_tests::private_array_assertion_fixture_remains_rejected_by_both_attachment_routes: test
production_ranked_projection_v1::tests::canonical_assertion_graph_tests::legacy_scope_tests::same_legacy_owner_preserves_graph_and_canonical_buffers_through_projection_and_attachment: test
production_ranked_projection_v1::tests::canonical_assertion_graph_tests::materialized_aggregate_helper_effects_do_not_grant_scalar_value_equivalence: test
production_ranked_projection_v1::tests::canonical_assertion_graph_tests::materialized_helper_effect_roster_scan_has_an_exact_work_boundary: test
production_ranked_projection_v1::tests::canonical_assertion_graph_tests::private_decision_helper_never_overrides_an_opposing_graph_constant: test
production_ranked_projection_v1::tests::canonical_assertion_graph_tests::projected_edges_cannot_reach_an_absent_materialized_block: test
production_ranked_projection_v1::tests::capability_alias_cycle_terminates_with_exact_edge_charge: test
production_ranked_projection_v1::tests::capability_alias_worklist_processes_each_charged_edge_once: test
production_ranked_projection_v1::tests::capability_cfg_successor_deduplication_is_deterministic_and_resource_bounded: test
production_ranked_projection_v1::tests::capability_on_only_one_predecessor_becomes_invalid_at_the_join: test
production_ranked_projection_v1::tests::capability_state_storage_accepts_the_exact_bound_before_fallible_clone: test
production_ranked_projection_v1::tests::cfg_block_cap_preserves_fixed_graph_work_and_edge_caps: test
production_ranked_projection_v1::tests::cfg_block_limit_diagnostic_callable_summary_has_no_fabricated_root: test
production_ranked_projection_v1::tests::cfg_block_limit_diagnostic_context_leaves_other_errors_unchanged: test
production_ranked_projection_v1::tests::cfg_block_limit_diagnostic_counts_unreachable_declared_blocks: test
production_ranked_projection_v1::tests::cfg_block_limit_diagnostic_exact_limit_preserves_graph_acceptance: test
production_ranked_projection_v1::tests::cfg_block_limit_diagnostic_over_limit_preserves_both_refusals: test
production_ranked_projection_v1::tests::cfg_block_limit_diagnostic_precedes_work_without_changing_budget: test
production_ranked_projection_v1::tests::cfg_block_limit_diagnostic_root_is_bounded_and_escaped: test
production_ranked_projection_v1::tests::cfg_block_limit_diagnostic_zero_preserves_both_refusals: test
production_ranked_projection_v1::tests::cfg_compaction_atomic_and_predicate_refusals_unchanged: test
production_ranked_projection_v1::tests::cfg_compaction_differential_checks_effects_and_traps: test
production_ranked_projection_v1::tests::cfg_compaction_edge_budget_remains_independent: test
production_ranked_projection_v1::tests::cfg_compaction_exact_block_boundary_and_next_refusal: test
production_ranked_projection_v1::tests::cfg_compaction_live_induction_layout_unchanged: test
production_ranked_projection_v1::tests::cfg_compaction_mixed_failure_layout: test
production_ranked_projection_v1::tests::cfg_compaction_multiple_semantic_blocks_preserve_traces: test
production_ranked_projection_v1::tests::cfg_compaction_source_wave_and_generated_identity: test
production_ranked_projection_v1::tests::cfg_compaction_unreachable_and_zero_eligible_unchanged: test
production_ranked_projection_v1::tests::cfg_projected_block_limit_diagnostic_context_is_bounded: test
production_ranked_projection_v1::tests::cfg_projected_block_limit_diagnostic_exact_and_next_boundaries: test
production_ranked_projection_v1::tests::cfg_projected_block_limit_diagnostic_expansion_counts_and_identity: test
production_ranked_projection_v1::tests::checked_arithmetic_range_proofs_follow_exact_field_zero_results: test
production_ranked_projection_v1::tests::checked_binary_projects_copy_and_move_operand_reads_in_order: test
production_ranked_projection_v1::tests::checked_induction_rejects_mutated_assertion_semantics: test
production_ranked_projection_v1::tests::checked_induction_replays_its_exact_overflow_assertion_and_success_edge: test
production_ranked_projection_v1::tests::checked_option_switch_uses_variant_values_independent_of_target_order: test
production_ranked_projection_v1::tests::checked_overflow_field_cannot_be_projected_as_an_unsigned_bound_value: test
production_ranked_projection_v1::tests::checked_phase_count_bound_rejects_missing_or_substituted_assertion_authority: test
production_ranked_projection_v1::tests::checked_phase_count_bound_requires_and_replays_its_exact_overflow_assertion: test
production_ranked_projection_v1::tests::checked_pipeline_authority_cannot_launder_an_unsafe_ordinary_dependency: test
production_ranked_projection_v1::tests::checked_pipeline_reconstruction_preserves_loop_induction_identity: test
production_ranked_projection_v1::tests::checked_pipeline_scalar_cannot_bypass_authority_as_an_induction_bound: test
production_ranked_projection_v1::tests::checked_pipeline_scalar_rejects_value_erasing_cast_origins: test
production_ranked_projection_v1::tests::checked_pipeline_scalar_requires_the_same_exact_overflow_authority: test
production_ranked_projection_v1::tests::checked_pipeline_scalar_success_edge_must_dominate_the_exact_use_site: test
production_ranked_projection_v1::tests::checked_product_operand_accepts_one_stable_projected_definition: test
production_ranked_projection_v1::tests::checked_product_operand_rejects_substituted_or_unstable_locals: test
production_ranked_projection_v1::tests::checked_reference_dereference_requires_the_authenticated_some_branch: test
production_ranked_projection_v1::tests::checked_reference_provenance_covers_only_the_exact_pointee: test
production_ranked_projection_v1::tests::checked_result_range_production_path_handles_a_deep_expression_graph: test
production_ranked_projection_v1::tests::checked_scalar_helper_rejects_forged_carrier_shapes_and_projections: test
production_ranked_projection_v1::tests::checked_shared_read_constructor_attenuates_writable_shared_abi_authority: test
production_ranked_projection_v1::tests::column_major_b_load_requires_its_exact_view_role_layout_and_wave: test
production_ranked_projection_v1::tests::column_major_b_preserves_register_layout_but_has_distinct_source_identity: test
production_ranked_projection_v1::tests::compared_zero_guard_dominates_fresh_rust_remainder_assertion: test
production_ranked_projection_v1::tests::comparison_predicate_accepts_canonical_single_explicit_boolean_target: test
production_ranked_projection_v1::tests::compatible_atomic_effect_does_not_require_an_invocation_derived_coordinate: test
production_ranked_projection_v1::tests::compiler_middle_end_owner_keeps_live_variant_selection_and_all_functional_joins: test
production_ranked_projection_v1::tests::compiler_middle_end_owner_preserves_exact_legacy_v5_bytes_and_replay: test
production_ranked_projection_v1::tests::conflicting_capability_def_use_paths_fail_closed: test
production_ranked_projection_v1::tests::conservative_allocation_effect_retains_exact_semantic_correspondence: test
production_ranked_projection_v1::tests::constant_aliases_resolve_once_in_linear_time: test
production_ranked_projection_v1::tests::constant_slice_from_end_is_rejected_without_runtime_subtraction_proof: test
production_ranked_projection_v1::tests::constant_slice_literal_guard_rejects_bypass_and_mutation: test
production_ranked_projection_v1::tests::constant_slice_literal_guard_rejects_forged_comparison_and_length: test
production_ranked_projection_v1::tests::constant_slice_literal_guard_requires_exact_unsigned_64_bit_scalar: test
production_ranked_projection_v1::tests::constant_slice_literal_keeps_exact_constant_and_dynamic_extent: test
production_ranked_projection_v1::tests::constant_slice_missing_or_wrong_literal_guard_cannot_authorize_read: test
production_ranked_projection_v1::tests::consumed_read_only_audits_writes_and_escapes_before_and_after_conversion: test
production_ranked_projection_v1::tests::consumed_read_only_does_not_reanimate_dead_or_overwritten_views: test
production_ranked_projection_v1::tests::consumed_read_only_extent_and_audit_budgets_fail_closed: test
production_ranked_projection_v1::tests::consumed_read_only_original_argument_copy_consumes_the_exact_custody: test
production_ranked_projection_v1::tests::consumed_read_only_overwrite_with_distinct_root_rejects_even_identical_view_types: test
production_ranked_projection_v1::tests::consumed_read_only_rejects_unknown_calls_tailcalls_and_projected_uses: test
production_ranked_projection_v1::tests::consumed_read_only_rejects_weakened_root_or_conversion_identity: test
production_ranked_projection_v1::tests::consumed_read_only_retains_exclusive_origin_extent_and_total_read: test
production_ranked_projection_v1::tests::consumed_read_only_shared_reference_copy_is_exact_root_preserving: test
production_ranked_projection_v1::tests::consumed_read_only_source_reuse_and_duplicate_conversion_fail_closed: test
production_ranked_projection_v1::tests::consumed_read_only_successor_custody_has_cumulative_exact_work_budget: test
production_ranked_projection_v1::tests::consumed_read_only_transparent_moves_preserve_root_but_copied_temporaries_do_not: test
production_ranked_projection_v1::tests::consumed_read_only_unrelated_intrinsic_never_inherits_receiver_authority: test
production_ranked_projection_v1::tests::consumed_read_only_view_loops_and_source_storage_markers_remain_supported: test
production_ranked_projection_v1::tests::control_selected_definitions_include_the_exact_selector_dependency: test
production_ranked_projection_v1::tests::copy_and_move_transfer_capability_exactly_once: test
production_ranked_projection_v1::tests::cyclic_or_multiply_defined_indices_are_not_constants: test
production_ranked_projection_v1::tests::defined_scalar_helper_admits_only_exact_fabs_compiler_intrinsic: test
production_ranked_projection_v1::tests::defined_scalar_helper_admits_only_proven_checked_scalar_carriers: test
production_ranked_projection_v1::tests::defined_scalar_helper_audits_unreachable_effects: test
production_ranked_projection_v1::tests::defined_scalar_helper_chain_has_an_exact_empty_effect_summary: test
production_ranked_projection_v1::tests::defined_scalar_helper_rejects_a_hidden_compiler_intrinsic: test
production_ranked_projection_v1::tests::defined_scalar_helper_rejects_a_transitive_memory_effect: test
production_ranked_projection_v1::tests::defined_scalar_helper_rejects_missing_function_ids_for_calls_and_tail_calls: test
production_ranked_projection_v1::tests::defined_scalar_helper_rejects_recursion: test
production_ranked_projection_v1::tests::defined_zero_sized_helper_requires_recursive_pointer_free_no_effect_body: test
production_ranked_projection_v1::tests::derived_induction_bound_that_can_wrap_its_source_type_fails_closed: test
production_ranked_projection_v1::tests::deterministic_disjoint_control_is_never_marked_lane_uniform: test
production_ranked_projection_v1::tests::deterministic_divisor_diagnostics_keep_innermost_assignment_and_root: test
production_ranked_projection_v1::tests::deterministic_divisor_diagnostics_preserve_nonzero_literal_acceptance: test
production_ranked_projection_v1::tests::deterministic_divisor_root_diagnostic_is_bounded_and_escaped: test
production_ranked_projection_v1::tests::deterministic_scalar_projection_preserves_divide_add_dependencies_and_switch_values: test
production_ranked_projection_v1::tests::deterministic_scalar_projection_rejects_one_missing_dependency: test
production_ranked_projection_v1::tests::deterministic_scalar_projection_rejects_partial_dynamic_or_zero_division: test
production_ranked_projection_v1::tests::deterministic_scalar_summary_rejects_drop_terminators: test
production_ranked_projection_v1::tests::direct_borrow_preserves_only_an_authenticated_exclusive_owner: test
production_ranked_projection_v1::tests::direct_launch_geometry_is_dynamic_uniform_context_on_every_axis: test
production_ranked_projection_v1::tests::direct_uniform_induction_is_live_only_inside_its_loop: test
production_ranked_projection_v1::tests::discriminant_and_deinitialize_places_are_not_silently_skipped: test
production_ranked_projection_v1::tests::duplicate_capability_cfg_successors_are_charged_once_and_merged_once: test
production_ranked_projection_v1::tests::dynamic_local_array_access_is_guarded_private_and_readonly: test
production_ranked_projection_v1::tests::dynamic_local_array_and_slice_guards_share_authenticated_component_indices: test
production_ranked_projection_v1::tests::dynamic_local_array_ranked_guard_retains_exact_literal_and_kind: test
production_ranked_projection_v1::tests::dynamic_local_array_ranked_guards_reject_forged_or_stale_history: test
production_ranked_projection_v1::tests::dynamic_parameter_induction_projects_to_legal_ranked_ssa_edges: test
production_ranked_projection_v1::tests::enum_payload_ambiguity_checked_reference_rejects_both_orders_and_late_aliases: test
production_ranked_projection_v1::tests::enum_payload_ambiguity_grid_rejects_both_orders_and_late_aliases: test
production_ranked_projection_v1::tests::enum_payload_ambiguity_index_rejects_both_orders_and_late_aliases: test
production_ranked_projection_v1::tests::enum_payload_ambiguity_ordinary_scalar_rewrap_has_no_capability: test
production_ranked_projection_v1::tests::enum_payload_ambiguity_ordinary_scalar_rewrap_keeps_unrelated_index: test
production_ranked_projection_v1::tests::enum_payload_ambiguity_rejecting_edges_keep_exact_existing_cap: test
production_ranked_projection_v1::tests::enum_payload_ambiguity_unique_checked_reference_keeps_origin: test
production_ranked_projection_v1::tests::enum_payload_ambiguity_unique_grid_keeps_guarded_projection: test
production_ranked_projection_v1::tests::enum_payload_ambiguity_unique_index_keeps_exact_value: test
production_ranked_projection_v1::tests::enum_payload_branch_with_an_alternate_predecessor_is_not_authenticated: test
production_ranked_projection_v1::tests::enum_payload_dominance_tracks_only_the_exact_variant_branch: test
production_ranked_projection_v1::tests::enum_transport_nesting_has_an_explicit_resource_bound: test
production_ranked_projection_v1::tests::enum_transport_rejects_wrong_variant_extra_fields_and_bypass_join: test
production_ranked_projection_v1::tests::every_authenticated_global_fragment_load_emits_a_read_even_when_unused: test
production_ranked_projection_v1::tests::exact_enum_transport_preserves_capability_through_nested_wrappers: test
production_ranked_projection_v1::tests::exact_private_local_reborrow_is_authenticated_zero_effect_address_formation: test
production_ranked_projection_v1::tests::exact_product_witness_rejects_a_wider_checked_type: test
production_ranked_projection_v1::tests::exact_transparent_scalar_carrier_has_a_deterministic_empty_summary: test
production_ranked_projection_v1::tests::exact_trap_side_exit_through_transparent_shim_preserves_uniform_induction: test
production_ranked_projection_v1::tests::explicit_or_dereferenced_unranked_memory_fails_closed: test
production_ranked_projection_v1::tests::explicit_zero_one_switch_elides_only_an_empty_unreachable_fallback: test
production_ranked_projection_v1::tests::finite_join_allocation_tests_v1::finite_join_generated_effects_keep_exact_canonical_role_inventory: test
production_ranked_projection_v1::tests::finite_join_allocation_tests_v1::finite_join_generated_effects_preserve_unrelated_generated_rows: test
production_ranked_projection_v1::tests::finite_join_allocation_tests_v1::finite_join_generated_effects_reject_duplicate_or_occupied_call_site: test
production_ranked_projection_v1::tests::finite_join_allocation_tests_v1::finite_join_generated_effects_reject_mutated_source_and_role_roots: test
production_ranked_projection_v1::tests::finite_join_allocation_tests_v1::finite_join_generated_recipe_binds_type_identity_not_only_type_ordinal: test
production_ranked_projection_v1::tests::finite_join_allocation_tests_v1::finite_join_generated_recipe_distinguishes_same_type_source_arguments_and_sites: test
production_ranked_projection_v1::tests::finite_join_allocation_tests_v1::finite_join_ranked_actual_intrinsic_projection_reaches_precise_pending_gate: test
production_ranked_projection_v1::tests::finite_join_allocation_tests_v1::finite_join_ranked_arbitrary_group_read_and_mutation_are_rejected: test
production_ranked_projection_v1::tests::finite_join_allocation_tests_v1::finite_join_ranked_audit_continues_builder_budget_before_table_rederivation: test
production_ranked_projection_v1::tests::finite_join_allocation_tests_v1::finite_join_ranked_exhausted_budget_rejects_before_full_local_scan: test
production_ranked_projection_v1::tests::finite_join_allocation_tests_v1::finite_join_ranked_group_cannot_disappear_or_become_a_single_root: test
production_ranked_projection_v1::tests::finite_join_allocation_tests_v1::finite_join_ranked_layout_extents_and_atomic_kind_are_exact: test
production_ranked_projection_v1::tests::finite_join_allocation_tests_v1::finite_join_ranked_missing_duplicate_and_revisited_consumption_are_rejected: test
production_ranked_projection_v1::tests::finite_join_allocation_tests_v1::finite_join_ranked_ordinary_scalar_and_raw_root_are_unchanged_in_mixed_arguments: test
production_ranked_projection_v1::tests::finite_join_allocation_tests_v1::finite_join_ranked_origin_namespace_preserves_argument_and_role: test
production_ranked_projection_v1::tests::finite_join_allocation_tests_v1::finite_join_ranked_reachable_normal_return_cannot_bypass_run: test
production_ranked_projection_v1::tests::finite_join_allocation_tests_v1::finite_join_ranked_run_requires_move_and_unprojected_receiver: test
production_ranked_projection_v1::tests::finite_join_allocation_tests_v1::finite_join_ranked_run_type_and_result_substitutions_are_rejected: test
production_ranked_projection_v1::tests::finite_join_allocation_tests_v1::finite_join_ranked_same_type_arguments_keep_six_roots_and_cannot_alias_identity: test
production_ranked_projection_v1::tests::finite_join_allocation_tests_v1::finite_join_ranked_substituted_group_records_never_authenticate: test
production_ranked_projection_v1::tests::finite_join_allocation_tests_v1::finite_join_ranked_three_roles_keep_distinct_non_authoritative_roots: test
production_ranked_projection_v1::tests::finite_join_allocation_tests_v1::finite_join_ranked_unreachable_run_is_not_consumed_custody: test
production_ranked_projection_v1::tests::finite_join_allocation_tests_v1::finite_join_source_projection_actual_owner_retains_conditional_v7_not_functional_clean: test
production_ranked_projection_v1::tests::finite_join_allocation_tests_v1::finite_join_source_projection_does_not_reset_exhausted_canonical_work: test
production_ranked_projection_v1::tests::finite_join_allocation_tests_v1::finite_join_source_projection_keeps_singleton_selection_and_multiple_call_refusal: test
production_ranked_projection_v1::tests::finite_join_allocation_tests_v1::finite_join_source_projection_sites_follow_exact_ordinals_and_reject_substitutions: test
production_ranked_projection_v1::tests::finite_join_allocation_tests_v1::finite_join_source_projection_synthetic_facts_cannot_supply_a_replacement_meter: test
production_ranked_projection_v1::tests::finite_join_allocation_tests_v1::multiwave_projection_fixture_retains_exact_geometry_and_lds: test
production_ranked_projection_v1::tests::finite_join_allocation_tests_v1::multiwave_projection_replays_three_distinct_roots_and_f32_accesses: test
production_ranked_projection_v1::tests::finite_join_allocation_tests_v1::post_archive_rehashed_role_origin_and_parameter_mutations_restore_floor: test
production_ranked_projection_v1::tests::finite_join_allocation_tests_v1::post_formal_archive_exact_short_and_unreserved_budgets: test
production_ranked_projection_v1::tests::finite_join_allocation_tests_v1::post_formal_archive_rejects_cross_profile_middle_and_six_root_wire: test
production_ranked_projection_v1::tests::finite_join_allocation_tests_v1::post_formal_archive_roundtrip_preserves_twelve_typed_roots_and_raw_censuses: test
production_ranked_projection_v1::tests::finite_join_allocation_tests_v1::post_live_formal_exact_short_and_missing_floor_budgets: test
production_ranked_projection_v1::tests::finite_join_allocation_tests_v1::post_live_formal_rejects_each_six_root_source_in_both_directions: test
production_ranked_projection_v1::tests::finite_join_allocation_tests_v1::prefix_tile_fixture_preserves_every_older_resource_declaration: test
production_ranked_projection_v1::tests::finite_join_allocation_tests_v1::prefix_tile_projection_fixture_retains_exact_geometry_and_lds: test
production_ranked_projection_v1::tests::finite_join_allocation_tests_v1::prefix_tile_projection_replays_fifteen_distinct_roots_and_exact_accesses: test
production_ranked_projection_v1::tests::finite_join_allocation_tests_v1::qkv_archive_rehashed_header_roles_and_origins_reject_with_floor_restored: test
production_ranked_projection_v1::tests::finite_join_allocation_tests_v1::qkv_formal_archive_exact_short_and_unreserved_budgets: test
production_ranked_projection_v1::tests::finite_join_allocation_tests_v1::qkv_formal_archive_roundtrip_preserves_source_and_all_raw_censuses: test
production_ranked_projection_v1::tests::finite_join_allocation_tests_v1::qkv_live_formal_rejects_opposite_source_and_middle_profiles: test
production_ranked_projection_v1::tests::finite_join_allocation_tests_v1::retained_mlp_source_keeps_all_eight_runtime_requirements_unresolved: test
production_ranked_projection_v1::tests::finite_join_allocation_tests_v1::retained_mlp_source_replays_eleven_distinct_roots_and_actual_accesses: test
production_ranked_projection_v1::tests::finite_join_allocation_tests_v1::retained_wave_allocation_group_still_requires_its_source_owner_recipe: test
production_ranked_projection_v1::tests::finite_join_allocation_tests_v1::retained_wave_formal_archive_full_decode_rejects_corruption_and_preserves_floor: test
production_ranked_projection_v1::tests::finite_join_allocation_tests_v1::retained_wave_formal_archive_live_constructor_preserves_complete_raw_evidence: test
production_ranked_projection_v1::tests::finite_join_allocation_tests_v1::retained_wave_formal_archive_live_exact_short_and_unreserved_budgets: test
production_ranked_projection_v1::tests::finite_join_allocation_tests_v1::retained_wave_global_source_is_bound_once_by_the_shared_outer_binder: test
production_ranked_projection_v1::tests::finite_join_allocation_tests_v1::retained_wave_live_evidence_constructor_keeps_source_reports_and_requirements: test
production_ranked_projection_v1::tests::finite_join_allocation_tests_v1::retained_wave_live_evidence_constructor_obeys_exact_and_short_resources: test
production_ranked_projection_v1::tests::finite_join_allocation_tests_v1::retained_wave_pipeline_waits_keep_exact_synchronization_bindings: test
production_ranked_projection_v1::tests::finite_join_allocation_tests_v1::retained_wave_source_projects_actual_nonzero_accesses_with_unresolved_reports: test
production_ranked_projection_v1::tests::finite_join_allocation_tests_v1::retained_wave_source_without_invocation_index_remains_incomplete: test
production_ranked_projection_v1::tests::finite_join_allocation_tests_v1::retained_wave_synchronization_preserves_non_wait_and_rejection_controls: test
production_ranked_projection_v1::tests::finite_join_allocation_tests_v1::wave_middle_end_roster_budget_counts_each_input_without_resetting_its_floor: test
production_ranked_projection_v1::tests::finite_join_allocation_tests_v1::wave_middle_end_roster_replay_rejects_changed_ranked_text_and_root_binding: test
production_ranked_projection_v1::tests::finite_join_allocation_tests_v1::wave_middle_end_roster_retains_conditional_identity_through_source_attachment: test
production_ranked_projection_v1::tests::finite_join_ownership_cannot_become_single_root_provenance: test
production_ranked_projection_v1::tests::finite_join_ownership_cannot_hide_in_an_empty_scalar_helper: test
production_ranked_projection_v1::tests::finite_join_ownership_cannot_hide_in_an_empty_zero_sized_helper: test
production_ranked_projection_v1::tests::finite_join_ownership_without_a_pointee_cannot_disappear: test
production_ranked_projection_v1::tests::flat_index_sum_proof_requires_exact_dominating_unsigned_bounds: test
production_ranked_projection_v1::tests::forged_rust_bounds_messages_and_conditions_fail_closed: test
production_ranked_projection_v1::tests::geometry_wrappers_are_empty_but_never_deterministic_scalar: test
production_ranked_projection_v1::tests::gfx950_ranked_tensor_authentication_accepts_exact_mixed_profile_only: test
production_ranked_projection_v1::tests::gfx950_transpose_zst_recovery_rejects_substitution_and_ambiguity: test
production_ranked_projection_v1::tests::global_fragment_loads_cannot_discard_or_project_their_result: test
production_ranked_projection_v1::tests::global_fragment_loads_fail_closed_before_later_mfma_consumption: test
production_ranked_projection_v1::tests::gpu_aggregate_alias_uses_definition_site_v2: test
production_ranked_projection_v1::tests::gpu_aggregate_changed_input_cannot_become_entry_symbol_v2: test
production_ranked_projection_v1::tests::gpu_aggregate_construction_captures_scalar_history_v2: test
production_ranked_projection_v1::tests::gpu_aggregate_detached_local_and_work_exhaustion_reject_v2: test
production_ranked_projection_v1::tests::gpu_aggregate_dominating_definition_and_unknown_call_result_v2: test
production_ranked_projection_v1::tests::gpu_aggregate_front_and_end_indices_are_distinct_v2: test
production_ranked_projection_v1::tests::gpu_aggregate_future_definition_and_uninitialized_alias_reject_v2: test
production_ranked_projection_v1::tests::gpu_aggregate_index_local_is_frozen_at_access_not_construction_v2: test
production_ranked_projection_v1::tests::gpu_aggregate_index_range_budget_is_shared_and_fails_closed_v2: test
production_ranked_projection_v1::tests::gpu_aggregate_index_requires_one_in_bounds_unsigned_value_v2: test
production_ranked_projection_v1::tests::gpu_aggregate_index_uses_latest_literal_but_rejects_escape_v2: test
production_ranked_projection_v1::tests::gpu_aggregate_load_retains_ranked_read_identity_v2: test
production_ranked_projection_v1::tests::gpu_aggregate_malformed_literals_and_projections_reject_v2: test
production_ranked_projection_v1::tests::gpu_aggregate_predecessor_definitions_reject_v2: test
production_ranked_projection_v1::tests::gpu_aggregate_projected_writes_deinitialization_and_escapes_reject_v2: test
production_ranked_projection_v1::tests::gpu_aggregate_write_binding_uses_exact_semantic_statement_v2: test
production_ranked_projection_v1::tests::gpu_expression_resolution_enforces_128_level_depth_budget: test
production_ranked_projection_v1::tests::gpu_nested_aggregate_components_retain_scalar_value_v2: test
production_ranked_projection_v1::tests::gpu_plain_aggregate_field_uses_typed_literal_v2: test
production_ranked_projection_v1::tests::gpu_semantic_projection_classifies_float_to_int_from_both_types: test
production_ranked_projection_v1::tests::gpu_semantic_projection_preserves_plain_wrapping_arithmetic: test
production_ranked_projection_v1::tests::gpu_semantic_projection_rejects_unproved_unchecked_arithmetic: test
production_ranked_projection_v1::tests::gpu_write_only_thread_alias_captures_value_before_reassignment_v2: test
production_ranked_projection_v1::tests::gpu_write_only_thread_constant_preserves_ranked_correspondence_v2: test
production_ranked_projection_v1::tests::gpu_write_only_thread_does_not_admit_other_memory_effects_v2: test
production_ranked_projection_v1::tests::gpu_write_only_thread_rejects_non_dominating_value_v2: test
production_ranked_projection_v1::tests::gpu_write_only_thread_rejects_other_callees_and_write_kinds_v2: test
production_ranked_projection_v1::tests::gpu_write_only_thread_rejects_wrong_arity_v2: test
production_ranked_projection_v1::tests::gpu_write_only_thread_rejects_wrong_operand_types_v2: test
production_ranked_projection_v1::tests::gpu_write_only_thread_requires_exact_call_site_v2: test
production_ranked_projection_v1::tests::graph_work_diagnostic_atomic_forwarder_preserves_cell_on_failure: test
production_ranked_projection_v1::tests::graph_work_diagnostic_body_context_uses_actual_body_not_root: test
production_ranked_projection_v1::tests::graph_work_diagnostic_bounded_paths_names_and_exports_are_escaped: test
production_ranked_projection_v1::tests::graph_work_diagnostic_context_preserves_other_errors: test
production_ranked_projection_v1::tests::graph_work_diagnostic_direct_callers_are_distinct: test
production_ranked_projection_v1::tests::graph_work_diagnostic_exact_limit_and_over_limit_preserve_counter: test
production_ranked_projection_v1::tests::graph_work_diagnostic_first_function_context_is_retained: test
production_ranked_projection_v1::tests::graph_work_diagnostic_overflow_preserves_counter: test
production_ranked_projection_v1::tests::graph_work_diagnostic_proof_forwarder_keeps_caller_and_counter: test
production_ranked_projection_v1::tests::grid_exclusive_runtime_indices_require_exact_unsigned_64_bit_types: test
production_ranked_projection_v1::tests::guard_alias_proves_a_stable_value_merged_from_multiple_definitions: test
production_ranked_projection_v1::tests::guarded_access_and_barrier_retain_semantic_source_order: test
production_ranked_projection_v1::tests::guarded_body_expansion_threads_ssa_and_terminates_failure: test
production_ranked_projection_v1::tests::guarded_disjoint_access_is_ordinary_clean_pliron_cfg: test
production_ranked_projection_v1::tests::implicit_capability_capture_v1_tests::admitted_neutral_source_capture_keeps_implicit_scope_and_transparent_borrow: test
production_ranked_projection_v1::tests::implicit_publish_and_explicit_barrier_share_one_ranked_contract: test
production_ranked_projection_v1::tests::index_singleton_eligible_seed_and_cross_block_assignment_keep_the_full_precharge: test
production_ranked_projection_v1::tests::index_singleton_ineligible_cache_publication_still_obeys_exact_work_budget: test
production_ranked_projection_v1::tests::index_singleton_ineligible_locals_skip_only_unused_graph_precharge: test
production_ranked_projection_v1::tests::index_singleton_local_cache_has_bounded_storage_and_preserves_prior_entries: test
production_ranked_projection_v1::tests::index_singleton_local_cache_keys_include_local_block_and_statement: test
production_ranked_projection_v1::tests::index_singleton_local_cache_matches_uncached_ranges_and_flags: test
production_ranked_projection_v1::tests::index_singleton_local_cache_never_publishes_a_work_exhausted_decision: test
production_ranked_projection_v1::tests::index_singleton_local_cache_replays_flags_without_clearing_prior_effects: test
production_ranked_projection_v1::tests::index_singleton_local_cache_reuses_a_nested_site_across_distinct_switches: test
production_ranked_projection_v1::tests::index_singleton_non_assignment_inventory_keeps_its_distinct_refusal_flags: test
production_ranked_projection_v1::tests::index_singleton_same_block_freshness_cost_is_independent_of_graph_extent: test
production_ranked_projection_v1::tests::index_singleton_same_block_freshness_distinguishes_assignment_refresh_from_seed: test
production_ranked_projection_v1::tests::index_singleton_same_block_freshness_keeps_every_in_slice_kill: test
production_ranked_projection_v1::tests::index_singleton_same_block_freshness_leaves_cross_block_and_seed_paths_unchanged: test
production_ranked_projection_v1::tests::index_singleton_same_block_freshness_matches_graph_oracle_for_all_small_graphs: test
production_ranked_projection_v1::tests::index_singleton_same_block_freshness_preserves_cached_flags_and_exact_work_refusal: test
production_ranked_projection_v1::tests::index_singleton_same_block_freshness_refuses_invalid_slices_and_use_before_definition: test
production_ranked_projection_v1::tests::index_singleton_switch_charges_shared_range_and_freshness_work: test
production_ranked_projection_v1::tests::index_singleton_switch_projects_global_and_lane_guards: test
production_ranked_projection_v1::tests::index_singleton_switch_rejects_stale_and_exposed_values: test
production_ranked_projection_v1::tests::index_singleton_switch_requires_a_bounded_singleton_domain: test
production_ranked_projection_v1::tests::index_singleton_switch_requires_exact_unconditioned_custody: test
production_ranked_projection_v1::tests::index_singleton_terminal_invalid_drops_cyclic_visiting_state: test
production_ranked_projection_v1::tests::index_singleton_terminal_invalid_keeps_seed_discovered_only_by_guard: test
production_ranked_projection_v1::tests::index_singleton_terminal_invalid_preserves_all_valid_query_results: test
production_ranked_projection_v1::tests::index_singleton_terminal_invalid_preserves_prefix_errors_and_meters_to_refusal: test
production_ranked_projection_v1::tests::index_singleton_terminal_invalid_skips_tail_and_resets_for_next_query: test
production_ranked_projection_v1::tests::indexed_atomic_borrow_lookup_bounds_repeated_bucket_queries: test
production_ranked_projection_v1::tests::indexed_atomic_borrow_lookup_charges_queries_transactionally: test
production_ranked_projection_v1::tests::indexed_atomic_borrow_lookup_handles_block_and_length_boundaries: test
production_ranked_projection_v1::tests::indexed_atomic_borrow_lookup_keeps_independent_inventories: test
production_ranked_projection_v1::tests::indexed_atomic_borrow_lookup_preserves_all_exact_place_components: test
production_ranked_projection_v1::tests::indexed_atomic_borrow_lookup_real_inventory_keeps_atomic_refusals: test
production_ranked_projection_v1::tests::indexed_atomic_borrow_lookup_real_inventory_preserves_provenance_sites: test
production_ranked_projection_v1::tests::indexed_atomic_borrow_lookup_sort_work_is_charged_and_failure_is_local: test
production_ranked_projection_v1::tests::indexed_atomic_borrow_lookup_sorts_all_small_shuffled_inventories: test
production_ranked_projection_v1::tests::indexed_atomic_call_defined_index_requires_one_acyclic_definition: test
production_ranked_projection_v1::tests::indexed_atomic_coherence_preserves_singletons_and_rejects_bad_slice_contracts: test
production_ranked_projection_v1::tests::indexed_atomic_dag_certificate_accepts_chains_and_diamonds: test
production_ranked_projection_v1::tests::indexed_atomic_dag_certificate_bounds_large_acyclic_query_work: test
production_ranked_projection_v1::tests::indexed_atomic_dag_certificate_charges_exact_budget_and_never_caches_failed_queries: test
production_ranked_projection_v1::tests::indexed_atomic_dag_certificate_cycles_keep_per_definition_fallback: test
production_ranked_projection_v1::tests::indexed_atomic_dag_certificate_matches_reference_on_all_small_graphs: test
production_ranked_projection_v1::tests::indexed_atomic_dag_certificate_refuses_malformed_graph_without_publishing_cache: test
production_ranked_projection_v1::tests::indexed_atomic_dag_certificate_rejects_invalid_query_before_cache_hit: test
production_ranked_projection_v1::tests::indexed_atomic_dag_certificate_reuses_only_within_independent_proof_instances: test
production_ranked_projection_v1::tests::indexed_atomic_dag_certificate_unreachable_cycles_do_not_grant_global_certificate: test
production_ranked_projection_v1::tests::indexed_atomic_dead_cast_census_bounds_scratch_before_allocation: test
production_ranked_projection_v1::tests::indexed_atomic_dead_cast_census_charges_exact_build_and_cached_query_bounds: test
production_ranked_projection_v1::tests::indexed_atomic_dead_cast_census_excludes_whole_definition_and_distinguishes_sites: test
production_ranked_projection_v1::tests::indexed_atomic_dead_cast_census_failed_build_never_publishes_partial_state: test
production_ranked_projection_v1::tests::indexed_atomic_dead_cast_census_ignores_storage_and_checks_roles_and_unreachable_blocks: test
production_ranked_projection_v1::tests::indexed_atomic_dead_cast_census_isolates_immutable_functions_and_retains_cast_gates: test
production_ranked_projection_v1::tests::indexed_atomic_dead_cast_census_many_candidates_share_one_complete_scan: test
production_ranked_projection_v1::tests::indexed_atomic_dead_cast_census_matches_legacy_for_all_statement_positions: test
production_ranked_projection_v1::tests::indexed_atomic_dead_cast_census_matches_legacy_for_all_terminator_positions: test
production_ranked_projection_v1::tests::indexed_atomic_dead_cast_rejects_all_statement_use_families: test
production_ranked_projection_v1::tests::indexed_atomic_dead_cast_rejects_all_terminator_use_families: test
production_ranked_projection_v1::tests::indexed_atomic_dead_cast_rejects_roles_types_and_redefinitions: test
production_ranked_projection_v1::tests::indexed_atomic_dead_sibling_cast_adds_no_memory_authority: test
production_ranked_projection_v1::tests::indexed_atomic_guarded_cfg_keeps_atomic_order_scope_and_trap: test
production_ranked_projection_v1::tests::indexed_atomic_guarded_projection_preserves_effect_and_rejects_laundering: test
production_ranked_projection_v1::tests::indexed_atomic_keeps_nominal_root_guard_and_exact_effects: test
production_ranked_projection_v1::tests::indexed_atomic_marker_and_escape_are_not_structural_authority: test
production_ranked_projection_v1::tests::indexed_atomic_membership_bounds_repeated_measured_size_queries: test
production_ranked_projection_v1::tests::indexed_atomic_membership_charges_exact_bound_before_query: test
production_ranked_projection_v1::tests::indexed_atomic_membership_failed_charges_do_not_commit_work: test
production_ranked_projection_v1::tests::indexed_atomic_membership_handles_boundary_lengths: test
production_ranked_projection_v1::tests::indexed_atomic_membership_keeps_independent_inventories: test
production_ranked_projection_v1::tests::indexed_atomic_membership_matches_all_small_sorted_sets: test
production_ranked_projection_v1::tests::indexed_atomic_membership_preserves_duplicate_and_extreme_ids: test
production_ranked_projection_v1::tests::indexed_atomic_membership_preserves_guard_marker_and_escape_refusals: test
production_ranked_projection_v1::tests::indexed_atomic_membership_real_inventory_keeps_statement_binding: test
production_ranked_projection_v1::tests::indexed_atomic_rejects_missing_wrong_future_or_duplicate_guards: test
production_ranked_projection_v1::tests::indexed_atomic_rejects_redefined_index_and_pointer_escape: test
production_ranked_projection_v1::tests::indexed_atomic_rejects_single_definition_reexecuted_by_backedge: test
production_ranked_projection_v1::tests::indexed_atomic_statement_binding_and_work_budget_fail_closed: test
production_ranked_projection_v1::tests::indexed_atomic_use_lookup_bounds_repeated_measured_size_queries: test
production_ranked_projection_v1::tests::indexed_atomic_use_lookup_charges_exact_bound_before_query: test
production_ranked_projection_v1::tests::indexed_atomic_use_lookup_failed_charges_do_not_commit_work: test
production_ranked_projection_v1::tests::indexed_atomic_use_lookup_handles_boundary_lengths: test
production_ranked_projection_v1::tests::indexed_atomic_use_lookup_keeps_independent_inventories: test
production_ranked_projection_v1::tests::indexed_atomic_use_lookup_matches_all_small_sorted_sites: test
production_ranked_projection_v1::tests::indexed_atomic_use_lookup_preserves_first_duplicate_and_extreme_sites: test
production_ranked_projection_v1::tests::indexed_atomic_use_lookup_real_inventory_keeps_atomic_refusals: test
production_ranked_projection_v1::tests::indexed_atomic_use_lookup_real_inventory_keeps_exact_statement_binding: test
production_ranked_projection_v1::tests::indexed_cas_guarded_cfg_emits_distinct_failure_order_and_rejects_wrong_kind: test
production_ranked_projection_v1::tests::indexed_cas_projection_preserves_failure_order_through_guarded_borrow: test
production_ranked_projection_v1::tests::indexed_uniform_alias_resolution_is_linear_bounded_and_monotonic: test
production_ranked_projection_v1::tests::induction_body_argument_exhaustion_preserves_allocator_state: test
production_ranked_projection_v1::tests::induction_body_materialization_rejects_malformed_semantic_edges: test
production_ranked_projection_v1::tests::induction_body_operand_rejects_header_latch_and_outside_uses: test
production_ranked_projection_v1::tests::induction_body_predicate_index_rejects_duplicate_and_outside_owners: test
production_ranked_projection_v1::tests::induction_body_predicate_materialization_uses_exact_nested_live_positions: test
production_ranked_projection_v1::tests::induction_body_predicates_do_not_admit_unresolved_or_malformed_sources: test
production_ranked_projection_v1::tests::induction_body_predicates_preserve_both_polarities_and_reach_production_checks: test
production_ranked_projection_v1::tests::internal_deterministic_switch_forwards_exact_ssa_arguments: test
production_ranked_projection_v1::tests::internal_uniform_predicate_forwards_exact_ssa_arguments: test
production_ranked_projection_v1::tests::lane_derived_induction_bound_cannot_mint_uniform_control: test
production_ranked_projection_v1::tests::lane_derived_scalar_control_retains_the_invocation_dependency: test
production_ranked_projection_v1::tests::lane_varying_division_control_remains_an_analysis_split: test
production_ranked_projection_v1::tests::launch_geometry_argument_collision_and_exhaustion_fail_closed: test
production_ranked_projection_v1::tests::launch_geometry_rejects_inexact_calls_without_allocating_symbols: test
production_ranked_projection_v1::tests::launch_geometry_symbols_are_reused_and_distinct_from_scalar_arguments: test
production_ranked_projection_v1::tests::literal_array_bounds_check_does_not_manufacture_dynamic_authorization: test
production_ranked_projection_v1::tests::literal_join_keeps_overflow_and_work_budget_fail_closed: test
production_ranked_projection_v1::tests::literal_join_preserves_all_seven_row_bases_and_latest_definitions: test
production_ranked_projection_v1::tests::literal_join_requires_every_reaching_definition_and_exact_scalar_types: test
production_ranked_projection_v1::tests::literal_shift_assert_requires_the_exact_rustc_cast_and_width_check: test
production_ranked_projection_v1::tests::local_allocation_provenance_requires_an_exact_reborrow: test
production_ranked_projection_v1::tests::local_provenance_merge_conflicts_fail_closed: test
production_ranked_projection_v1::tests::local_provenance_preserves_only_value_and_pointer_identity_operations: test
production_ranked_projection_v1::tests::loop_comparison_requires_one_exact_header_definition: test
production_ranked_projection_v1::tests::loop_graph_work_overflow_and_amplification_are_bounded: test
production_ranked_projection_v1::tests::loop_switch_domain_charges_exact_shared_work_and_fails_one_short: test
production_ranked_projection_v1::tests::loop_switch_domain_elides_only_an_empty_unreachable_fallback: test
production_ranked_projection_v1::tests::loop_switch_domain_exhaustive_enum_dispatch_preserves_induction: test
production_ranked_projection_v1::tests::loop_switch_domain_requires_current_unescaped_direct_discriminant: test
production_ranked_projection_v1::tests::loop_switch_domain_requires_exact_inhabited_values_and_declared_types: test
production_ranked_projection_v1::tests::malformed_induction_topologies_fail_closed: test
production_ranked_projection_v1::tests::malformed_or_mutable_branch_bounds_evidence_fails_closed: test
production_ranked_projection_v1::tests::merged_nonzero_proof_is_invalidated_by_every_post_guard_definition_kind: test
production_ranked_projection_v1::tests::multi_block_induction_threads_ssa_and_preserves_body_effects: test
production_ranked_projection_v1::tests::multiply_defined_enum_carrier_cannot_authenticate_a_payload: test
production_ranked_projection_v1::tests::multiway_analysis_split_expansion_enforces_the_ranked_block_limit: test
production_ranked_projection_v1::tests::multiway_analysis_split_forwards_live_inductions_through_synthetic_blocks: test
production_ranked_projection_v1::tests::mutated_address_escaped_comparison_aliases_do_not_prove_scalar_ranges: test
production_ranked_projection_v1::tests::mutated_address_escaped_discriminants_do_not_prove_scalar_ranges: test
production_ranked_projection_v1::tests::mutated_cached_indices_fail_closed_in_production_intrinsic_projection: test
production_ranked_projection_v1::tests::mutated_option_discriminants_do_not_mint_switch_predicates: test
production_ranked_projection_v1::tests::mutated_uniform_comparisons_do_not_mint_direct_switch_predicates: test
production_ranked_projection_v1::tests::nested_flat_index_path_is_fail_closed_at_depth_and_type_boundaries: test
production_ranked_projection_v1::tests::nested_flat_index_sum_requires_exact_custody_and_remaining_extent: test
production_ranked_projection_v1::tests::nested_induction_body_predicates_use_inner_and_outer_live_arguments_in_production: test
production_ranked_projection_v1::tests::neutral_full_path_rejects_missing_final_ranked_generated_effect_receipt: test
production_ranked_projection_v1::tests::neutral_full_path_rejects_nonzero_recipe_identity_substitution: test
production_ranked_projection_v1::tests::neutral_full_path_rejects_ranked_generated_effect_reordering: test
production_ranked_projection_v1::tests::neutral_scan_full_path_rejects_kind_recipe_and_partial_effect_substitution: test
production_ranked_projection_v1::tests::neutral_scan_projection_and_lowering_bind_kind_and_complete_effect_stream: test
production_ranked_projection_v1::tests::non_bounds_asserts_are_elided_only_after_exact_constant_success: test
production_ranked_projection_v1::tests::non_geometry_context_and_effect_intrinsics_remain_rejected: test
production_ranked_projection_v1::tests::non_positive_induction_step_fails_closed: test
production_ranked_projection_v1::tests::non_trap_or_non_transparent_induction_side_exits_still_fail_closed: test
production_ranked_projection_v1::tests::nonzero_assert_proof_requires_every_path_and_value_preserving_arithmetic: test
production_ranked_projection_v1::tests::nonzero_proof_checks_every_reachable_loop_backedge_for_redefinitions: test
production_ranked_projection_v1::tests::only_an_authenticated_destinationless_trap_projects_as_trap: test
production_ranked_projection_v1::tests::only_exact_boolean_domains_exhaust_an_empty_switch_fallback: test
production_ranked_projection_v1::tests::only_exact_deterministic_scalar_helpers_project_call_result_control: test
production_ranked_projection_v1::tests::operand_a_and_b_reads_remain_distinct_effects_in_their_mir_call_blocks: test
production_ranked_projection_v1::tests::option_payload_availability_excludes_the_none_merge: test
production_ranked_projection_v1::tests::optional_raw_u32_induction_replays_the_exact_source_argument_identity: test
production_ranked_projection_v1::tests::optional_uniform_induction_accepts_only_exact_raw_u32_zero_control: test
production_ranked_projection_v1::tests::optional_uniform_induction_cannot_escape_through_its_skipped_exit: test
production_ranked_projection_v1::tests::optional_uniform_induction_forwards_one_exact_outer_induction_on_both_arms: test
production_ranked_projection_v1::tests::optional_uniform_induction_preserves_both_exact_zero_trip_or_header_orientations: test
production_ranked_projection_v1::tests::optional_uniform_induction_rejects_every_non_u32_or_nonraw_integer_selector: test
production_ranked_projection_v1::tests::optional_uniform_induction_rejects_noncanonical_raw_switch_edges: test
production_ranked_projection_v1::tests::optional_uniform_induction_rejects_special_role_and_live_set_substitution: test
production_ranked_projection_v1::tests::optional_uniform_induction_rejects_stale_projected_constant_selectors: test
production_ranked_projection_v1::tests::optional_uniform_induction_replays_lane_uniformity_and_raw_discriminant_identity: test
production_ranked_projection_v1::tests::optional_uniform_induction_requires_exact_definition_and_latch_custody: test
production_ranked_projection_v1::tests::ordered_unsigned_zero_edges_have_exact_truth_and_reversed_polarities: test
production_ranked_projection_v1::tests::ordered_zero_edges_reject_signed_nonzero_constants_and_stale_values: test
production_ranked_projection_v1::tests::ordinary_component_payload_requires_exact_variant_local_and_dominance: test
production_ranked_projection_v1::tests::ordinary_induction_alias_v1_tests::ordinary_temporary_copy_and_move_replay_and_build_the_ranked_loop: test
production_ranked_projection_v1::tests::ordinary_induction_alias_v1_tests::ordinary_temporary_does_not_admit_other_operators_or_checked_and_unchecked_copies: test
production_ranked_projection_v1::tests::ordinary_induction_alias_v1_tests::ordinary_temporary_refuses_chains_redefinitions_and_escaped_values: test
production_ranked_projection_v1::tests::ordinary_induction_alias_v1_tests::ordinary_temporary_refuses_cross_block_nonadjacent_and_after_use_producers: test
production_ranked_projection_v1::tests::ordinary_induction_alias_v1_tests::ordinary_temporary_refuses_local_and_producer_type_substitution: test
production_ranked_projection_v1::tests::ordinary_induction_alias_v1_tests::ordinary_temporary_replay_binds_producer_site_local_and_update_kind: test
production_ranked_projection_v1::tests::ordinary_induction_alias_v1_tests::ordinary_temporary_still_requires_a_positive_step_and_exact_unsigned_no_overflow: test
production_ranked_projection_v1::tests::ordinary_induction_alias_v1_tests::ordinary_temporary_uses_the_existing_alias_work_budget: test
production_ranked_projection_v1::tests::ordinary_pipeline_arithmetic_accepts_exact_boundary_safe_operations: test
production_ranked_projection_v1::tests::ordinary_pipeline_arithmetic_requires_exact_totality_at_its_definition: test
production_ranked_projection_v1::tests::partial_assignment_discriminant_and_deinitialize_invalidate_enum_transport: test
production_ranked_projection_v1::tests::pipeline_free_capability_projection_skips_a_large_irrelevant_alias_graph: test
production_ranked_projection_v1::tests::pipeline_issuer_accepts_direct_borrows_same_origin_branches_and_disjoint_scalar_writes: test
production_ranked_projection_v1::tests::pipeline_issuer_distinguishes_two_create_sites_reusing_one_mir_destination: test
production_ranked_projection_v1::tests::pipeline_issuer_loop_converges_and_exact_work_and_storage_limits_are_charged: test
production_ranked_projection_v1::tests::pipeline_issuer_projection_keeps_pending_indices_separate_from_mir_locals: test
production_ranked_projection_v1::tests::pipeline_issuer_rejects_conflicting_unknown_and_wrong_current_variants: test
production_ranked_projection_v1::tests::pipeline_issuer_rejects_raw_and_unmodeled_call_escapes: test
production_ranked_projection_v1::tests::pipeline_issuer_rejects_stale_borrows_but_does_not_move_the_method_referent: test
production_ranked_projection_v1::tests::pipeline_issuer_tracks_worker_result_round_option_and_exact_distinct_creates: test
production_ranked_projection_v1::tests::pipeline_scalar_projection_has_an_exact_node_budget: test
production_ranked_projection_v1::tests::pointer_offset_retains_only_an_external_allocation_contract: test
production_ranked_projection_v1::tests::preloop_checked_pipeline_value_cannot_reinterpret_an_induction_at_its_later_use: test
production_ranked_projection_v1::tests::private_address_space_five_remains_in_the_generic_memory_model: test
production_ranked_projection_v1::tests::private_local_provenance_is_not_an_allocation_contract: test
production_ranked_projection_v1::tests::private_pointer_offset_cannot_mint_address_formation_authority: test
production_ranked_projection_v1::tests::production_ranked_projection_rejects_the_retired_option_load_before_analysis: test
production_ranked_projection_v1::tests::projected_enum_ranges_require_the_exact_variant_and_field: test
production_ranked_projection_v1::tests::publication_deferred_values_preserve_consumer_order_and_skip_unreachable: test
production_ranked_projection_v1::tests::publication_deferred_values_reject_missing_or_repeated_preparation: test
production_ranked_projection_v1::tests::publication_exact_control_binds_payload_snapshot_length_to_original_extent: test
production_ranked_projection_v1::tests::publication_exact_control_cache_rechecks_each_use_and_metadata_root: test
production_ranked_projection_v1::tests::publication_exact_control_does_not_reuse_stale_or_unsupported_guard_values: test
production_ranked_projection_v1::tests::publication_exact_control_preserves_all_unsigned_comparison_polarities: test
production_ranked_projection_v1::tests::publication_exact_control_retains_original_integer_length_switch_literal: test
production_ranked_projection_v1::tests::pure_argument_derived_induction_bound_remains_uniform: test
production_ranked_projection_v1::tests::pure_uniform_projector_scratch_tracks_only_visited_locals: test
production_ranked_projection_v1::tests::quotient_product_bounds_require_exact_total_dominating_stable_sources: test
production_ranked_projection_v1::tests::ranked_root_roster_rejects_count_duplicate_and_substituted_hostility: test
production_ranked_projection_v1::tests::ranked_root_roster_requires_pairwise_semantic_order_with_per_root_rank: test
production_ranked_projection_v1::tests::ranked_roster_identity_is_kernel_id_ordered_and_retains_source_order_separately: test
production_ranked_projection_v1::tests::ranked_roster_identity_rejects_duplicate_or_invalid_identity_axes: test
production_ranked_projection_v1::tests::ranked_roster_identity_rejects_missing_extra_and_substituted_records: test
production_ranked_projection_v1::tests::ranked_roster_receipt_source_preserves_linear_stage_boundaries: test
production_ranked_projection_v1::tests::raw_parallel_switch_edges_are_bounded_separately_from_unique_successors: test
production_ranked_projection_v1::tests::reassigned_option_discriminator_cannot_mint_payload_authority: test
production_ranked_projection_v1::tests::reference_effect_partition_assigns_nonempty_two_root_bindings_in_root_order: test
production_ranked_projection_v1::tests::reference_effect_partition_rejects_orphan_substitution_and_duplicates: test
production_ranked_projection_v1::tests::regular_and_atomic_stores_project_destination_and_value_footprints: test
production_ranked_projection_v1::tests::relational_nested_flat_index_requires_matching_dimensions_and_custody: test
production_ranked_projection_v1::tests::removing_induction_body_predicate_reproduces_incomplete_tensor_control: test
production_ranked_projection_v1::tests::repeated_bounds_checks_on_one_stable_slice_share_the_exact_extent: test
production_ranked_projection_v1::tests::repeated_bounds_extent_identity_does_not_cross_slice_or_mutation_boundaries: test
production_ranked_projection_v1::tests::repeated_comparison_definitions_must_be_identical: test
production_ranked_projection_v1::tests::repeated_deterministic_definitions_meet_only_when_dependencies_match: test
production_ranked_projection_v1::tests::result_ok_payloads_require_their_exact_dominating_edges: test
production_ranked_projection_v1::tests::reverse_numbered_constant_chain_reaches_uniform_induction_production_entry: test
production_ranked_projection_v1::tests::reverse_reachability_limit_failures_publish_no_partial_cache: test
production_ranked_projection_v1::tests::reverse_reachability_matches_the_cycle_and_unreachable_oracle: test
production_ranked_projection_v1::tests::reverse_reachability_removes_pair_query_order_amplification: test
production_ranked_projection_v1::tests::reverse_reachability_uses_the_exact_proven_control_successors: test
production_ranked_projection_v1::tests::rust_bounds_check_cannot_authorize_another_slice_or_a_bypass_edge: test
production_ranked_projection_v1::tests::rust_bounds_check_projects_only_the_exact_index_less_than_length_guard: test
production_ranked_projection_v1::tests::rust_bounds_check_reuses_an_exact_compiler_intrinsic_index_fact: test
production_ranked_projection_v1::tests::rust_pointee_kinds_define_conservative_alias_classes: test
production_ranked_projection_v1::tests::safe_syncthreads_reaches_mandatory_barrier_and_workgroup_checks: test
production_ranked_projection_v1::tests::scalar_pair_field_zero_preserves_authenticated_first_pointer_provenance: test
production_ranked_projection_v1::tests::scalar_pipeline_payload_does_not_admit_pointers_aggregates_or_unreviewed_scalars: test
production_ranked_projection_v1::tests::scalar_pipeline_payload_does_not_require_or_fabricate_fragment_authority: test
production_ranked_projection_v1::tests::scalar_pipeline_payload_rejects_equal_width_element_reinterpretation: test
production_ranked_projection_v1::tests::scalar_pipeline_payload_still_requires_exact_element_type_and_owner: test
production_ranked_projection_v1::tests::scaled_quotient_remainder_requires_exact_checked_stable_guarded_sources: test
production_ranked_projection_v1::tests::shared_indexed_borrow_is_retained_as_an_already_projected_read: test
production_ranked_projection_v1::tests::shared_narrowing_reachability_exhaustion_publishes_no_partial_state: test
production_ranked_projection_v1::tests::shared_narrowing_reachability_matches_legacy_positive_and_negative: test
production_ranked_projection_v1::tests::shared_narrowing_reachability_preserves_cache_hit_work: test
production_ranked_projection_v1::tests::shared_narrowing_reachability_refuses_malformed_rows: test
production_ranked_projection_v1::tests::shared_narrowing_reachability_removes_duplicate_walk_at_unchanged_limit: test
production_ranked_projection_v1::tests::shared_narrowing_reachability_retains_cycles_and_unreachable_predecessors: test
production_ranked_projection_v1::tests::shared_option_dominance_scales_with_cfg_and_producer_count: test
production_ranked_projection_v1::tests::shifted_disjoint_access_retains_overflow_and_extent_guards: test
production_ranked_projection_v1::tests::signed_step_bits_cannot_mint_a_positive_induction_step: test
production_ranked_projection_v1::tests::source_execution_layout_authenticates_finite_grid_and_rejects_hostility: test
production_ranked_projection_v1::tests::source_execution_layout_derives_active_grid_axes_from_xyz_workgroup: test
production_ranked_projection_v1::tests::source_induction_width_rejects_u32_wrap_and_accepts_a_widened_u64_recurrence: test
production_ranked_projection_v1::tests::source_label_is_explicit_when_unavailable: test
production_ranked_projection_v1::tests::source_launch_materialized_baseline_and_unique_diagnostic_rename_preserve_execution: test
production_ranked_projection_v1::tests::source_launch_materialized_entry_rejects_changed_geometry_binding_and_roster: test
production_ranked_projection_v1::tests::source_launch_materialized_two_roots_reject_reordering_and_duplicate_labels: test
production_ranked_projection_v1::tests::source_launch_production_any_and_at_most_are_exactly_incomplete: test
production_ranked_projection_v1::tests::source_launch_production_checks_later_geometry_before_earlier_body_failure: test
production_ranked_projection_v1::tests::source_launch_production_row_guard_rejects_substituted_grid_identity_and_root: test
production_ranked_projection_v1::tests::statement_projection_stops_at_the_ranked_operation_bound: test
production_ranked_projection_v1::tests::static_publication_custody_admits_only_original_argument_metadata_snapshot: test
production_ranked_projection_v1::tests::static_publication_custody_allows_exact_original_flag_pointer_metadata: test
production_ranked_projection_v1::tests::static_publication_custody_allows_unrelated_same_type_length: test
production_ranked_projection_v1::tests::static_publication_custody_budget_is_cumulative_and_exact: test
production_ranked_projection_v1::tests::static_publication_custody_flag_metadata_rejects_alias_type_projection_and_late_uses: test
production_ranked_projection_v1::tests::static_publication_custody_metadata_proof_uses_the_shared_work_budget: test
production_ranked_projection_v1::tests::static_publication_custody_metadata_snapshot_rejects_cycles_terminals_and_late_lengths: test
production_ranked_projection_v1::tests::static_publication_custody_metadata_snapshot_rejects_rebinding_and_owning_uses: test
production_ranked_projection_v1::tests::static_publication_custody_rejects_other_access_and_post_consumption_reuse: test
production_ranked_projection_v1::tests::static_publication_custody_rejects_owner_copy_root_mutation_and_fake_atomic: test
production_ranked_projection_v1::tests::static_publication_custody_rejects_repeated_sequential_or_missing_sites: test
production_ranked_projection_v1::tests::static_publication_custody_retains_exact_original_roots_and_sites: test
production_ranked_projection_v1::tests::storage_markers_and_nop_are_explicit_zero_effect_statements: test
production_ranked_projection_v1::tests::strict_guard_failures_still_trap_and_never_receive_loop_arguments: test
production_ranked_projection_v1::tests::strict_loop_guard_range_applies_only_on_its_stable_true_edge: test
production_ranked_projection_v1::tests::strict_loop_guard_revalidates_after_latch_paths_but_not_direct_writes: test
production_ranked_projection_v1::tests::strict_product_proof_requires_exact_dominating_stable_unsigned_sources: test
production_ranked_projection_v1::tests::strict_upper_bound_accepts_definitions_before_the_compared_value: test
production_ranked_projection_v1::tests::strict_upper_bound_accepts_greater_equal_false_with_distinct_value_copies: test
production_ranked_projection_v1::tests::strict_upper_bound_greater_equal_false_preserves_existing_work_limit: test
production_ranked_projection_v1::tests::strict_upper_bound_greater_equal_false_retains_capture_and_edge_requirements: test
production_ranked_projection_v1::tests::strict_upper_bound_rejects_stale_captures_and_unauthenticated_edges: test
production_ranked_projection_v1::tests::strided_read_projects_rank_two_guarded_access_without_fabricated_indices: test
production_ranked_projection_v1::tests::strided_read_requires_exact_dominating_view_and_records_discarded_loads: test
production_ranked_projection_v1::tests::swapped_missing_and_cross_lane_mfma_producers_fail_closed: test
production_ranked_projection_v1::tests::tiled_geometry_requires_finite_equal_products: test
production_ranked_projection_v1::tests::total_read_authority_requires_registered_intrinsic_and_exact_view_element: test
production_ranked_projection_v1::tests::total_read_failures_continue_without_effects_and_preserve_all_live_arguments: test
production_ranked_projection_v1::tests::transparent_address_formation_is_zero_effect_and_requires_allocation_provenance: test
production_ranked_projection_v1::tests::transparent_scalar_carrier_rejects_non_read_projection_and_abi_uses: test
production_ranked_projection_v1::tests::transparent_scalar_carrier_requires_the_exact_source_and_layout_contract: test
production_ranked_projection_v1::tests::typed_fallback_graph_preserves_exact_shared_work_limits: test
production_ranked_projection_v1::tests::typed_fallback_ranked_cfg_distinguishes_bool_and_integer_domains: test
production_ranked_projection_v1::tests::typed_fallback_ranked_cfg_elides_exhaustive_enum_dispatch: test
production_ranked_projection_v1::tests::typed_fallback_ranked_cfg_keeps_the_captured_scalar_snapshot: test
production_ranked_projection_v1::tests::uniform_induction_resolves_an_exact_header_copy_alias: test
production_ranked_projection_v1::tests::uniform_switch_projection_accepts_only_immutable_arguments_or_constants: test
production_ranked_projection_v1::tests::unknown_calls_memory_reads_and_private_addresses_remain_unresolved: test
production_ranked_projection_v1::tests::unknown_or_multiply_defined_pointer_offsets_remain_unauthenticated: test
production_ranked_projection_v1::tests::unknown_projected_borrow_still_lacks_allocation_provenance: test
production_ranked_projection_v1::tests::unreachable_blocks_are_still_audited_for_memory_effects: test
production_ranked_projection_v1::tests::unrelated_branch_comparisons_do_not_become_bounds_authority: test
production_ranked_projection_v1::tests::unrelated_switch_cannot_authenticate_option_payload: test
production_ranked_projection_v1::tests::unresolved_binary_switch_keeps_live_and_unauthenticated_fallbacks: test
production_ranked_projection_v1::tests::unresolved_call_and_drop_effects_fail_before_a_clean_result: test
production_ranked_projection_v1::tests::unresolved_callable_diagnostic_retains_available_source_provenance: test
production_ranked_projection_v1::tests::unresolved_multiway_switch_preserves_distinct_successors_in_source_order: test
production_ranked_projection_v1::tests::unresolved_switch_coalesces_parallel_targets_without_losing_order: test
production_ranked_projection_v1::tests::unresolved_switch_fanout_is_bounded_before_analysis_allocation: test
production_ranked_projection_v1::tests::unsigned_cast_reconciliation_rejects_stale_type_and_value_substitution: test
production_ranked_projection_v1::tests::unsigned_cast_width_is_closed_to_exact_unsigned_type_maxima: test
production_ranked_projection_v1::tests::unsigned_interval_subtraction_and_ordering_match_exhaustive_small_domains: test
production_ranked_projection_v1::tests::unsigned_remainder_range_accepts_a_variable_nonzero_divisor: test
production_ranked_projection_v1::tests::unsigned_subtraction_and_ordering_preserve_a_dominating_nonzero_contract: test
production_ranked_projection_v1::tests::unsigned_subtraction_lower_bound_rejects_signed_mismatched_and_exhausted_proofs: test
production_ranked_projection_v1::tests::unsigned_subtraction_lower_bound_requires_exact_reauthenticated_operands: test
production_ranked_projection_v1::tests::unsupported_place_forms_fail_before_a_clean_result: test
production_ranked_projection_v1::tests::value_carrying_accesses_retain_exact_semantic_correspondence: test
production_ranked_projection_v1::tests::value_preserving_guard_alias_dominates_fresh_rust_remainder_assertion: test
production_ranked_projection_v1::tests::varying_initial_and_nonconstant_step_fail_closed: test
production_ranked_projection_v1::tests::volatile_load_is_never_an_effect_free_scalar_dependency: test
production_ranked_projection_v1::tests::volatile_load_read_only_eligibility_is_local_and_exact: test
production_ranked_projection_v1::tests::wave_storage_ownership_rejects_ordinary_alias_and_empty_helper_shortcuts: test
production_ranked_projection_v1::tests::write_only_slice_length_does_not_admit_unresolved_dereference_control: test
production_ranked_projection_v1::tests::write_only_slice_length_preserves_uniform_and_varying_operand_dependencies: test
production_ranked_projection_v1::tests::zero_comparison_candidate_filter_avoids_unrelated_dominance_walks: test
production_ranked_projection_v1::tests::zero_comparison_candidate_filter_keeps_relevant_guard_stability_checks: test
production_ranked_projection_v1::tests::zero_comparison_candidate_filter_matches_legacy_guard_results: test
production_ranked_projection_v1::tests::zero_comparison_candidate_filter_preserves_exact_and_short_work_refusal: test
production_ranked_projection_v1::tests::zero_comparison_candidate_filter_rejects_non_comparison_conditions: test
production_ranked_projection_v1::tests::zero_filled_v2_load_is_a_direct_authenticated_operand: test
production_reference_bounds_v2::tests::an_unused_bounds_check_is_not_silently_erased: test
production_reference_bounds_v2::tests::arithmetic_overflow_fails_closed_instead_of_wrapping_the_proof: test
production_reference_bounds_v2::tests::duplicate_checks_across_a_branch_and_canonical_loop_are_all_discharged: test
production_reference_bounds_v2::tests::empty_output_domain_is_vacuously_safe_without_fabricating_an_index: test
production_reference_bounds_v2::tests::exact_boundary_is_accepted_and_first_unsafe_index_is_reported: test
production_reference_bounds_v2::tests::exact_symbolic_extent_relation_proves_the_complete_dynamic_domain: test
production_reference_bounds_v2::tests::missing_rust_bounds_assertion_remains_a_terminal_failure: test
production_reference_bounds_v2::tests::multi_output_domains_must_agree_before_any_check_is_erased: test
production_reference_bounds_v2::tests::safe_dynamic_output_slice_check_is_joined_to_its_ranked_view: test
production_reference_bounds_v2::tests::static_affine_index_is_proved_from_its_full_domain_maximum: test
production_reference_bounds_v2::tests::unrelated_dynamic_extents_are_not_treated_as_equal: test
production_reference_effect_join_v2::tests::dynamic_point_coordinate_excludes_only_the_exact_bounds_selection: test
production_reference_effect_join_v2::tests::independently_translates_reference_integer_expression: test
production_reference_effect_join_v2::tests::non_bounds_logical_guard_is_not_erased: test
production_reference_effect_join_v2::tests::output_proofs_share_one_fixed_compilation_timeout_budget: test
production_reference_effect_join_v2::tests::prepare_rejects_output_limit_before_gpu_effect_extraction: test
production_reference_effect_join_v2::tests::reference_float_cast_retains_saturating_policy_and_ieee_contract: test
production_reference_effect_join_v2::tests::repeated_builtin_coordinate_roots_match_only_on_the_same_axis: test
production_reference_effect_join_v2::tests::reserved_effect_coordinates_and_preconditions_become_typed_roots: test
production_rustc_driver_v1::tests::generic_handoff_accepts_exact_targets_and_legacy_remains_gfx942_only: test
production_rustc_driver_v1::tests::production_driver_requires_one_canonical_overflow_policy: test
production_rustc_driver_v1::tests::simulation_bundle_output_is_create_new_exact_and_private: test
production_rustc_driver_v1::tests::simulation_bundle_output_rejects_empty_and_oversized_payloads: test
production_rustc_driver_v1::tests::worker_layout_llvm23_requires_semantic_v3_handoff: test
production_rustc_intrinsic_v1::atomic_compare_exchange_u32_v1_tests::compare_exchange_does_not_enter_old_rmw_or_wrapper_recipes: test
production_rustc_intrinsic_v1::atomic_compare_exchange_u32_v1_tests::strong_cas_recipe_retains_failure_order_and_expansion_census: test
production_rustc_intrinsic_v1::atomic_compare_exchange_u32_v1_tests::strong_cas_rejects_every_type_and_signature_mismatch: test
production_rustc_intrinsic_v1::atomic_compare_exchange_u32_v1_tests::strong_cas_u32_exact_contract_and_closed_order_pairs: test
production_rustc_intrinsic_v1::atomic_wrapper_graph_tests::selected_atomic_wrapper_arm_rejects_effect_and_dataflow_mutants: test
production_rustc_intrinsic_v1::branch_hint_origin_tests::branch_hint_origin_preserves_exact_bool_truth_table: test
production_rustc_intrinsic_v1::tests::atomic_load_store_ordering_and_identity_are_exact: test
production_rustc_intrinsic_v1::tests::fabs_f32_contract_is_exact_and_closed: test
production_rustc_intrinsic_v1::tests::normalized_atomic_rmw_intrinsics_are_exact_and_complete: test
production_rustc_intrinsic_v1::tests::reviewed_atomic_wrapper_paths_match_the_intrinsic_shapes: test
production_rustc_intrinsic_v1::tests::rustc_atomic_ordering_discriminants_are_frozen: test
production_semantic_body_v1::atomic_compare_exchange_normalization_tests_v1::cas_expected_may_alias_original_tuple_field_without_post_cas_reread: test
production_semantic_body_v1::atomic_compare_exchange_normalization_tests_v1::cas_snapshot_precedes_atomic_and_tuple_publication: test
production_semantic_body_v1::atomic_compare_exchange_normalization_tests_v1::strong_success_boolean_uses_pre_atomic_value_for_both_outcomes: test
production_semantic_body_v1::constant_bytes_v1::tests::active_overlap_and_non_scalar_fields_are_rejected_but_inhabited_zsts_are_allowed: test
production_semantic_body_v1::constant_bytes_v1::tests::every_initialized_byte_is_preserved_for_each_variant: test
production_semantic_body_v1::constant_bytes_v1::tests::initialized_tag_selects_empty_and_contended_without_inventing_a_payload: test
production_semantic_body_v1::constant_bytes_v1::tests::invalid_tags_endian_and_extents_fail_closed: test
production_semantic_body_v1::constant_bytes_v1::tests::liveness_storage_and_validation_work_use_the_shared_budget: test
production_semantic_body_v1::constant_bytes_v1::tests::signed_direct_tags_share_the_logical_variant_decoder: test
production_semantic_body_v1::constant_bytes_v1::tests::uninitialized_discriminants_and_active_payloads_are_rejected: test
production_semantic_body_v1::tests::callable_owner_rejects_id_and_kind_substitution: test
production_semantic_body_v1::tests::checked_binary_mapping_is_exact_and_never_aliases_plain_or_unchecked_arithmetic: test
production_semantic_body_v1::tests::diagnostic_components_are_bounded: test
production_semantic_body_v1::tests::expanded_rust_call_roles_preserve_receiver_and_outer_field_ordinals: test
production_semantic_body_v1::tests::fake_borrows_fail_closed_before_schema_construction: test
production_semantic_body_v1::tests::finite_join_terminal_requires_one_consumed_receiver: test
production_semantic_body_v1::tests::local_roles_follow_rustc_body_numbering: test
production_semantic_body_v1::tests::request_owner_accounting_is_cumulative_across_bodies: test
production_semantic_body_v1::tests::rustc_entry_contract_accepts_loop_continue_and_break_edges: test
production_semantic_body_v1::tests::rustc_entry_contract_charges_the_exact_edge_boundary: test
production_semantic_body_v1::tests::rustc_entry_contract_rejects_the_exact_predecessor: test
production_semantic_body_v1::tests::terminal_expansion_arities_are_closed: test
production_semantic_body_v1::tests::unchecked_raw_mir_shifts_are_admitted_with_their_exact_direction: test
production_semantic_debug_v1::tests::identical_ordinals_in_distinct_exact_inputs_never_collide: test
production_semantic_fn_abi_v1::tests::attributes_preserve_every_rustc_axis: test
production_semantic_fn_abi_v1::tests::every_pass_mode_and_cast_axis_is_preserved: test
production_semantic_fn_abi_v1::tests::every_pointer_capture_encoding_is_preserved: test
production_semantic_fn_abi_v1::tests::hard_argument_bound_is_checked_without_allocation: test
production_semantic_fn_abi_v1::tests::malformed_pointer_capture_bits_fail_closed: test
production_semantic_fn_abi_v1::tests::pinned_canonical_abi_mapping_is_total: test
production_semantic_fn_abi_v1::tests::pinned_extern_abi_mapping_is_explicit_and_fail_closed: test
production_semantic_lineage_v3::conditional_lineage_tests::conditional_lineage_cannot_cross_signed_verus_custody: test
production_semantic_lineage_v3::conditional_lineage_tests::conditional_lineage_finish_decodes_retained_semantic_receipt: test
production_semantic_lineage_v3::conditional_lineage_tests::conditional_lineage_live_owner_replays_v5_correspondence_v7_and_formal_v6: test
production_semantic_lineage_v3::layout_tests::every_debug_attachment_failure_preserves_the_frozen_core_association: test
production_semantic_lineage_v3::layout_tests::final_llvm_requires_one_exact_measured_worker_layout: test
production_semantic_lineage_v3::layout_tests::multi_root_lineage_strictly_validates_every_root_field_and_payload_identity: test
production_semantic_lineage_v3::layout_tests::production_capsule_requires_shared_independent_kir_to_llvm_replay: test
production_semantic_lineage_v3::layout_tests::worker_layout_lineage_matches_declared_profile_and_preserves_protected_refusal: test
production_semantic_lineage_v3::publication_model_pair_v1_tests::publication_admitted_model_constructs_matched_live_v6_and_formal_v5: test
production_semantic_lineage_v3::publication_model_pair_v1_tests::publication_admitted_model_literal_bound_accepts_exact_flags_length: test
production_semantic_lineage_v3::publication_model_pair_v1_tests::publication_admitted_model_literal_bound_requires_actual_flags_length: test
production_semantic_lineage_v3::publication_model_pair_v1_tests::publication_admitted_model_pair_rejects_crosswired_source_graph_sites_and_kir: test
production_semantic_lineage_v3::static_publication_lineage_tests::publication_lineage_rejects_missing_truncated_or_future_records: test
production_semantic_lineage_v3::wave_task_lineage_tests::post_lineage_copies_preserve_exact_and_one_less_resource_limits: test
production_semantic_lineage_v3::wave_task_lineage_tests::post_lineage_late_source_mismatch_restores_storage_without_refunding_work: test
production_semantic_lineage_v3::wave_task_lineage_tests::post_lineage_outer_replay_rejects_valid_foreign_profile_archives: test
production_semantic_lineage_v3::wave_task_lineage_tests::qkv_lineage_outer_replay_uses_selected_v34_source_profile: test
production_semantic_lineage_v3::wave_task_lineage_tests::wave_lineage_copies_share_replay_ledger_and_preserve_exact_short_limits: test
production_semantic_lineage_v3::wave_task_lineage_tests::wave_lineage_custody_cannot_substitute_finite_or_signed_proof: test
production_semantic_lineage_v3::wave_task_lineage_tests::wave_lineage_late_identity_failure_releases_both_decoded_archives: test
production_semantic_lineage_v3::wave_task_lineage_tests::wave_lineage_rejects_internally_valid_full_profile_transplant: test
production_semantic_lineage_v3::wave_task_lineage_tests::wave_lineage_replay_rejects_missing_incoming_receipt_storage_before_decoding: test
production_semantic_lineage_v3::wave_task_lineage_tests::wave_lineage_replays_actual_owner_and_rejects_cross_wired_receipts: test
production_semantic_terminal_v1::tests::every_unimplemented_terminal_is_retained_as_an_explicit_rejection: test
production_semantic_terminal_v1::tests::fill_terminals_have_explicit_workload_neutral_expansions: test
production_semantic_terminal_v1::tests::finite_join_run_is_one_distinct_whole_run_terminal: test
production_semantic_terminal_v1::tests::reviewed_rust_helpers_are_traversed_instead_of_hidden_by_a_terminal: test
production_semantic_types_v1::tests::noundef_field_cursor_ignores_zsts_and_rejects_gaps_or_overflow: test
production_semantic_types_v1::tests::pointee_normalization_preserves_kind_size_and_reliable_alignment: test
production_semantic_types_v1::tests::raw_pointee_normalization_fails_closed_when_schema_cannot_represent_it: test
production_semantic_types_v1::tests::scalar_pair_noundef_requires_initialized_scalars_without_padding: test
production_target_v1::tests::built_in_amdgcn_session_exposes_exact_gfx942_xnack_minus_target_facts: test
production_target_v1::tests::production_device_target_accepts_only_exact_admitted_target_ids: test
production_target_v1::tests::production_rustc_target_requires_every_authoritative_axis: test
production_target_v1::tests::rustc_and_worker_layouts_retain_distinct_measured_contracts: test
production_worker_handoff::tests::gfx942_exp_rejects_source_ffi_unreachable_and_second_import: test
production_worker_handoff::tests::production_source_has_no_qualification_or_worker_v2_dependency: test
production_worker_handoff::tests::reachable_gfx942_exp_derives_compiler_owned_envelope: test
protected_rustc_invocation::tests::aggregate_and_backend_environment_values_are_closed_observations_only: test
protected_rustc_invocation::tests::argv_cwd_environment_and_target_mismatches_fail_closed: test
protected_rustc_invocation::tests::every_full_compiler_closure_role_is_checked: test
protected_rustc_invocation::tests::final_publication_transition_is_move_only_and_retains_exact_v3: test
protected_rustc_invocation::tests::final_publication_transition_rejects_changed_process_observations: test
protected_rustc_invocation::tests::measured_rustc_and_backend_pins_are_authoritative: test
protected_rustc_invocation::tests::present_v3_is_retained_once_and_exposes_only_the_full_closure: test
protected_rustc_invocation::tests::production_admission_rejects_qualification_observation_authority: test
protected_rustc_invocation::tests::protected_target_admission_accepts_only_exact_typed_production_profiles: test
protected_rustc_invocation::tests::retained_publication_custody_rejects_late_process_substitution: test
protected_rustc_invocation::tests::valid_v1_v2_and_malformed_images_cannot_downgrade_v3: test
protected_rustc_invocation::tests::zero_kernel_protected_selection_cannot_downgrade_or_leave_an_inherited_fd: test
reference_effect_bijection_v1::tests::accepts_complete_independently_extracted_bijection: test
reference_effect_bijection_v1::tests::rejects_ambiguous_gpu_output_site: test
reference_effect_bijection_v1::tests::rejects_coordinate_mismatch: test
reference_effect_bijection_v1::tests::rejects_extra_gpu_output: test
reference_effect_bijection_v1::tests::rejects_guard_mismatch: test
reference_effect_bijection_v1::tests::rejects_missing_gpu_output: test
reference_effect_v1::kernel_scalar_symbols_cannot_enter_the_ranked_load_namespace: test
reference_effect_v1::tests::derives_multiple_observable_output_effects_without_collapsing_arguments: test
reference_effect_v1::tests::derives_point_coordinate_guard_and_rhs_from_reference_ir: test
reference_effect_v1::tests::dynamic_induction_only_loop_uses_the_unsigned_type_bound: test
reference_effect_v1::tests::dynamic_loop_with_additional_carried_state_fails_closed: test
reference_effect_v1::tests::exact_counted_loop_derives_loop_carried_value_and_recurrence_identity: test
reference_effect_v1::tests::helper_summary_substitutes_exact_call_arguments: test
reference_effect_v1::tests::loop_iteration_resource_bound_fails_closed: test
reference_effect_v1::tests::overlapping_or_nested_loop_regions_fail_before_symbolic_execution: test
reference_effect_v1::tests::projected_slice_read_retains_its_exact_argument_and_index: test
reference_effect_v1::tests::reference_expression_resolution_enforces_128_level_depth_budget: test
reference_effect_v1::tests::refuses_to_omit_an_unsupported_observable_output_projection: test
reference_effect_v1::tests::symbolic_execution_has_one_cumulative_expression_work_budget: test
reference_effect_v1::tests::symbolic_unrolling_checks_depth_before_recursive_hashing: test
reference_effect_v1::tests::target_only_output_coordinate_rejects_reference_reads: test
reference_effect_v1::tests::target_only_output_relations_preserve_constant_writes: test
reference_effect_v1::tests::target_only_output_slice_rejects_reference_reads: test
reference_effect_v1::tests::unproved_checked_overflow_is_rejected: test
rust_type_layout_general::tests::array_extent_requires_exact_stride: test
rust_type_layout_general::tests::bound_error_is_stable_and_specific: test
rust_type_layout_general::tests::closure_layout_tests::live_closure_types_preserve_nominal_identity_layout_and_capture_order: test
rust_type_layout_general::tests::closure_layout_tests::live_closure_types_preserve_reference_mutability_and_niche_payloads: test
rust_type_layout_general::tests::field_extent_rejects_overflow_and_out_of_bounds: test
rust_type_layout_general::tests::malformed_memory_orders_fail_closed: test
rust_type_layout_general::tests::memory_order_is_inverted_into_source_order: test
rust_type_layout_general::tests::rustc_layouts_cover_nested_aggregates_and_fail_closed: test
rust_type_layout_v3::tests::attention_output_typed_registration_rejects_mixed_and_substituted_facts: test
rust_type_layout_v3::tests::attention_output_typed_source_is_distinct_deferred_and_not_ordinary_packable: test
rust_type_layout_v3::tests::attention_typed_registration_rejects_mixed_and_substituted_facts: test
rust_type_layout_v3::tests::attention_typed_source_is_distinct_deferred_and_not_ordinary_packable: test
rust_type_layout_v3::tests::closed_wave_storage_roles_preserve_legacy_and_post_scalar_atomic_distinctions: test
rust_type_layout_v3::tests::fake_external_multiwave_join_storage_authentication_v1: test
rust_type_layout_v3::tests::fake_external_prefix_tile_storage_authentication_v6: test
rust_type_layout_v3::tests::fake_external_wave_attention_output_storage_authentication_v5: test
rust_type_layout_v3::tests::fake_external_wave_attention_storage_authentication_v4: test
rust_type_layout_v3::tests::fake_external_wave_mlp_storage_authentication_v1: test
rust_type_layout_v3::tests::fake_external_wave_mlp_tile_storage_authentication_v2: test
rust_type_layout_v3::tests::fake_external_wave_post_storage_authentication_v3: test
rust_type_layout_v3::tests::fake_external_wave_storage_authentication_v2: test
rust_type_layout_v3::tests::finite_join_abi_keeps_real_offsets_and_rejects_layout_substitution: test
rust_type_layout_v3::tests::finite_join_evidence_has_componentwise_abi_without_macro_or_runtime_authority: test
rust_type_layout_v3::tests::genuine_external_multiwave_join_storage_authentication_v1: test
rust_type_layout_v3::tests::genuine_external_prefix_tile_storage_authentication_v6: test
rust_type_layout_v3::tests::genuine_external_wave_attention_output_storage_authentication_v5: test
rust_type_layout_v3::tests::genuine_external_wave_attention_storage_authentication_v4: test
rust_type_layout_v3::tests::genuine_external_wave_mlp_storage_authentication_v1: test
rust_type_layout_v3::tests::genuine_external_wave_mlp_tile_storage_authentication_v2: test
rust_type_layout_v3::tests::genuine_external_wave_post_storage_authentication_v3: test
rust_type_layout_v3::tests::genuine_external_wave_storage_authentication_v2: test
rust_type_layout_v3::tests::global_mut_pointer_retains_exact_abi_ownership_and_identity: test
rust_type_layout_v3::tests::host_contract_identity_is_order_and_scalar_sensitive: test
rust_type_layout_v3::tests::lookalike_general_v3_contracts_keep_positional_names: test
rust_type_layout_v3::tests::mlp_tile_typed_registration_rejects_mixed_and_substituted_facts: test
rust_type_layout_v3::tests::mlp_tile_typed_source_is_distinct_deferred_and_not_ordinary_packable: test
rust_type_layout_v3::tests::mlp_typed_registration_rejects_mixed_and_substituted_facts: test
rust_type_layout_v3::tests::mlp_typed_source_is_distinct_deferred_and_not_ordinary_packable: test
rust_type_layout_v3::tests::multiwave_equal_width_legacy_contract_is_not_reinterpreted: test
rust_type_layout_v3::tests::multiwave_observer_root_and_marker_policy_is_closed: test
rust_type_layout_v3::tests::multiwave_typed_registration_rejects_mixed_and_substituted_facts: test
rust_type_layout_v3::tests::multiwave_typed_source_is_distinct_deferred_and_not_ordinary_packable: test
rust_type_layout_v3::tests::post_typed_registration_rejects_mixed_and_substituted_facts: test
rust_type_layout_v3::tests::post_typed_source_is_distinct_deferred_and_not_ordinary_packable: test
rust_type_layout_v3::tests::prefix_tile_physical_observer_roster_keeps_exact_fifteen_roots_and_four_borrows: test
rust_type_layout_v3::tests::prefix_tile_typed_registration_rejects_mixed_and_substituted_facts: test
rust_type_layout_v3::tests::prefix_tile_typed_registration_rejects_old_equal_sized_and_other_profile_layouts: test
rust_type_layout_v3::tests::prefix_tile_typed_source_is_distinct_deferred_and_not_ordinary_packable: test
rust_type_layout_v3::tests::qkv_layout_has_distinct_deferred_registration_and_exact_roots: test
rust_type_layout_v3::tests::qkv_registration_rejects_cross_profile_and_mixed_evidence: test
rust_type_layout_v3::tests::three_and_four_reconstruct_exact_offsets_sizes_and_effects: test
rust_type_layout_v3::tests::wave_task_storage_addition_preserves_existing_three_root_registration: test
rust_type_layout_v3::tests::wave_task_storage_argument_retains_layout_but_no_old_abi_admission: test
rust_type_layout_v3::tests::wave_task_storage_registration_rejects_substituted_or_mixed_root_evidence: test
rust_type_layout_v3::tests::wave_task_storage_root_extents_require_exact_evaluated_counts: test
rust_type_layout_v3::wave_storage_f32_lifetime_marker_profile_roster_is_closed_v2: test
rustc_semantic_adapter_v1::layout_detail_identity_v2_tests::semantic_layout_detail_identity_real_unit_and_closures_admit_and_roundtrip: test
rustc_semantic_adapter_v1::layout_detail_identity_v2_tests::semantic_layout_detail_identity_repeats_equal_class_without_nominal_input: test
rustc_semantic_adapter_v1::layout_detail_identity_v2_tests::semantic_layout_detail_identity_retains_target_and_raw_layout_axes: test
rustc_semantic_adapter_v1::layout_detail_identity_v2_tests::semantic_layout_detail_identity_separates_same_raw_detail_categories: test
rustc_semantic_adapter_v1::layout_detail_identity_v2_tests::semantic_layout_detail_identity_uses_explicit_v2_domain: test
rustc_semantic_adapter_v1::tests::captured_identity_transcript_is_the_exact_digest_preimage: test
rustc_semantic_adapter_v1::tests::framed_identity_preimages_reject_concatenation_and_domain_substitution: test
rustc_semantic_adapter_v1::tests::local_and_block_domains_bind_function_and_rustc_index: test
rustc_semantic_adapter_v1::tests::target_layout_identity_binds_every_codegen_profile_axis: test
rustc_semantic_adapter_v1::tests::target_layout_transcript_binds_each_target_component: test
rustc_semantic_adapter_v1::tests::target_layout_transcript_is_exact_bounded_deterministic_identity_preimage: test
rustc_semantic_adapter_v1::tests::target_layout_transcript_rejects_every_component_and_framing_substitution: test
rustc_semantic_plan_v1::tests::deterministic_call_path_uses_sorted_roots_and_edges: test
rustc_semantic_plan_v1::tests::diagnostics_are_bounded_by_unicode_scalar_count: test
rustc_semantic_plan_v1::tests::disabled_debug_capture_never_inspects_v2_metadata: test
rustc_semantic_plan_v1::tests::every_debug_only_failure_leaves_the_ordinary_artifact_path_unchanged: test
rustc_semantic_plan_v1::tests::optional_debug_count_allocation_and_name_failures_are_typed_gaps: test
rustc_semantic_plan_v1::tests::optional_debug_fallback_never_hides_structural_preflight_failures: test
rustc_semantic_plan_v1::tests::raw_count_budget_rejects_overflow_before_record_construction: test
rustc_semantic_plan_v1::tests::terminal_recipe_tags_are_closed_and_distinct: test
rustc_semantic_plan_v1::tests::v2_debug_names_are_exact_or_rejected: test
rustc_semantic_plan_v1::tests::v5_child_commitments_cannot_cross_domain_section_or_ordinal: test
rustc_semantic_plan_v1::tests::v5_hierarchical_commitments_are_domain_order_and_content_sensitive: test
rustc_semantic_plan_v1::tests::v5_parent_is_bounded_below_the_unchanged_v3_receipt_maximum: test
semantic_layout_bridge::tests::active_codegen_profile_preserves_exact_spelling_and_identity: test
semantic_layout_bridge::tests::active_codegen_profile_rejects_whitespace_and_confusables: test
semantic_layout_bridge::tests::active_feature_raw_sources_are_bounded_before_normalization: test
semantic_layout_bridge::tests::default_pointer_width_must_match_the_exact_target: test
semantic_layout_bridge::tests::direct_enum_preserves_tag_discriminants_variants_and_padding: test
semantic_layout_bridge::tests::malformed_field_records_and_enum_metadata_fail_closed: test
semantic_layout_bridge::tests::nested_layout_preserves_offsets_padding_and_address_space_pointer_width: test
semantic_layout_bridge::tests::niche_enum_allows_the_recorded_payload_overlap_only: test
semantic_layout_bridge::tests::rustc_extraction_is_target_explicit_and_frontend_identity_bound: test
semantic_layout_bridge::tests::unsupported_or_lossy_shapes_fail_closed: test
tests::admitted_protected_modules_publish_only_through_strict_v3: test
tests::backend_configuration_is_feature_invariant_and_selector_free: test
tests::build_attempt_selection_is_direct_or_exactly_canonical: test
tests::kernels_require_an_explicit_managed_artifact_directory: test
trusted_device_items::core_attention_option_v1::tests::attention_option_real_callback_call_mutations: test
trusted_device_items::core_attention_option_v1::tests::attention_option_real_drop_mutations: test
trusted_device_items::core_attention_option_v1::tests::attention_option_real_identity_payload_and_callback_refusals: test
trusted_device_items::core_attention_option_v1::tests::attention_option_real_local_type_and_scope_mutations: test
trusted_device_items::core_attention_option_v1::tests::attention_option_real_operations_and_cleanup_mutations: test
trusted_device_items::core_attention_option_v1::tests::attention_option_real_payload_and_aggregate_mutations: test
trusted_device_items::core_attention_option_v1::tests::attention_option_real_provider_and_closure_positives: test
trusted_device_items::core_attention_option_v1::tests::attention_option_real_shape_mutations: test
trusted_device_items::core_attention_option_v1::tests::attention_option_real_source_scope_mutations: test
trusted_device_items::core_attention_option_v1::tests::attention_option_real_switch_and_return_mutations: test
trusted_device_items::core_checked_integer_v1::tests::checked_integer_real_body_rejects_control_flow_and_unwind: test
trusted_device_items::core_checked_integer_v1::tests::checked_integer_real_body_rejects_extra_operations: test
trusted_device_items::core_checked_integer_v1::tests::checked_integer_real_body_rejects_operands_constants_and_variants: test
trusted_device_items::core_checked_integer_v1::tests::checked_integer_real_body_rejects_shape_and_local_mutations: test
trusted_device_items::core_checked_integer_v1::tests::checked_integer_real_body_rejects_source_scope_and_inline_mutations: test
trusted_device_items::core_checked_integer_v1::tests::checked_integer_real_core_identity_and_signature_refusals: test
trusted_device_items::core_kernel_error_identity_v1::tests::kernel_error_identity_real_body_rejects_extra_operations_and_cleanup: test
trusted_device_items::core_kernel_error_identity_v1::tests::kernel_error_identity_real_body_rejects_local_type_and_scope_mutations: test
trusted_device_items::core_kernel_error_identity_v1::tests::kernel_error_identity_real_body_rejects_operands_places_and_returns: test
trusted_device_items::core_kernel_error_identity_v1::tests::kernel_error_identity_real_body_rejects_shape_mutations: test
trusted_device_items::core_kernel_error_identity_v1::tests::kernel_error_identity_real_body_rejects_source_scope_mutations: test
trusted_device_items::core_kernel_error_identity_v1::tests::kernel_error_identity_real_core_provider_identity_and_signature_refusals: test
trusted_device_items::core_result_control_v1::tests::result_branch_real_body_rejects_changed_aggregate_identity_and_moves: test
trusted_device_items::core_result_control_v1::tests::result_branch_real_body_rejects_changed_edges_and_discriminants: test
trusted_device_items::core_result_control_v1::tests::result_branch_real_body_rejects_changed_payload_fields: test
trusted_device_items::core_result_control_v1::tests::result_branch_real_body_rejects_count_and_local_mutations: test
trusted_device_items::core_result_control_v1::tests::result_branch_real_body_rejects_extra_operations_and_cleanup: test
trusted_device_items::core_result_control_v1::tests::result_branch_real_body_rejects_scope_and_inline_origin_mutations: test
trusted_device_items::core_result_control_v1::tests::result_branch_real_core_bodies_and_nominal_refusals: test
trusted_device_items::core_result_control_v1::tests::result_family_table_keeps_exact_source_pairs: test
trusted_device_items::core_result_control_v1::tests::result_residual_real_body_rejects_changed_assume_and_discriminant: test
trusted_device_items::core_result_control_v1::tests::result_residual_real_body_rejects_changed_conversion_call: test
trusted_device_items::core_result_control_v1::tests::result_residual_real_body_rejects_changed_payload_and_output: test
trusted_device_items::core_result_control_v1::tests::result_residual_real_body_rejects_count_and_local_mutations: test
trusted_device_items::core_result_control_v1::tests::result_residual_real_body_rejects_extra_operations_and_cleanup: test
trusted_device_items::core_result_control_v1::tests::result_residual_real_body_rejects_scope_and_inline_origin_mutations: test
trusted_device_items::core_result_control_v1::tests::result_residual_real_core_bodies_and_nominal_refusals: test
trusted_device_items::core_u32_widening_v1::tests::u32_widening_real_body_rejects_cast_kind_type_and_operand_mutations: test
trusted_device_items::core_u32_widening_v1::tests::u32_widening_real_body_rejects_extra_operations_and_cleanup: test
trusted_device_items::core_u32_widening_v1::tests::u32_widening_real_body_rejects_places_and_terminators: test
trusted_device_items::core_u32_widening_v1::tests::u32_widening_real_body_rejects_shape_and_local_mutations: test
trusted_device_items::core_u32_widening_v1::tests::u32_widening_real_body_rejects_source_scope_mutations: test
trusted_device_items::core_u32_widening_v1::tests::u32_widening_real_core_identity_and_signature_refusals: test
trusted_device_items::tests::checked_view_capabilities_reject_type_constructor_and_load_lookalikes: test
trusted_device_items::tests::compiled_source_hash_rejects_stale_rlib_after_source_restore: test
trusted_device_items::tests::complete_source_closure_binds_manifest_build_script_and_nested_sources: test
trusted_device_items::tests::every_production_safety_terminal_has_an_exact_structural_path: test
trusted_device_items::tests::exact_device_provider_rejects_same_name_path_and_source_substitution: test
trusted_device_items::tests::exact_source_closure_authentication_is_location_independent: test
trusted_device_items::tests::finite_join_dispatch_candidate_requires_external_structural_identity: test
trusted_device_items::tests::finite_join_run_definition_error_retains_observed_and_expected_paths: test
trusted_device_items::tests::finite_join_run_rejection_preserves_full_authentication_reason: test
trusted_device_items::tests::finite_join_run_rejects_provider_path_and_body_source_substitution: test
trusted_device_items::tests::generative_provider_items_require_exact_reviewed_identity: test
trusted_device_items::tests::mlp_nominal_auth_requires_complete_provider_observation: test
trusted_device_items::tests::mlp_nominal_candidate_requires_external_exact_struct_path: test
trusted_device_items::tests::mlp_tile_nominal_auth_requires_complete_provider_observation: test
trusted_device_items::tests::mlp_tile_nominal_candidate_requires_external_exact_struct_path: test
trusted_device_items::tests::multiwave_nominal_auth_requires_complete_provider_observation: test
trusted_device_items::tests::multiwave_nominal_candidate_requires_external_exact_struct_path: test
trusted_device_items::tests::neutral_workgroup_terminals_reject_legacy_and_stale_provider_identities: test
trusted_device_items::tests::pinned_core_terminal_identity_excludes_volatile_crate_disambiguators: test
trusted_device_items::tests::prefix_tile_nominal_auth_requires_complete_provider_observation: test
trusted_device_items::tests::prefix_tile_nominal_candidate_requires_external_exact_struct_path: test
trusted_device_items::tests::provider_semantic_identity_excludes_volatile_compilation_disambiguators: test
trusted_device_items::tests::qkv_attention_nominal_auth_requires_complete_provider_observation: test
trusted_device_items::tests::qkv_attention_nominal_candidate_requires_external_exact_struct_path: test
trusted_device_items::tests::qkv_attention_nominal_identity_retains_actual_source_and_rejects_other_profiles: test
trusted_device_items::tests::qkv_attention_output_nominal_auth_requires_complete_provider_observation: test
trusted_device_items::tests::qkv_attention_output_nominal_candidate_requires_external_exact_struct_path: test
trusted_device_items::tests::qkv_post_nominal_auth_requires_complete_provider_observation: test
trusted_device_items::tests::qkv_post_nominal_candidate_requires_external_exact_struct_path: test
trusted_device_items::tests::qkv_post_nominal_identity_retains_actual_source_and_rejects_other_profiles: test
trusted_device_items::tests::reviewed_bf16_conversion_terminals_remain_out_of_line: test
trusted_device_items::tests::reviewed_blocked_access_terminals_remain_out_of_line: test
trusted_device_items::tests::reviewed_device_source_excludes_retired_exact_profile_allocators: test
trusted_device_items::tests::reviewed_static_publication_facade_remains_force_inlined: test
trusted_device_items::tests::safe_core_f32_is_finite_contract_is_exact_and_closed: test
trusted_device_items::tests::safe_core_f32_is_finite_route_body_contract_is_exact_and_closed: test
trusted_device_items::tests::safe_core_pointer_cast_accepts_only_matching_const_or_mut_thin_contracts: test
trusted_device_items::tests::safe_core_pointer_cast_rejects_extra_effects_scopes_or_noncanonical_mir: test
trusted_device_items::tests::safe_core_pointer_cast_rejects_fat_metadata_or_nonpreserving_layouts: test
trusted_device_items::tests::safe_core_pointer_cast_rejects_incomplete_owner_signature_or_body: test
trusted_device_items::tests::safe_core_pointer_cast_rejects_lookalikes_and_other_pointer_operations: test
trusted_device_items::tests::safe_core_pointer_cast_rejects_nonpointers_or_changed_mutability: test
trusted_device_items::tests::safe_core_wrapping_integer_contract_admits_each_primitive_and_operation: test
trusted_device_items::tests::safe_core_wrapping_integer_contract_rejects_forged_paths_and_noninteger_types: test
trusted_device_items::tests::safe_core_wrapping_integer_contract_rejects_incomplete_authority_and_signature: test
trusted_device_items::tests::safe_execution_items_have_exact_structural_provider_paths: test
trusted_device_items::tests::safe_execution_provider_validation_rejects_source_substitution: test
trusted_device_items::tests::safe_execution_source_closure_matches_the_reviewed_pin: test
trusted_device_items::tests::semantic_registry_is_complete_and_unique: test
trusted_device_items::tests::source_closure_rejects_missing_inputs_and_out_of_root_definitions: test
trusted_device_items::tests::source_closure_rejects_symlinks_and_nonregular_files: test
trusted_device_items::tests::source_closure_uses_canonical_relative_order_for_component_prefixes: test
trusted_device_items::tests::structural_definition_paths_are_canonical_and_crate_qualified: test
trusted_device_items::tests::wave_qkv_and_key_nominal_definitions_cannot_substitute_each_other: test
trusted_device_items::tests::wave_qkv_task_storage_candidate_is_external_exact_structural_nominal_type_only: test
trusted_device_items::tests::wave_qkv_task_storage_definition_identity_retains_actual_source_bytes: test
trusted_device_items::tests::wave_qkv_task_storage_definition_requires_complete_reviewed_provider_observation: test
trusted_device_items::tests::wave_task_storage_candidate_is_external_exact_structural_nominal_type_only: test
trusted_device_items::tests::wave_task_storage_definition_identity_retains_actual_source_bytes: test
trusted_device_items::tests::wave_task_storage_definition_requires_complete_reviewed_provider_observation: test
