   Compiling typenum v1.20.1
   Compiling cfg-if v1.0.4
   Compiling cpufeatures v0.3.1
   Compiling fe2o3-target-spec v0.1.0 (/home/harmenon/ferric-asrock-42/evidence/finite-resident-integration-v220/guarded-mlp-segment-cpu-v228-v5/fe2o3/crates/fe2o3-target-spec)
   Compiling libc v0.2.189
   Compiling fe2o3-amd-target v0.1.0 (/home/harmenon/ferric-asrock-42/evidence/finite-resident-integration-v220/guarded-mlp-segment-cpu-v228-v5/fe2o3/crates/fe2o3-amd-target)
   Compiling hybrid-array v0.4.14
   Compiling block-buffer v0.12.1
   Compiling crypto-common v0.2.2
   Compiling digest v0.11.3
   Compiling sha2 v0.11.0
   Compiling rustix v1.1.4
   Compiling proc-macro2 v1.0.107
   Compiling fe2o3-build-authority v0.1.0 (/home/harmenon/ferric-asrock-42/evidence/finite-resident-integration-v220/guarded-mlp-segment-cpu-v228-v5/fe2o3/crates/fe2o3-build-authority)
   Compiling fe2o3-kernel-descriptor v0.1.0 (/home/harmenon/ferric-asrock-42/evidence/finite-resident-integration-v220/guarded-mlp-segment-cpu-v228-v5/fe2o3/crates/fe2o3-kernel-descriptor)
   Compiling fe2o3-rustc-invocation v0.1.0 (/home/harmenon/ferric-asrock-42/evidence/finite-resident-integration-v220/guarded-mlp-segment-cpu-v228-v5/fe2o3/crates/fe2o3-rustc-invocation)
   Compiling fe2o3-compiler-lineage v0.1.0 (/home/harmenon/ferric-asrock-42/evidence/finite-resident-integration-v220/guarded-mlp-segment-cpu-v228-v5/fe2o3/crates/fe2o3-compiler-lineage)
   Compiling reserved-fe2o3-symbols v0.1.0 (/home/harmenon/ferric-asrock-42/evidence/finite-resident-integration-v220/guarded-mlp-segment-cpu-v228-v5/fe2o3/crates/reserved-fe2o3-symbols)
   Compiling equivalent v1.0.2
   Compiling bitflags v2.13.1
   Compiling linux-raw-sys v0.12.1
   Compiling hashbrown v0.17.1
   Compiling quote v1.0.47
   Compiling unicode-ident v1.0.24
   Compiling winnow v1.0.4
   Compiling indexmap v2.14.1
   Compiling toml_parser v1.1.3+spec-1.1.0
   Compiling fe2o3-compiler-ffi v0.1.0 (/home/harmenon/ferric-asrock-42/evidence/finite-resident-integration-v220/guarded-mlp-segment-cpu-v228-v5/fe2o3/crates/fe2o3-compiler-ffi)
   Compiling toml_datetime v1.1.1+spec-1.1.0
   Compiling fe2o3-artifact-transaction v0.1.0 (/home/harmenon/ferric-asrock-42/evidence/finite-resident-integration-v220/guarded-mlp-segment-cpu-v228-v5/fe2o3/crates/fe2o3-artifact-transaction)
   Compiling toml_edit v0.25.13+spec-1.1.0
   Compiling compiler_builtins v0.1.160 (/home/harmenon/.rustup/toolchains/nightly-2026-04-03-x86_64-unknown-linux-gnu/lib/rustlib/src/rust/library/compiler-builtins/compiler-builtins)
   Compiling syn v2.0.119
   Compiling fe2o3-artifacts v0.1.0 (/home/harmenon/ferric-asrock-42/evidence/finite-resident-integration-v220/guarded-mlp-segment-cpu-v228-v5/fe2o3/crates/fe2o3-artifacts)
   Compiling proc-macro-crate v3.5.0
   Compiling fe2o3-rustc-front v0.1.0 (/home/harmenon/ferric-asrock-42/evidence/finite-resident-integration-v220/guarded-mlp-segment-cpu-v228-v5/fe2o3/crates/fe2o3-rustc-front)
   Compiling core v0.0.0 (/home/harmenon/.rustup/toolchains/nightly-2026-04-03-x86_64-unknown-linux-gnu/lib/rustlib/src/rust/library/core)
   Compiling fe2o3-macros v0.1.0 (/home/harmenon/ferric-asrock-42/evidence/finite-resident-integration-v220/guarded-mlp-segment-cpu-v228-v5/fe2o3/crates/fe2o3-macros)
    Checking fe2o3-device v0.1.0 (/home/harmenon/ferric-asrock-42/evidence/finite-resident-integration-v220/guarded-mlp-segment-cpu-v228-v5/fe2o3/crates/fe2o3-device)
warning: unknown and unstable feature specified for `-Ctarget-feature`: `wavefrontsize32`
  |
  = note: it is still passed through to the codegen backend, but use of this feature might be unsound and the behavior of this feature can change in the future
  = help: consider filing a feature request

warning: unknown and unstable feature specified for `-Ctarget-feature`: `wavefrontsize64`
  |
  = note: it is still passed through to the codegen backend, but use of this feature might be unsound and the behavior of this feature can change in the future
  = help: consider filing a feature request

warning: unknown and unstable feature specified for `-Ctarget-feature`: `xnack`
  |
  = note: it is still passed through to the codegen backend, but use of this feature might be unsound and the behavior of this feature can change in the future
  = help: consider filing a feature request

warning: `fe2o3-device` (lib) generated 3 warnings
    Checking ferric-qwen3-tp-guarded-mlp-segment-kernels-device-v1 v0.1.0 (/home/harmenon/ferric-asrock-42/evidence/finite-resident-integration-v220/guarded-mlp-segment-cpu-v228-v5/candidate)
warning: unused import: `fe2o3_device::Bf16`
 --> src/arithmetic.rs:1:5
  |
1 | use fe2o3_device::Bf16;
  |     ^^^^^^^^^^^^^^^^^^
  |
  = note: `#[warn(unused_imports)]` (part of `#[warn(unused)]`) on by default

fe2o3 rustc extraction: production compilation general kernel verification failed: error[FE2O3-PRESERVE-028]: structural identity is unavailable; error[FE2O3-PRESERVE-002]: error[FE2O3-PRESERVE-002]: basic blocks count 1025 at function exceeds identity limit 1024; help: split or simplify the function before preservation checking
help[FE2O3-FIX-STRUCTURE] (Manual): split or simplify the function so structural identity construction remains within its audited resource bounds
  = ranked PLIRON before rejected lowering:
    func @ferric_qwen3_mlp_state_guard_v1 {
    ^bb0:
      gpu.execution_layout <grid=4556790484766526503, global=[64, 1, 1], workgroup=[64, 1, 1], subgroup=64, full_physical_workgroups=true>
      %0 = kernel.invocation_index <0, dynamic>
      %1 = kernel.index_constant 290
      %2 = kernel.index_constant 434
      %3 = kernel.index_constant 300
      %4 = kernel.index_constant 127
      %5 = kernel.index_constant 373
      %6 = kernel.index_constant 386
      %7 = kernel.index_constant 361
      %8 = kernel.index_constant 209
      %9 = kernel.index_constant 135
      %10 = kernel.index_constant 207
      %11 = kernel.index_constant 14
      %12 = kernel.index_constant 100
      %13 = kernel.index_constant 287
      %14 = kernel.index_constant 409
      %15 = kernel.index_constant 531
      %16 = kernel.index_constant 473
      %17 = kernel.index_constant 471
      %18 = kernel.index_constant 535
      %19 = kernel.index_constant 289
      %20 = kernel.index_constant 27
      %21 = kernel.index_constant 25
      %22 = kernel.index_constant 539
      %23 = kernel.index_constant 338
      %24 = kernel.index_constant 244
      %25 = kernel.index_constant 4
      %26 = kernel.index_constant 62
      %27 = kernel.index_constant 93
      %28 = kernel.index_constant 3
      %29 = kernel.index_constant 61
      %30 = kernel.index_constant 162
      %31 = kernel.index_constant 202
      %32 = kernel.index_constant 474
      %33 = kernel.index_constant 388
      %34 = kernel.index_constant 172
      %35 = kernel.index_constant 504
      %36 = kernel.index_constant 384
      %37 = kernel.index_constant 286
      %38 = kernel.index_constant 519
      %39 = kernel.index_constant 502
      %40 = kernel.index_constant 280
      %41 = kernel.index_constant 147
      %42 = kernel.index_constant 414
      %43 = kernel.index_constant 445
      %44 = kernel.index_constant 271
      %45 = kernel.index_constant 378
      %46 = kernel.index_constant 245
      %47 = kernel.index_constant 468
      %48 = kernel.index_constant 99
      %49 = kernel.index_constant 540
      %50 = kernel.index_constant 78
      %51 = kernel.index_constant 9
      %52 = kernel.index_constant 80
      %53 = kernel.index_constant 170
      %54 = kernel.index_constant 402
      %55 = kernel.index_constant 186
      %56 = kernel.index_constant 328
      %57 = kernel.index_constant 408
      %58 = kernel.index_constant 508
      %59 = kernel.index_constant 349
      %60 = kernel.index_constant 189
      %61 = kernel.index_constant 257
      %62 = kernel.index_constant 466
      %63 = kernel.index_constant 416
      %64 = kernel.index_constant 530
      %65 = kernel.index_constant 141
      %66 = kernel.index_constant 345
      %67 = kernel.index_constant 302
      %68 = kernel.index_constant 307
      %69 = kernel.index_constant 481
      %70 = kernel.index_constant 152
      %71 = kernel.index_constant 160
      %72 = kernel.index_constant 347
      %73 = kernel.index_constant 528
      %74 = kernel.index_constant 541
      %75 = kernel.index_constant 318
      %76 = kernel.index_constant 82
      %77 = kernel.index_constant 116
      %78 = kernel.index_constant 368
      %79 = kernel.index_constant 95
      %80 = kernel.index_constant 529
      %81 = kernel.index_constant 449
      %82 = kernel.index_constant 320
      %83 = kernel.index_constant 322
      %84 = kernel.index_constant 424
      %85 = kernel.index_constant 119
      %86 = kernel.index_constant 526
      %87 = kernel.index_constant 415
      %88 = kernel.index_constant 278
      %89 = kernel.index_constant 537
      %90 = kernel.index_constant 382
      %91 = kernel.index_constant 489
      %92 = kernel.index_constant 355
      %93 = kernel.index_constant 401
      %94 = kernel.index_constant 542
      %95 = kernel.index_constant 76
      %96 = kernel.index_constant 235
      %97 = kernel.index_constant 177
      %98 = kernel.index_constant 241
      %99 = kernel.index_constant 389
      %100 = kernel.index_constant 136
      %101 = kernel.index_constant 497
      %102 = kernel.index_constant 129
      %103 = kernel.index_constant 465
      %104 = kernel.index_constant 308
      %105 = kernel.index_constant 120
      %106 = kernel.index_constant 45
      %107 = kernel.index_constant 249
      %108 = kernel.index_constant 154
      %109 = kernel.index_constant 518
      %110 = kernel.index_constant 105
      %111 = kernel.index_constant 23
      %112 = kernel.index_constant 146
      %113 = kernel.index_constant 295
      %114 = kernel.index_constant 283
      %115 = kernel.index_constant 35
      %116 = kernel.index_constant 321
      %117 = kernel.index_constant 312
      %118 = kernel.index_constant 487
      %119 = kernel.index_constant 118
      %120 = kernel.index_constant 51
      %121 = kernel.index_constant 332
      %122 = kernel.index_constant 272
      %123 = kernel.index_constant 348
      %124 = kernel.index_constant 125
      %125 = kernel.index_constant 371
      %126 = kernel.index_constant 148
      %127 = kernel.index_constant 406
      %128 = kernel.index_constant 143
      %129 = kernel.index_constant 296
      %130 = kernel.index_constant 214
      %131 = kernel.index_constant 476
      %132 = kernel.index_constant 291
      %133 = kernel.index_constant 405
      %134 = kernel.index_constant 455
      %135 = kernel.index_constant 161
      %136 = kernel.index_constant 239
      %137 = kernel.index_constant 56
      %138 = kernel.index_constant 483
      %139 = kernel.index_constant 86
      %140 = kernel.index_constant 96
      %141 = kernel.index_constant 522
      %142 = kernel.index_constant 309
      %143 = kernel.index_constant 404
      %144 = kernel.index_constant 165
      %145 = kernel.index_constant 218
      %146 = kernel.index_constant 350
      %147 = kernel.index_constant 128
      %148 = kernel.index_constant 15
      %149 = kernel.index_constant 511
      %150 = kernel.index_constant 243
      %151 = kernel.index_constant 263
      %152 = kernel.index_constant 158
      %153 = kernel.index_constant 383
      %154 = kernel.index_constant 366
      %155 = kernel.index_constant 200
      %156 = kernel.index_constant 251
      %157 = kernel.index_constant 173
      %158 = kernel.index_constant 385
      %159 = kernel.index_constant 393
      %160 = kernel.index_constant 294
      %161 = kernel.index_constant 176
      %162 = kernel.index_constant 144
      %163 = kernel.index_constant 299
      %164 = kernel.index_constant 523
      %165 = kernel.index_constant 204
      %166 = kernel.index_constant 492
      %167 = kernel.index_constant 509
      %168 = kernel.index_constant 84
      %169 = kernel.index_constant 171
      %170 = kernel.index_constant 447
      %171 = kernel.index_constant 310
      %172 = kernel.index_constant 57
      %173 = kernel.index_constant 34
      %174 = kernel.index_constant 358
      %175 = kernel.index_constant 149
      %176 = kernel.index_constant 0
      %177 = kernel.index_constant 226
      %178 = kernel.index_constant 538
      %179 = kernel.index_constant 70
      %180 = kernel.index_constant 194
      %181 = kernel.index_constant 426
      %182 = kernel.index_constant 98
      %183 = kernel.index_constant 109
      %184 = kernel.index_constant 460
      %185 = kernel.index_constant 30
      %186 = kernel.index_constant 224
      %187 = kernel.index_constant 319
      %188 = kernel.index_constant 90
      %189 = kernel.index_constant 311
      %190 = kernel.index_constant 150
      %191 = kernel.index_constant 485
      %192 = kernel.index_constant 364
      %193 = kernel.index_constant 2
      %194 = kernel.index_constant 467
      %195 = kernel.index_constant 370
      %196 = kernel.index_constant 219
      %197 = kernel.index_constant 255
      %198 = kernel.index_constant 306
      %199 = kernel.index_constant 113
      %200 = kernel.index_constant 419
      %201 = kernel.index_constant 68
      %202 = kernel.index_constant 169
      %203 = kernel.index_constant 258
      %204 = kernel.index_constant 193
      %205 = kernel.index_constant 337
      %206 = kernel.index_constant 55
      %207 = kernel.index_constant 335
      %208 = kernel.index_constant 39
      %209 = kernel.index_constant 412
      %210 = kernel.index_constant 396
      %211 = kernel.index_constant 26
      %212 = kernel.index_constant 265
      %213 = kernel.index_constant 212
      %214 = kernel.index_constant 52
      %215 = kernel.index_constant 228
      %216 = kernel.index_constant 24
      %217 = kernel.index_constant 81
      %218 = kernel.index_constant 190
      %219 = kernel.index_constant 391
      %220 = kernel.index_constant 301
      %221 = kernel.index_constant 49
      %222 = kernel.index_constant 65
      %223 = kernel.index_constant 43
      %224 = kernel.index_constant 1
      %225 = kernel.index_constant 472
      %226 = kernel.index_constant 124
      %227 = kernel.index_constant 313
      %228 = kernel.index_constant 108
      %229 = kernel.index_constant 115
      %230 = kernel.index_constant 442
      %231 = kernel.index_constant 293
      %232 = kernel.index_constant 101
      %233 = kernel.index_constant 377
      %234 = kernel.index_constant 142
      %235 = kernel.index_constant 66
      %236 = kernel.index_constant 390
      %237 = kernel.index_constant 520
      %238 = kernel.index_constant 329
      %239 = kernel.index_constant 543
      %240 = kernel.index_constant 285
      %241 = kernel.index_constant 440
      %242 = kernel.index_constant 102
      %243 = kernel.index_constant 273
      %244 = kernel.index_constant 495
      %245 = kernel.index_constant 493
      %246 = kernel.index_constant 477
      %247 = kernel.index_constant 36
      %248 = kernel.index_constant 369
      %249 = kernel.index_constant 547
      %250 = kernel.index_constant 478
      %251 = kernel.index_constant 97
      %252 = kernel.index_constant 435
      %253 = kernel.index_constant 418
      %254 = kernel.index_constant 536
      %255 = kernel.index_constant 175
      %256 = kernel.index_constant 431
      %257 = kernel.index_constant 254
      %258 = kernel.index_constant 178
      %259 = kernel.index_constant 482
      %260 = kernel.index_constant 284
      %261 = kernel.index_constant 277
      %262 = kernel.index_constant 480
      %263 = kernel.index_constant 323
      %264 = kernel.index_constant 225
      %265 = kernel.index_constant 130
      %266 = kernel.index_constant 446
      %267 = kernel.index_constant 87
      %268 = kernel.index_constant 79
      %269 = kernel.index_constant 192
      %270 = kernel.index_constant 422
      %271 = kernel.index_constant 64
      %272 = kernel.index_constant 506
      %273 = kernel.index_constant 451
      %274 = kernel.index_constant 463
      %275 = kernel.index_constant 428
      %276 = kernel.index_constant 429
      %277 = kernel.index_constant 454
      %278 = kernel.index_constant 488
      %279 = kernel.index_constant 438
      %280 = kernel.index_constant 67
      %281 = kernel.index_constant 432
      %282 = kernel.index_constant 305
      %283 = kernel.index_constant 5
      %284 = kernel.index_constant 398
      %285 = kernel.index_constant 324
      %286 = kernel.index_constant 534
      %287 = kernel.index_constant 203
      %288 = kernel.index_constant 183
      %289 = kernel.index_constant 410
      %290 = kernel.index_constant 0
      %291 = kernel.index_constant 462
      %292 = kernel.index_constant 22
      %293 = kernel.index_constant 262
      %294 = kernel.index_constant 13
      %295 = kernel.index_constant 134
      %296 = kernel.index_constant 498
      %297 = kernel.index_constant 230
      %298 = kernel.index_constant 94
      %299 = kernel.index_constant 521
      %300 = kernel.index_constant 360
      %301 = kernel.index_constant 261
      %302 = kernel.index_constant 232
      %303 = kernel.index_constant 50
      %304 = kernel.index_constant 464
      %305 = kernel.index_constant 104
      %306 = kernel.index_constant 413
      %307 = kernel.index_constant 327
      %308 = kernel.index_constant 164
      %309 = kernel.index_constant 545
      %310 = kernel.index_constant 37
      %311 = kernel.index_constant 112
      %312 = kernel.index_constant 19
      %313 = kernel.index_constant 420
      %314 = kernel.index_constant 92
      %315 = kernel.index_constant 395
      %316 = kernel.index_constant 450
      %317 = kernel.index_constant 229
      %318 = kernel.index_constant 40
      %319 = kernel.index_constant 427
      %320 = kernel.index_constant 139
      %321 = kernel.index_constant 256
      %322 = kernel.index_constant 221
      %323 = kernel.index_constant 298
      %324 = kernel.index_constant 411
      %325 = kernel.index_constant 155
      %326 = kernel.index_constant 314
      %327 = kernel.index_constant 448
      %328 = kernel.index_constant 303
      %329 = kernel.index_constant 430
      %330 = kernel.index_constant 83
      %331 = kernel.index_constant 182
      %332 = kernel.index_constant 159
      %333 = kernel.index_constant 107
      %334 = kernel.index_constant 1
      %335 = kernel.index_constant 387
      %336 = kernel.index_constant 363
      %337 = kernel.index_constant 342
      %338 = kernel.index_constant 117
      %339 = kernel.index_constant 380
      %340 = kernel.index_constant 216
      %341 = kernel.index_constant 457
      %342 = kernel.index_constant 331
      %343 = kernel.index_constant 88
      %344 = kernel.index_constant 247
      %345 = kernel.index_constant 356
      %346 = kernel.index_constant 223
      %347 = kernel.index_constant 417
      %348 = kernel.index_constant 469
      %349 = kernel.index_constant 267
      %350 = kernel.index_constant 524
      %351 = kernel.index_constant 12
      %352 = kernel.index_constant 341
      %353 = kernel.index_constant 315
      %354 = kernel.index_constant 351
      %355 = kernel.index_constant 248
      %356 = kernel.index_constant 44
      %357 = kernel.index_constant 344
      %358 = kernel.index_constant 501
      %359 = kernel.index_constant 269
      %360 = kernel.index_constant 336
      %361 = kernel.index_constant 367
      %362 = kernel.index_constant 60
      %363 = kernel.index_constant 510
      %364 = kernel.index_constant 512
      %365 = kernel.index_constant 126
      %366 = kernel.index_constant 237
      %367 = kernel.index_constant 185
      %368 = kernel.index_constant 217
      %369 = kernel.index_constant 433
      %370 = kernel.index_constant 195
      %371 = kernel.index_constant 325
      %372 = kernel.index_constant 499
      %373 = kernel.index_constant 153
      %374 = kernel.index_constant 444
      %375 = kernel.index_constant 179
      %376 = kernel.index_constant 436
      %377 = kernel.index_constant 343
      %378 = kernel.index_constant 91
      %379 = kernel.index_constant 452
      %380 = kernel.index_constant 354
      %381 = kernel.index_constant 279
      %382 = kernel.index_constant 268
      %383 = kernel.index_constant 157
      %384 = kernel.index_constant 441
      %385 = kernel.index_constant 513
      %386 = kernel.index_constant 41
      %387 = kernel.index_constant 486
      %388 = kernel.index_constant 38
      %389 = kernel.index_constant 2
      %390 = kernel.index_constant 505
      %391 = kernel.index_constant 514
      %392 = kernel.index_constant 484
      %393 = kernel.index_constant 231
      %394 = kernel.index_constant 201
      %395 = kernel.index_constant 42
      %396 = kernel.index_constant 46
      %397 = kernel.index_constant 140
      %398 = kernel.index_constant 69
      %399 = kernel.index_constant 222
      %400 = kernel.index_constant 166
      %401 = kernel.index_constant 533
      %402 = kernel.index_constant 7
      %403 = kernel.index_constant 103
      %404 = kernel.index_constant 74
      %405 = kernel.index_constant 517
      %406 = kernel.index_constant 10
      %407 = kernel.index_constant 407
      %408 = kernel.index_constant 17
      %409 = kernel.index_constant 275
      %410 = kernel.index_constant 54
      %411 = kernel.index_constant 73
      %412 = kernel.index_constant 33
      %413 = kernel.index_constant 205
      %414 = kernel.index_constant 208
      %415 = kernel.index_constant 32
      %416 = kernel.index_constant 77
      %417 = kernel.index_constant 220
      %418 = kernel.index_constant 174
      %419 = kernel.index_constant 53
      %420 = kernel.index_constant 28
      %421 = kernel.index_constant 461
      %422 = kernel.index_constant 213
      %423 = kernel.index_constant 403
      %424 = kernel.index_constant 20
      %425 = kernel.index_constant 507
      %426 = kernel.index_constant 544
      %427 = kernel.index_constant 180
      %428 = kernel.index_constant 546
      %429 = kernel.index_constant 288
      %430 = kernel.index_constant 317
      %431 = kernel.index_constant 191
      %432 = kernel.index_constant 132
      %433 = kernel.index_constant 259
      %434 = kernel.index_constant 246
      %435 = kernel.index_constant 439
      %436 = kernel.index_constant 375
      %437 = kernel.index_constant 421
      %438 = kernel.index_constant 374
      %439 = kernel.index_constant 334
      %440 = kernel.index_constant 111
      %441 = kernel.index_constant 85
      %442 = kernel.index_constant 397
      %443 = kernel.index_constant 253
      %444 = kernel.index_constant 181
      %445 = kernel.index_constant 137
      %446 = kernel.index_constant 240
      %447 = kernel.index_constant 122
      %448 = kernel.index_constant 187
      %449 = kernel.index_constant 304
      %450 = kernel.index_constant 18
      %451 = kernel.index_constant 72
      %452 = kernel.index_constant 281
      %453 = kernel.index_constant 516
      %454 = kernel.index_constant 381
      %455 = kernel.index_constant 399
      %456 = kernel.index_constant 121
      %457 = kernel.index_constant 340
      %458 = kernel.index_constant 330
      %459 = kernel.index_constant 236
      %460 = kernel.index_constant 114
      %461 = kernel.index_constant 227
      %462 = kernel.index_constant 453
      %463 = kernel.index_constant 459
      %464 = kernel.index_constant 532
      %465 = kernel.index_constant 515
      %466 = kernel.index_constant 133
      %467 = kernel.index_constant 376
      %468 = kernel.index_constant 352
      %469 = kernel.index_constant 198
      %470 = kernel.index_constant 470
      %471 = kernel.index_constant 372
      %472 = kernel.index_constant 211
      %473 = kernel.index_constant 297
      %474 = kernel.index_constant 21
      %475 = kernel.index_constant 206
      %476 = kernel.index_constant 346
      %477 = kernel.index_constant 503
      %478 = kernel.index_constant 496
      %479 = kernel.index_constant 282
      %480 = kernel.index_constant 276
      %481 = kernel.index_constant 196
      %482 = kernel.index_constant 151
      %483 = kernel.index_constant 63
      %484 = kernel.index_constant 163
      %485 = kernel.index_constant 242
      %486 = kernel.index_constant 168
      %487 = kernel.index_constant 479
      %488 = kernel.index_constant 167
      %489 = kernel.index_constant 525
      %490 = kernel.index_constant 475
      %491 = kernel.index_constant 210
      %492 = kernel.index_constant 123
      %493 = kernel.index_constant 333
      %494 = kernel.index_constant 425
      %495 = kernel.index_constant 266
      %496 = kernel.index_constant 47
      %497 = kernel.index_constant 197
      %498 = kernel.index_constant 59
      %499 = kernel.index_constant 199
      %500 = kernel.index_constant 234
      %501 = kernel.index_constant 379
      %502 = kernel.index_constant 6
      %503 = kernel.index_constant 456
      %504 = kernel.index_constant 270
      %505 = kernel.index_constant 392
      %506 = kernel.index_constant 233
      %507 = kernel.index_constant 491
      %508 = kernel.index_constant 58
      %509 = kernel.index_constant 437
      %510 = kernel.index_constant 260
      %511 = kernel.index_constant 48
      %512 = kernel.index_constant 71
      %513 = kernel.index_constant 29
      %514 = kernel.index_constant 326
      %515 = kernel.index_constant 274
      %516 = kernel.index_constant 423
      %517 = kernel.index_constant 131
      %518 = kernel.index_constant 339
      %519 = kernel.index_constant 238
      %520 = kernel.index_constant 443
      %521 = kernel.index_constant 316
      %522 = kernel.index_constant 11
      %523 = kernel.index_constant 527
      %524 = kernel.index_constant 458
      %525 = kernel.index_constant 145
      %526 = kernel.index_constant 184
      %527 = kernel.index_constant 365
      %528 = kernel.index_constant 292
      %529 = kernel.index_constant 357
      %530 = kernel.index_constant 494
      %531 = kernel.index_constant 138
      %532 = kernel.index_constant 490
      %533 = kernel.index_constant 362
      %534 = kernel.index_constant 500
      %535 = kernel.index_constant 394
      %536 = kernel.index_constant 215
      %537 = kernel.index_constant 31
      %538 = kernel.index_constant 264
      %539 = kernel.index_constant 8
      %540 = kernel.index_constant 353
      %541 = kernel.index_constant 156
      %542 = kernel.index_constant 188
      %543 = kernel.index_constant 400
      %544 = kernel.index_constant 110
      %545 = kernel.index_constant 75
      %546 = kernel.index_constant 89
      %547 = kernel.index_constant 106
      %548 = kernel.index_constant 16
      %549 = kernel.index_constant 250
      %550 = kernel.index_constant 252
      %551 = kernel.index_constant 359
      %552 = kernel.index_constant 3
      %553 = kernel.deterministic_join (%arg1)
      %554 = kernel.deterministic_join (%arg2)
      %555 = kernel.index_binary Multiply %553, %554
      %556 = kernel.deterministic_join (%555)
      %557 = kernel.index_constant 64
      %558 = kernel.deterministic_join (%arg3)
      %559 = kernel.index_constant 4
      %560 = kernel.deterministic_join (%arg4, %arg5)
      %561 = kernel.index_constant 0
      %562 = kernel.deterministic_join (%arg6)
      %563 = kernel.index_constant 548
      %564 = kernel.index_constant 290
      %565 = kernel.index_unknown
      %566 = kernel.index_constant 434
      %567 = kernel.index_constant 300
      %568 = kernel.index_constant 127
      %569 = kernel.index_constant 373
      %570 = kernel.index_constant 386
      %571 = kernel.index_constant 361
      %572 = kernel.index_constant 209
      %573 = kernel.index_constant 135
      %574 = kernel.index_constant 207
      %575 = kernel.index_constant 14
      %576 = kernel.index_constant 100
      %577 = kernel.index_constant 287
      %578 = kernel.index_constant 409
      %579 = kernel.index_constant 531
      %580 = kernel.index_constant 473
      %581 = kernel.index_constant 471
      %582 = kernel.index_constant 535
      %583 = kernel.index_constant 289
      %584 = kernel.index_constant 27
      %585 = kernel.index_constant 25
      %586 = kernel.index_constant 539
      %587 = kernel.index_constant 338
      %588 = kernel.index_constant 244
      %589 = kernel.index_constant 4
      %590 = kernel.index_constant 62
      %591 = kernel.index_constant 93
      %592 = kernel.index_constant 3
      %593 = kernel.index_constant 61
      %594 = kernel.index_constant 162
      %595 = kernel.index_constant 202
      %596 = kernel.index_constant 474
      %597 = kernel.index_constant 388
      %598 = kernel.index_constant 172
      %599 = kernel.index_constant 504
      %600 = kernel.index_constant 384
      %601 = kernel.index_constant 286
      %602 = kernel.index_constant 519
      %603 = kernel.index_constant 502
      %604 = kernel.index_constant 280
      %605 = kernel.index_constant 147
      %606 = kernel.index_constant 414
      %607 = kernel.index_constant 445
      %608 = kernel.index_constant 271
      %609 = kernel.index_constant 378
      %610 = kernel.index_constant 245
      %611 = kernel.index_constant 468
      %612 = kernel.index_constant 99
      %613 = kernel.index_constant 540
      %614 = kernel.index_constant 78
      %615 = kernel.index_constant 9
      %616 = kernel.index_constant 80
      %617 = kernel.index_constant 170
      %618 = kernel.index_constant 402
      %619 = kernel.index_constant 186
      %620 = kernel.index_constant 328
      %621 = kernel.index_constant 408
      %622 = kernel.index_constant 508
      %623 = kernel.index_constant 349
      %624 = kernel.index_constant 189
      %625 = kernel.index_constant 257
      %626 = kernel.index_constant 466
      %627 = kernel.index_constant 416
      %628 = kernel.index_constant 530
      %629 = kernel.index_constant 141
      %630 = kernel.index_constant 345
      %631 = kernel.index_constant 302
      %632 = kernel.index_constant 307
      %633 = kernel.index_constant 481
      %634 = kernel.index_constant 152
      %635 = kernel.index_constant 160
      %636 = kernel.index_constant 347
      %637 = kernel.index_constant 528
      %638 = kernel.index_constant 541
      %639 = kernel.index_constant 318
      %640 = kernel.index_constant 82
      %641 = kernel.index_constant 116
      %642 = kernel.index_constant 368
      %643 = kernel.index_constant 95
      %644 = kernel.index_constant 529
      %645 = kernel.index_constant 449
      %646 = kernel.index_constant 320
      %647 = kernel.index_constant 322
      %648 = kernel.index_constant 424
      %649 = kernel.index_constant 119
      %650 = kernel.index_constant 526
      %651 = kernel.index_constant 415
      %652 = kernel.index_constant 278
      %653 = kernel.index_constant 537
      %654 = kernel.index_constant 382
      %655 = kernel.index_constant 489
      %656 = kernel.index_constant 355
      %657 = kernel.index_constant 401
      %658 = kernel.index_constant 542
      %659 = kernel.index_constant 76
      %660 = kernel.index_constant 235
      %661 = kernel.index_constant 177
      %662 = kernel.index_constant 241
      %663 = kernel.index_constant 389
      %664 = kernel.index_constant 136
      %665 = kernel.index_constant 497
      %666 = kernel.index_constant 129
      %667 = kernel.index_constant 465
      %668 = kernel.index_constant 308
      %669 = kernel.index_constant 120
      %670 = kernel.index_constant 45
      %671 = kernel.index_constant 249
      %672 = kernel.index_constant 154
      %673 = kernel.index_constant 518
      %674 = kernel.index_constant 105
      %675 = kernel.index_constant 23
      %676 = kernel.index_constant 146
      %677 = kernel.index_constant 295
      %678 = kernel.index_constant 283
      %679 = kernel.index_constant 35
      %680 = kernel.index_constant 321
      %681 = kernel.index_constant 312
      %682 = kernel.index_constant 487
      %683 = kernel.index_constant 118
      %684 = kernel.index_constant 51
      %685 = kernel.index_constant 332
      %686 = kernel.index_constant 272
      %687 = kernel.index_constant 348
      %688 = kernel.index_constant 125
      %689 = kernel.index_constant 371
      %690 = kernel.index_constant 148
      %691 = kernel.index_constant 406
      %692 = kernel.index_constant 143
      %693 = kernel.index_constant 296
      %694 = kernel.index_constant 214
      %695 = kernel.index_constant 476
      %696 = kernel.index_constant 291
      %697 = kernel.index_constant 405
      %698 = kernel.index_constant 455
      %699 = kernel.index_constant 161
      %700 = kernel.index_constant 239
      %701 = kernel.index_constant 56
      %702 = kernel.index_constant 483
      %703 = kernel.index_constant 86
      %704 = kernel.index_constant 96
      %705 = kernel.index_constant 522
      %706 = kernel.index_constant 309
      %707 = kernel.index_constant 404
      %708 = kernel.index_constant 165
      %709 = kernel.index_constant 218
      %710 = kernel.index_constant 350
      %711 = kernel.index_constant 128
      %712 = kernel.index_constant 15
      %713 = kernel.index_constant 511
      %714 = kernel.index_constant 243
      %715 = kernel.index_constant 263
      %716 = kernel.index_constant 158
      %717 = kernel.index_constant 383
      %718 = kernel.index_constant 366
      %719 = kernel.index_constant 200
      %720 = kernel.index_constant 251
      %721 = kernel.index_constant 173
      %722 = kernel.index_constant 385
      %723 = kernel.index_constant 393
      %724 = kernel.index_constant 294
      %725 = kernel.index_constant 176
      %726 = kernel.index_constant 144
      %727 = kernel.index_constant 299
      %728 = kernel.index_constant 523
      %729 = kernel.index_constant 204
      %730 = kernel.index_constant 492
      %731 = kernel.index_constant 509
      %732 = kernel.index_constant 84
      %733 = kernel.index_constant 171
      %734 = kernel.index_constant 447
      %735 = kernel.index_constant 310
      %736 = kernel.index_constant 57
      %737 = kernel.index_constant 34
      %738 = kernel.index_constant 358
      %739 = kernel.index_constant 149
      %740 = kernel.index_constant 0
      %741 = kernel.index_unknown
      %742 = kernel.index_constant 226
      %743 = kernel.index_constant 538
      %744 = kernel.index_constant 70
      %745 = kernel.index_constant 194
      %746 = kernel.index_constant 426
      %747 = kernel.index_constant 98
      %748 = kernel.index_constant 109
      %749 = kernel.index_constant 460
      %750 = kernel.index_constant 30
      %751 = kernel.index_constant 224
      %752 = kernel.index_constant 319
      %753 = kernel.index_constant 90
      %754 = kernel.index_constant 311
      %755 = kernel.index_constant 150
      %756 = kernel.index_constant 485
      %757 = kernel.index_constant 364
      %758 = kernel.index_constant 2
      %759 = kernel.index_constant 467
      %760 = kernel.index_constant 370
      %761 = kernel.index_constant 219
      %762 = kernel.index_constant 255
      %763 = kernel.index_constant 306
      %764 = kernel.index_constant 113
      %765 = kernel.index_constant 419
      %766 = kernel.index_constant 68
      %767 = kernel.index_constant 169
      %768 = kernel.index_constant 258
      %769 = kernel.index_constant 193
      %770 = kernel.index_constant 337
      %771 = kernel.index_constant 55
      %772 = kernel.index_constant 335
      %773 = kernel.index_constant 39
      %774 = kernel.index_constant 412
      %775 = kernel.index_constant 396
      %776 = kernel.index_constant 26
      %777 = kernel.index_constant 265
      %778 = kernel.index_constant 212
      %779 = kernel.index_constant 52
      %780 = kernel.index_constant 228
      %781 = kernel.index_constant 24
      %782 = kernel.index_constant 81
      %783 = kernel.index_constant 190
      %784 = kernel.index_constant 391
      %785 = kernel.index_constant 301
      %786 = kernel.index_constant 49
      %787 = kernel.index_constant 65
      %788 = kernel.index_constant 43
      %789 = kernel.index_constant 1
      %790 = kernel.index_constant 472
      %791 = kernel.index_constant 124
      %792 = kernel.index_constant 313
      %793 = kernel.index_constant 108
      %794 = kernel.index_constant 115
      %795 = kernel.index_constant 442
      %796 = kernel.index_constant 293
      %797 = kernel.index_constant 101
      %798 = kernel.index_constant 377
      %799 = kernel.index_constant 142
      %800 = kernel.index_constant 66
      %801 = kernel.index_constant 390
      %802 = kernel.index_constant 520
      %803 = kernel.index_constant 329
      %804 = kernel.index_constant 543
      %805 = kernel.index_constant 285
      %806 = kernel.index_constant 440
      %807 = kernel.index_constant 102
      %808 = kernel.index_constant 273
      %809 = kernel.index_constant 495
      %810 = kernel.index_constant 493
      %811 = kernel.index_constant 477
      %812 = kernel.index_constant 36
      %813 = kernel.index_constant 369
      %814 = kernel.index_constant 547
      %815 = kernel.index_constant 478
      %816 = kernel.index_constant 97
      %817 = kernel.index_constant 435
      %818 = kernel.index_constant 418
      %819 = kernel.index_constant 536
      %820 = kernel.index_constant 175
      %821 = kernel.index_constant 431
      %822 = kernel.index_constant 254
      %823 = kernel.index_constant 178
      %824 = kernel.index_constant 482
      %825 = kernel.index_constant 284
      %826 = kernel.index_constant 277
      %827 = kernel.index_constant 480
      %828 = kernel.index_constant 323
      %829 = kernel.index_constant 225
      %830 = kernel.index_constant 130
      %831 = kernel.index_constant 446
      %832 = kernel.index_constant 87
      %833 = kernel.index_constant 79
      %834 = kernel.index_constant 192
      %835 = kernel.index_constant 422
      %836 = kernel.index_constant 64
      %837 = kernel.index_constant 506
      %838 = kernel.index_constant 451
      %839 = kernel.index_constant 463
      %840 = kernel.index_constant 428
      %841 = kernel.index_constant 429
      %842 = kernel.index_constant 454
      %843 = kernel.index_constant 488
      %844 = kernel.index_constant 438
      %845 = kernel.index_constant 67
      %846 = kernel.index_constant 432
      %847 = kernel.index_constant 305
      %848 = kernel.index_constant 5
      %849 = kernel.index_constant 398
      %850 = kernel.index_constant 324
      %851 = kernel.index_constant 534
      %852 = kernel.index_constant 203
      %853 = kernel.index_constant 183
      %854 = kernel.index_constant 410
      %855 = kernel.index_constant 0
      %856 = kernel.index_constant 462
      %857 = kernel.index_constant 22
      %858 = kernel.index_constant 262
      %859 = kernel.index_constant 13
      %860 = kernel.index_constant 134
      %861 = kernel.index_constant 498
      %862 = kernel.index_constant 230
      %863 = kernel.index_constant 94
      %864 = kernel.index_constant 521
      %865 = kernel.index_constant 360
      %866 = kernel.index_constant 261
      %867 = kernel.index_constant 232
      %868 = kernel.index_constant 50
      %869 = kernel.index_constant 464
      %870 = kernel.index_constant 104
      %871 = kernel.index_constant 413
      %872 = kernel.index_constant 327
      %873 = kernel.index_constant 164
      %874 = kernel.index_constant 545
      %875 = kernel.index_constant 37
      %876 = kernel.index_constant 112
      %877 = kernel.index_constant 19
      %878 = kernel.index_constant 420
      %879 = kernel.index_constant 92
      %880 = kernel.index_constant 395
      %881 = kernel.index_constant 450
      %882 = kernel.index_constant 229
      %883 = kernel.index_constant 40
      %884 = kernel.index_constant 427
      %885 = kernel.index_constant 139
      %886 = kernel.index_constant 256
      %887 = kernel.index_constant 221
      %888 = kernel.index_constant 298
      %889 = kernel.index_constant 411
      %890 = kernel.index_constant 155
      %891 = kernel.index_constant 314
      %892 = kernel.index_constant 448
      %893 = kernel.index_constant 303
      %894 = kernel.index_constant 430
      %895 = kernel.index_constant 83
      %896 = kernel.index_constant 182
      %897 = kernel.index_constant 159
      %898 = kernel.index_constant 107
      %899 = kernel.index_constant 1
      %900 = kernel.index_constant 387
      %901 = kernel.index_constant 363
      %902 = kernel.index_constant 342
      %903 = kernel.index_constant 117
      %904 = kernel.index_constant 380
      %905 = kernel.index_constant 216
      %906 = kernel.index_constant 457
      %907 = kernel.index_constant 331
      %908 = kernel.index_constant 88
      %909 = kernel.index_constant 247
      %910 = kernel.index_constant 356
      %911 = kernel.index_constant 223
      %912 = kernel.index_constant 417
      %913 = kernel.index_constant 469
      %914 = kernel.index_constant 267
      %915 = kernel.index_constant 524
      %916 = kernel.index_constant 12
      %917 = kernel.index_constant 341
      %918 = kernel.index_constant 315
      %919 = kernel.index_constant 351
      %920 = kernel.index_constant 248
      %921 = kernel.index_constant 44
      %922 = kernel.index_constant 344
      %923 = kernel.index_constant 501
      %924 = kernel.index_constant 269
      %925 = kernel.index_constant 336
      %926 = kernel.index_constant 367
      %927 = kernel.index_constant 60
      %928 = kernel.index_constant 510
      %929 = kernel.index_constant 512
      %930 = kernel.index_constant 126
      %931 = kernel.index_constant 237
      %932 = kernel.index_constant 185
      %933 = kernel.index_constant 217
      %934 = kernel.index_constant 433
      %935 = kernel.index_constant 195
      %936 = kernel.index_constant 325
      %937 = kernel.index_constant 499
      %938 = kernel.index_constant 153
      %939 = kernel.index_constant 444
      %940 = kernel.index_constant 179
      %941 = kernel.index_constant 436
      %942 = kernel.index_constant 343
      %943 = kernel.index_constant 91
      %944 = kernel.index_constant 452
      %945 = kernel.index_constant 354
      %946 = kernel.index_constant 279
      %947 = kernel.index_constant 268
      %948 = kernel.index_constant 157
      %949 = kernel.index_constant 441
      %950 = kernel.index_constant 513
      %951 = kernel.index_constant 41
      %952 = kernel.index_constant 486
      %953 = kernel.index_constant 38
      %954 = kernel.index_constant 2
      %955 = kernel.index_constant 505
      %956 = kernel.index_constant 514
      %957 = kernel.index_constant 484
      %958 = kernel.index_constant 231
      %959 = kernel.index_constant 201
      %960 = kernel.index_constant 42
      %961 = kernel.index_constant 46
      %962 = kernel.index_constant 140
      %963 = kernel.index_constant 69
      %964 = kernel.index_constant 222
      %965 = kernel.index_constant 166
      %966 = kernel.index_constant 533
      %967 = kernel.index_constant 7
      %968 = kernel.index_constant 103
      %969 = kernel.index_constant 74
      %970 = kernel.index_constant 517
      %971 = kernel.index_constant 10
      %972 = kernel.index_constant 407
      %973 = kernel.index_constant 17
      %974 = kernel.index_constant 275
      %975 = kernel.index_constant 54
      %976 = kernel.index_constant 73
      %977 = kernel.index_constant 33
      %978 = kernel.index_constant 205
      %979 = kernel.index_constant 208
      %980 = kernel.index_constant 32
      %981 = kernel.index_constant 77
      %982 = kernel.index_constant 220
      %983 = kernel.index_constant 174
      %984 = kernel.index_constant 53
      %985 = kernel.index_constant 28
      %986 = kernel.index_constant 461
      %987 = kernel.index_constant 213
      %988 = kernel.index_constant 403
      %989 = kernel.index_constant 20
      %990 = kernel.index_constant 507
      %991 = kernel.index_constant 544
      %992 = kernel.index_constant 180
      %993 = kernel.index_constant 546
      %994 = kernel.index_constant 288
      %995 = kernel.index_constant 317
      %996 = kernel.index_constant 191
      %997 = kernel.index_constant 132
      %998 = kernel.index_constant 259
      %999 = kernel.index_constant 246
      %1000 = kernel.index_constant 439
      %1001 = kernel.index_constant 375
      %1002 = kernel.index_constant 421
      %1003 = kernel.index_constant 374
      %1004 = kernel.index_constant 334
      %1005 = kernel.index_constant 111
      %1006 = kernel.index_constant 85
      %1007 = kernel.index_constant 397
      %1008 = kernel.index_constant 253
      %1009 = kernel.index_constant 181
      %1010 = kernel.index_constant 137
      %1011 = kernel.index_constant 240
      %1012 = kernel.index_constant 122
      %1013 = kernel.index_constant 187
      %1014 = kernel.index_constant 304
      %1015 = kernel.index_constant 18
      %1016 = kernel.index_constant 72
      %1017 = kernel.index_constant 281
      %1018 = kernel.index_constant 516
      %1019 = kernel.index_constant 381
      %1020 = kernel.index_constant 399
      %1021 = kernel.index_constant 121
      %1022 = kernel.index_constant 340
      %1023 = kernel.index_constant 330
      %1024 = kernel.index_constant 236
      %1025 = kernel.index_constant 114
      %1026 = kernel.index_constant 227
      %1027 = kernel.index_constant 453
      %1028 = kernel.index_constant 459
      %1029 = kernel.index_constant 532
      %1030 = kernel.index_constant 515
      %1031 = kernel.index_constant 133
      %1032 = kernel.index_constant 376
      %1033 = kernel.index_constant 352
      %1034 = kernel.index_constant 198
      %1035 = kernel.index_constant 470
      %1036 = kernel.index_constant 372
      %1037 = kernel.index_constant 211
      %1038 = kernel.index_constant 297
      %1039 = kernel.index_constant 21
      %1040 = kernel.index_constant 206
      %1041 = kernel.index_constant 346
      %1042 = kernel.index_constant 503
      %1043 = kernel.index_constant 496
      %1044 = kernel.index_constant 282
      %1045 = kernel.index_constant 276
      %1046 = kernel.index_constant 196
      %1047 = kernel.index_constant 151
      %1048 = kernel.index_constant 63
      %1049 = kernel.index_constant 163
      %1050 = kernel.index_constant 242
      %1051 = kernel.index_constant 168
      %1052 = kernel.index_constant 479
      %1053 = kernel.index_constant 167
      %1054 = kernel.index_constant 525
      %1055 = kernel.index_constant 475
      %1056 = kernel.index_constant 210
      %1057 = kernel.index_constant 123
      %1058 = kernel.index_constant 333
      %1059 = kernel.index_constant 425
      %1060 = kernel.index_constant 266
      %1061 = kernel.index_constant 47
      %1062 = kernel.index_constant 197
      %1063 = kernel.index_constant 59
      %1064 = kernel.index_constant 199
      %1065 = kernel.index_constant 234
      %1066 = kernel.index_constant 379
      %1067 = kernel.index_constant 6
      %1068 = kernel.index_constant 456
      %1069 = kernel.index_constant 270
      %1070 = kernel.index_constant 392
      %1071 = kernel.index_constant 233
      %1072 = kernel.index_constant 491
      %1073 = kernel.index_constant 58
      %1074 = kernel.index_constant 437
      %1075 = kernel.index_constant 260
      %1076 = kernel.index_constant 48
      %1077 = kernel.index_constant 71
      %1078 = kernel.index_constant 29
      %1079 = kernel.index_constant 326
      %1080 = kernel.index_constant 274
      %1081 = kernel.index_constant 423
      %1082 = kernel.index_constant 131
      %1083 = kernel.index_constant 339
      %1084 = kernel.index_constant 238
      %1085 = kernel.index_constant 443
      %1086 = kernel.index_constant 316
      %1087 = kernel.index_constant 11
      %1088 = kernel.index_constant 527
      %1089 = kernel.index_constant 458
      %1090 = kernel.index_constant 145
      %1091 = kernel.index_constant 184
      %1092 = kernel.index_constant 365
      %1093 = kernel.index_constant 292
      %1094 = kernel.index_constant 357
      %1095 = kernel.index_constant 494
      %1096 = kernel.index_constant 138
      %1097 = kernel.index_constant 490
      %1098 = kernel.index_constant 362
      %1099 = kernel.index_constant 500
      %1100 = kernel.index_constant 394
      %1101 = kernel.index_constant 215
      %1102 = kernel.index_constant 31
      %1103 = kernel.index_constant 264
      %1104 = kernel.index_constant 8
      %1105 = kernel.index_constant 353
      %1106 = kernel.index_constant 156
      %1107 = kernel.index_constant 188
      %1108 = kernel.index_constant 400
      %1109 = kernel.index_constant 110
      %1110 = kernel.index_constant 75
      %1111 = kernel.index_constant 89
      %1112 = kernel.index_constant 106
      %1113 = kernel.index_constant 16
      %1114 = kernel.index_constant 250
      %1115 = kernel.index_constant 252
      %1116 = kernel.index_constant 359
      %1117 = kernel.index_constant 3
      %1118 = kernel.ranked_view <32, true, [0], Global, origin=1, noalias=1>(%565)
      %1119 = kernel.ranked_view <32, true, [0], Global, origin=2, noalias=1>(%741)
      kernel.br ^bb673
    ^bb1:
      kernel.br ^bb1389
    ^bb2:
      kernel.index_eq_br %556, %557 ^bb478, ^bb404
    ^bb3:
      kernel.cond_br %857 < %565 ^bb4, ^bb1674
    ^bb4:
      kernel.atomic_access AtomicRead <Acquire, System> %1118[%857]
      kernel.br ^bb1621
    ^bb5:
      kernel.br ^bb432
    ^bb6:
      kernel.br ^bb566
    ^bb7:
      kernel.br ^bb1232
    ^bb8:
      kernel.br ^bb556
    ^bb9:
      kernel.cond_br %582 < %565 ^bb10, ^bb1674
    ^bb10:
      kernel.atomic_access AtomicRead <Acquire, System> %1118[%582]
      kernel.br ^bb751
    ^bb11:
      kernel.cond_br %800 < %565 ^bb12, ^bb1674
    ^bb12:
      kernel.atomic_access AtomicRead <Acquire, System> %1118[%800]
      kernel.br ^bb831
    ^bb13:
      kernel.br ^bb1046
    ^bb14:
      kernel.br ^bb1056
    ^bb15:
      kernel.cond_br %1115 < %565 ^bb16, ^bb1674
    ^bb16:
      kernel.atomic_access AtomicRead <Acquire, System> %1118[%1115]
      kernel.br ^bb1338
    ^bb17:
      kernel.cond_br %787 < %565 ^bb18, ^bb1674
    ^bb18:
      kernel.atomic_access AtomicRead <Acquire, System> %1118[%787]
      kernel.br ^bb687
    ^bb19:
      kernel.cond_br %1086 < %565 ^bb20, ^bb1674
    ^bb20:
      kernel.atomic_access AtomicRead <Acquire, System> %1118[%1086]
      kernel.br ^bb1309
    ^bb21:
      kernel.cond_br %900 < %565 ^bb22, ^bb1674
    ^bb22:
      kernel.atomic_access AtomicRead <Acquire, System> %1118[%900]
      kernel.br ^bb119
    ^bb23:
      kernel.cond_br %693 < %565 ^bb24, ^bb1674
    ^bb24:
      kernel.atomic_access AtomicRead <Acquire, System> %1118[%693]
      kernel.br ^bb1424
    ^bb25:
      kernel.br ^bb782
    ^bb26:
      kernel.br ^bb944
    ^bb27:
      kernel.br ^bb1157
    ^bb28:
      kernel.br ^bb931
    ^bb29:
      kernel.cond_br %765 < %565 ^bb30, ^bb1674
    ^bb30:
      kernel.atomic_access AtomicRead <Acquire, System> %1118[%765]
      kernel.br ^bb925
    ^bb31:
      kernel.br ^bb327
    ^bb32:
      kernel.cond_br %792 < %565 ^bb33, ^bb1674
    ^bb33:
      kernel.atomic_access AtomicRead <Acquire, System> %1118[%792]
      kernel.br ^bb974
    ^bb34:
      kernel.br ^bb461
    ^bb35:
      kernel.cond_br %678 < %565 ^bb36, ^bb1674
    ^bb36:
      kernel.atomic_access AtomicRead <Acquire, System> %1118[%678]
      kernel.br ^bb781
    ^bb37:
      kernel.cond_br %586 < %565 ^bb38, ^bb1674
    ^bb38:
      kernel.atomic_access AtomicRead <Acquire, System> %1118[%586]
      kernel.br ^bb177
    ^bb39:
      kernel.cond_br %845 < %565 ^bb40, ^bb1674
    ^bb40:
      kernel.atomic_access AtomicRead <Acquire, System> %1118[%845]
      kernel.br ^bb591
    ^bb41:
      kernel.br ^bb1240
    ^bb42:
      kernel.br ^bb742
    ^bb43:
      kernel.index_eq_br %558, %559 ^bb182, ^bb886
    ^bb44:
      kernel.br ^bb905
    ^bb45:
      kernel.br ^bb1446
    ^bb46:
      kernel.cond_br %746 < %565 ^bb47, ^bb1674
    ^bb47:
      kernel.atomic_access AtomicRead <Acquire, System> %1118[%746]
      kernel.br ^bb941
    ^bb48:
      kernel.br ^bb9
    ^bb49:
      kernel.cond_br %829 < %565 ^bb50, ^bb1674
    ^bb50:
      kernel.atomic_access AtomicRead <Acquire, System> %1118[%829]
      kernel.br ^bb526
    ^bb51:
      kernel.cond_br %650 < %565 ^bb52, ^bb1674
    ^bb52:
      kernel.atomic_access AtomicRead <Acquire, System> %1118[%650]
      kernel.br ^bb1546
    ^bb53:
      kernel.cond_br %1082 < %565 ^bb54, ^bb1674
    ^bb54:
      kernel.atomic_access AtomicRead <Acquire, System> %1118[%1082]
      kernel.br ^bb1311
    ^bb55:
      kernel.cond_br %866 < %565 ^bb56, ^bb1674
    ^bb56:
      kernel.atomic_access AtomicRead <Acquire, System> %1118[%866]
      kernel.br ^bb874
    ^bb57:
      kernel.cond_br %1096 < %565 ^bb58, ^bb1674
    ^bb58:
      kernel.atomic_access AtomicRead <Acquire, System> %1118[%1096]
      kernel.br ^bb952
    ^bb59:
      kernel.cond_br %956 < %565 ^bb60, ^bb1674
    ^bb60:
      kernel.atomic_access AtomicRead <Acquire, System> %1118[%956]
      kernel.br ^bb1402
    ^bb61:
      kernel.br ^bb642
    ^bb62:
      kernel.br ^bb1265
    ^bb63:
      kernel.cond_br %748 < %565 ^bb64, ^bb1674
    ^bb64:
      kernel.atomic_access AtomicRead <Acquire, System> %1118[%748]
      kernel.br ^bb1641
    ^bb65:
      kernel.br ^bb155
    ^bb66:
      kernel.cond_br %1062 < %565 ^bb67, ^bb1674
    ^bb67:
      kernel.atomic_access AtomicRead <Acquire, System> %1118[%1062]
      kernel.br ^bb1418
    ^bb68:
      kernel.cond_br %808 < %565 ^bb69, ^bb1674
    ^bb69:
      kernel.atomic_access AtomicRead <Acquire, System> %1118[%808]
      kernel.br ^bb1518
    ^bb70:
      kernel.cond_br %631 < %565 ^bb71, ^bb1674
    ^bb71:
      kernel.atomic_access AtomicRead <Acquire, System> %1118[%631]
      kernel.br ^bb976
    ^bb72:
      kernel.cond_br %1054 < %565 ^bb73, ^bb1674
    ^bb73:
      kernel.atomic_access AtomicRead <Acquire, System> %1118[%1054]
      kernel.br ^bb271
    ^bb74:
      kernel.br ^bb37
    ^bb75:
      kernel.cond_br %620 < %565 ^bb76, ^bb1674
    ^bb76:
      kernel.atomic_access AtomicRead <Acquire, System> %1118[%620]
      kernel.br ^bb694
    ^bb77:
      kernel.cond_br %602 < %565 ^bb78, ^bb1674
    ^bb78:
      kernel.atomic_access AtomicRead <Acquire, System> %1118[%602]
      kernel.br ^bb691
    ^bb79:
      kernel.cond_br %595 < %565 ^bb80, ^bb1674
    ^bb80:
      kernel.atomic_access AtomicRead <Acquire, System> %1118[%595]
      kernel.br ^bb854
    ^bb81:
      kernel.br ^bb1500
    ^bb82:
      kernel.br ^bb734
    ^bb83:
      kernel.cond_br %964 < %565 ^bb84, ^bb1674
    ^bb84:
      kernel.atomic_access AtomicRead <Acquire, System> %1118[%964]
      kernel.br ^bb1033
    ^bb85:
      kernel.br ^bb329
    ^bb86:
      kernel.br ^bb1174
    ^bb87:
      kernel.cond_br %1111 < %565 ^bb88, ^bb1674
    ^bb88:
      kernel.atomic_access AtomicRead <Acquire, System> %1118[%1111]
      kernel.br ^bb558
    ^bb89:
      kernel.cond_br %591 < %565 ^bb90, ^bb1674
    ^bb90:
      kernel.atomic_access AtomicRead <Acquire, System> %1118[%591]
      kernel.br ^bb883
    ^bb91:
      kernel.cond_br %1033 < %565 ^bb92, ^bb1674
    ^bb92:
      kernel.atomic_access AtomicRead <Acquire, System> %1118[%1033]
      kernel.br ^bb1625
    ^bb93:
      kernel.cond_br %594 < %565 ^bb94, ^bb1674
    ^bb94:
      kernel.atomic_access AtomicRead <Acquire, System> %1118[%594]
      kernel.br ^bb1445
    ^bb95:
      kernel.cond_br %671 < %565 ^bb96, ^bb1674
    ^bb96:
      kernel.atomic_access AtomicRead <Acquire, System> %1118[%671]
      kernel.br ^bb1670
    ^bb97:
      kernel.br ^bb89
    ^bb98:
      kernel.br ^bb312
    ^bb99:
      kernel.cond_br %766 < %565 ^bb100, ^bb1674
    ^bb100:
      kernel.atomic_access AtomicRead <Acquire, System> %1118[%766]
      kernel.br ^bb1200
    ^bb101:
      kernel.cond_br %1031 < %565 ^bb102, ^bb1674
    ^bb102:
      kernel.atomic_access AtomicRead <Acquire, System> %1118[%1031]
      kernel.br ^bb876
    ^bb103:
      kernel.br ^bb203
    ^bb104:
      kernel.cond_br %820 < %565 ^bb105, ^bb1674
    ^bb105:
      kernel.atomic_access AtomicRead <Acquire, System> %1118[%820]
      kernel.br ^bb466
    ^bb106:
      kernel.cond_br %929 < %565 ^bb107, ^bb1674
    ^bb107:
      kernel.atomic_access AtomicRead <Acquire, System> %1118[%929]
      kernel.br ^bb1155
    ^bb108:
      kernel.br ^bb93
    ^bb109:
      kernel.br ^bb79
    ^bb110:
      kernel.cond_br %1087 < %565 ^bb111, ^bb1674
    ^bb111:
      kernel.atomic_access AtomicRead <Acquire, System> %1118[%1087]
      kernel.br ^bb1624
    ^bb112:
      kernel.cond_br %701 < %565 ^bb113, ^bb1674
    ^bb113:
      kernel.atomic_access AtomicRead <Acquire, System> %1118[%701]
      kernel.br ^bb501
    ^bb114:
      kernel.cond_br %720 < %565 ^bb115, ^bb1674
    ^bb115:
      kernel.atomic_access AtomicRead <Acquire, System> %1118[%720]
      kernel.br ^bb1671
    ^bb116:
      kernel.br ^bb878
    ^bb117:
      kernel.cond_br %919 < %565 ^bb118, ^bb1674
    ^bb118:
      kernel.atomic_access AtomicRead <Acquire, System> %1118[%919]
      kernel.br ^bb1417
    ^bb119:
      kernel.br ^bb1596
    ^bb120:
      kernel.cond_br %713 < %565 ^bb121, ^bb1674
    ^bb121:
      kernel.atomic_access AtomicRead <Acquire, System> %1118[%713]
      kernel.br ^bb1102
    ^bb122:
      kernel.cond_br %635 < %565 ^bb123, ^bb1674
    ^bb123:
      kernel.atomic_access AtomicRead <Acquire, System> %1118[%635]
      kernel.br ^bb389
    ^bb124:
      kernel.br ^bb938
    ^bb125:
      kernel.br ^bb1612
    ^bb126:
      kernel.cond_br %670 < %565 ^bb127, ^bb1674
    ^bb127:
      kernel.atomic_access AtomicRead <Acquire, System> %1118[%670]
      kernel.br ^bb1188
    ^bb128:
      kernel.cond_br %627 < %565 ^bb129, ^bb1674
    ^bb129:
      kernel.atomic_access AtomicRead <Acquire, System> %1118[%627]
      kernel.br ^bb1036
    ^bb130:
      kernel.cond_br %867 < %565 ^bb131, ^bb1674
    ^bb131:
      kernel.atomic_access AtomicRead <Acquire, System> %1118[%867]
      kernel.br ^bb1495
    ^bb132:
      kernel.br ^bb621
    ^bb133:
      kernel.cond_br %1044 < %565 ^bb134, ^bb1674
    ^bb134:
      kernel.atomic_access AtomicRead <Acquire, System> %1118[%1044]
      kernel.br ^bb355
    ^bb135:
      kernel.br ^bb1215
    ^bb136:
      kernel.cond_br %709 < %565 ^bb137, ^bb1674
    ^bb137:
      kernel.atomic_access AtomicRead <Acquire, System> %1118[%709]
      kernel.br ^bb580
    ^bb138:
      kernel.cond_br %769 < %565 ^bb139, ^bb1674
    ^bb139:
      kernel.atomic_access AtomicRead <Acquire, System> %1118[%769]
      kernel.br ^bb540
    ^bb140:
      kernel.br ^bb77
    ^bb141:
      kernel.cond_br %695 < %565 ^bb142, ^bb1674
    ^bb142:
      kernel.atomic_access AtomicRead <Acquire, System> %1118[%695]
      kernel.br ^bb721
    ^bb143:
      kernel.br ^bb993
    ^bb144:
      kernel.br ^bb1272
    ^bb145:
      kernel.cond_br %729 < %565 ^bb146, ^bb1674
    ^bb146:
      kernel.atomic_access AtomicRead <Acquire, System> %1118[%729]
      kernel.br ^bb1255
    ^bb147:
      kernel.cond_br %1040 < %565 ^bb148, ^bb1674
    ^bb148:
      kernel.atomic_access AtomicRead <Acquire, System> %1118[%1040]
      kernel.br ^bb27
    ^bb149:
      kernel.cond_br %773 < %565 ^bb150, ^bb1674
    ^bb150:
      kernel.atomic_access AtomicRead <Acquire, System> %1118[%773]
      kernel.br ^bb940
    ^bb151:
      kernel.cond_br %805 < %565 ^bb152, ^bb1674
    ^bb152:
      kernel.atomic_access AtomicRead <Acquire, System> %1118[%805]
      kernel.br ^bb135
    ^bb153:
      kernel.br ^bb946
    ^bb154:
      kernel.br ^bb1034
    ^bb155:
      kernel.cond_br %585 < %565 ^bb156, ^bb1674
    ^bb156:
      kernel.atomic_access AtomicRead <Acquire, System> %1118[%585]
      kernel.br ^bb616
    ^bb157:
      kernel.cond_br %850 < %565 ^bb158, ^bb1674
    ^bb158:
      kernel.atomic_access AtomicRead <Acquire, System> %1118[%850]
      kernel.br ^bb1123
    ^bb159:
      kernel.br ^bb319
    ^bb160:
      kernel.cond_br %1091 < %565 ^bb161, ^bb1674
    ^bb161:
      kernel.atomic_access AtomicRead <Acquire, System> %1118[%1091]
      kernel.br ^bb1115
    ^bb162:
      kernel.cond_br %819 < %565 ^bb163, ^bb1674
    ^bb163:
      kernel.atomic_access AtomicRead <Acquire, System> %1118[%819]
      kernel.br ^bb284
    ^bb164:
      kernel.br ^bb842
    ^bb165:
      kernel.br ^bb513
    ^bb166:
      kernel.cond_br %712 < %565 ^bb167, ^bb1674
    ^bb167:
      kernel.atomic_access AtomicRead <Acquire, System> %1118[%712]
      kernel.br ^bb1667
    ^bb168:
      kernel.cond_br %706 < %565 ^bb169, ^bb1674
    ^bb169:
      kernel.atomic_access AtomicRead <Acquire, System> %1118[%706]
      kernel.br ^bb500
    ^bb170:
      kernel.cond_br %826 < %565 ^bb171, ^bb1674
    ^bb171:
      kernel.atomic_access AtomicRead <Acquire, System> %1118[%826]
      kernel.br ^bb281
    ^bb172:
      kernel.br ^bb205
    ^bb173:
      kernel.cond_br %804 < %565 ^bb174, ^bb1674
    ^bb174:
      kernel.atomic_access AtomicRead <Acquire, System> %1118[%804]
      kernel.br ^bb1296
    ^bb175:
      kernel.br ^bb436
    ^bb176:
      kernel.br ^bb296
    ^bb177:
      kernel.br ^bb731
    ^bb178:
      kernel.cond_br %924 < %565 ^bb179, ^bb1674
    ^bb179:
      kernel.atomic_access AtomicRead <Acquire, System> %1118[%924]
      kernel.br ^bb1491
    ^bb180:
      kernel.cond_br %980 < %565 ^bb181, ^bb1674
    ^bb181:
      kernel.atomic_access AtomicRead <Acquire, System> %1118[%980]
      kernel.br ^bb1252
    ^bb182:
      kernel.index_eq_br %560, %561 ^bb886, ^bb1623
    ^bb183:
      kernel.br ^bb239
    ^bb184:
      kernel.cond_br %818 < %565 ^bb185, ^bb1674
    ^bb185:
      kernel.atomic_access AtomicRead <Acquire, System> %1118[%818]
      kernel.br ^bb590
    ^bb186:
      kernel.br ^bb1349
    ^bb187:
      kernel.br ^bb1106
    ^bb188:
      kernel.br ^bb1637
    ^bb189:
      kernel.cond_br %655 < %565 ^bb190, ^bb1674
    ^bb190:
      kernel.atomic_access AtomicRead <Acquire, System> %1118[%655]
      kernel.br ^bb1587
    ^bb191:
      kernel.cond_br %661 < %565 ^bb192, ^bb1674
    ^bb192:
      kernel.atomic_access AtomicRead <Acquire, System> %1118[%661]
      kernel.br ^bb777
    ^bb193:
      kernel.br ^bb1657
    ^bb194:
      kernel.br ^bb258
    ^bb195:
      kernel.br ^bb75
    ^bb196:
      kernel.br ^bb1323
    ^bb197:
      kernel.cond_br %944 < %565 ^bb198, ^bb1674
    ^bb198:
      kernel.atomic_access AtomicRead <Acquire, System> %1118[%944]
      kernel.br ^bb1393
    ^bb199:
      kernel.cond_br %1105 < %565 ^bb200, ^bb1674
    ^bb200:
      kernel.atomic_access AtomicRead <Acquire, System> %1118[%1105]
      kernel.br ^bb1146
    ^bb201:
      kernel.br ^bb229
    ^bb202:
      kernel.br ^bb1433
    ^bb203:
      kernel.cond_br %593 < %565 ^bb204, ^bb1674
    ^bb204:
      kernel.atomic_access AtomicRead <Acquire, System> %1118[%593]
      kernel.br ^bb86
    ^bb205:
      kernel.cond_br %610 < %565 ^bb206, ^bb1674
    ^bb206:
      kernel.atomic_access AtomicRead <Acquire, System> %1118[%610]
      kernel.br ^bb1313
    ^bb207:
      kernel.br ^bb265
    ^bb208:
      kernel.br ^bb759
    ^bb209:
      kernel.cond_br %1058 < %565 ^bb210, ^bb1674
    ^bb210:
      kernel.atomic_access AtomicRead <Acquire, System> %1118[%1058]
      kernel.br ^bb1330
    ^bb211:
      kernel.cond_br %767 < %565 ^bb212, ^bb1674
    ^bb212:
      kernel.atomic_access AtomicRead <Acquire, System> %1118[%767]
      kernel.br ^bb188
    ^bb213:
      kernel.br ^bb1519
    ^bb214:
      kernel.br ^bb128
    ^bb215:
      kernel.br ^bb1405
    ^bb216:
      kernel.cond_br %906 < %565 ^bb217, ^bb1674
    ^bb217:
      kernel.atomic_access AtomicRead <Acquire, System> %1118[%906]
      kernel.br ^bb1549
    ^bb218:
      kernel.br ^bb716
    ^bb219:
      kernel.br ^bb1606
    ^bb220:
      kernel.br ^bb70
    ^bb221:
      kernel.br ^bb1268
    ^bb222:
      kernel.cond_br %830 < %565 ^bb223, ^bb1674
    ^bb223:
      kernel.atomic_access AtomicRead <Acquire, System> %1118[%830]
      kernel.br ^bb1524
    ^bb224:
      kernel.br ^bb253
    ^bb225:
      kernel.br ^bb986
    ^bb226:
      kernel.br ^bb122
    ^bb227:
      kernel.br ^bb1235
    ^bb228:
      kernel.br ^bb321
    ^bb229:
      kernel.cond_br %622 < %565 ^bb230, ^bb1674
    ^bb230:
      kernel.atomic_access AtomicRead <Acquire, System> %1118[%622]
      kernel.br ^bb481
    ^bb231:
      kernel.cond_br %908 < %565 ^bb232, ^bb1674
    ^bb232:
      kernel.atomic_access AtomicRead <Acquire, System> %1118[%908]
      kernel.br ^bb1647
    ^bb233:
      kernel.cond_br %749 < %565 ^bb234, ^bb1674
    ^bb234:
      kernel.atomic_access AtomicRead <Acquire, System> %1118[%749]
      kernel.br ^bb1275
    ^bb235:
      kernel.cond_br %757 < %565 ^bb236, ^bb1674
    ^bb236:
      kernel.atomic_access AtomicRead <Acquire, System> %1118[%757]
      kernel.br ^bb1554
    ^bb237:
      kernel.cond_br %656 < %565 ^bb238, ^bb1674
    ^bb238:
      kernel.atomic_access AtomicRead <Acquire, System> %1118[%656]
      kernel.br ^bb1030
    ^bb239:
      kernel.cond_br %614 < %565 ^bb240, ^bb1674
    ^bb240:
      kernel.atomic_access AtomicRead <Acquire, System> %1118[%614]
      kernel.br ^bb795
    ^bb241:
      kernel.cond_br %758 < %741 ^bb242, ^bb1674
    ^bb242:
      kernel.atomic_access AtomicWrite <Release, System> %1119[%758]
      kernel.br ^bb1301
    ^bb243:
      kernel.br ^bb1419
    ^bb244:
      kernel.cond_br %878 < %565 ^bb245, ^bb1674
    ^bb245:
      kernel.atomic_access AtomicRead <Acquire, System> %1118[%878]
      kernel.br ^bb1322
    ^bb246:
      kernel.br ^bb334
    ^bb247:
      kernel.cond_br %1093 < %565 ^bb248, ^bb1674
    ^bb248:
      kernel.atomic_access AtomicRead <Acquire, System> %1118[%1093]
      kernel.br ^bb683
    ^bb249:
      kernel.cond_br %810 < %565 ^bb250, ^bb1674
    ^bb250:
      kernel.atomic_access AtomicRead <Acquire, System> %1118[%810]
      kernel.br ^bb1579
    ^bb251:
      kernel.br ^bb1288
    ^bb252:
      kernel.br ^bb1610
    ^bb253:
      kernel.cond_br %633 < %565 ^bb254, ^bb1674
    ^bb254:
      kernel.atomic_access AtomicRead <Acquire, System> %1118[%633]
      kernel.br ^bb778
    ^bb255:
      kernel.br ^bb502
    ^bb256:
      kernel.br ^bb746
    ^bb257:
      kernel.br ^bb1441
    ^bb258:
      kernel.cond_br %619 < %565 ^bb259, ^bb1674
    ^bb259:
      kernel.atomic_access AtomicRead <Acquire, System> %1118[%619]
      kernel.br ^bb1355
    ^bb260:
      kernel.br ^bb1041
    ^bb261:
      kernel.cond_br %659 < %565 ^bb262, ^bb1674
    ^bb262:
      kernel.atomic_access AtomicRead <Acquire, System> %1118[%659]
      kernel.br ^bb1258
    ^bb263:
      kernel.br ^bb468
    ^bb264:
      kernel.br ^bb1204
    ^bb265:
      kernel.cond_br %624 < %565 ^bb266, ^bb1674
    ^bb266:
      kernel.atomic_access AtomicRead <Acquire, System> %1118[%624]
      kernel.br ^bb653
    ^bb267:
      kernel.br ^bb1482
    ^bb268:
      kernel.br ^bb657
    ^bb269:
      kernel.cond_br %922 < %565 ^bb270, ^bb1674
    ^bb270:
      kernel.atomic_access AtomicRead <Acquire, System> %1118[%922]
      kernel.br ^bb219
    ^bb271:
      kernel.br ^bb51
    ^bb272:
      kernel.cond_br %1056 < %565 ^bb273, ^bb1674
    ^bb273:
      kernel.atomic_access AtomicRead <Acquire, System> %1118[%1056]
      kernel.br ^bb1423
    ^bb274:
      kernel.cond_br %969 < %565 ^bb275, ^bb1674
    ^bb275:
      kernel.atomic_access AtomicRead <Acquire, System> %1118[%969]
      kernel.br ^bb1644
    ^bb276:
      kernel.br ^bb625
    ^bb277:
      kernel.cond_br %941 < %565 ^bb278, ^bb1674
    ^bb278:
      kernel.atomic_access AtomicRead <Acquire, System> %1118[%941]
      kernel.br ^bb1502
    ^bb279:
      kernel.cond_br %811 < %565 ^bb280, ^bb1674
    ^bb280:
      kernel.atomic_access AtomicRead <Acquire, System> %1118[%811]
      kernel.br ^bb737
    ^bb281:
      kernel.br ^bb957
    ^bb282:
      kernel.cond_br %784 < %565 ^bb283, ^bb1674
    ^bb283:
      kernel.atomic_access AtomicRead <Acquire, System> %1118[%784]
      kernel.br ^bb1494
    ^bb284:
      kernel.br ^bb834
    ^bb285:
      kernel.br ^bb517
    ^bb286:
      kernel.cond_br %979 < %565 ^bb287, ^bb1674
    ^bb287:
      kernel.atomic_access AtomicRead <Acquire, System> %1118[%979]
      kernel.br ^bb25
    ^bb288:
      kernel.br ^bb189
    ^bb289:
      kernel.br ^bb237
    ^bb290:
      kernel.br ^bb612
    ^bb291:
      kernel.br ^bb857
    ^bb292:
      kernel.br ^bb261
    ^bb293:
      kernel.br ^bb644
    ^bb294:
      kernel.br ^bb191
    ^bb295:
      kernel.br ^bb959
    ^bb296:
      kernel.cond_br %612 < %565 ^bb297, ^bb1674
    ^bb297:
      kernel.atomic_access AtomicRead <Acquire, System> %1118[%612]
      kernel.br ^bb31
    ^bb298:
      kernel.cond_br %664 < %565 ^bb299, ^bb1674
    ^bb299:
      kernel.atomic_access AtomicRead <Acquire, System> %1118[%664]
      kernel.br ^bb1346
    ^bb300:
      kernel.cond_br %995 < %565 ^bb301, ^bb1674
    ^bb301:
      kernel.atomic_access AtomicRead <Acquire, System> %1118[%995]
      kernel.br ^bb246
    ^bb302:
      kernel.cond_br %704 < %565 ^bb303, ^bb1674
    ^bb303:
      kernel.atomic_access AtomicRead <Acquire, System> %1118[%704]
      kernel.br ^bb740
    ^bb304:
      kernel.br ^bb1626
    ^bb305:
      kernel.cond_br %1088 < %565 ^bb306, ^bb1674
    ^bb306:
      kernel.atomic_access AtomicRead <Acquire, System> %1118[%1088]
      kernel.br ^bb228
    ^bb307:
      kernel.cond_br %718 < %565 ^bb308, ^bb1674
    ^bb308:
      kernel.atomic_access AtomicRead <Acquire, System> %1118[%718]
      kernel.br ^bb1090
    ^bb309:
      kernel.cond_br %848 < %565 ^bb310, ^bb1674
    ^bb310:
      kernel.atomic_access AtomicRead <Acquire, System> %1118[%848]
      kernel.br ^bb1487
    ^bb311:
      kernel.br ^bb298
    ^bb312:
      kernel.cond_br %592 < %565 ^bb313, ^bb1674
    ^bb313:
      kernel.atomic_access AtomicRead <Acquire, System> %1118[%592]
      kernel.br ^bb844
    ^bb314:
      kernel.cond_br %1083 < %565 ^bb315, ^bb1674
    ^bb315:
      kernel.atomic_access AtomicRead <Acquire, System> %1118[%1083]
      kernel.br ^bb1380
    ^bb316:
      kernel.br ^bb714
    ^bb317:
      kernel.cond_br %871 < %565 ^bb318, ^bb1674
    ^bb318:
      kernel.atomic_access AtomicRead <Acquire, System> %1118[%871]
      kernel.br ^bb154
    ^bb319:
      kernel.cond_br %607 < %565 ^bb320, ^bb1674
    ^bb320:
      kernel.atomic_access AtomicRead <Acquire, System> %1118[%607]
      kernel.br ^bb791
    ^bb321:
      kernel.cond_br %637 < %565 ^bb322, ^bb1674
    ^bb322:
      kernel.atomic_access AtomicRead <Acquire, System> %1118[%637]
      kernel.br ^bb257
    ^bb323:
      kernel.br ^bb1058
    ^bb324:
      kernel.br ^bb1194
    ^bb325:
      kernel.br ^bb1508
    ^bb326:
      kernel.br ^bb1566
    ^bb327:
      kernel.cond_br %576 < %565 ^bb328, ^bb1674
    ^bb328:
      kernel.atomic_access AtomicRead <Acquire, System> %1118[%576]
      kernel.br ^bb684
    ^bb329:
      kernel.cond_br %589 < %565 ^bb330, ^bb1674
    ^bb330:
      kernel.atomic_access AtomicRead <Acquire, System> %1118[%589]
      kernel.br ^bb1214
    ^bb331:
      kernel.br ^bb126
    ^bb332:
      kernel.cond_br %697 < %565 ^bb333, ^bb1674
    ^bb333:
      kernel.atomic_access AtomicRead <Acquire, System> %1118[%697]
      kernel.br ^bb374
    ^bb334:
      kernel.cond_br %639 < %565 ^bb335, ^bb1674
    ^bb335:
      kernel.atomic_access AtomicRead <Acquire, System> %1118[%639]
      kernel.br ^bb553
    ^bb336:
      kernel.cond_br %1114 < %565 ^bb337, ^bb1674
    ^bb337:
      kernel.atomic_access AtomicRead <Acquire, System> %1118[%1114]
      kernel.br ^bb449
    ^bb338:
      kernel.br ^bb95
    ^bb339:
      kernel.br ^bb406
    ^bb340:
      kernel.br ^bb1291
    ^bb341:
      kernel.br ^bb1568
    ^bb342:
      kernel.cond_br %939 < %565 ^bb343, ^bb1674
    ^bb343:
      kernel.atomic_access AtomicRead <Acquire, System> %1118[%939]
      kernel.br ^bb159
    ^bb344:
      kernel.br ^bb413
    ^bb345:
      kernel.cond_br %959 < %565 ^bb346, ^bb1674
    ^bb346:
      kernel.atomic_access AtomicRead <Acquire, System> %1118[%959]
      kernel.br ^bb109
    ^bb347:
      kernel.br ^bb1153
    ^bb348:
      kernel.br ^bb640
    ^bb349:
      kernel.cond_br %722 < %565 ^bb350, ^bb1674
    ^bb350:
      kernel.atomic_access AtomicRead <Acquire, System> %1118[%722]
      kernel.br ^bb13
    ^bb351:
      kernel.cond_br %952 < %565 ^bb352, ^bb1674
    ^bb352:
      kernel.atomic_access AtomicRead <Acquire, System> %1118[%952]
      kernel.br ^bb365
    ^bb353:
      kernel.cond_br %1079 < %565 ^bb354, ^bb1674
    ^bb354:
      kernel.atomic_access AtomicRead <Acquire, System> %1118[%1079]
      kernel.br ^bb911
    ^bb355:
      kernel.br ^bb35
    ^bb356:
      kernel.br ^bb634
    ^bb357:
      kernel.cond_br %936 < %565 ^bb358, ^bb1674
    ^bb358:
      kernel.atomic_access AtomicRead <Acquire, System> %1118[%936]
      kernel.br ^bb1513
    ^bb359:
      kernel.br ^bb1574
    ^bb360:
      kernel.br ^bb1063
    ^bb361:
      kernel.cond_br %717 < %565 ^bb362, ^bb1674
    ^bb362:
      kernel.atomic_access AtomicRead <Acquire, System> %1118[%717]
      kernel.br ^bb132
    ^bb363:
      kernel.cond_br %1109 < %565 ^bb364, ^bb1674
    ^bb364:
      kernel.atomic_access AtomicRead <Acquire, System> %1118[%1109]
      kernel.br ^bb1331
    ^bb365:
      kernel.br ^bb588
    ^bb366:
      kernel.br ^bb1097
    ^bb367:
      kernel.br ^bb504
    ^bb368:
      kernel.br ^bb646
    ^bb369:
      kernel.br ^bb450
    ^bb370:
      kernel.br ^bb1077
    ^bb371:
      kernel.br ^bb1399
    ^bb372:
      kernel.br ^bb1619
    ^bb373:
      kernel.br ^bb1538
    ^bb374:
      kernel.br ^bb738
    ^bb375:
      kernel.br ^bb1011
    ^bb376:
      kernel.cond_br %909 < %565 ^bb377, ^bb1674
    ^bb377:
      kernel.atomic_access AtomicRead <Acquire, System> %1118[%909]
      kernel.br ^bb1066
    ^bb378:
      kernel.br ^bb23
    ^bb379:
      kernel.br ^bb1558
    ^bb380:
      kernel.cond_br %955 < %565 ^bb381, ^bb1674
    ^bb381:
      kernel.atomic_access AtomicRead <Acquire, System> %1118[%955]
      kernel.br ^bb815
    ^bb382:
      kernel.br ^bb141
    ^bb383:
      kernel.br ^bb1560
    ^bb384:
      kernel.cond_br %754 < %565 ^bb385, ^bb1674
    ^bb385:
      kernel.atomic_access AtomicRead <Acquire, System> %1118[%754]
      kernel.br ^bb360
    ^bb386:
      kernel.br ^bb332
    ^bb387:
      kernel.br ^bb488
    ^bb388:
      kernel.index_eq_br %0, %561 ^bb869, ^bb980
    ^bb389:
      kernel.br ^bb1125
    ^bb390:
      kernel.cond_br %714 < %565 ^bb391, ^bb1674
    ^bb391:
      kernel.atomic_access AtomicRead <Acquire, System> %1118[%714]
      kernel.br ^bb82
    ^bb392:
      kernel.br ^bb1282
    ^bb393:
      kernel.br ^bb112
    ^bb394:
      kernel.cond_br %1078 < %565 ^bb395, ^bb1674
    ^bb395:
      kernel.atomic_access AtomicRead <Acquire, System> %1118[%1078]
      kernel.br ^bb549
    ^bb396:
      kernel.cond_br %923 < %565 ^bb397, ^bb1674
    ^bb397:
      kernel.atomic_access AtomicRead <Acquire, System> %1118[%923]
      kernel.br ^bb143
    ^bb398:
      kernel.br ^bb1190
    ^bb399:
      kernel.br ^bb457
    ^bb400:
      kernel.br ^bb302
    ^bb401:
      kernel.br ^bb1212
    ^bb402:
      kernel.cond_br %921 < %565 ^bb403, ^bb1674
    ^bb403:
      kernel.atomic_access AtomicRead <Acquire, System> %1118[%921]
      kernel.br ^bb331
    ^bb404:
      kernel.br ^bb886
    ^bb405:
      kernel.br ^bb168
    ^bb406:
      kernel.cond_br %672 < %565 ^bb407, ^bb1674
    ^bb407:
      kernel.atomic_access AtomicRead <Acquire, System> %1118[%672]
      kernel.br ^bb971
    ^bb408:
      kernel.cond_br %802 < %565 ^bb409, ^bb1674
    ^bb409:
      kernel.atomic_access AtomicRead <Acquire, System> %1118[%802]
      kernel.br ^bb884
    ^bb410:
      kernel.br ^bb632
    ^bb411:
      kernel.cond_br %803 < %565 ^bb412, ^bb1674
    ^bb412:
      kernel.atomic_access AtomicRead <Acquire, System> %1118[%803]
      kernel.br ^bb1381
    ^bb413:
      kernel.cond_br %675 < %565 ^bb414, ^bb1674
    ^bb414:
      kernel.atomic_access AtomicRead <Acquire, System> %1118[%675]
      kernel.br ^bb639
    ^bb415:
      kernel.cond_br %1013 < %565 ^bb416, ^bb1674
    ^bb416:
      kernel.atomic_access AtomicRead <Acquire, System> %1118[%1013]
      kernel.br ^bb1631
    ^bb417:
      kernel.cond_br %730 < %565 ^bb418, ^bb1674
    ^bb418:
      kernel.atomic_access AtomicRead <Acquire, System> %1118[%730]
      kernel.br ^bb720
    ^bb419:
      kernel.br ^bb1544
    ^bb420:
      kernel.cond_br %833 < %565 ^bb421, ^bb1674
    ^bb421:
      kernel.atomic_access AtomicRead <Acquire, System> %1118[%833]
      kernel.br ^bb187
    ^bb422:
      kernel.cond_br %1059 < %565 ^bb423, ^bb1674
    ^bb423:
      kernel.atomic_access AtomicRead <Acquire, System> %1118[%1059]
      kernel.br ^bb541
    ^bb424:
      kernel.br ^bb136
    ^bb425:
      kernel.br ^bb908
    ^bb426:
      kernel.br ^bb749
    ^bb427:
      kernel.cond_br %763 < %565 ^bb428, ^bb1674
    ^bb428:
      kernel.atomic_access AtomicRead <Acquire, System> %1118[%763]
      kernel.br ^bb221
    ^bb429:
      kernel.cond_br %1065 < %565 ^bb430, ^bb1674
    ^bb430:
      kernel.atomic_access AtomicRead <Acquire, System> %1118[%1065]
      kernel.br ^bb293
    ^bb431:
      kernel.br ^bb166
    ^bb432:
      kernel.cond_br %566 < %565 ^bb433, ^bb1674
    ^bb433:
      kernel.atomic_access AtomicRead <Acquire, System> %1118[%566]
      kernel.br ^bb741
    ^bb434:
      kernel.br ^bb120
    ^bb435:
      kernel.br ^bb390
    ^bb436:
      kernel.cond_br %611 < %565 ^bb437, ^bb1674
    ^bb437:
      kernel.atomic_access AtomicRead <Acquire, System> %1118[%611]
      kernel.br ^bb1045
    ^bb438:
      kernel.br ^bb1060
    ^bb439:
      kernel.cond_br %780 < %565 ^bb440, ^bb1674
    ^bb440:
      kernel.atomic_access AtomicRead <Acquire, System> %1118[%780]
      kernel.br ^bb933
    ^bb441:
      kernel.br ^bb509
    ^bb442:
      kernel.br ^bb361
    ^bb443:
      kernel.br ^bb307
    ^bb444:
      kernel.br ^bb803
    ^bb445:
      kernel.cond_br %949 < %565 ^bb446, ^bb1674
    ^bb446:
      kernel.atomic_access AtomicRead <Acquire, System> %1118[%949]
      kernel.br ^bb680
    ^bb447:
      kernel.cond_br %918 < %565 ^bb448, ^bb1674
    ^bb448:
      kernel.atomic_access AtomicRead <Acquire, System> %1118[%918]
      kernel.br ^bb1542
    ^bb449:
      kernel.br ^bb114
    ^bb450:
      kernel.cond_br %686 < %565 ^bb451, ^bb1674
    ^bb451:
      kernel.atomic_access AtomicRead <Acquire, System> %1118[%686]
      kernel.br ^bb718
    ^bb452:
      kernel.cond_br %903 < %565 ^bb453, ^bb1674
    ^bb453:
      kernel.atomic_access AtomicRead <Acquire, System> %1118[%903]
      kernel.br ^bb366
    ^bb454:
      kernel.cond_br %1097 < %565 ^bb455, ^bb1674
    ^bb455:
      kernel.atomic_access AtomicRead <Acquire, System> %1118[%1097]
      kernel.br ^bb1496
    ^bb456:
      kernel.br ^bb1023
    ^bb457:
      kernel.cond_br %703 < %565 ^bb458, ^bb1674
    ^bb458:
      kernel.atomic_access AtomicRead <Acquire, System> %1118[%703]
      kernel.br ^bb792
    ^bb459:
      kernel.br ^bb349
    ^bb460:
      kernel.br ^bb1043
    ^bb461:
      kernel.cond_br %577 < %565 ^bb462, ^bb1674
    ^bb462:
      kernel.atomic_access AtomicRead <Acquire, System> %1118[%577]
      kernel.br ^bb1308
    ^bb463:
      kernel.cond_br %817 < %565 ^bb464, ^bb1674
    ^bb464:
      kernel.atomic_access AtomicRead <Acquire, System> %1118[%817]
      kernel.br ^bb1132
    ^bb465:
      kernel.br ^bb1073
    ^bb466:
      kernel.br ^bb1439
    ^bb467:
      kernel.br ^bb867
    ^bb468:
      kernel.cond_br %646 < %565 ^bb469, ^bb1674
    ^bb469:
      kernel.atomic_access AtomicRead <Acquire, System> %1118[%646]
      kernel.br ^bb359
    ^bb470:
      kernel.br ^bb1521
    ^bb471:
      kernel.cond_br %1074 < %565 ^bb472, ^bb1674
    ^bb472:
      kernel.atomic_access AtomicRead <Acquire, System> %1118[%1074]
      kernel.br ^bb828
    ^bb473:
      kernel.cond_br %1006 < %565 ^bb474, ^bb1674
    ^bb474:
      kernel.atomic_access AtomicRead <Acquire, System> %1118[%1006]
      kernel.br ^bb399
    ^bb475:
      kernel.br ^bb708
    ^bb476:
      kernel.br ^bb145
    ^bb477:
      kernel.br ^bb417
    ^bb478:
      kernel.br ^bb698
    ^bb479:
      kernel.cond_br %801 < %565 ^bb480, ^bb1674
    ^bb480:
      kernel.atomic_access AtomicRead <Acquire, System> %1118[%801]
      kernel.br ^bb656
    ^bb481:
      kernel.br ^bb1468
    ^bb482:
      kernel.br ^bb1639
    ^bb483:
      kernel.cond_br %993 < %565 ^bb484, ^bb1674
    ^bb484:
      kernel.atomic_access AtomicRead <Acquire, System> %1118[%993]
      kernel.br ^bb736
    ^bb485:
      kernel.br ^bb1358
    ^bb486:
      kernel.cond_br %809 < %565 ^bb487, ^bb1674
    ^bb487:
      kernel.atomic_access AtomicRead <Acquire, System> %1118[%809]
      kernel.br ^bb1431
    ^bb488:
      kernel.cond_br %698 < %565 ^bb489, ^bb1674
    ^bb489:
      kernel.atomic_access AtomicRead <Acquire, System> %1118[%698]
      kernel.br ^bb1490
    ^bb490:
      kernel.br ^bb863
    ^bb491:
      kernel.cond_br %915 < %565 ^bb492, ^bb1674
    ^bb492:
      kernel.atomic_access AtomicRead <Acquire, System> %1118[%915]
      kernel.br ^bb1462
    ^bb493:
      kernel.br ^bb575
    ^bb494:
      kernel.cond_br %814 < %565 ^bb495, ^bb1674
    ^bb495:
      kernel.atomic_access AtomicRead <Acquire, System> %1118[%814]
      kernel.br ^bb521
    ^bb496:
      kernel.cond_br %1100 < %565 ^bb497, ^bb1674
    ^bb497:
      kernel.atomic_access AtomicRead <Acquire, System> %1118[%1100]
      kernel.br ^bb927
    ^bb498:
      kernel.cond_br %739 < %565 ^bb499, ^bb1674
    ^bb499:
      kernel.atomic_access AtomicRead <Acquire, System> %1118[%739]
      kernel.br ^bb560
    ^bb500:
      kernel.br ^bb1219
    ^bb501:
      kernel.br ^bb1277
    ^bb502:
      kernel.cond_br %642 < %565 ^bb503, ^bb1674
    ^bb503:
      kernel.atomic_access AtomicRead <Acquire, System> %1118[%642]
      kernel.br ^bb733
    ^bb504:
      kernel.cond_br %684 < %565 ^bb505, ^bb1674
    ^bb505:
      kernel.atomic_access AtomicRead <Acquire, System> %1118[%684]
      kernel.br ^bb631
    ^bb506:
      kernel.br ^bb819
    ^bb507:
      kernel.cond_br %1036 < %565 ^bb508, ^bb1674
    ^bb508:
      kernel.atomic_access AtomicRead <Acquire, System> %1118[%1036]
      kernel.br ^bb8
    ^bb509:
      kernel.cond_br %716 < %565 ^bb510, ^bb1674
    ^bb510:
      kernel.atomic_access AtomicRead <Acquire, System> %1118[%716]
      kernel.br ^bb995
    ^bb511:
      kernel.br ^bb1286
    ^bb512:
      kernel.br ^bb498
    ^bb513:
      kernel.cond_br %609 < %565 ^bb514, ^bb1674
    ^bb514:
      kernel.atomic_access AtomicRead <Acquire, System> %1118[%609]
      kernel.br ^bb1484
    ^bb515:
      kernel.cond_br %885 < %565 ^bb516, ^bb1674
    ^bb516:
      kernel.atomic_access AtomicRead <Acquire, System> %1118[%885]
      kernel.br ^bb1189
    ^bb517:
      kernel.cond_br %654 < %565 ^bb518, ^bb1674
    ^bb518:
      kernel.atomic_access AtomicRead <Acquire, System> %1118[%654]
      kernel.br ^bb442
    ^bb519:
      kernel.cond_br %761 < %565 ^bb520, ^bb1674
    ^bb520:
      kernel.atomic_access AtomicRead <Acquire, System> %1118[%761]
      kernel.br ^bb1259
    ^bb521:
      kernel.br ^bb887
    ^bb522:
      kernel.cond_br %1042 < %565 ^bb523, ^bb1674
    ^bb523:
      kernel.atomic_access AtomicRead <Acquire, System> %1118[%1042]
      kernel.br ^bb125
    ^bb524:
      kernel.cond_br %744 < %565 ^bb525, ^bb1674
    ^bb525:
      kernel.atomic_access AtomicRead <Acquire, System> %1118[%744]
      kernel.br ^bb1511
    ^bb526:
      kernel.br ^bb1244
    ^bb527:
      kernel.cond_br %756 < %565 ^bb528, ^bb1674
    ^bb528:
      kernel.atomic_access AtomicRead <Acquire, System> %1118[%756]
      kernel.br ^bb1165
    ^bb529:
      kernel.cond_br %962 < %565 ^bb530, ^bb1674
    ^bb530:
      kernel.atomic_access AtomicRead <Acquire, System> %1118[%962]
      kernel.br ^bb218
    ^bb531:
      kernel.cond_br %888 < %565 ^bb532, ^bb1674
    ^bb532:
      kernel.atomic_access AtomicRead <Acquire, System> %1118[%888]
      kernel.br ^bb470
    ^bb533:
      kernel.br ^bb872
    ^bb534:
      kernel.analysis_split controls=() ^bb1605, ^bb493
    ^bb535:
      kernel.cond_br %953 < %565 ^bb536, ^bb1674
    ^bb536:
      kernel.atomic_access AtomicRead <Acquire, System> %1118[%953]
      kernel.br ^bb602
    ^bb537:
      kernel.cond_br %752 < %565 ^bb538, ^bb1674
    ^bb538:
      kernel.atomic_access AtomicRead <Acquire, System> %1118[%752]
      kernel.br ^bb263
    ^bb539:
      kernel.br ^bb524
    ^bb540:
      kernel.br ^bb796
    ^bb541:
      kernel.br ^bb46
    ^bb542:
      kernel.br ^bb1163
    ^bb543:
      kernel.br ^bb63
    ^bb544:
      kernel.br ^bb233
    ^bb545:
      kernel.cond_br %1068 < %565 ^bb546, ^bb1674
    ^bb546:
      kernel.atomic_access AtomicRead <Acquire, System> %1118[%1068]
      kernel.br ^bb1022
    ^bb547:
      kernel.cond_br %768 < %565 ^bb548, ^bb1674
    ^bb548:
      kernel.atomic_access AtomicRead <Acquire, System> %1118[%768]
      kernel.br ^bb1312
    ^bb549:
      kernel.br ^bb1192
    ^bb550:
      kernel.br ^bb570
    ^bb551:
      kernel.cond_br %1052 < %565 ^bb552, ^bb1674
    ^bb552:
      kernel.atomic_access AtomicRead <Acquire, System> %1118[%1052]
      kernel.br ^bb785
    ^bb553:
      kernel.br ^bb537
    ^bb554:
      kernel.cond_br %1103 < %565 ^bb555, ^bb1674
    ^bb555:
      kernel.atomic_access AtomicRead <Acquire, System> %1118[%1103]
      kernel.br ^bb617
    ^bb556:
      kernel.cond_br %569 < %565 ^bb557, ^bb1674
    ^bb557:
      kernel.atomic_access AtomicRead <Acquire, System> %1118[%569]
      kernel.br ^bb1329
    ^bb558:
      kernel.br ^bb898
    ^bb559:
      kernel.br ^bb384
    ^bb560:
      kernel.br ^bb903
    ^bb561:
      kernel.cond_br %938 < %565 ^bb562, ^bb1674
    ^bb562:
      kernel.atomic_access AtomicRead <Acquire, System> %1118[%938]
      kernel.br ^bb339
    ^bb563:
      kernel.cond_br %954 < %565 ^bb564, ^bb1674
    ^bb564:
      kernel.atomic_access AtomicRead <Acquire, System> %1118[%954]
      kernel.br ^bb98
    ^bb565:
      kernel.br ^bb527
    ^bb566:
      kernel.cond_br %567 < %565 ^bb567, ^bb1674
    ^bb567:
      kernel.atomic_access AtomicRead <Acquire, System> %1118[%567]
      kernel.br ^bb661
    ^bb568:
      kernel.cond_br %890 < %565 ^bb569, ^bb1674
    ^bb569:
      kernel.atomic_access AtomicRead <Acquire, System> %1118[%890]
      kernel.br ^bb1628
    ^bb570:
      kernel.cond_br %751 < %565 ^bb571, ^bb1674
    ^bb571:
      kernel.atomic_access AtomicRead <Acquire, System> %1118[%751]
      kernel.br ^bb789
    ^bb572:
      kernel.br ^bb235
    ^bb573:
      kernel.cond_br %958 < %565 ^bb574, ^bb1674
    ^bb574:
      kernel.atomic_access AtomicRead <Acquire, System> %1118[%958]
      kernel.br ^bb900
    ^bb575:
      kernel.br ^bb241
    ^bb576:
      kernel.br ^bb710
    ^bb577:
      kernel.cond_br %883 < %565 ^bb578, ^bb1674
    ^bb578:
      kernel.atomic_access AtomicRead <Acquire, System> %1118[%883]
      kernel.br ^bb1156
    ^bb579:
      kernel.br ^bb1582
    ^bb580:
      kernel.br ^bb519
    ^bb581:
      kernel.br ^bb689
    ^bb582:
      kernel.cond_br %951 < %565 ^bb583, ^bb1674
    ^bb583:
      kernel.atomic_access AtomicRead <Acquire, System> %1118[%951]
      kernel.br ^bb1185
    ^bb584:
      kernel.br ^bb427
    ^bb585:
      kernel.cond_br %823 < %565 ^bb586, ^bb1674
    ^bb586:
      kernel.atomic_access AtomicRead <Acquire, System> %1118[%823]
      kernel.br ^bb1131
    ^bb587:
      kernel.br ^bb1629
    ^bb588:
      kernel.cond_br %682 < %565 ^bb589, ^bb1674
    ^bb589:
      kernel.atomic_access AtomicRead <Acquire, System> %1118[%682]
      kernel.br ^bb827
    ^bb590:
      kernel.br ^bb29
    ^bb591:
      kernel.br ^bb99
    ^bb592:
      kernel.cond_br %893 < %565 ^bb593, ^bb1674
    ^bb593:
      kernel.atomic_access AtomicRead <Acquire, System> %1118[%893]
      kernel.br ^bb1360
    ^bb594:
      kernel.cond_br %1095 < %565 ^bb595, ^bb1674
    ^bb595:
      kernel.atomic_access AtomicRead <Acquire, System> %1118[%1095]
      kernel.br ^bb719
    ^bb596:
      kernel.br ^bb211
    ^bb597:
      kernel.br ^bb547
    ^bb598:
      kernel.br ^bb138
    ^bb599:
      kernel.br ^bb1547
    ^bb600:
      kernel.br ^bb671
    ^bb601:
      kernel.br ^bb1052
    ^bb602:
      kernel.br ^bb149
    ^bb603:
      kernel.cond_br %863 < %565 ^bb604, ^bb1674
    ^bb604:
      kernel.atomic_access AtomicRead <Acquire, System> %1118[%863]
      kernel.br ^bb256
    ^bb605:
      kernel.cond_br %1076 < %565 ^bb606, ^bb1674
    ^bb606:
      kernel.atomic_access AtomicRead <Acquire, System> %1118[%1076]
      kernel.br ^bb664
    ^bb607:
      kernel.cond_br %1089 < %565 ^bb608, ^bb1674
    ^bb608:
      kernel.atomic_access AtomicRead <Acquire, System> %1118[%1089]
      kernel.br ^bb1394
    ^bb609:
      kernel.br ^bb2
    ^bb610:
      kernel.cond_br %837 < %565 ^bb611, ^bb1674
    ^bb611:
      kernel.atomic_access AtomicRead <Acquire, System> %1118[%837]
      kernel.br ^bb1293
    ^bb612:
      kernel.cond_br %657 < %565 ^bb613, ^bb1674
    ^bb613:
      kernel.atomic_access AtomicRead <Acquire, System> %1118[%657]
      kernel.br ^bb193
    ^bb614:
      kernel.br ^bb695
    ^bb615:
      kernel.br ^bb1120
    ^bb616:
      kernel.br ^bb637
    ^bb617:
      kernel.br ^bb1116
    ^bb618:
      kernel.cond_br %913 < %565 ^bb619, ^bb1674
    ^bb619:
      kernel.atomic_access AtomicRead <Acquire, System> %1118[%913]
      kernel.br ^bb1421
    ^bb620:
      kernel.br ^bb1403
    ^bb621:
      kernel.cond_br %600 < %565 ^bb622, ^bb1674
    ^bb622:
      kernel.atomic_access AtomicRead <Acquire, System> %1118[%600]
      kernel.br ^bb459
    ^bb623:
      kernel.cond_br %898 < %565 ^bb624, ^bb1674
    ^bb624:
      kernel.atomic_access AtomicRead <Acquire, System> %1118[%898]
      kernel.br ^bb674
    ^bb625:
      kernel.cond_br %651 < %565 ^bb626, ^bb1674
    ^bb626:
      kernel.atomic_access AtomicRead <Acquire, System> %1118[%651]
      kernel.br ^bb214
    ^bb627:
      kernel.cond_br %1023 < %565 ^bb628, ^bb1674
    ^bb628:
      kernel.atomic_access AtomicRead <Acquire, System> %1118[%1023]
      kernel.br ^bb1025
    ^bb629:
      kernel.cond_br %1014 < %565 ^bb630, ^bb1674
    ^bb630:
      kernel.atomic_access AtomicRead <Acquire, System> %1118[%1014]
      kernel.br ^bb833
    ^bb631:
      kernel.br ^bb1128
    ^bb632:
      kernel.cond_br %707 < %565 ^bb633, ^bb1674
    ^bb633:
      kernel.atomic_access AtomicRead <Acquire, System> %1118[%707]
      kernel.br ^bb386
    ^bb634:
      kernel.cond_br %679 < %565 ^bb635, ^bb1674
    ^bb635:
      kernel.atomic_access AtomicRead <Acquire, System> %1118[%679]
      kernel.br ^bb726
    ^bb636:
      kernel.br ^bb439
    ^bb637:
      kernel.cond_br %776 < %565 ^bb638, ^bb1674
    ^bb638:
      kernel.atomic_access AtomicRead <Acquire, System> %1118[%776]
      kernel.br ^bb62
    ^bb639:
      kernel.br ^bb1217
    ^bb640:
      kernel.cond_br %677 < %565 ^bb641, ^bb1674
    ^bb641:
      kernel.atomic_access AtomicRead <Acquire, System> %1118[%677]
      kernel.br ^bb378
    ^bb642:
      kernel.cond_br %583 < %565 ^bb643, ^bb1674
    ^bb643:
      kernel.atomic_access AtomicRead <Acquire, System> %1118[%583]
      kernel.br ^bb1
    ^bb644:
      kernel.cond_br %660 < %565 ^bb645, ^bb1674
    ^bb645:
      kernel.atomic_access AtomicRead <Acquire, System> %1118[%660]
      kernel.br ^bb1384
    ^bb646:
      kernel.cond_br %685 < %565 ^bb647, ^bb1674
    ^bb647:
      kernel.atomic_access AtomicRead <Acquire, System> %1118[%685]
      kernel.br ^bb1470
    ^bb648:
      kernel.cond_br %876 < %565 ^bb649, ^bb1674
    ^bb649:
      kernel.atomic_access AtomicRead <Acquire, System> %1118[%876]
      kernel.br ^bb587
    ^bb650:
      kernel.cond_br %1080 < %565 ^bb651, ^bb1674
    ^bb651:
      kernel.atomic_access AtomicRead <Acquire, System> %1118[%1080]
      kernel.br ^bb1237
    ^bb652:
      kernel.br ^bb1385
    ^bb653:
      kernel.br ^bb1668
    ^bb654:
      kernel.cond_br %1028 < %565 ^bb655, ^bb1674
    ^bb655:
      kernel.atomic_access AtomicRead <Acquire, System> %1118[%1028]
      kernel.br ^bb544
    ^bb656:
      kernel.br ^bb282
    ^bb657:
      kernel.cond_br %649 < %565 ^bb658, ^bb1674
    ^bb658:
      kernel.atomic_access AtomicRead <Acquire, System> %1118[%649]
      kernel.br ^bb326
    ^bb659:
      kernel.cond_br %879 < %565 ^bb660, ^bb1674
    ^bb660:
      kernel.atomic_access AtomicRead <Acquire, System> %1118[%879]
      kernel.br ^bb97
    ^bb661:
      kernel.br ^bb1086
    ^bb662:
      kernel.cond_br %835 < %565 ^bb663, ^bb1674
    ^bb663:
      kernel.atomic_access AtomicRead <Acquire, System> %1118[%835]
      kernel.br ^bb1523
    ^bb664:
      kernel.br ^bb1037
    ^bb665:
      kernel.br ^bb17
    ^bb666:
      kernel.br ^bb942
    ^bb667:
      kernel.br ^bb1351
    ^bb668:
      kernel.br ^bb727
    ^bb669:
      kernel.br ^bb766
    ^bb670:
      kernel.br ^bb32
    ^bb671:
      kernel.cond_br %771 < %565 ^bb672, ^bb1674
    ^bb672:
      kernel.atomic_access AtomicRead <Acquire, System> %1118[%771]
      kernel.br ^bb393
    ^bb673:
      kernel.index_eq_br %562, %563 ^bb43, ^bb886
    ^bb674:
      kernel.br ^bb1327
    ^bb675:
      kernel.cond_br %904 < %565 ^bb676, ^bb1674
    ^bb676:
      kernel.atomic_access AtomicRead <Acquire, System> %1118[%904]
      kernel.br ^bb1373
    ^bb677:
      kernel.cond_br %1049 < %565 ^bb678, ^bb1674
    ^bb678:
      kernel.atomic_access AtomicRead <Acquire, System> %1118[%1049]
      kernel.br ^bb912
    ^bb679:
      kernel.br ^bb808
    ^bb680:
      kernel.br ^bb1516
    ^bb681:
      kernel.cond_br %875 < %565 ^bb682, ^bb1674
    ^bb682:
      kernel.atomic_access AtomicRead <Acquire, System> %1118[%875]
      kernel.br ^bb1166
    ^bb683:
      kernel.br ^bb787
    ^bb684:
      kernel.br ^bb1580
    ^bb685:
      kernel.br ^bb1652
    ^bb686:
      kernel.br ^bb1450
    ^bb687:
      kernel.br ^bb11
    ^bb688:
      kernel.br ^bb479
    ^bb689:
      kernel.cond_br %762 < %565 ^bb690, ^bb1674
    ^bb690:
      kernel.atomic_access AtomicRead <Acquire, System> %1118[%762]
      kernel.br ^bb955
    ^bb691:
      kernel.br ^bb408
    ^bb692:
      kernel.cond_br %1002 < %565 ^bb693, ^bb1674
    ^bb693:
      kernel.atomic_access AtomicRead <Acquire, System> %1118[%1002]
      kernel.br ^bb807
    ^bb694:
      kernel.br ^bb411
    ^bb695:
      kernel.cond_br %774 < %565 ^bb696, ^bb1674
    ^bb696:
      kernel.atomic_access AtomicRead <Acquire, System> %1118[%774]
      kernel.br ^bb910
    ^bb697:
      kernel.br ^bb173
    ^bb698:
      kernel.br ^bb388
    ^bb699:
      kernel.br ^bb151
    ^bb700:
      kernel.br ^bb1263
    ^bb701:
      kernel.cond_br %882 < %565 ^bb702, ^bb1674
    ^bb702:
      kernel.atomic_access AtomicRead <Acquire, System> %1118[%882]
      kernel.br ^bb880
    ^bb703:
      kernel.cond_br %988 < %565 ^bb704, ^bb1674
    ^bb704:
      kernel.atomic_access AtomicRead <Acquire, System> %1118[%988]
      kernel.br ^bb410
    ^bb705:
      kernel.cond_br %1066 < %565 ^bb706, ^bb1674
    ^bb706:
      kernel.atomic_access AtomicRead <Acquire, System> %1118[%1066]
      kernel.br ^bb1018
    ^bb707:
      kernel.br ^bb817
    ^bb708:
      kernel.cond_br %728 < %565 ^bb709, ^bb1674
    ^bb709:
      kernel.atomic_access AtomicRead <Acquire, System> %1118[%728]
      kernel.br ^bb1051
    ^bb710:
      kernel.cond_br %759 < %565 ^bb711, ^bb1674
    ^bb711:
      kernel.atomic_access AtomicRead <Acquire, System> %1118[%759]
      kernel.br ^bb175
    ^bb712:
      kernel.cond_br %1051 < %565 ^bb713, ^bb1674
    ^bb713:
      kernel.atomic_access AtomicRead <Acquire, System> %1118[%1051]
      kernel.br ^bb596
    ^bb714:
      kernel.cond_br %665 < %565 ^bb715, ^bb1674
    ^bb715:
      kernel.atomic_access AtomicRead <Acquire, System> %1118[%665]
      kernel.br ^bb877
    ^bb716:
      kernel.cond_br %629 < %565 ^bb717, ^bb1674
    ^bb717:
      kernel.atomic_access AtomicRead <Acquire, System> %1118[%629]
      kernel.br ^bb686
    ^bb718:
      kernel.br ^bb68
    ^bb719:
      kernel.br ^bb486
    ^bb720:
      kernel.br ^bb249
    ^bb721:
      kernel.br ^bb279
    ^bb722:
      kernel.cond_br %1101 < %565 ^bb723, ^bb1674
    ^bb723:
      kernel.atomic_access AtomicRead <Acquire, System> %1118[%1101]
      kernel.br ^bb1021
    ^bb724:
      kernel.cond_br %877 < %565 ^bb725, ^bb1674
    ^bb725:
      kernel.atomic_access AtomicRead <Acquire, System> %1118[%877]
      kernel.br ^bb1290
    ^bb726:
      kernel.br ^bb891
    ^bb727:
      kernel.cond_br %790 < %565 ^bb728, ^bb1674
    ^bb728:
      kernel.atomic_access AtomicRead <Acquire, System> %1118[%790]
      kernel.br ^bb44
    ^bb729:
      kernel.cond_br %998 < %565 ^bb730, ^bb1674
    ^bb730:
      kernel.atomic_access AtomicRead <Acquire, System> %1118[%998]
      kernel.br ^bb1505
    ^bb731:
      kernel.cond_br %613 < %565 ^bb732, ^bb1674
    ^bb732:
      kernel.atomic_access AtomicRead <Acquire, System> %1118[%613]
      kernel.br ^bb243
    ^bb733:
      kernel.br ^bb1369
    ^bb734:
      kernel.cond_br %588 < %565 ^bb735, ^bb1674
    ^bb735:
      kernel.atomic_access AtomicRead <Acquire, System> %1118[%588]
      kernel.br ^bb172
    ^bb736:
      kernel.br ^bb494
    ^bb737:
      kernel.br ^bb967
    ^bb738:
      kernel.cond_br %691 < %565 ^bb739, ^bb1674
    ^bb739:
      kernel.atomic_access AtomicRead <Acquire, System> %1118[%691]
      kernel.br ^bb1231
    ^bb740:
      kernel.br ^bb1332
    ^bb741:
      kernel.br ^bb463
    ^bb742:
      kernel.cond_br %579 < %565 ^bb743, ^bb1674
    ^bb743:
      kernel.atomic_access AtomicRead <Acquire, System> %1118[%579]
      kernel.br ^bb1401
    ^bb744:
      kernel.cond_br %872 < %565 ^bb745, ^bb1674
    ^bb745:
      kernel.atomic_access AtomicRead <Acquire, System> %1118[%872]
      kernel.br ^bb195
    ^bb746:
      kernel.cond_br %643 < %565 ^bb747, ^bb1674
    ^bb747:
      kernel.atomic_access AtomicRead <Acquire, System> %1118[%643]
      kernel.br ^bb400
    ^bb748:
      kernel.br ^bb184
    ^bb749:
      kernel.cond_br %711 < %565 ^bb750, ^bb1674
    ^bb750:
      kernel.atomic_access AtomicRead <Acquire, System> %1118[%711]
      kernel.br ^bb323
    ^bb751:
      kernel.br ^bb162
    ^bb752:
      kernel.br ^bb104
    ^bb753:
      kernel.cond_br %1047 < %565 ^bb754, ^bb1674
    ^bb754:
      kernel.atomic_access AtomicRead <Acquire, System> %1118[%1047]
      kernel.br ^bb225
    ^bb755:
      kernel.cond_br %874 < %565 ^bb756, ^bb1674
    ^bb756:
      kernel.atomic_access AtomicRead <Acquire, System> %1118[%874]
      kernel.br ^bb1307
    ^bb757:
      kernel.cond_br %985 < %565 ^bb758, ^bb1674
    ^bb758:
      kernel.atomic_access AtomicRead <Acquire, System> %1118[%985]
      kernel.br ^bb1512
    ^bb759:
      kernel.cond_br %625 < %565 ^bb760, ^bb1674
    ^bb760:
      kernel.atomic_access AtomicRead <Acquire, System> %1118[%625]
      kernel.br ^bb597
    ^bb761:
      kernel.br ^bb824
    ^bb762:
      kernel.cond_br %946 < %565 ^bb763, ^bb1674
    ^bb763:
      kernel.atomic_access AtomicRead <Acquire, System> %1118[%946]
      kernel.br ^bb144
    ^bb764:
      kernel.cond_br %992 < %565 ^bb765, ^bb1674
    ^bb765:
      kernel.atomic_access AtomicRead <Acquire, System> %1118[%992]
      kernel.br ^bb1343
    ^bb766:
      kernel.cond_br %791 < %565 ^bb767, ^bb1674
    ^bb767:
      kernel.atomic_access AtomicRead <Acquire, System> %1118[%791]
      kernel.br ^bb371
    ^bb768:
      kernel.cond_br %853 < %565 ^bb769, ^bb1674
    ^bb769:
      kernel.atomic_access AtomicRead <Acquire, System> %1118[%853]
      kernel.br ^bb1553
    ^bb770:
      kernel.cond_br %1077 < %565 ^bb771, ^bb1674
    ^bb771:
      kernel.atomic_access AtomicRead <Acquire, System> %1118[%1077]
      kernel.br ^bb1366
    ^bb772:
      kernel.cond_br %910 < %565 ^bb773, ^bb1674
    ^bb773:
      kernel.atomic_access AtomicRead <Acquire, System> %1118[%910]
      kernel.br ^bb1578
    ^bb774:
      kernel.cond_br %925 < %565 ^bb775, ^bb1674
    ^bb775:
      kernel.atomic_access AtomicRead <Acquire, System> %1118[%925]
      kernel.br ^bb599
    ^bb776:
      kernel.br ^bb1028
    ^bb777:
      kernel.br ^bb585
    ^bb778:
      kernel.br ^bb1564
    ^bb779:
      kernel.cond_br %1007 < %565 ^bb780, ^bb1674
    ^bb780:
      kernel.atomic_access AtomicRead <Acquire, System> %1118[%1007]
      kernel.br ^bb845
    ^bb781:
      kernel.br ^bb1093
    ^bb782:
      kernel.cond_br %572 < %565 ^bb783, ^bb1674
    ^bb783:
      kernel.atomic_access AtomicRead <Acquire, System> %1118[%572]
      kernel.br ^bb1464
    ^bb784:
      kernel.br ^bb170
    ^bb785:
      kernel.br ^bb1186
    ^bb786:
      kernel.br ^bb1506
    ^bb787:
      kernel.cond_br %796 < %565 ^bb788, ^bb1674
    ^bb788:
      kernel.atomic_access AtomicRead <Acquire, System> %1118[%796]
      kernel.br ^bb465
    ^bb789:
      kernel.br ^bb49
    ^bb790:
      kernel.br ^bb222
    ^bb791:
      kernel.br ^bb934
    ^bb792:
      kernel.br ^bb838
    ^bb793:
      kernel.cond_br %930 < %565 ^bb794, ^bb1674
    ^bb794:
      kernel.atomic_access AtomicRead <Acquire, System> %1118[%930]
      kernel.br ^bb7
    ^bb795:
      kernel.br ^bb420
    ^bb796:
      kernel.cond_br %745 < %565 ^bb797, ^bb1674
    ^bb797:
      kernel.atomic_access AtomicRead <Acquire, System> %1118[%745]
      kernel.br ^bb1122
    ^bb798:
      kernel.br ^bb1314
    ^bb799:
      kernel.cond_br %945 < %565 ^bb800, ^bb1674
    ^bb800:
      kernel.atomic_access AtomicRead <Acquire, System> %1118[%945]
      kernel.br ^bb289
    ^bb801:
      kernel.cond_br %1043 < %565 ^bb802, ^bb1674
    ^bb802:
      kernel.atomic_access AtomicRead <Acquire, System> %1118[%1043]
      kernel.br ^bb316
    ^bb803:
      kernel.cond_br %719 < %565 ^bb804, ^bb1674
    ^bb804:
      kernel.atomic_access AtomicRead <Acquire, System> %1118[%719]
      kernel.br ^bb1184
    ^bb805:
      kernel.cond_br %950 < %565 ^bb806, ^bb1674
    ^bb806:
      kernel.atomic_access AtomicRead <Acquire, System> %1118[%950]
      kernel.br ^bb1171
    ^bb807:
      kernel.br ^bb662
    ^bb808:
      kernel.cond_br %794 < %565 ^bb809, ^bb1674
    ^bb809:
      kernel.atomic_access AtomicRead <Acquire, System> %1118[%794]
      kernel.br ^bb252
    ^bb810:
      kernel.cond_br %1005 < %565 ^bb811, ^bb1674
    ^bb811:
      kernel.atomic_access AtomicRead <Acquire, System> %1118[%1005]
      kernel.br ^bb921
    ^bb812:
      kernel.br ^bb1176
    ^bb813:
      kernel.cond_br %1008 < %565 ^bb814, ^bb1674
    ^bb814:
      kernel.atomic_access AtomicRead <Acquire, System> %1118[%1008]
      kernel.br ^bb776
    ^bb815:
      kernel.br ^bb610
    ^bb816:
      kernel.br ^bb1088
    ^bb817:
      kernel.cond_br %807 < %565 ^bb818, ^bb1674
    ^bb818:
      kernel.atomic_access AtomicRead <Acquire, System> %1118[%807]
      kernel.br ^bb1221
    ^bb819:
      kernel.cond_br %737 < %565 ^bb820, ^bb1674
    ^bb820:
      kernel.atomic_access AtomicRead <Acquire, System> %1118[%737]
      kernel.br ^bb356
    ^bb821:
      kernel.br ^bb1270
    ^bb822:
      kernel.br ^bb1303
    ^bb823:
      kernel.br ^bb1395
    ^bb824:
      kernel.cond_br %821 < %565 ^bb825, ^bb1674
    ^bb825:
      kernel.atomic_access AtomicRead <Acquire, System> %1118[%821]
      kernel.br ^bb832
    ^bb826:
      kernel.br ^bb1529
    ^bb827:
      kernel.br ^bb1413
    ^bb828:
      kernel.br ^bb991
    ^bb829:
      kernel.cond_br %1106 < %565 ^bb830, ^bb1674
    ^bb830:
      kernel.atomic_access AtomicRead <Acquire, System> %1118[%1106]
      kernel.br ^bb1149
    ^bb831:
      kernel.br ^bb39
    ^bb832:
      kernel.br ^bb1249
    ^bb833:
      kernel.br ^bb1665
    ^bb834:
      kernel.cond_br %653 < %565 ^bb835, ^bb1674
    ^bb835:
      kernel.atomic_access AtomicRead <Acquire, System> %1118[%653]
      kernel.br ^bb533
    ^bb836:
      kernel.cond_br %905 < %565 ^bb837, ^bb1674
    ^bb837:
      kernel.atomic_access AtomicRead <Acquire, System> %1118[%905]
      kernel.br ^bb1118
    ^bb838:
      kernel.cond_br %832 < %565 ^bb839, ^bb1674
    ^bb839:
      kernel.atomic_access AtomicRead <Acquire, System> %1118[%832]
      kernel.br ^bb1026
    ^bb840:
      kernel.cond_br %868 < %565 ^bb841, ^bb1674
    ^bb841:
      kernel.atomic_access AtomicRead <Acquire, System> %1118[%868]
      kernel.br ^bb367
    ^bb842:
      kernel.cond_br %608 < %565 ^bb843, ^bb1674
    ^bb843:
      kernel.atomic_access AtomicRead <Acquire, System> %1118[%608]
      kernel.br ^bb369
    ^bb844:
      kernel.br ^bb309
    ^bb845:
      kernel.br ^bb1353
    ^bb846:
      kernel.cond_br %1072 < %565 ^bb847, ^bb1674
    ^bb847:
      kernel.atomic_access AtomicRead <Acquire, System> %1118[%1072]
      kernel.br ^bb477
    ^bb848:
      kernel.br ^bb157
    ^bb849:
      kernel.cond_br %887 < %565 ^bb850, ^bb1674
    ^bb850:
      kernel.atomic_access AtomicRead <Acquire, System> %1118[%887]
      kernel.br ^bb1203
    ^bb851:
      kernel.br ^bb1210
    ^bb852:
      kernel.cond_br %1003 < %565 ^bb853, ^bb1674
    ^bb853:
      kernel.atomic_access AtomicRead <Acquire, System> %1118[%1003]
      kernel.br ^bb1319
    ^bb854:
      kernel.br ^bb1227
    ^bb855:
      kernel.cond_br %967 < %565 ^bb856, ^bb1674
    ^bb856:
      kernel.atomic_access AtomicRead <Acquire, System> %1118[%967]
      kernel.br ^bb186
    ^bb857:
      kernel.cond_br %658 < %565 ^bb858, ^bb1674
    ^bb858:
      kernel.atomic_access AtomicRead <Acquire, System> %1118[%658]
      kernel.br ^bb697
    ^bb859:
      kernel.cond_br %894 < %565 ^bb860, ^bb1674
    ^bb860:
      kernel.atomic_access AtomicRead <Acquire, System> %1118[%894]
      kernel.br ^bb761
    ^bb861:
      kernel.br ^bb768
    ^bb862:
      kernel.br ^bb953
    ^bb863:
      kernel.cond_br %734 < %565 ^bb864, ^bb1674
    ^bb864:
      kernel.atomic_access AtomicRead <Acquire, System> %1118[%734]
      kernel.br ^bb975
    ^bb865:
      kernel.cond_br %1081 < %565 ^bb866, ^bb1674
    ^bb866:
      kernel.atomic_access AtomicRead <Acquire, System> %1118[%1081]
      kernel.br ^bb267
    ^bb867:
      kernel.cond_br %726 < %565 ^bb868, ^bb1674
    ^bb868:
      kernel.atomic_access AtomicRead <Acquire, System> %1118[%726]
      kernel.br ^bb1550
    ^bb869:
      kernel.br ^bb1161
    ^bb870:
      kernel.br ^bb998
    ^bb871:
      kernel.br ^bb3
    ^bb872:
      kernel.cond_br %743 < %565 ^bb873, ^bb1674
    ^bb873:
      kernel.atomic_access AtomicRead <Acquire, System> %1118[%743]
      kernel.br ^bb74
    ^bb874:
      kernel.br ^bb1642
    ^bb875:
      kernel.br ^bb1067
    ^bb876:
      kernel.br ^bb1325
    ^bb877:
      kernel.br ^bb1280
    ^bb878:
      kernel.cond_br %596 < %565 ^bb879, ^bb1674
    ^bb879:
      kernel.atomic_access AtomicRead <Acquire, System> %1118[%596]
      kernel.br ^bb1463
    ^bb880:
      kernel.br ^bb1178
    ^bb881:
      kernel.cond_br %1090 < %565 ^bb882, ^bb1674
    ^bb882:
      kernel.atomic_access AtomicRead <Acquire, System> %1118[%1090]
      kernel.br ^bb347
    ^bb883:
      kernel.br ^bb603
    ^bb884:
      kernel.br ^bb1551
    ^bb885:
      kernel.br ^bb1071
    ^bb886:
      kernel.trap
    ^bb887:
      kernel.cond_br %740 < %741 ^bb888, ^bb1674
    ^bb888:
      kernel.atomic_access AtomicWrite <Relaxed, System> %1119[%740]
      kernel.br ^bb667
    ^bb889:
      kernel.cond_br %957 < %565 ^bb890, ^bb1674
    ^bb890:
      kernel.atomic_access AtomicRead <Acquire, System> %1118[%957]
      kernel.br ^bb565
    ^bb891:
      kernel.cond_br %812 < %565 ^bb892, ^bb1674
    ^bb892:
      kernel.atomic_access AtomicRead <Acquire, System> %1118[%812]
      kernel.br ^bb918
    ^bb893:
      kernel.cond_br %1009 < %565 ^bb894, ^bb1674
    ^bb894:
      kernel.atomic_access AtomicRead <Acquire, System> %1118[%1009]
      kernel.br ^bb988
    ^bb895:
      kernel.br ^bb55
    ^bb896:
      kernel.cond_br %1050 < %565 ^bb897, ^bb1674
    ^bb897:
      kernel.atomic_access AtomicRead <Acquire, System> %1118[%1050]
      kernel.br ^bb435
    ^bb898:
      kernel.cond_br %753 < %565 ^bb899, ^bb1674
    ^bb899:
      kernel.atomic_access AtomicRead <Acquire, System> %1118[%753]
      kernel.br ^bb1142
    ^bb900:
      kernel.br ^bb130
    ^bb901:
      kernel.br ^bb840
    ^bb902:
      kernel.br ^bb1415
    ^bb903:
      kernel.cond_br %755 < %565 ^bb904, ^bb1674
    ^bb904:
      kernel.atomic_access AtomicRead <Acquire, System> %1118[%755]
      kernel.br ^bb1443
    ^bb905:
      kernel.cond_br %580 < %565 ^bb906, ^bb1674
    ^bb906:
      kernel.atomic_access AtomicRead <Acquire, System> %1118[%580]
      kernel.br ^bb116
    ^bb907:
      kernel.br ^bb961
    ^bb908:
      kernel.cond_br %710 < %565 ^bb909, ^bb1674
    ^bb909:
      kernel.atomic_access AtomicRead <Acquire, System> %1118[%710]
      kernel.br ^bb1065
    ^bb910:
      kernel.br ^bb317
    ^bb911:
      kernel.br ^bb744
    ^bb912:
      kernel.br ^bb1608
    ^bb913:
      kernel.cond_br %1017 < %565 ^bb914, ^bb1674
    ^bb914:
      kernel.atomic_access AtomicRead <Acquire, System> %1118[%1017]
      kernel.br ^bb1432
    ^bb915:
      kernel.cond_br %1110 < %565 ^bb916, ^bb1674
    ^bb916:
      kernel.atomic_access AtomicRead <Acquire, System> %1118[%1110]
      kernel.br ^bb292
    ^bb917:
      kernel.br ^bb755
    ^bb918:
      kernel.br ^bb681
    ^bb919:
      kernel.cond_br %976 < %565 ^bb920, ^bb1674
    ^bb920:
      kernel.atomic_access AtomicRead <Acquire, System> %1118[%976]
      kernel.br ^bb1224
    ^bb921:
      kernel.br ^bb648
    ^bb922:
      kernel.br ^bb724
    ^bb923:
      kernel.cond_br %1011 < %565 ^bb924, ^bb1674
    ^bb924:
      kernel.atomic_access AtomicRead <Acquire, System> %1118[%1011]
      kernel.br ^bb295
    ^bb925:
      kernel.br ^bb244
    ^bb926:
      kernel.br ^bb659
    ^bb927:
      kernel.br ^bb1617
    ^bb928:
      kernel.cond_br %911 < %565 ^bb929, ^bb1674
    ^bb929:
      kernel.atomic_access AtomicRead <Acquire, System> %1118[%911]
      kernel.br ^bb550
    ^bb930:
      kernel.br ^bb1075
    ^bb931:
      kernel.cond_br %575 < %565 ^bb932, ^bb1674
    ^bb932:
      kernel.atomic_access AtomicRead <Acquire, System> %1118[%575]
      kernel.br ^bb431
    ^bb933:
      kernel.br ^bb701
    ^bb934:
      kernel.cond_br %831 < %565 ^bb935, ^bb1674
    ^bb935:
      kernel.atomic_access AtomicRead <Acquire, System> %1118[%831]
      kernel.br ^bb490
    ^bb936:
      kernel.cond_br %1019 < %565 ^bb937, ^bb1674
    ^bb937:
      kernel.atomic_access AtomicRead <Acquire, System> %1118[%1019]
      kernel.br ^bb285
    ^bb938:
      kernel.cond_br %598 < %565 ^bb939, ^bb1674
    ^bb939:
      kernel.atomic_access AtomicRead <Acquire, System> %1118[%598]
      kernel.br ^bb456
    ^bb940:
      kernel.br ^bb577
    ^bb941:
      kernel.br ^bb1229
    ^bb942:
      kernel.cond_br %788 < %565 ^bb943, ^bb1674
    ^bb943:
      kernel.atomic_access AtomicRead <Acquire, System> %1118[%788]
      kernel.br ^bb1079
    ^bb944:
      kernel.cond_br %573 < %565 ^bb945, ^bb1674
    ^bb945:
      kernel.atomic_access AtomicRead <Acquire, System> %1118[%573]
      kernel.br ^bb311
    ^bb946:
      kernel.cond_br %605 < %565 ^bb947, ^bb1674
    ^bb947:
      kernel.atomic_access AtomicRead <Acquire, System> %1118[%605]
      kernel.br ^bb373
    ^bb948:
      kernel.cond_br %1039 < %565 ^bb949, ^bb1674
    ^bb949:
      kernel.atomic_access AtomicRead <Acquire, System> %1118[%1039]
      kernel.br ^bb344
    ^bb950:
      kernel.cond_br %981 < %565 ^bb951, ^bb1674
    ^bb951:
      kernel.atomic_access AtomicRead <Acquire, System> %1118[%981]
      kernel.br ^bb183
    ^bb952:
      kernel.br ^bb515
    ^bb953:
      kernel.cond_br %854 < %565 ^bb954, ^bb1674
    ^bb954:
      kernel.atomic_access AtomicRead <Acquire, System> %1118[%854]
      kernel.br ^bb970
    ^bb955:
      kernel.br ^bb1584
    ^bb956:
      kernel.br ^bb849
    ^bb957:
      kernel.cond_br %652 < %565 ^bb958, ^bb1674
    ^bb958:
      kernel.atomic_access AtomicRead <Acquire, System> %1118[%652]
      kernel.br ^bb1147
    ^bb959:
      kernel.cond_br %662 < %565 ^bb960, ^bb1674
    ^bb960:
      kernel.atomic_access AtomicRead <Acquire, System> %1118[%662]
      kernel.br ^bb1456
    ^bb961:
      kernel.cond_br %870 < %565 ^bb962, ^bb1674
    ^bb962:
      kernel.atomic_access AtomicRead <Acquire, System> %1118[%870]
      kernel.br ^bb341
    ^bb963:
      kernel.cond_br %1092 < %565 ^bb964, ^bb1674
    ^bb964:
      kernel.atomic_access AtomicRead <Acquire, System> %1118[%1092]
      kernel.br ^bb443
    ^bb965:
      kernel.cond_br %971 < %565 ^bb966, ^bb1674
    ^bb966:
      kernel.atomic_access AtomicRead <Acquire, System> %1118[%971]
      kernel.br ^bb1543
    ^bb967:
      kernel.cond_br %815 < %565 ^bb968, ^bb1674
    ^bb968:
      kernel.atomic_access AtomicRead <Acquire, System> %1118[%815]
      kernel.br ^bb1458
    ^bb969:
      kernel.br ^bb531
    ^bb970:
      kernel.br ^bb1341
    ^bb971:
      kernel.br ^bb568
    ^bb972:
      kernel.cond_br %1016 < %565 ^bb973, ^bb1674
    ^bb973:
      kernel.atomic_access AtomicRead <Acquire, System> %1118[%1016]
      kernel.br ^bb1251
    ^bb974:
      kernel.br ^bb1615
    ^bb975:
      kernel.br ^bb1364
    ^bb976:
      kernel.br ^bb592
    ^bb977:
      kernel.br ^bb859
    ^bb978:
      kernel.cond_br %1022 < %565 ^bb979, ^bb1674
    ^bb979:
      kernel.atomic_access AtomicRead <Acquire, System> %1118[%1022]
      kernel.br ^bb1055
    ^bb980:
      kernel.br ^bb1095
    ^bb981:
      kernel.br ^bb1503
    ^bb982:
      kernel.cond_br %1084 < %565 ^bb983, ^bb1674
    ^bb983:
      kernel.atomic_access AtomicRead <Acquire, System> %1118[%1084]
      kernel.br ^bb392
    ^bb984:
      kernel.cond_br %897 < %565 ^bb985, ^bb1674
    ^bb985:
      kernel.atomic_access AtomicRead <Acquire, System> %1118[%897]
      kernel.br ^bb226
    ^bb986:
      kernel.cond_br %634 < %565 ^bb987, ^bb1674
    ^bb987:
      kernel.atomic_access AtomicRead <Acquire, System> %1118[%634]
      kernel.br ^bb1127
    ^bb988:
      kernel.br ^bb1144
    ^bb989:
      kernel.cond_br %1000 < %565 ^bb990, ^bb1674
    ^bb990:
      kernel.atomic_access AtomicRead <Acquire, System> %1118[%1000]
      kernel.br ^bb700
    ^bb991:
      kernel.cond_br %844 < %565 ^bb992, ^bb1674
    ^bb992:
      kernel.atomic_access AtomicRead <Acquire, System> %1118[%844]
      kernel.br ^bb1316
    ^bb993:
      kernel.cond_br %603 < %565 ^bb994, ^bb1674
    ^bb994:
      kernel.atomic_access AtomicRead <Acquire, System> %1118[%603]
      kernel.br ^bb1430
    ^bb995:
      kernel.br ^bb984
    ^bb996:
      kernel.cond_br %937 < %565 ^bb997, ^bb1674
    ^bb997:
      kernel.atomic_access AtomicRead <Acquire, System> %1118[%937]
      kernel.br ^bb1593
    ^bb998:
      kernel.cond_br %856 < %565 ^bb999, ^bb1674
    ^bb999:
      kernel.atomic_access AtomicRead <Acquire, System> %1118[%856]
      kernel.br ^bb821
    ^bb1000:
      kernel.cond_br %982 < %565 ^bb1001, ^bb1674
    ^bb1001:
      kernel.atomic_access AtomicRead <Acquire, System> %1118[%982]
      kernel.br ^bb956
    ^bb1002:
      kernel.br ^bb623
    ^bb1003:
      kernel.cond_br %1029 < %565 ^bb1004, ^bb1674
    ^bb1004:
      kernel.atomic_access AtomicRead <Acquire, System> %1118[%1029]
      kernel.br ^bb1209
    ^bb1005:
      kernel.br ^bb1588
    ^bb1006:
      kernel.cond_br %977 < %565 ^bb1007, ^bb1674
    ^bb1007:
      kernel.atomic_access AtomicRead <Acquire, System> %1118[%977]
      kernel.br ^bb506
    ^bb1008:
      kernel.br ^bb21
    ^bb1009:
      kernel.br ^bb1356
    ^bb1010:
      kernel.br ^bb1261
    ^bb1011:
      kernel.cond_br %692 < %565 ^bb1012, ^bb1674
    ^bb1012:
      kernel.atomic_access AtomicRead <Acquire, System> %1118[%692]
      kernel.br ^bb467
    ^bb1013:
      kernel.cond_br %972 < %565 ^bb1014, ^bb1674
    ^bb1014:
      kernel.atomic_access AtomicRead <Acquire, System> %1118[%972]
      kernel.br ^bb196
    ^bb1015:
      kernel.cond_br %987 < %565 ^bb1016, ^bb1674
    ^bb1016:
      kernel.atomic_access AtomicRead <Acquire, System> %1118[%987]
      kernel.br ^bb379
    ^bb1017:
      kernel.br ^bb452
    ^bb1018:
      kernel.br ^bb675
    ^bb1019:
      kernel.cond_br %940 < %565 ^bb1020, ^bb1674
    ^bb1020:
      kernel.atomic_access AtomicRead <Acquire, System> %1118[%940]
      kernel.br ^bb1302
    ^bb1021:
      kernel.br ^bb836
    ^bb1022:
      kernel.br ^bb216
    ^bb1023:
      kernel.cond_br %721 < %565 ^bb1024, ^bb1674
    ^bb1024:
      kernel.atomic_access AtomicRead <Acquire, System> %1118[%721]
      kernel.br ^bb1260
    ^bb1025:
      kernel.br ^bb1284
    ^bb1026:
      kernel.br ^bb231
    ^bb1027:
      kernel.br ^bb376
    ^bb1028:
      kernel.cond_br %822 < %565 ^bb1029, ^bb1674
    ^bb1029:
      kernel.atomic_access AtomicRead <Acquire, System> %1118[%822]
      kernel.br ^bb581
    ^bb1030:
      kernel.br ^bb772
    ^bb1031:
      kernel.cond_br %1030 < %565 ^bb1032, ^bb1674
    ^bb1032:
      kernel.atomic_access AtomicRead <Acquire, System> %1118[%1030]
      kernel.br ^bb1372
    ^bb1033:
      kernel.br ^bb928
    ^bb1034:
      kernel.cond_br %606 < %565 ^bb1035, ^bb1674
    ^bb1035:
      kernel.atomic_access AtomicRead <Acquire, System> %1118[%606]
      kernel.br ^bb276
    ^bb1036:
      kernel.br ^bb1572
    ^bb1037:
      kernel.cond_br %786 < %565 ^bb1038, ^bb1674
    ^bb1038:
      kernel.atomic_access AtomicRead <Acquire, System> %1118[%786]
      kernel.br ^bb901
    ^bb1039:
      kernel.cond_br %1038 < %565 ^bb1040, ^bb1674
    ^bb1040:
      kernel.atomic_access AtomicRead <Acquire, System> %1118[%1038]
      kernel.br ^bb969
    ^bb1041:
      kernel.cond_br %645 < %565 ^bb1042, ^bb1674
    ^bb1042:
      kernel.atomic_access AtomicRead <Acquire, System> %1118[%645]
      kernel.br ^bb930
    ^bb1043:
      kernel.cond_br %723 < %565 ^bb1044, ^bb1674
    ^bb1044:
      kernel.atomic_access AtomicRead <Acquire, System> %1118[%723]
      kernel.br ^bb1604
    ^bb1045:
      kernel.br ^bb618
    ^bb1046:
      kernel.cond_br %570 < %565 ^bb1047, ^bb1674
    ^bb1047:
      kernel.atomic_access AtomicRead <Acquire, System> %1118[%570]
      kernel.br ^bb1008
    ^bb1048:
      kernel.cond_br %933 < %565 ^bb1049, ^bb1674
    ^bb1049:
      kernel.atomic_access AtomicRead <Acquire, System> %1118[%933]
      kernel.br ^bb424
    ^bb1050:
      kernel.br ^bb1206
    ^bb1051:
      kernel.br ^bb491
    ^bb1052:
      kernel.cond_br %772 < %565 ^bb1053, ^bb1674
    ^bb1053:
      kernel.atomic_access AtomicRead <Acquire, System> %1118[%772]
      kernel.br ^bb1083
    ^bb1054:
      kernel.br ^bb1339
    ^bb1055:
      kernel.br ^bb1253
    ^bb1056:
      kernel.cond_br %571 < %565 ^bb1057, ^bb1674
    ^bb1057:
      kernel.atomic_access AtomicRead <Acquire, System> %1118[%571]
      kernel.br ^bb1590
    ^bb1058:
      kernel.cond_br %666 < %565 ^bb1059, ^bb1674
    ^bb1059:
      kernel.atomic_access AtomicRead <Acquire, System> %1118[%666]
      kernel.br ^bb790
    ^bb1060:
      kernel.cond_br %715 < %565 ^bb1061, ^bb1674
    ^bb1061:
      kernel.atomic_access AtomicRead <Acquire, System> %1118[%715]
      kernel.br ^bb1622
    ^bb1062:
      kernel.br ^bb447
    ^bb1063:
      kernel.cond_br %681 < %565 ^bb1064, ^bb1674
    ^bb1064:
      kernel.atomic_access AtomicRead <Acquire, System> %1118[%681]
      kernel.br ^bb670
    ^bb1065:
      kernel.br ^bb117
    ^bb1066:
      kernel.br ^bb1570
    ^bb1067:
      kernel.cond_br %859 < %565 ^bb1068, ^bb1674
    ^bb1068:
      kernel.atomic_access AtomicRead <Acquire, System> %1118[%859]
      kernel.br ^bb28
    ^bb1069:
      kernel.cond_br %963 < %565 ^bb1070, ^bb1674
    ^bb1070:
      kernel.atomic_access AtomicRead <Acquire, System> %1118[%963]
      kernel.br ^bb539
    ^bb1071:
      kernel.cond_br %865 < %565 ^bb1072, ^bb1674
    ^bb1072:
      kernel.atomic_access AtomicRead <Acquire, System> %1118[%865]
      kernel.br ^bb14
    ^bb1073:
      kernel.cond_br %724 < %565 ^bb1074, ^bb1674
    ^bb1074:
      kernel.atomic_access AtomicRead <Acquire, System> %1118[%724]
      kernel.br ^bb348
    ^bb1075:
      kernel.cond_br %881 < %565 ^bb1076, ^bb1674
    ^bb1076:
      kernel.atomic_access AtomicRead <Acquire, System> %1118[%881]
      kernel.br ^bb816
    ^bb1077:
      kernel.cond_br %687 < %565 ^bb1078, ^bb1674
    ^bb1078:
      kernel.atomic_access AtomicRead <Acquire, System> %1118[%687]
      kernel.br ^bb202
    ^bb1079:
      kernel.br ^bb402
    ^bb1080:
      kernel.br ^bb269
    ^bb1081:
      kernel.br ^bb396
    ^bb1082:
      kernel.br ^bb178
    ^bb1083:
      kernel.br ^bb774
    ^bb1084:
      kernel.cond_br %1057 < %565 ^bb1085, ^bb1674
    ^bb1085:
      kernel.atomic_access AtomicRead <Acquire, System> %1118[%1057]
      kernel.br ^bb669
    ^bb1086:
      kernel.cond_br %785 < %565 ^bb1087, ^bb1674
    ^bb1087:
      kernel.atomic_access AtomicRead <Acquire, System> %1118[%785]
      kernel.br ^bb220
    ^bb1088:
      kernel.cond_br %838 < %565 ^bb1089, ^bb1674
    ^bb1089:
      kernel.atomic_access AtomicRead <Acquire, System> %1118[%838]
      kernel.br ^bb1143
    ^bb1090:
      kernel.br ^bb1167
    ^bb1091:
      kernel.cond_br %991 < %565 ^bb1092, ^bb1674
    ^bb1092:
      kernel.atomic_access AtomicRead <Acquire, System> %1118[%991]
      kernel.br ^bb917
    ^bb1093:
      kernel.cond_br %825 < %565 ^bb1094, ^bb1674
    ^bb1094:
      kernel.atomic_access AtomicRead <Acquire, System> %1118[%825]
      kernel.br ^bb699
    ^bb1095:
      kernel.return
    ^bb1096:
      kernel.br ^bb1488
    ^bb1097:
      kernel.cond_br %683 < %565 ^bb1098, ^bb1674
    ^bb1098:
      kernel.atomic_access AtomicRead <Acquire, System> %1118[%683]
      kernel.br ^bb268
    ^bb1099:
      kernel.cond_br %997 < %565 ^bb1100, ^bb1674
    ^bb1100:
      kernel.atomic_access AtomicRead <Acquire, System> %1118[%997]
      kernel.br ^bb1407
    ^bb1101:
      kernel.br ^bb1299
    ^bb1102:
      kernel.br ^bb106
    ^bb1103:
      kernel.br ^bb793
    ^bb1104:
      kernel.cond_br %978 < %565 ^bb1105, ^bb1674
    ^bb1105:
      kernel.atomic_access AtomicRead <Acquire, System> %1118[%978]
      kernel.br ^bb1428
    ^bb1106:
      kernel.cond_br %616 < %565 ^bb1107, ^bb1674
    ^bb1107:
      kernel.atomic_access AtomicRead <Acquire, System> %1118[%616]
      kernel.br ^bb652
    ^bb1108:
      kernel.cond_br %931 < %565 ^bb1109, ^bb1674
    ^bb1109:
      kernel.atomic_access AtomicRead <Acquire, System> %1118[%931]
      kernel.br ^bb1526
    ^bb1110:
      kernel.br ^bb1108
    ^bb1111:
      kernel.cond_br %1001 < %565 ^bb1112, ^bb1674
    ^bb1112:
      kernel.atomic_access AtomicRead <Acquire, System> %1118[%1001]
      kernel.br ^bb1412
    ^bb1113:
      kernel.cond_br %1107 < %565 ^bb1114, ^bb1674
    ^bb1114:
      kernel.atomic_access AtomicRead <Acquire, System> %1118[%1107]
      kernel.br ^bb207
    ^bb1115:
      kernel.br ^bb1531
    ^bb1116:
      kernel.cond_br %777 < %565 ^bb1117, ^bb1674
    ^bb1117:
      kernel.atomic_access AtomicRead <Acquire, System> %1118[%777]
      kernel.br ^bb1472
    ^bb1118:
      kernel.br ^bb1048
    ^bb1119:
      kernel.br ^bb1320
    ^bb1120:
      kernel.cond_br %775 < %565 ^bb1121, ^bb1674
    ^bb1121:
      kernel.atomic_access AtomicRead <Acquire, System> %1118[%775]
      kernel.br ^bb1337
    ^bb1122:
      kernel.br ^bb1135
    ^bb1123:
      kernel.br ^bb357
    ^bb1124:
      kernel.br ^bb996
    ^bb1125:
      kernel.cond_br %699 < %565 ^bb1126, ^bb1674
    ^bb1126:
      kernel.atomic_access AtomicRead <Acquire, System> %1118[%699]
      kernel.br ^bb108
    ^bb1127:
      kernel.br ^bb561
    ^bb1128:
      kernel.cond_br %779 < %565 ^bb1129, ^bb1674
    ^bb1129:
      kernel.atomic_access AtomicRead <Acquire, System> %1118[%779]
      kernel.br ^bb1267
    ^bb1130:
      kernel.br ^bb342
    ^bb1131:
      kernel.br ^bb1019
    ^bb1132:
      kernel.br ^bb277
    ^bb1133:
      kernel.cond_br %1098 < %565 ^bb1134, ^bb1674
    ^bb1134:
      kernel.atomic_access AtomicRead <Acquire, System> %1118[%1098]
      kernel.br ^bb1009
    ^bb1135:
      kernel.cond_br %935 < %565 ^bb1136, ^bb1674
    ^bb1136:
      kernel.atomic_access AtomicRead <Acquire, System> %1118[%935]
      kernel.br ^bb1436
    ^bb1137:
      kernel.br ^bb1661
    ^bb1138:
      kernel.cond_br %1063 < %565 ^bb1139, ^bb1674
    ^bb1139:
      kernel.atomic_access AtomicRead <Acquire, System> %1118[%1063]
      kernel.br ^bb1096
    ^bb1140:
      kernel.cond_br %1027 < %565 ^bb1141, ^bb1674
    ^bb1141:
      kernel.atomic_access AtomicRead <Acquire, System> %1118[%1027]
      kernel.br ^bb826
    ^bb1142:
      kernel.br ^bb1459
    ^bb1143:
      kernel.br ^bb197
    ^bb1144:
      kernel.cond_br %896 < %565 ^bb1145, ^bb1674
    ^bb1145:
      kernel.atomic_access AtomicRead <Acquire, System> %1118[%896]
      kernel.br ^bb861
    ^bb1146:
      kernel.br ^bb799
    ^bb1147:
      kernel.br ^bb762
    ^bb1148:
      kernel.br ^bb1514
    ^bb1149:
      kernel.br ^bb1479
    ^bb1150:
      kernel.cond_br %1055 < %565 ^bb1151, ^bb1674
    ^bb1151:
      kernel.atomic_access AtomicRead <Acquire, System> %1118[%1055]
      kernel.br ^bb382
    ^bb1152:
      kernel.br ^bb445
    ^bb1153:
      kernel.cond_br %676 < %565 ^bb1154, ^bb1674
    ^bb1154:
      kernel.atomic_access AtomicRead <Acquire, System> %1118[%676]
      kernel.br ^bb153
    ^bb1155:
      kernel.br ^bb805
    ^bb1156:
      kernel.br ^bb582
    ^bb1157:
      kernel.cond_br %574 < %565 ^bb1158, ^bb1674
    ^bb1158:
      kernel.atomic_access AtomicRead <Acquire, System> %1118[%574]
      kernel.br ^bb1256
    ^bb1159:
      kernel.cond_br %1048 < %565 ^bb1160, ^bb1674
    ^bb1160:
      kernel.atomic_access AtomicRead <Acquire, System> %1118[%1048]
      kernel.br ^bb812
    ^bb1161:
      kernel.cond_br %855 < %565 ^bb1162, ^bb1674
    ^bb1162:
      kernel.atomic_access AtomicRead <Acquire, System> %1118[%855]
      kernel.br ^bb85
    ^bb1163:
      kernel.cond_br %747 < %565 ^bb1164, ^bb1674
    ^bb1164:
      kernel.atomic_access AtomicRead <Acquire, System> %1118[%747]
      kernel.br ^bb176
    ^bb1165:
      kernel.br ^bb351
    ^bb1166:
      kernel.br ^bb535
    ^bb1167:
      kernel.cond_br %926 < %565 ^bb1168, ^bb1674
    ^bb1168:
      kernel.atomic_access AtomicRead <Acquire, System> %1118[%926]
      kernel.br ^bb255
    ^bb1169:
      kernel.br ^bb563
    ^bb1170:
      kernel.br ^bb380
    ^bb1171:
      kernel.br ^bb59
    ^bb1172:
      kernel.cond_br %990 < %565 ^bb1173, ^bb1674
    ^bb1173:
      kernel.atomic_access AtomicRead <Acquire, System> %1118[%990]
      kernel.br ^bb201
    ^bb1174:
      kernel.cond_br %590 < %565 ^bb1175, ^bb1674
    ^bb1175:
      kernel.atomic_access AtomicRead <Acquire, System> %1118[%590]
      kernel.br ^bb1444
    ^bb1176:
      kernel.cond_br %836 < %565 ^bb1177, ^bb1674
    ^bb1177:
      kernel.atomic_access AtomicRead <Acquire, System> %1118[%836]
      kernel.br ^bb665
    ^bb1178:
      kernel.cond_br %862 < %565 ^bb1179, ^bb1674
    ^bb1179:
      kernel.atomic_access AtomicRead <Acquire, System> %1118[%862]
      kernel.br ^bb1183
    ^bb1180:
      kernel.cond_br %1060 < %565 ^bb1181, ^bb1674
    ^bb1181:
      kernel.atomic_access AtomicRead <Acquire, System> %1118[%1060]
      kernel.br ^bb1050
    ^bb1182:
      kernel.br ^bb889
    ^bb1183:
      kernel.br ^bb573
    ^bb1184:
      kernel.br ^bb345
    ^bb1185:
      kernel.br ^bb1198
    ^bb1186:
      kernel.cond_br %827 < %565 ^bb1187, ^bb1674
    ^bb1187:
      kernel.atomic_access AtomicRead <Acquire, System> %1118[%827]
      kernel.br ^bb224
    ^bb1188:
      kernel.br ^bb1297
    ^bb1189:
      kernel.br ^bb529
    ^bb1190:
      kernel.cond_br %702 < %565 ^bb1191, ^bb1674
    ^bb1191:
      kernel.atomic_access AtomicRead <Acquire, System> %1118[%702]
      kernel.br ^bb1182
    ^bb1192:
      kernel.cond_br %750 < %565 ^bb1193, ^bb1674
    ^bb1193:
      kernel.atomic_access AtomicRead <Acquire, System> %1118[%750]
      kernel.br ^bb871
    ^bb1194:
      kernel.cond_br %667 < %565 ^bb1195, ^bb1674
    ^bb1195:
      kernel.atomic_access AtomicRead <Acquire, System> %1118[%667]
      kernel.br ^bb213
    ^bb1196:
      kernel.cond_br %1112 < %565 ^bb1197, ^bb1674
    ^bb1197:
      kernel.atomic_access AtomicRead <Acquire, System> %1118[%1112]
      kernel.br ^bb1002
    ^bb1198:
      kernel.cond_br %960 < %565 ^bb1199, ^bb1674
    ^bb1199:
      kernel.atomic_access AtomicRead <Acquire, System> %1118[%960]
      kernel.br ^bb666
    ^bb1200:
      kernel.br ^bb1069
    ^bb1201:
      kernel.cond_br %999 < %565 ^bb1202, ^bb1674
    ^bb1202:
      kernel.atomic_access AtomicRead <Acquire, System> %1118[%999]
      kernel.br ^bb1027
    ^bb1203:
      kernel.br ^bb83
    ^bb1204:
      kernel.cond_br %647 < %565 ^bb1205, ^bb1674
    ^bb1205:
      kernel.atomic_access AtomicRead <Acquire, System> %1118[%647]
      kernel.br ^bb786
    ^bb1206:
      kernel.cond_br %914 < %565 ^bb1207, ^bb1674
    ^bb1207:
      kernel.atomic_access AtomicRead <Acquire, System> %1118[%914]
      kernel.br ^bb1148
    ^bb1208:
      kernel.br ^bb1334
    ^bb1209:
      kernel.br ^bb1600
    ^bb1210:
      kernel.cond_br %851 < %565 ^bb1211, ^bb1674
    ^bb1211:
      kernel.atomic_access AtomicRead <Acquire, System> %1118[%851]
      kernel.br ^bb48
    ^bb1212:
      kernel.cond_br %705 < %565 ^bb1213, ^bb1674
    ^bb1213:
      kernel.atomic_access AtomicRead <Acquire, System> %1118[%705]
      kernel.br ^bb475
    ^bb1214:
      kernel.br ^bb855
    ^bb1215:
      kernel.cond_br %601 < %565 ^bb1216, ^bb1674
    ^bb1216:
      kernel.atomic_access AtomicRead <Acquire, System> %1118[%601]
      kernel.br ^bb34
    ^bb1217:
      kernel.cond_br %781 < %565 ^bb1218, ^bb1674
    ^bb1218:
      kernel.atomic_access AtomicRead <Acquire, System> %1118[%781]
      kernel.br ^bb65
    ^bb1219:
      kernel.cond_br %735 < %565 ^bb1220, ^bb1674
    ^bb1220:
      kernel.atomic_access AtomicRead <Acquire, System> %1118[%735]
      kernel.br ^bb559
    ^bb1221:
      kernel.br ^bb1374
    ^bb1222:
      kernel.cond_br %983 < %565 ^bb1223, ^bb1674
    ^bb1223:
      kernel.atomic_access AtomicRead <Acquire, System> %1118[%983]
      kernel.br ^bb752
    ^bb1224:
      kernel.br ^bb274
    ^bb1225:
      kernel.br ^bb1663
    ^bb1226:
      kernel.br ^bb965
    ^bb1227:
      kernel.cond_br %852 < %565 ^bb1228, ^bb1674
    ^bb1228:
      kernel.atomic_access AtomicRead <Acquire, System> %1118[%852]
      kernel.br ^bb476
    ^bb1229:
      kernel.cond_br %884 < %565 ^bb1230, ^bb1674
    ^bb1230:
      kernel.atomic_access AtomicRead <Acquire, System> %1118[%884]
      kernel.br ^bb822
    ^bb1231:
      kernel.br ^bb1013
    ^bb1232:
      kernel.cond_br %568 < %565 ^bb1233, ^bb1674
    ^bb1233:
      kernel.atomic_access AtomicRead <Acquire, System> %1118[%568]
      kernel.br ^bb426
    ^bb1234:
      kernel.br ^bb1454
    ^bb1235:
      kernel.cond_br %636 < %565 ^bb1236, ^bb1674
    ^bb1236:
      kernel.atomic_access AtomicRead <Acquire, System> %1118[%636]
      kernel.br ^bb370
    ^bb1237:
      kernel.br ^bb1305
    ^bb1238:
      kernel.cond_br %1094 < %565 ^bb1239, ^bb1674
    ^bb1239:
      kernel.atomic_access AtomicRead <Acquire, System> %1118[%1094]
      kernel.br ^bb511
    ^bb1240:
      kernel.cond_br %578 < %565 ^bb1241, ^bb1674
    ^bb1241:
      kernel.atomic_access AtomicRead <Acquire, System> %1118[%578]
      kernel.br ^bb862
    ^bb1242:
      kernel.cond_br %1104 < %565 ^bb1243, ^bb1674
    ^bb1243:
      kernel.atomic_access AtomicRead <Acquire, System> %1118[%1104]
      kernel.br ^bb875
    ^bb1244:
      kernel.cond_br %742 < %565 ^bb1245, ^bb1674
    ^bb1245:
      kernel.atomic_access AtomicRead <Acquire, System> %1118[%742]
      kernel.br ^bb1392
    ^bb1246:
      kernel.br ^bb1378
    ^bb1247:
      kernel.cond_br %1012 < %565 ^bb1248, ^bb1674
    ^bb1248:
      kernel.atomic_access AtomicRead <Acquire, System> %1118[%1012]
      kernel.br ^bb1465
    ^bb1249:
      kernel.cond_br %846 < %565 ^bb1250, ^bb1674
    ^bb1250:
      kernel.atomic_access AtomicRead <Acquire, System> %1118[%846]
      kernel.br ^bb1119
    ^bb1251:
      kernel.br ^bb919
    ^bb1252:
      kernel.br ^bb1006
    ^bb1253:
      kernel.cond_br %917 < %565 ^bb1254, ^bb1674
    ^bb1254:
      kernel.atomic_access AtomicRead <Acquire, System> %1118[%917]
      kernel.br ^bb1010
    ^bb1255:
      kernel.br ^bb1104
    ^bb1256:
      kernel.br ^bb286
    ^bb1257:
      kernel.br ^bb180
    ^bb1258:
      kernel.br ^bb950
    ^bb1259:
      kernel.br ^bb1000
    ^bb1260:
      kernel.br ^bb1222
    ^bb1261:
      kernel.cond_br %902 < %565 ^bb1262, ^bb1674
    ^bb1262:
      kernel.atomic_access AtomicRead <Acquire, System> %1118[%902]
      kernel.br ^bb1137
    ^bb1263:
      kernel.cond_br %806 < %565 ^bb1264, ^bb1674
    ^bb1264:
      kernel.atomic_access AtomicRead <Acquire, System> %1118[%806]
      kernel.br ^bb1152
    ^bb1265:
      kernel.cond_br %584 < %565 ^bb1266, ^bb1674
    ^bb1266:
      kernel.atomic_access AtomicRead <Acquire, System> %1118[%584]
      kernel.br ^bb1274
    ^bb1267:
      kernel.br ^bb1562
    ^bb1268:
      kernel.cond_br %632 < %565 ^bb1269, ^bb1674
    ^bb1269:
      kernel.atomic_access AtomicRead <Acquire, System> %1118[%632]
      kernel.br ^bb325
    ^bb1270:
      kernel.cond_br %839 < %565 ^bb1271, ^bb1674
    ^bb1271:
      kernel.atomic_access AtomicRead <Acquire, System> %1118[%839]
      kernel.br ^bb902
    ^bb1272:
      kernel.cond_br %604 < %565 ^bb1273, ^bb1674
    ^bb1273:
      kernel.atomic_access AtomicRead <Acquire, System> %1118[%604]
      kernel.br ^bb1371
    ^bb1274:
      kernel.br ^bb757
    ^bb1275:
      kernel.br ^bb1410
    ^bb1276:
      kernel.br ^bb1015
    ^bb1277:
      kernel.cond_br %736 < %565 ^bb1278, ^bb1674
    ^bb1278:
      kernel.atomic_access AtomicRead <Acquire, System> %1118[%736]
      kernel.br ^bb1497
    ^bb1279:
      kernel.br ^bb703
    ^bb1280:
      kernel.cond_br %861 < %565 ^bb1281, ^bb1674
    ^bb1281:
      kernel.atomic_access AtomicRead <Acquire, System> %1118[%861]
      kernel.br ^bb1124
    ^bb1282:
      kernel.cond_br %700 < %565 ^bb1283, ^bb1674
    ^bb1283:
      kernel.atomic_access AtomicRead <Acquire, System> %1118[%700]
      kernel.br ^bb1347
    ^bb1284:
      kernel.cond_br %907 < %565 ^bb1285, ^bb1674
    ^bb1285:
      kernel.atomic_access AtomicRead <Acquire, System> %1118[%907]
      kernel.br ^bb368
    ^bb1286:
      kernel.cond_br %738 < %565 ^bb1287, ^bb1674
    ^bb1287:
      kernel.atomic_access AtomicRead <Acquire, System> %1118[%738]
      kernel.br ^bb1672
    ^bb1288:
      kernel.cond_br %640 < %565 ^bb1289, ^bb1674
    ^bb1289:
      kernel.atomic_access AtomicRead <Acquire, System> %1118[%640]
      kernel.br ^bb981
    ^bb1290:
      kernel.br ^bb1362
    ^bb1291:
      kernel.cond_br %673 < %565 ^bb1292, ^bb1674
    ^bb1292:
      kernel.atomic_access AtomicRead <Acquire, System> %1118[%673]
      kernel.br ^bb140
    ^bb1293:
      kernel.br ^bb1172
    ^bb1294:
      kernel.cond_br %1075 < %565 ^bb1295, ^bb1674
    ^bb1295:
      kernel.atomic_access AtomicRead <Acquire, System> %1118[%1075]
      kernel.br ^bb895
    ^bb1296:
      kernel.br ^bb1091
    ^bb1297:
      kernel.cond_br %961 < %565 ^bb1298, ^bb1674
    ^bb1298:
      kernel.atomic_access AtomicRead <Acquire, System> %1118[%961]
      kernel.br ^bb1473
    ^bb1299:
      kernel.cond_br %928 < %565 ^bb1300, ^bb1674
    ^bb1300:
      kernel.atomic_access AtomicRead <Acquire, System> %1118[%928]
      kernel.br ^bb434
    ^bb1301:
      kernel.br ^bb1095
    ^bb1302:
      kernel.br ^bb764
    ^bb1303:
      kernel.cond_br %840 < %565 ^bb1304, ^bb1674
    ^bb1304:
      kernel.atomic_access AtomicRead <Acquire, System> %1118[%840]
      kernel.br ^bb823
    ^bb1305:
      kernel.cond_br %974 < %565 ^bb1306, ^bb1674
    ^bb1306:
      kernel.atomic_access AtomicRead <Acquire, System> %1118[%974]
      kernel.br ^bb1435
    ^bb1307:
      kernel.br ^bb483
    ^bb1308:
      kernel.br ^bb1598
    ^bb1309:
      kernel.br ^bb300
    ^bb1310:
      kernel.br ^bb1556
    ^bb1311:
      kernel.br ^bb1099
    ^bb1312:
      kernel.br ^bb729
    ^bb1313:
      kernel.br ^bb1201
    ^bb1314:
      kernel.cond_br %834 < %565 ^bb1315, ^bb1674
    ^bb1315:
      kernel.atomic_access AtomicRead <Acquire, System> %1118[%834]
      kernel.br ^bb598
    ^bb1316:
      kernel.br ^bb989
    ^bb1317:
      kernel.cond_br %1021 < %565 ^bb1318, ^bb1674
    ^bb1318:
      kernel.atomic_access AtomicRead <Acquire, System> %1118[%1021]
      kernel.br ^bb1348
    ^bb1319:
      kernel.br ^bb1111
    ^bb1320:
      kernel.cond_br %934 < %565 ^bb1321, ^bb1674
    ^bb1321:
      kernel.atomic_access AtomicRead <Acquire, System> %1118[%934]
      kernel.br ^bb5
    ^bb1322:
      kernel.br ^bb692
    ^bb1323:
      kernel.cond_br %621 < %565 ^bb1324, ^bb1674
    ^bb1324:
      kernel.atomic_access AtomicRead <Acquire, System> %1118[%621]
      kernel.br ^bb41
    ^bb1325:
      kernel.cond_br %860 < %565 ^bb1326, ^bb1674
    ^bb1326:
      kernel.atomic_access AtomicRead <Acquire, System> %1118[%860]
      kernel.br ^bb26
    ^bb1327:
      kernel.cond_br %793 < %565 ^bb1328, ^bb1674
    ^bb1328:
      kernel.atomic_access AtomicRead <Acquire, System> %1118[%793]
      kernel.br ^bb543
    ^bb1329:
      kernel.br ^bb852
    ^bb1330:
      kernel.br ^bb1645
    ^bb1331:
      kernel.br ^bb810
    ^bb1332:
      kernel.cond_br %816 < %565 ^bb1333, ^bb1674
    ^bb1333:
      kernel.atomic_access AtomicRead <Acquire, System> %1118[%816]
      kernel.br ^bb542
    ^bb1334:
      kernel.cond_br %965 < %565 ^bb1335, ^bb1674
    ^bb1335:
      kernel.atomic_access AtomicRead <Acquire, System> %1118[%965]
      kernel.br ^bb1461
    ^bb1336:
      kernel.br ^bb473
    ^bb1337:
      kernel.br ^bb779
    ^bb1338:
      kernel.br ^bb813
    ^bb1339:
      kernel.cond_br %916 < %565 ^bb1340, ^bb1674
    ^bb1340:
      kernel.atomic_access AtomicRead <Acquire, System> %1118[%916]
      kernel.br ^bb1005
    ^bb1341:
      kernel.cond_br %889 < %565 ^bb1342, ^bb1674
    ^bb1342:
      kernel.atomic_access AtomicRead <Acquire, System> %1118[%889]
      kernel.br ^bb614
    ^bb1343:
      kernel.br ^bb893
    ^bb1344:
      kernel.cond_br %1085 < %565 ^bb1345, ^bb1674
    ^bb1345:
      kernel.atomic_access AtomicRead <Acquire, System> %1118[%1085]
      kernel.br ^bb1130
    ^bb1346:
      kernel.br ^bb1594
    ^bb1347:
      kernel.br ^bb923
    ^bb1348:
      kernel.br ^bb1247
    ^bb1349:
      kernel.cond_br %615 < %565 ^bb1350, ^bb1674
    ^bb1350:
      kernel.atomic_access AtomicRead <Acquire, System> %1118[%615]
      kernel.br ^bb1054
    ^bb1351:
      kernel.cond_br %789 < %741 ^bb1352, ^bb1674
    ^bb1352:
      kernel.atomic_access AtomicWrite <Relaxed, System> %1119[%789]
      kernel.br ^bb1673
    ^bb1353:
      kernel.cond_br %849 < %565 ^bb1354, ^bb1674
    ^bb1354:
      kernel.atomic_access AtomicRead <Acquire, System> %1118[%849]
      kernel.br ^bb1376
    ^bb1355:
      kernel.br ^bb415
    ^bb1356:
      kernel.cond_br %901 < %565 ^bb1357, ^bb1674
    ^bb1357:
      kernel.atomic_access AtomicRead <Acquire, System> %1118[%901]
      kernel.br ^bb572
    ^bb1358:
      kernel.cond_br %733 < %565 ^bb1359, ^bb1674
    ^bb1359:
      kernel.atomic_access AtomicRead <Acquire, System> %1118[%733]
      kernel.br ^bb124
    ^bb1360:
      kernel.br ^bb629
    ^bb1361:
      kernel.br ^bb1397
    ^bb1362:
      kernel.cond_br %989 < %565 ^bb1363, ^bb1674
    ^bb1363:
      kernel.atomic_access AtomicRead <Acquire, System> %1118[%989]
      kernel.br ^bb1427
    ^bb1364:
      kernel.cond_br %892 < %565 ^bb1365, ^bb1674
    ^bb1365:
      kernel.atomic_access AtomicRead <Acquire, System> %1118[%892]
      kernel.br ^bb260
    ^bb1366:
      kernel.br ^bb972
    ^bb1367:
      kernel.cond_br %1099 < %565 ^bb1368, ^bb1674
    ^bb1368:
      kernel.atomic_access AtomicRead <Acquire, System> %1118[%1099]
      kernel.br ^bb1081
    ^bb1369:
      kernel.cond_br %813 < %565 ^bb1370, ^bb1674
    ^bb1370:
      kernel.atomic_access AtomicRead <Acquire, System> %1118[%813]
      kernel.br ^bb579
    ^bb1371:
      kernel.br ^bb913
    ^bb1372:
      kernel.br ^bb1654
    ^bb1373:
      kernel.br ^bb936
    ^bb1374:
      kernel.cond_br %968 < %565 ^bb1375, ^bb1674
    ^bb1375:
      kernel.atomic_access AtomicRead <Acquire, System> %1118[%968]
      kernel.br ^bb907
    ^bb1376:
      kernel.br ^bb1437
    ^bb1377:
      kernel.br ^bb1317
    ^bb1378:
      kernel.cond_br %975 < %565 ^bb1379, ^bb1674
    ^bb1379:
      kernel.atomic_access AtomicRead <Acquire, System> %1118[%975]
      kernel.br ^bb600
    ^bb1380:
      kernel.br ^bb978
    ^bb1381:
      kernel.br ^bb627
    ^bb1382:
      kernel.cond_br %1034 < %565 ^bb1383, ^bb1674
    ^bb1383:
      kernel.atomic_access AtomicRead <Acquire, System> %1118[%1034]
      kernel.br ^bb1476
    ^bb1384:
      kernel.br ^bb1576
    ^bb1385:
      kernel.cond_br %782 < %565 ^bb1386, ^bb1674
    ^bb1386:
      kernel.atomic_access AtomicRead <Acquire, System> %1118[%782]
      kernel.br ^bb251
    ^bb1387:
      kernel.cond_br %1053 < %565 ^bb1388, ^bb1674
    ^bb1388:
      kernel.atomic_access AtomicRead <Acquire, System> %1118[%1053]
      kernel.br ^bb1457
    ^bb1389:
      kernel.cond_br %564 < %565 ^bb1390, ^bb1674
    ^bb1390:
      kernel.atomic_access AtomicRead <Acquire, System> %1118[%564]
      kernel.br ^bb383
    ^bb1391:
      kernel.br ^bb1648
    ^bb1392:
      kernel.br ^bb1448
    ^bb1393:
      kernel.br ^bb1140
    ^bb1394:
      kernel.br ^bb654
    ^bb1395:
      kernel.cond_br %841 < %565 ^bb1396, ^bb1674
    ^bb1396:
      kernel.atomic_access AtomicRead <Acquire, System> %1118[%841]
      kernel.br ^bb977
    ^bb1397:
      kernel.cond_br %1015 < %565 ^bb1398, ^bb1674
    ^bb1398:
      kernel.atomic_access AtomicRead <Acquire, System> %1118[%1015]
      kernel.br ^bb922
    ^bb1399:
      kernel.cond_br %688 < %565 ^bb1400, ^bb1674
    ^bb1400:
      kernel.atomic_access AtomicRead <Acquire, System> %1118[%688]
      kernel.br ^bb1103
    ^bb1401:
      kernel.br ^bb1003
    ^bb1402:
      kernel.br ^bb1031
    ^bb1403:
      kernel.cond_br %778 < %565 ^bb1404, ^bb1674
    ^bb1404:
      kernel.atomic_access AtomicRead <Acquire, System> %1118[%778]
      kernel.br ^bb1276
    ^bb1405:
      kernel.cond_br %628 < %565 ^bb1406, ^bb1674
    ^bb1406:
      kernel.atomic_access AtomicRead <Acquire, System> %1118[%628]
      kernel.br ^bb42
    ^bb1407:
      kernel.br ^bb101
    ^bb1408:
      kernel.cond_br %1035 < %565 ^bb1409, ^bb1674
    ^bb1409:
      kernel.atomic_access AtomicRead <Acquire, System> %1118[%1035]
      kernel.br ^bb45
    ^bb1410:
      kernel.cond_br %986 < %565 ^bb1411, ^bb1674
    ^bb1411:
      kernel.atomic_access AtomicRead <Acquire, System> %1118[%986]
      kernel.br ^bb870
    ^bb1412:
      kernel.br ^bb1536
    ^bb1413:
      kernel.cond_br %843 < %565 ^bb1414, ^bb1674
    ^bb1414:
      kernel.atomic_access AtomicRead <Acquire, System> %1118[%843]
      kernel.br ^bb288
    ^bb1415:
      kernel.cond_br %869 < %565 ^bb1416, ^bb1674
    ^bb1416:
      kernel.atomic_access AtomicRead <Acquire, System> %1118[%869]
      kernel.br ^bb324
    ^bb1417:
      kernel.br ^bb91
    ^bb1418:
      kernel.br ^bb1382
    ^bb1419:
      kernel.cond_br %638 < %565 ^bb1420, ^bb1674
    ^bb1420:
      kernel.atomic_access AtomicRead <Acquire, System> %1118[%638]
      kernel.br ^bb291
    ^bb1421:
      kernel.br ^bb1408
    ^bb1422:
      kernel.br ^bb507
    ^bb1423:
      kernel.br ^bb1492
    ^bb1424:
      kernel.br ^bb1039
    ^bb1425:
      kernel.cond_br %1061 < %565 ^bb1426, ^bb1674
    ^bb1426:
      kernel.atomic_access AtomicRead <Acquire, System> %1118[%1061]
      kernel.br ^bb1510
    ^bb1427:
      kernel.br ^bb948
    ^bb1428:
      kernel.br ^bb147
    ^bb1429:
      kernel.br ^bb1485
    ^bb1430:
      kernel.br ^bb522
    ^bb1431:
      kernel.br ^bb801
    ^bb1432:
      kernel.br ^bb133
    ^bb1433:
      kernel.cond_br %623 < %565 ^bb1434, ^bb1674
    ^bb1434:
      kernel.atomic_access AtomicRead <Acquire, System> %1118[%623]
      kernel.br ^bb425
    ^bb1435:
      kernel.br ^bb1534
    ^bb1436:
      kernel.br ^bb1466
    ^bb1437:
      kernel.cond_br %1020 < %565 ^bb1438, ^bb1674
    ^bb1438:
      kernel.atomic_access AtomicRead <Acquire, System> %1118[%1020]
      kernel.br ^bb1634
    ^bb1439:
      kernel.cond_br %725 < %565 ^bb1440, ^bb1674
    ^bb1440:
      kernel.atomic_access AtomicRead <Acquire, System> %1118[%725]
      kernel.br ^bb294
    ^bb1441:
      kernel.cond_br %644 < %565 ^bb1442, ^bb1674
    ^bb1442:
      kernel.atomic_access AtomicRead <Acquire, System> %1118[%644]
      kernel.br ^bb215
    ^bb1443:
      kernel.br ^bb753
    ^bb1444:
      kernel.br ^bb1159
    ^bb1445:
      kernel.br ^bb677
    ^bb1446:
      kernel.cond_br %581 < %565 ^bb1447, ^bb1674
    ^bb1447:
      kernel.atomic_access AtomicRead <Acquire, System> %1118[%581]
      kernel.br ^bb668
    ^bb1448:
      kernel.cond_br %1026 < %565 ^bb1449, ^bb1674
    ^bb1449:
      kernel.atomic_access AtomicRead <Acquire, System> %1118[%1026]
      kernel.br ^bb636
    ^bb1450:
      kernel.cond_br %799 < %565 ^bb1451, ^bb1674
    ^bb1451:
      kernel.atomic_access AtomicRead <Acquire, System> %1118[%799]
      kernel.br ^bb375
    ^bb1452:
      kernel.cond_br %1070 < %565 ^bb1453, ^bb1674
    ^bb1453:
      kernel.atomic_access AtomicRead <Acquire, System> %1118[%1070]
      kernel.br ^bb460
    ^bb1454:
      kernel.cond_br %973 < %565 ^bb1455, ^bb1674
    ^bb1455:
      kernel.atomic_access AtomicRead <Acquire, System> %1118[%973]
      kernel.br ^bb1361
    ^bb1456:
      kernel.br ^bb896
    ^bb1457:
      kernel.br ^bb712
    ^bb1458:
      kernel.br ^bb551
    ^bb1459:
      kernel.cond_br %943 < %565 ^bb1460, ^bb1674
    ^bb1460:
      kernel.atomic_access AtomicRead <Acquire, System> %1118[%943]
      kernel.br ^bb926
    ^bb1461:
      kernel.br ^bb1387
    ^bb1462:
      kernel.br ^bb72
    ^bb1463:
      kernel.br ^bb1150
    ^bb1464:
      kernel.br ^bb272
    ^bb1465:
      kernel.br ^bb1084
    ^bb1466:
      kernel.cond_br %1046 < %565 ^bb1467, ^bb1674
    ^bb1467:
      kernel.atomic_access AtomicRead <Acquire, System> %1118[%1046]
      kernel.br ^bb1474
    ^bb1468:
      kernel.cond_br %731 < %565 ^bb1469, ^bb1674
    ^bb1469:
      kernel.atomic_access AtomicRead <Acquire, System> %1118[%731]
      kernel.br ^bb1101
    ^bb1470:
      kernel.br ^bb209
    ^bb1471:
      kernel.br ^bb422
    ^bb1472:
      kernel.br ^bb1180
    ^bb1473:
      kernel.br ^bb1425
    ^bb1474:
      kernel.br ^bb66
    ^bb1475:
      kernel.br ^bb1138
    ^bb1476:
      kernel.br ^bb1540
    ^bb1477:
      kernel.cond_br %1067 < %565 ^bb1478, ^bb1674
    ^bb1478:
      kernel.atomic_access AtomicRead <Acquire, System> %1118[%1067]
      kernel.br ^bb1226
    ^bb1479:
      kernel.cond_br %948 < %565 ^bb1480, ^bb1674
    ^bb1480:
      kernel.atomic_access AtomicRead <Acquire, System> %1118[%948]
      kernel.br ^bb441
    ^bb1481:
      kernel.br ^bb429
    ^bb1482:
      kernel.cond_br %648 < %565 ^bb1483, ^bb1674
    ^bb1483:
      kernel.atomic_access AtomicRead <Acquire, System> %1118[%648]
      kernel.br ^bb1471
    ^bb1484:
      kernel.br ^bb705
    ^bb1485:
      kernel.cond_br %1041 < %565 ^bb1486, ^bb1674
    ^bb1486:
      kernel.atomic_access AtomicRead <Acquire, System> %1118[%1041]
      kernel.br ^bb227
    ^bb1487:
      kernel.br ^bb1477
    ^bb1488:
      kernel.cond_br %927 < %565 ^bb1489, ^bb1674
    ^bb1489:
      kernel.atomic_access AtomicRead <Acquire, System> %1118[%927]
      kernel.br ^bb103
    ^bb1490:
      kernel.br ^bb545
    ^bb1491:
      kernel.br ^bb1635
    ^bb1492:
      kernel.cond_br %1037 < %565 ^bb1493, ^bb1674
    ^bb1493:
      kernel.atomic_access AtomicRead <Acquire, System> %1118[%1037]
      kernel.br ^bb620
    ^bb1494:
      kernel.br ^bb1452
    ^bb1495:
      kernel.br ^bb1591
    ^bb1496:
      kernel.br ^bb846
    ^bb1497:
      kernel.br ^bb1602
    ^bb1498:
      kernel.cond_br %1117 < %741 ^bb1499, ^bb1674
    ^bb1499:
      kernel.atomic_access AtomicWrite <Relaxed, System> %1119[%1117]
      kernel.br ^bb534
    ^bb1500:
      kernel.cond_br %587 < %565 ^bb1501, ^bb1674
    ^bb1501:
      kernel.atomic_access AtomicRead <Acquire, System> %1118[%587]
      kernel.br ^bb1525
    ^bb1502:
      kernel.br ^bb471
    ^bb1503:
      kernel.cond_br %895 < %565 ^bb1504, ^bb1674
    ^bb1504:
      kernel.atomic_access AtomicRead <Acquire, System> %1118[%895]
      kernel.br ^bb482
    ^bb1505:
      kernel.br ^bb1294
    ^bb1506:
      kernel.cond_br %828 < %565 ^bb1507, ^bb1674
    ^bb1507:
      kernel.atomic_access AtomicRead <Acquire, System> %1118[%828]
      kernel.br ^bb848
    ^bb1508:
      kernel.cond_br %668 < %565 ^bb1509, ^bb1674
    ^bb1509:
      kernel.atomic_access AtomicRead <Acquire, System> %1118[%668]
      kernel.br ^bb405
    ^bb1510:
      kernel.br ^bb605
    ^bb1511:
      kernel.br ^bb770
    ^bb1512:
      kernel.br ^bb394
    ^bb1513:
      kernel.br ^bb353
    ^bb1514:
      kernel.cond_br %947 < %565 ^bb1515, ^bb1674
    ^bb1515:
      kernel.atomic_access AtomicRead <Acquire, System> %1118[%947]
      kernel.br ^bb1082
    ^bb1516:
      kernel.cond_br %795 < %565 ^bb1517, ^bb1674
    ^bb1517:
      kernel.atomic_access AtomicRead <Acquire, System> %1118[%795]
      kernel.br ^bb1533
    ^bb1518:
      kernel.br ^bb650
    ^bb1519:
      kernel.cond_br %626 < %565 ^bb1520, ^bb1674
    ^bb1520:
      kernel.atomic_access AtomicRead <Acquire, System> %1118[%626]
      kernel.br ^bb576
    ^bb1521:
      kernel.cond_br %727 < %565 ^bb1522, ^bb1674
    ^bb1522:
      kernel.atomic_access AtomicRead <Acquire, System> %1118[%727]
      kernel.br ^bb6
    ^bb1523:
      kernel.br ^bb865
    ^bb1524:
      kernel.br ^bb53
    ^bb1525:
      kernel.br ^bb314
    ^bb1526:
      kernel.br ^bb982
    ^bb1527:
      kernel.cond_br %1102 < %565 ^bb1528, ^bb1674
    ^bb1528:
      kernel.atomic_access AtomicRead <Acquire, System> %1118[%1102]
      kernel.br ^bb1257
    ^bb1529:
      kernel.cond_br %842 < %565 ^bb1530, ^bb1674
    ^bb1530:
      kernel.atomic_access AtomicRead <Acquire, System> %1118[%842]
      kernel.br ^bb387
    ^bb1531:
      kernel.cond_br %932 < %565 ^bb1532, ^bb1674
    ^bb1532:
      kernel.atomic_access AtomicRead <Acquire, System> %1118[%932]
      kernel.br ^bb194
    ^bb1533:
      kernel.br ^bb1344
    ^bb1534:
      kernel.cond_br %1045 < %565 ^bb1535, ^bb1674
    ^bb1535:
      kernel.atomic_access AtomicRead <Acquire, System> %1118[%1045]
      kernel.br ^bb784
    ^bb1536:
      kernel.cond_br %1032 < %565 ^bb1537, ^bb1674
    ^bb1537:
      kernel.atomic_access AtomicRead <Acquire, System> %1118[%1032]
      kernel.br ^bb685
    ^bb1538:
      kernel.cond_br %690 < %565 ^bb1539, ^bb1674
    ^bb1539:
      kernel.atomic_access AtomicRead <Acquire, System> %1118[%690]
      kernel.br ^bb512
    ^bb1540:
      kernel.cond_br %1064 < %565 ^bb1541, ^bb1674
    ^bb1541:
      kernel.atomic_access AtomicRead <Acquire, System> %1118[%1064]
      kernel.br ^bb444
    ^bb1542:
      kernel.br ^bb19
    ^bb1543:
      kernel.br ^bb110
    ^bb1544:
      kernel.cond_br %708 < %565 ^bb1545, ^bb1674
    ^bb1545:
      kernel.atomic_access AtomicRead <Acquire, System> %1118[%708]
      kernel.br ^bb1208
    ^bb1546:
      kernel.br ^bb305
    ^bb1547:
      kernel.cond_br %770 < %565 ^bb1548, ^bb1674
    ^bb1548:
      kernel.atomic_access AtomicRead <Acquire, System> %1118[%770]
      kernel.br ^bb81
    ^bb1549:
      kernel.br ^bb607
    ^bb1550:
      kernel.br ^bb881
    ^bb1551:
      kernel.cond_br %864 < %565 ^bb1552, ^bb1674
    ^bb1552:
      kernel.atomic_access AtomicRead <Acquire, System> %1118[%864]
      kernel.br ^bb401
    ^bb1553:
      kernel.br ^bb160
    ^bb1554:
      kernel.br ^bb963
    ^bb1555:
      kernel.br ^bb247
    ^bb1556:
      kernel.cond_br %996 < %565 ^bb1557, ^bb1674
    ^bb1557:
      kernel.atomic_access AtomicRead <Acquire, System> %1118[%996]
      kernel.br ^bb798
    ^bb1558:
      kernel.cond_br %694 < %565 ^bb1559, ^bb1674
    ^bb1559:
      kernel.atomic_access AtomicRead <Acquire, System> %1118[%694]
      kernel.br ^bb1614
    ^bb1560:
      kernel.cond_br %696 < %565 ^bb1561, ^bb1674
    ^bb1561:
      kernel.atomic_access AtomicRead <Acquire, System> %1118[%696]
      kernel.br ^bb1555
    ^bb1562:
      kernel.cond_br %984 < %565 ^bb1563, ^bb1674
    ^bb1563:
      kernel.atomic_access AtomicRead <Acquire, System> %1118[%984]
      kernel.br ^bb1246
    ^bb1564:
      kernel.cond_br %824 < %565 ^bb1565, ^bb1674
    ^bb1565:
      kernel.atomic_access AtomicRead <Acquire, System> %1118[%824]
      kernel.br ^bb398
    ^bb1566:
      kernel.cond_br %669 < %565 ^bb1567, ^bb1674
    ^bb1567:
      kernel.atomic_access AtomicRead <Acquire, System> %1118[%669]
      kernel.br ^bb1377
    ^bb1568:
      kernel.cond_br %674 < %565 ^bb1569, ^bb1674
    ^bb1569:
      kernel.atomic_access AtomicRead <Acquire, System> %1118[%674]
      kernel.br ^bb1656
    ^bb1570:
      kernel.cond_br %920 < %565 ^bb1571, ^bb1674
    ^bb1571:
      kernel.atomic_access AtomicRead <Acquire, System> %1118[%920]
      kernel.br ^bb338
    ^bb1572:
      kernel.cond_br %912 < %565 ^bb1573, ^bb1674
    ^bb1573:
      kernel.atomic_access AtomicRead <Acquire, System> %1118[%912]
      kernel.br ^bb748
    ^bb1574:
      kernel.cond_br %680 < %565 ^bb1575, ^bb1674
    ^bb1575:
      kernel.atomic_access AtomicRead <Acquire, System> %1118[%680]
      kernel.br ^bb264
    ^bb1576:
      kernel.cond_br %1024 < %565 ^bb1577, ^bb1674
    ^bb1577:
      kernel.atomic_access AtomicRead <Acquire, System> %1118[%1024]
      kernel.br ^bb1110
    ^bb1578:
      kernel.br ^bb1238
    ^bb1579:
      kernel.br ^bb594
    ^bb1580:
      kernel.cond_br %797 < %565 ^bb1581, ^bb1674
    ^bb1581:
      kernel.atomic_access AtomicRead <Acquire, System> %1118[%797]
      kernel.br ^bb707
    ^bb1582:
      kernel.cond_br %760 < %565 ^bb1583, ^bb1674
    ^bb1583:
      kernel.atomic_access AtomicRead <Acquire, System> %1118[%760]
      kernel.br ^bb372
    ^bb1584:
      kernel.cond_br %886 < %565 ^bb1585, ^bb1674
    ^bb1585:
      kernel.atomic_access AtomicRead <Acquire, System> %1118[%886]
      kernel.br ^bb208
    ^bb1586:
      kernel.br ^bb57
    ^bb1587:
      kernel.br ^bb454
    ^bb1588:
      kernel.cond_br %899 < %565 ^bb1589, ^bb1674
    ^bb1589:
      kernel.atomic_access AtomicRead <Acquire, System> %1118[%899]
      kernel.br ^bb1169
    ^bb1590:
      kernel.br ^bb1133
    ^bb1591:
      kernel.cond_br %1071 < %565 ^bb1592, ^bb1674
    ^bb1592:
      kernel.atomic_access AtomicRead <Acquire, System> %1118[%1071]
      kernel.br ^bb1481
    ^bb1593:
      kernel.br ^bb1367
    ^bb1594:
      kernel.cond_br %1010 < %565 ^bb1595, ^bb1674
    ^bb1595:
      kernel.atomic_access AtomicRead <Acquire, System> %1118[%1010]
      kernel.br ^bb1586
    ^bb1596:
      kernel.cond_br %597 < %565 ^bb1597, ^bb1674
    ^bb1597:
      kernel.atomic_access AtomicRead <Acquire, System> %1118[%597]
      kernel.br ^bb304
    ^bb1598:
      kernel.cond_br %994 < %565 ^bb1599, ^bb1674
    ^bb1599:
      kernel.atomic_access AtomicRead <Acquire, System> %1118[%994]
      kernel.br ^bb61
    ^bb1600:
      kernel.cond_br %966 < %565 ^bb1601, ^bb1674
    ^bb1601:
      kernel.atomic_access AtomicRead <Acquire, System> %1118[%966]
      kernel.br ^bb851
    ^bb1602:
      kernel.cond_br %1073 < %565 ^bb1603, ^bb1674
    ^bb1603:
      kernel.atomic_access AtomicRead <Acquire, System> %1118[%1073]
      kernel.br ^bb1475
    ^bb1604:
      kernel.br ^bb496
    ^bb1605:
      kernel.br ^bb575
    ^bb1606:
      kernel.cond_br %630 < %565 ^bb1607, ^bb1674
    ^bb1607:
      kernel.atomic_access AtomicRead <Acquire, System> %1118[%630]
      kernel.br ^bb1429
    ^bb1608:
      kernel.cond_br %873 < %565 ^bb1609, ^bb1674
    ^bb1609:
      kernel.atomic_access AtomicRead <Acquire, System> %1118[%873]
      kernel.br ^bb419
    ^bb1610:
      kernel.cond_br %641 < %565 ^bb1611, ^bb1674
    ^bb1611:
      kernel.atomic_access AtomicRead <Acquire, System> %1118[%641]
      kernel.br ^bb1017
    ^bb1612:
      kernel.cond_br %599 < %565 ^bb1613, ^bb1674
    ^bb1613:
      kernel.atomic_access AtomicRead <Acquire, System> %1118[%599]
      kernel.br ^bb1170
    ^bb1614:
      kernel.br ^bb722
    ^bb1615:
      kernel.cond_br %891 < %565 ^bb1616, ^bb1674
    ^bb1616:
      kernel.atomic_access AtomicRead <Acquire, System> %1118[%891]
      kernel.br ^bb1062
    ^bb1617:
      kernel.cond_br %880 < %565 ^bb1618, ^bb1674
    ^bb1618:
      kernel.atomic_access AtomicRead <Acquire, System> %1118[%880]
      kernel.br ^bb615
    ^bb1619:
      kernel.cond_br %689 < %565 ^bb1620, ^bb1674
    ^bb1620:
      kernel.atomic_access AtomicRead <Acquire, System> %1118[%689]
      kernel.br ^bb1422
    ^bb1621:
      kernel.br ^bb1527
    ^bb1622:
      kernel.br ^bb554
    ^bb1623:
      kernel.br ^bb609
    ^bb1624:
      kernel.br ^bb1242
    ^bb1625:
      kernel.br ^bb199
    ^bb1626:
      kernel.cond_br %663 < %565 ^bb1627, ^bb1674
    ^bb1627:
      kernel.atomic_access AtomicRead <Acquire, System> %1118[%663]
      kernel.br ^bb688
    ^bb1628:
      kernel.br ^bb829
    ^bb1629:
      kernel.cond_br %764 < %565 ^bb1630, ^bb1674
    ^bb1630:
      kernel.atomic_access AtomicRead <Acquire, System> %1118[%764]
      kernel.br ^bb1391
    ^bb1631:
      kernel.br ^bb1113
    ^bb1632:
      kernel.cond_br %1116 < %565 ^bb1633, ^bb1674
    ^bb1633:
      kernel.atomic_access AtomicRead <Acquire, System> %1118[%1116]
      kernel.br ^bb885
    ^bb1634:
      kernel.br ^bb1650
    ^bb1635:
      kernel.cond_br %1069 < %565 ^bb1636, ^bb1674
    ^bb1636:
      kernel.atomic_access AtomicRead <Acquire, System> %1118[%1069]
      kernel.br ^bb164
    ^bb1637:
      kernel.cond_br %617 < %565 ^bb1638, ^bb1674
    ^bb1638:
      kernel.atomic_access AtomicRead <Acquire, System> %1118[%617]
      kernel.br ^bb485
    ^bb1639:
      kernel.cond_br %732 < %565 ^bb1640, ^bb1674
    ^bb1640:
      kernel.atomic_access AtomicRead <Acquire, System> %1118[%732]
      kernel.br ^bb1336
    ^bb1641:
      kernel.br ^bb363
    ^bb1642:
      kernel.cond_br %858 < %565 ^bb1643, ^bb1674
    ^bb1643:
      kernel.atomic_access AtomicRead <Acquire, System> %1118[%858]
      kernel.br ^bb438
    ^bb1644:
      kernel.br ^bb915
    ^bb1645:
      kernel.cond_br %1004 < %565 ^bb1646, ^bb1674
    ^bb1646:
      kernel.atomic_access AtomicRead <Acquire, System> %1118[%1004]
      kernel.br ^bb601
    ^bb1647:
      kernel.br ^bb87
    ^bb1648:
      kernel.cond_br %1025 < %565 ^bb1649, ^bb1674
    ^bb1649:
      kernel.atomic_access AtomicRead <Acquire, System> %1118[%1025]
      kernel.br ^bb679
    ^bb1650:
      kernel.cond_br %1108 < %565 ^bb1651, ^bb1674
    ^bb1651:
      kernel.atomic_access AtomicRead <Acquire, System> %1118[%1108]
      kernel.br ^bb290
    ^bb1652:
      kernel.cond_br %798 < %565 ^bb1653, ^bb1674
    ^bb1653:
      kernel.atomic_access AtomicRead <Acquire, System> %1118[%798]
      kernel.br ^bb165
    ^bb1654:
      kernel.cond_br %1018 < %565 ^bb1655, ^bb1674
    ^bb1655:
      kernel.atomic_access AtomicRead <Acquire, System> %1118[%1018]
      kernel.br ^bb1225
    ^bb1656:
      kernel.br ^bb1196
    ^bb1657:
      kernel.cond_br %618 < %565 ^bb1658, ^bb1674
    ^bb1658:
      kernel.atomic_access AtomicRead <Acquire, System> %1118[%618]
      kernel.br ^bb1279
    ^bb1659:
      kernel.cond_br %1113 < %565 ^bb1660, ^bb1674
    ^bb1660:
      kernel.atomic_access AtomicRead <Acquire, System> %1118[%1113]
      kernel.br ^bb1234
    ^bb1661:
      kernel.cond_br %942 < %565 ^bb1662, ^bb1674
    ^bb1662:
      kernel.atomic_access AtomicRead <Acquire, System> %1118[%942]
      kernel.br ^bb1080
    ^bb1663:
      kernel.cond_br %970 < %565 ^bb1664, ^bb1674
    ^bb1664:
      kernel.atomic_access AtomicRead <Acquire, System> %1118[%970]
      kernel.br ^bb340
    ^bb1665:
      kernel.cond_br %847 < %565 ^bb1666, ^bb1674
    ^bb1666:
      kernel.atomic_access AtomicRead <Acquire, System> %1118[%847]
      kernel.br ^bb584
    ^bb1667:
      kernel.br ^bb1659
    ^bb1668:
      kernel.cond_br %783 < %565 ^bb1669, ^bb1674
    ^bb1669:
      kernel.atomic_access AtomicRead <Acquire, System> %1118[%783]
      kernel.br ^bb1310
    ^bb1670:
      kernel.br ^bb336
    ^bb1671:
      kernel.br ^bb15
    ^bb1672:
      kernel.br ^bb1632
    ^bb1673:
      kernel.br ^bb1498
    ^bb1674:
      kernel.trap
    }
  = lowering stopped before target IR or artifact emission
warning: `ferric-qwen3-tp-guarded-mlp-segment-kernels-device-v1` (lib) generated 4 warnings (3 duplicates) (run `cargo fix --lib -p ferric-qwen3-tp-guarded-mlp-segment-kernels-device-v1` to apply 1 suggestion)
error: could not compile `ferric-qwen3-tp-guarded-mlp-segment-kernels-device-v1` (lib); 4 warnings emitted

Caused by:
  process didn't exit successfully: `/proc/self/fd/205 /proc/self/fd/194 --crate-name ferric_qwen3_tp_guarded_mlp_segment_kernels_device_v1 --edition=2024 src/lib.rs --error-format=json --json=diagnostic-rendered-ansi,artifacts,future-incompat --crate-type lib --emit=dep-info,metadata -C embed-bitcode=no -C debuginfo=2 --cfg 'feature="gfx950"' --check-cfg 'cfg(docsrs,test)' --check-cfg 'cfg(feature, values("default", "gfx950"))' -C metadata=a68b2ba38e7f9a81 -C extra-filename=-76a1b0fedd445c3a --out-dir /home/harmenon/ferric-asrock-42/evidence/finite-resident-integration-v220/guarded-mlp-ranked-cfg-compaction-lowering-v228-v1/scratch/fe2o3-engineering-hsaco-3077105-1791271604251497228-0/cargo-target/amdgcn-amd-amdhsa/debug/deps --target amdgcn-amd-amdhsa -C incremental=/home/harmenon/ferric-asrock-42/evidence/finite-resident-integration-v220/guarded-mlp-ranked-cfg-compaction-lowering-v228-v1/scratch/fe2o3-engineering-hsaco-3077105-1791271604251497228-0/cargo-target/amdgcn-amd-amdhsa/debug/incremental -L dependency=/home/harmenon/ferric-asrock-42/evidence/finite-resident-integration-v220/guarded-mlp-ranked-cfg-compaction-lowering-v228-v1/scratch/fe2o3-engineering-hsaco-3077105-1791271604251497228-0/cargo-target/amdgcn-amd-amdhsa/debug/deps -L dependency=/home/harmenon/ferric-asrock-42/evidence/finite-resident-integration-v220/guarded-mlp-ranked-cfg-compaction-lowering-v228-v1/scratch/fe2o3-engineering-hsaco-3077105-1791271604251497228-0/cargo-target/debug/deps --extern 'noprelude,nounused:compiler_builtins=/home/harmenon/ferric-asrock-42/evidence/finite-resident-integration-v220/guarded-mlp-ranked-cfg-compaction-lowering-v228-v1/scratch/fe2o3-engineering-hsaco-3077105-1791271604251497228-0/cargo-target/amdgcn-amd-amdhsa/debug/deps/libcompiler_builtins-5a51fb74b674540d.rlib' --extern 'noprelude,nounused:core=/home/harmenon/ferric-asrock-42/evidence/finite-resident-integration-v220/guarded-mlp-ranked-cfg-compaction-lowering-v228-v1/scratch/fe2o3-engineering-hsaco-3077105-1791271604251497228-0/cargo-target/amdgcn-amd-amdhsa/debug/deps/libcore-508ea4f37659b6ed.rlib' --extern fe2o3_device=/home/harmenon/ferric-asrock-42/evidence/finite-resident-integration-v220/guarded-mlp-ranked-cfg-compaction-lowering-v228-v1/scratch/fe2o3-engineering-hsaco-3077105-1791271604251497228-0/cargo-target/amdgcn-amd-amdhsa/debug/deps/libfe2o3_device-7af0705a7c4ff60e.rmeta -Z unstable-options -Zalways-encode-mir -Zinline-mir=yes -Zmir-enable-passes=-JumpThreading -Copt-level=3 -Ctarget-cpu=gfx950 -Ctarget-feature=-wavefrontsize32,+wavefrontsize64,-xnack` (exit status: 1)
cargo-fe2o3 engineering hsaco: Cargo engineering extraction failed with exit status: 101
